No,Type,Title,Authors,Track,Paper_Link,PDF_Link,arXiv_Link
1,Dataset,MedBLIP: Bootstrapping Language-Image Pre-training from 3D Medical Images and Texts,"Qiuhui Chen, Yi Hong",Main,https://openaccess.thecvf.com/content/ACCV2024/html/Chen_MedBLIP_Bootstrapping_Language-Image_Pre-training_from_3D_Medical_Images_and_Texts_ACCV_2024_paper.html,https://openaccess.thecvf.com/content/ACCV2024/papers/Chen_MedBLIP_Bootstrapping_Language-Image_Pre-training_from_3D_Medical_Images_and_Texts_ACCV_2024_paper.pdf,http://arxiv.org/abs/2305.10799
2,Dataset,ELLAR: An Action Recognition Dataset for Extremely Low-Light Conditions with Dual Gamma Adaptive Modulation,"Minse Ha, Wan-Gi Bae, Geunyoung Bae, Jong Taek Lee",Main,https://openaccess.thecvf.com/content/ACCV2024/html/Ha_ELLAR_An_Action_Recognition_Dataset_for_Extremely_Low-Light_Conditions_with_ACCV_2024_paper.html,https://openaccess.thecvf.com/content/ACCV2024/papers/Ha_ELLAR_An_Action_Recognition_Dataset_for_Extremely_Low-Light_Conditions_with_ACCV_2024_paper.pdf,
3,Dataset,FG-CXR: A Radiologist-Aligned Gaze Dataset for Enhancing Interpretability in Chest X-Ray Report Generation,"Trong Thang Pham, Ngoc-Vuong Ho, Nhat-Tan Bui, Thinh Phan, Patel Brijesh, Donald Adjeroh, Gianfranco Doretto, Anh Nguyen, Carol C. Wu, Hien Nguyen, Ngan Le",Main,https://openaccess.thecvf.com/content/ACCV2024/html/Pham_FG-CXR_A_Radiologist-Aligned_Gaze_Dataset_for_Enhancing_Interpretability_in_Chest_ACCV_2024_paper.html,https://openaccess.thecvf.com/content/ACCV2024/papers/Pham_FG-CXR_A_Radiologist-Aligned_Gaze_Dataset_for_Enhancing_Interpretability_in_Chest_ACCV_2024_paper.pdf,
4,Dataset,Guide3D: A Bi-planar X-ray Dataset for Guidewire Segmentation and 3D Reconstruction,"Tudor Jianu, Baoru Huang, Hoan Nguyen, Binod Bhattarai, Tuong Do, Erman Tjiputra, Quang Tran, Pierre Berthet-Rayne, Ngan Le, Sebastiano Fichera, Anh Nguyen",Main,https://openaccess.thecvf.com/content/ACCV2024/html/Jianu_Guide3D_A_Bi-planar_X-ray_Dataset_for_Guidewire_Segmentation_and_3D_ACCV_2024_paper.html,https://openaccess.thecvf.com/content/ACCV2024/papers/Jianu_Guide3D_A_Bi-planar_X-ray_Dataset_for_Guidewire_Segmentation_and_3D_ACCV_2024_paper.pdf,
5,Dataset,NT-VOT211: A Large-Scale Benchmark for Night-time Visual Object Tracking,"Yu Liu, Arif Mahmood, Muhammad Haris Khan",Main,https://openaccess.thecvf.com/content/ACCV2024/html/Liu_NT-VOT211_A_Large-Scale_Benchmark_for_Night-time_Visual_Object_Tracking_ACCV_2024_paper.html,https://openaccess.thecvf.com/content/ACCV2024/papers/Liu_NT-VOT211_A_Large-Scale_Benchmark_for_Night-time_Visual_Object_Tracking_ACCV_2024_paper.pdf,
6,Dataset,Strong but simple: A Baseline for Domain Generalized Dense Perception by CLIP-based Transfer Learning,"Christoph Hümmer, Manuel Schwonberg, Liangwei Zhou, Hu Cao, Alois Knoll, Hanno Gottschalk",Main,https://openaccess.thecvf.com/content/ACCV2024/html/Hummer_Strong_but_simple_A_Baseline_for_Domain_Generalized_Dense_Perception_ACCV_2024_paper.html,https://openaccess.thecvf.com/content/ACCV2024/papers/Hummer_Strong_but_simple_A_Baseline_for_Domain_Generalized_Dense_Perception_ACCV_2024_paper.pdf,
7,Dataset,DFIMat: Decoupled Flexible Interactive Matting in Multi-Person Scenarios,"Siyi Jiao, Wenzheng Zeng, Changxin Gao, Nong Sang",Main,https://openaccess.thecvf.com/content/ACCV2024/html/Jiao_DFIMat_Decoupled_Flexible_Interactive_Matting_in_Multi-Person_Scenarios_ACCV_2024_paper.html,https://openaccess.thecvf.com/content/ACCV2024/papers/Jiao_DFIMat_Decoupled_Flexible_Interactive_Matting_in_Multi-Person_Scenarios_ACCV_2024_paper.pdf,http://arxiv.org/abs/2410.09788
8,Dataset,OneDiff: A Generalist Model for Image Difference Captioning,"Erdong Hu, Longteng Guo, Tongtian Yue, Zijia Zhao, Shuning Xue, Jing Liu",Main,https://openaccess.thecvf.com/content/ACCV2024/html/Hu_OneDiff_A_Generalist_Model_for_Image_Difference_Captioning_ACCV_2024_paper.html,https://openaccess.thecvf.com/content/ACCV2024/papers/Hu_OneDiff_A_Generalist_Model_for_Image_Difference_Captioning_ACCV_2024_paper.pdf,http://arxiv.org/abs/2407.05645
9,Dataset,Telling Stories for Common Sense Zero-shot Action Recognition,"Shreyank N Gowda, Laura Sevilla-Lara",Main,https://openaccess.thecvf.com/content/ACCV2024/html/Gowda_Telling_Stories_for_Common_Sense_Zero-shot_Action_Recognition_ACCV_2024_paper.html,https://openaccess.thecvf.com/content/ACCV2024/papers/Gowda_Telling_Stories_for_Common_Sense_Zero-shot_Action_Recognition_ACCV_2024_paper.pdf,http://arxiv.org/abs/2309.17327
10,Dataset,Tails Tell Tales: Chapter-wide Manga Transcriptions with Character Names,"Ragav Sachdeva, Gyungin Shin, Andrew Zisserman",Main,https://openaccess.thecvf.com/content/ACCV2024/html/Sachdeva_Tails_Tell_Tales_Chapter-wide_Manga_Transcriptions_with_Character_Names_ACCV_2024_paper.html,https://openaccess.thecvf.com/content/ACCV2024/papers/Sachdeva_Tails_Tell_Tales_Chapter-wide_Manga_Transcriptions_with_Character_Names_ACCV_2024_paper.pdf,http://arxiv.org/abs/2408.00298
11,Dataset,Tracking Reflected Objects: A Benchmark,"Xiaoyu Guo, Pengzhi Zhong, Lizhi Lin, Hao Zhang, Ling Huang, Shuiwang Li",Main,https://openaccess.thecvf.com/content/ACCV2024/html/Guo_Tracking_Reflected_Objects_A_Benchmark_ACCV_2024_paper.html,https://openaccess.thecvf.com/content/ACCV2024/papers/Guo_Tracking_Reflected_Objects_A_Benchmark_ACCV_2024_paper.pdf,http://arxiv.org/abs/2407.05235
12,Dataset,Spotlight on Small-scale Ship Detection: Empowering YOLO with Advanced Techniques and a Novel Dataset,"Lingya Li, Zhixing Hou, Ming Ma, Jing Xiang, Chuangxin Yuan, Guihua Xia",Main,https://openaccess.thecvf.com/content/ACCV2024/html/Li_Spotlight_on_Small-scale_Ship_Detection_Empowering_YOLO_with_Advanced_Techniques_ACCV_2024_paper.html,https://openaccess.thecvf.com/content/ACCV2024/papers/Li_Spotlight_on_Small-scale_Ship_Detection_Empowering_YOLO_with_Advanced_Techniques_ACCV_2024_paper.pdf,
13,Dataset,TuneVLSeg: Prompt Tuning Benchmark for Vision-Language Segmentation Models,"Rabin Adhikari, Safal Thapaliya, Manish Dhakal, Bishesh Khanal",Main,https://openaccess.thecvf.com/content/ACCV2024/html/Adhikari_TuneVLSeg_Prompt_Tuning_Benchmark_for_Vision-Language_Segmentation_Models_ACCV_2024_paper.html,https://openaccess.thecvf.com/content/ACCV2024/papers/Adhikari_TuneVLSeg_Prompt_Tuning_Benchmark_for_Vision-Language_Segmentation_Models_ACCV_2024_paper.pdf,http://arxiv.org/abs/2410.05239
14,Dataset,DENEB: A Hallucination-Robust Automatic Evaluation Metric for Image Captioning,"Kazuki Matsuda, Yuiga Wada, Komei Sugiura",Main,https://openaccess.thecvf.com/content/ACCV2024/html/Matsuda_DENEB_A_Hallucination-Robust_Automatic_Evaluation_Metric_for_Image_Captioning_ACCV_2024_paper.html,https://openaccess.thecvf.com/content/ACCV2024/papers/Matsuda_DENEB_A_Hallucination-Robust_Automatic_Evaluation_Metric_for_Image_Captioning_ACCV_2024_paper.pdf,http://arxiv.org/abs/2409.19255
15,Dataset,EgoCoord: Self-calibrated Egocentric 3D Body Pose Estimation using Pixel-wise Coordinate Encoding,"Jong-Bae Lee, Hyoung Lee, Beom-Ryeol Lee, Byung-Gook Lee, Wook-Ho Son",Main,https://openaccess.thecvf.com/content/ACCV2024/html/Lee_EgoCoord_Self-calibrated_Egocentric_3D_Body_Pose_Estimation_using_Pixel-wise_Coordinate_ACCV_2024_paper.html,https://openaccess.thecvf.com/content/ACCV2024/papers/Lee_EgoCoord_Self-calibrated_Egocentric_3D_Body_Pose_Estimation_using_Pixel-wise_Coordinate_ACCV_2024_paper.pdf,
16,Dataset,BoT-FaceSORT: Bag-of-Tricks for Robust Multi-Face Tracking in Unconstrained Videos,"Jonghyeon Kim, Chan-Yang Ju, Gun-Woo Kim, Dong-Ho Lee",Main,https://openaccess.thecvf.com/content/ACCV2024/html/Kim_BoT-FaceSORT_Bag-of-Tricks_for_Robust_Multi-Face_Tracking_in_Unconstrained_Videos_ACCV_2024_paper.html,https://openaccess.thecvf.com/content/ACCV2024/papers/Kim_BoT-FaceSORT_Bag-of-Tricks_for_Robust_Multi-Face_Tracking_in_Unconstrained_Videos_ACCV_2024_paper.pdf,
17,Dataset,"ADSP: Advanced Dataset for Shadow Processing, enabling visible occluders via synthesizing strategy.","Chang-Yu Hsieh, Jian-Jiun Ding",Main,https://openaccess.thecvf.com/content/ACCV2024/html/Hsieh_ADSP_Advanced_Dataset_for_Shadow_Processing_enabling_visible_occluders_via_ACCV_2024_paper.html,https://openaccess.thecvf.com/content/ACCV2024/papers/Hsieh_ADSP_Advanced_Dataset_for_Shadow_Processing_enabling_visible_occluders_via_ACCV_2024_paper.pdf,
18,Dataset,Joint Image Super-resolution and Low-light Enhancement in the Dark,"Feihu Zhou, Kan Chang, Mingyang Ling, Hengxin Li, Shucheng Xia",Main,https://openaccess.thecvf.com/content/ACCV2024/html/Zhou_Joint_Image_Super-resolution_and_Low-light_Enhancement_in_the_Dark_ACCV_2024_paper.html,https://openaccess.thecvf.com/content/ACCV2024/papers/Zhou_Joint_Image_Super-resolution_and_Low-light_Enhancement_in_the_Dark_ACCV_2024_paper.pdf,
19,Dataset,Enhancing Multimedia Applications by Removing Dynamic Objects in Neural Radiance Fields,"XianBen Yang, Tao Wang, He Liu, Yi Jin, Congyan Lang, Yidong Li",Main,https://openaccess.thecvf.com/content/ACCV2024/html/Yang_Enhancing_Multimedia_Applications_by_Removing_Dynamic_Objects_in_Neural_Radiance_ACCV_2024_paper.html,https://openaccess.thecvf.com/content/ACCV2024/papers/Yang_Enhancing_Multimedia_Applications_by_Removing_Dynamic_Objects_in_Neural_Radiance_ACCV_2024_paper.pdf,
20,Dataset,AutoAD-Zero: A Training-Free Framework for Zero-Shot Audio Description,"Junyu Xie, Tengda Han, Max Bain, Arsha Nagrani, Gül Varol, Weidi Xie, Andrew Zisserman",Main,https://openaccess.thecvf.com/content/ACCV2024/html/Xie_AutoAD-Zero_A_Training-Free_Framework_for_Zero-Shot_Audio_Description_ACCV_2024_paper.html,https://openaccess.thecvf.com/content/ACCV2024/papers/Xie_AutoAD-Zero_A_Training-Free_Framework_for_Zero-Shot_Audio_Description_ACCV_2024_paper.pdf,
21,Dataset,LoLI-Street: Benchmarking Low-light Image Enhancement and Beyond,"Md Tanvir Islam, Inzamamul Alam, Simon S. Woo, Saeed Anwar, IK Hyun Lee, Khan Muhammad",Main,https://openaccess.thecvf.com/content/ACCV2024/html/Islam_LoLI-Street_Benchmarking_Low-light_Image_Enhancement_and_Beyond_ACCV_2024_paper.html,https://openaccess.thecvf.com/content/ACCV2024/papers/Islam_LoLI-Street_Benchmarking_Low-light_Image_Enhancement_and_Beyond_ACCV_2024_paper.pdf,
22,Dataset,Cross-Modality Complementary Learning for Video-based Cloth-Changing Person Re-Identification,"Vuong D. Nguyen, Pranav Mantini, Shishir K. Shah",Main,https://openaccess.thecvf.com/content/ACCV2024/html/Nguyen_Cross-Modality_Complementary_Learning_for_Video-based_Cloth-Changing_Person_Re-Identification_ACCV_2024_paper.html,https://openaccess.thecvf.com/content/ACCV2024/papers/Nguyen_Cross-Modality_Complementary_Learning_for_Video-based_Cloth-Changing_Person_Re-Identification_ACCV_2024_paper.pdf,
23,Dataset,KhmerST: A Low-Resource Khmer Scene Text Detection and Recognition Benchmark,"Vannkinh Nom, Souhail Bakkali, Muhammad Muzzamil Luqman, Mickaël Coustaty, Jean-Marc Ogier",Main,https://openaccess.thecvf.com/content/ACCV2024/html/Nom_KhmerST_A_Low-Resource_Khmer_Scene_Text_Detection_and_Recognition_Benchmark_ACCV_2024_paper.html,https://openaccess.thecvf.com/content/ACCV2024/papers/Nom_KhmerST_A_Low-Resource_Khmer_Scene_Text_Detection_and_Recognition_Benchmark_ACCV_2024_paper.pdf,http://arxiv.org/abs/2410.18277
24,Dataset,On Unsupervised Partial Shape Correspondence,"Amit Bracha, Thomas Dagès, Ron Kimmel",Main,https://openaccess.thecvf.com/content/ACCV2024/html/Bracha_On_Unsupervised_Partial_Shape_Correspondence_ACCV_2024_paper.html,https://openaccess.thecvf.com/content/ACCV2024/papers/Bracha_On_Unsupervised_Partial_Shape_Correspondence_ACCV_2024_paper.pdf,
25,Method,Generative Self-Supervised Learning for Medical Image Classification,"Inhyuk Park, Sungeun Kim, Jongbin Ryu",Main,https://openaccess.thecvf.com/content/ACCV2024/html/Park_Generative_Self-Supervised_Learning_for_Medical_Image_Classification_ACCV_2024_paper.html,https://openaccess.thecvf.com/content/ACCV2024/papers/Park_Generative_Self-Supervised_Learning_for_Medical_Image_Classification_ACCV_2024_paper.pdf,
26,Method,Depth Attention for Robust RGB Tracking,"Yu Liu, Arif Mahmood, Muhammad Haris Khan",Main,https://openaccess.thecvf.com/content/ACCV2024/html/Liu_Depth_Attention_for_Robust_RGB_Tracking_ACCV_2024_paper.html,https://openaccess.thecvf.com/content/ACCV2024/papers/Liu_Depth_Attention_for_Robust_RGB_Tracking_ACCV_2024_paper.pdf,http://arxiv.org/abs/2410.20395
27,Method,Neural Active Structure-from-Motion in Dark and Textureless Environment,"Kazuto Ichimaru, Diego Thomas, Takafumi Iwaguchi, Hiroshi Kawasaki",Main,https://openaccess.thecvf.com/content/ACCV2024/html/Ichimaru_Neural_Active_Structure-from-Motion_in_Dark_and_Textureless_Environment_ACCV_2024_paper.html,https://openaccess.thecvf.com/content/ACCV2024/papers/Ichimaru_Neural_Active_Structure-from-Motion_in_Dark_and_Textureless_Environment_ACCV_2024_paper.pdf,http://arxiv.org/abs/2410.15378
28,Method,LoGDesc: Local geometric features aggregation for robust point cloud registration,"Karim Slimani, Brahim Tamadazte, Catherine Achard",Main,https://openaccess.thecvf.com/content/ACCV2024/html/Slimani_LoGDesc_Local_geometric_features_aggregation_for_robust_point_cloud_registration_ACCV_2024_paper.html,https://openaccess.thecvf.com/content/ACCV2024/papers/Slimani_LoGDesc_Local_geometric_features_aggregation_for_robust_point_cloud_registration_ACCV_2024_paper.pdf,http://arxiv.org/abs/2410.02420
29,Method,OmniFusion: Exemplar-based Video Colorization Using OmniMotion and Diffusion Priors,"Xiaoyuan Fang, Longquan Dai, Jinhui Tang",Main,https://openaccess.thecvf.com/content/ACCV2024/html/Fang_OmniFusion_Exemplar-based_Video_Colorization_Using_OmniMotion_and_Diffusion_Priors_ACCV_2024_paper.html,https://openaccess.thecvf.com/content/ACCV2024/papers/Fang_OmniFusion_Exemplar-based_Video_Colorization_Using_OmniMotion_and_Diffusion_Priors_ACCV_2024_paper.pdf,
30,Method,Contrastive Learning using Synthetic Images Generated from Real Images,"Tenta Sasaya, Shintaro Yamamoto, Takashi Ida, Takahiro Takimoto",Main,https://openaccess.thecvf.com/content/ACCV2024/html/Sasaya_Contrastive_Learning_using_Synthetic_Images_Generated_from_Real_Images_ACCV_2024_paper.html,https://openaccess.thecvf.com/content/ACCV2024/papers/Sasaya_Contrastive_Learning_using_Synthetic_Images_Generated_from_Real_Images_ACCV_2024_paper.pdf,
31,Method,iS-MAP: Neural Implicit Mapping and Positioning for Structural Environments,"Haocheng Wang, Yanlong Cao, Yejun Shou, Lingfeng Shen, Xiaoyao Wei, Zhijie Xu, Kai Ren",Main,https://openaccess.thecvf.com/content/ACCV2024/html/Wang_iS-MAP_Neural_Implicit_Mapping_and_Positioning_for_Structural_Environments_ACCV_2024_paper.html,https://openaccess.thecvf.com/content/ACCV2024/papers/Wang_iS-MAP_Neural_Implicit_Mapping_and_Positioning_for_Structural_Environments_ACCV_2024_paper.pdf,
32,Method,A Universal Structure of YOLO Series Small Object Detection Models,"Shengchao Hu, Xiao Liu, Weijun Wang, Tianlun Huang, Wei Feng",Main,https://openaccess.thecvf.com/content/ACCV2024/html/Hu_A_Universal_Structure_of_YOLO_Series_Small_Object_Detection_Models_ACCV_2024_paper.html,https://openaccess.thecvf.com/content/ACCV2024/papers/Hu_A_Universal_Structure_of_YOLO_Series_Small_Object_Detection_Models_ACCV_2024_paper.pdf,
33,Method,Decoupled DETR For Few-shot Object Detection,"Zeyu Shangguan, Lian Huai, Tong Liu, Yuyu Liu, Xingqun Jiang",Main,https://openaccess.thecvf.com/content/ACCV2024/html/Shangguan_Decoupled_DETR_For_Few-shot_Object_Detection_ACCV_2024_paper.html,https://openaccess.thecvf.com/content/ACCV2024/papers/Shangguan_Decoupled_DETR_For_Few-shot_Object_Detection_ACCV_2024_paper.pdf,http://arxiv.org/abs/2311.11570
34,Method,GaitW: Enhancing Gait Recognition in the Wild using Dynamic Information,"Daksh Thapar, Jayesh Chaudhari, Sunny Manchanda, Aditya Nigam, Chetan Arora",Main,https://openaccess.thecvf.com/content/ACCV2024/html/Thapar_GaitW_Enhancing_Gait_Recognition_in_the_Wild_using_Dynamic_Information_ACCV_2024_paper.html,https://openaccess.thecvf.com/content/ACCV2024/papers/Thapar_GaitW_Enhancing_Gait_Recognition_in_the_Wild_using_Dynamic_Information_ACCV_2024_paper.pdf,
35,Method,EmoTalker: Audio Driven Emotion Aware Talking Head Generation,"Xiaoqian Shen, Faizan Farooq Khan, Mohamed Elhoseiny",Main,https://openaccess.thecvf.com/content/ACCV2024/html/Shen_EmoTalker_Audio_Driven_Emotion_Aware_Talking_Head_Generation_ACCV_2024_paper.html,https://openaccess.thecvf.com/content/ACCV2024/papers/Shen_EmoTalker_Audio_Driven_Emotion_Aware_Talking_Head_Generation_ACCV_2024_paper.pdf,
36,Method,Bringing Masked Autoencoders Explicit Contrastive Properties for Point Cloud Self-Supervised Learning,"Bin Ren, Guofeng Mei, Danda Pani Paudel, Weijie Wang, Yawei Li, Mengyuan Liu, Rita Cucchiara, Luc Van Gool, Nicu Sebe",Main,https://openaccess.thecvf.com/content/ACCV2024/html/Ren_Bringing_Masked_Autoencoders_Explicit_Contrastive_Properties_for_Point_Cloud_Self-Supervised_ACCV_2024_paper.html,https://openaccess.thecvf.com/content/ACCV2024/papers/Ren_Bringing_Masked_Autoencoders_Explicit_Contrastive_Properties_for_Point_Cloud_Self-Supervised_ACCV_2024_paper.pdf,http://arxiv.org/abs/2407.05862
37,Method,Dense Trajectory Fields: Consistent and Efficient Spatio-Temporal Pixel Tracking,"Marc Tournadre, Catherine Soladié, Nicolas Stoiber, Pierre-Yves Richard",Main,https://openaccess.thecvf.com/content/ACCV2024/html/Tournadre_Dense_Trajectory_Fields_Consistent_and_Efficient_Spatio-Temporal_Pixel_Tracking_ACCV_2024_paper.html,https://openaccess.thecvf.com/content/ACCV2024/papers/Tournadre_Dense_Trajectory_Fields_Consistent_and_Efficient_Spatio-Temporal_Pixel_Tracking_ACCV_2024_paper.pdf,
38,Method,Dual Memory Networks Guided Reverse Distillation for Unsupervised Anomaly Detection,"Chi Dai Tran, Long Hoang Pham, Duong Nguyen-Ngoc Tran, Quoc Pham-Nam Ho, Jae Wook Jeon",Main,https://openaccess.thecvf.com/content/ACCV2024/html/Tran_Dual_Memory_Networks_Guided_Reverse_Distillation_for_Unsupervised_Anomaly_Detection_ACCV_2024_paper.html,https://openaccess.thecvf.com/content/ACCV2024/papers/Tran_Dual_Memory_Networks_Guided_Reverse_Distillation_for_Unsupervised_Anomaly_Detection_ACCV_2024_paper.pdf,
39,Method,BiEfficient: Bidirectionally Prompting Vision-Language Models for Parameter-Efficient Video Recognition,"Haichen He, Weibin Liu, Weiwei Xing",Main,https://openaccess.thecvf.com/content/ACCV2024/html/He_BiEfficient_Bidirectionally_Prompting_Vision-Language_Models_for_Parameter-Efficient_Video_Recognition_ACCV_2024_paper.html,https://openaccess.thecvf.com/content/ACCV2024/papers/He_BiEfficient_Bidirectionally_Prompting_Vision-Language_Models_for_Parameter-Efficient_Video_Recognition_ACCV_2024_paper.pdf,
40,Method,Event-based Image Enhancement Under High Dynamic Range Scenarios,"Jingchong Weng, Boyang Li, Kai Huang",Main,https://openaccess.thecvf.com/content/ACCV2024/html/Weng_Event-based_Image_Enhancement_Under_High_Dynamic_Range_Scenarios_ACCV_2024_paper.html,https://openaccess.thecvf.com/content/ACCV2024/papers/Weng_Event-based_Image_Enhancement_Under_High_Dynamic_Range_Scenarios_ACCV_2024_paper.pdf,
41,Method,PARNet: Aortic Reconstruction from Orthogonal X-rays Using Pre-Trained Generative Adversarial Networks,"Chengwei Cao, Jinhui Zhang, Yueyang Gao, Zheng Li",Main,https://openaccess.thecvf.com/content/ACCV2024/html/Cao_PARNet_Aortic_Reconstruction_from_Orthogonal_X-rays_Using_Pre-Trained_Generative_Adversarial_ACCV_2024_paper.html,https://openaccess.thecvf.com/content/ACCV2024/papers/Cao_PARNet_Aortic_Reconstruction_from_Orthogonal_X-rays_Using_Pre-Trained_Generative_Adversarial_ACCV_2024_paper.pdf,
42,Method,Multi-path Segmentation Network Based on CNN and Transformer for Skin Lesion Image,"Tianyu Nie, Yishi Zhao, Shihong Yao",Main,https://openaccess.thecvf.com/content/ACCV2024/html/Nie_Multi-path_Segmentation_Network_Based_on_CNN_and_Transformer_for_Skin_ACCV_2024_paper.html,https://openaccess.thecvf.com/content/ACCV2024/papers/Nie_Multi-path_Segmentation_Network_Based_on_CNN_and_Transformer_for_Skin_ACCV_2024_paper.pdf,
43,Method,Hi-NeRF: Hybridizing 2D Inpainting with Neural Radiance Fields for 3D Scene Inpainting,"Xianliang Huang, Shuhang Chen, Zhizhou Zhong, Jiajie Gou, Jihong Guan, Shuigeng Zhou",Main,https://openaccess.thecvf.com/content/ACCV2024/html/Huang_Hi-NeRF_Hybridizing_2D_Inpainting_with_Neural_Radiance_Fields_for_3D_ACCV_2024_paper.html,https://openaccess.thecvf.com/content/ACCV2024/papers/Huang_Hi-NeRF_Hybridizing_2D_Inpainting_with_Neural_Radiance_Fields_for_3D_ACCV_2024_paper.pdf,
44,Method,Adaptive Bias Discovery for Learning Debiased Classifier,"Jun-Hyun Bae, Minho Lee, Heechul Jung",Main,https://openaccess.thecvf.com/content/ACCV2024/html/Bae_Adaptive_Bias_Discovery_for_Learning_Debiased_Classifier_ACCV_2024_paper.html,https://openaccess.thecvf.com/content/ACCV2024/papers/Bae_Adaptive_Bias_Discovery_for_Learning_Debiased_Classifier_ACCV_2024_paper.pdf,
45,Method,FocusNet: Cascaded Lightweight Networks and Ascending Feature Enhancement for Efficient Salient Object Detection,"Chiheng Zhou, Yongxia Zhou, Chen Pan",Main,https://openaccess.thecvf.com/content/ACCV2024/html/Zhou_FocusNet_Cascaded_Lightweight_Networks_and_Ascending_Feature_Enhancement_for_Efficient_ACCV_2024_paper.html,https://openaccess.thecvf.com/content/ACCV2024/papers/Zhou_FocusNet_Cascaded_Lightweight_Networks_and_Ascending_Feature_Enhancement_for_Efficient_ACCV_2024_paper.pdf,
46,Method,InstantGeoAvatar: Effective Geometry and Appearance Modeling of Animatable Avatars from Monocular Video,"Alvaro Budria, Adrian Lopez-Rodriguez, Òscar Lorente, Francesc Moreno-Noguer",Main,https://openaccess.thecvf.com/content/ACCV2024/html/Budria_InstantGeoAvatar_Effective_Geometry_and_Appearance_Modeling_of_Animatable_Avatars_from_ACCV_2024_paper.html,https://openaccess.thecvf.com/content/ACCV2024/papers/Budria_InstantGeoAvatar_Effective_Geometry_and_Appearance_Modeling_of_Animatable_Avatars_from_ACCV_2024_paper.pdf,http://arxiv.org/abs/2411.01512
47,Method,Neural Substitution for Branch-level Network Re-parameterization,"Seungmin Oh, Jongbin Ryu",Main,https://openaccess.thecvf.com/content/ACCV2024/html/Oh_Neural_Substitution_for_Branch-level_Network_Re-parameterization_ACCV_2024_paper.html,https://openaccess.thecvf.com/content/ACCV2024/papers/Oh_Neural_Substitution_for_Branch-level_Network_Re-parameterization_ACCV_2024_paper.pdf,
48,Method,ATTIQA: Generalizable Image Quality Feature Extractor using Attribute-aware Pretraining,"Daekyu Kwon, Dongyoung Kim, Sehwan Ki, Younghyun Jo, Hyong-Euk Lee, Seon Joo Kim",Main,https://openaccess.thecvf.com/content/ACCV2024/html/Kwon_ATTIQA_Generalizable_Image_Quality_Feature_Extractor_using_Attribute-aware_Pretraining_ACCV_2024_paper.html,https://openaccess.thecvf.com/content/ACCV2024/papers/Kwon_ATTIQA_Generalizable_Image_Quality_Feature_Extractor_using_Attribute-aware_Pretraining_ACCV_2024_paper.pdf,http://arxiv.org/abs/2406.01020
49,Method,Seeing Through Expert's Eyes: Leveraging Radiologist Eye Gaze and Speech Report with Graph Neural Networks for Chest X-ray Image Classification,"Jamalia Sultana, Ruwen Qin, Zhaozheng Yin",Main,https://openaccess.thecvf.com/content/ACCV2024/html/Sultana_Seeing_Through_Experts_Eyes_Leveraging_Radiologist_Eye_Gaze_and_Speech_ACCV_2024_paper.html,https://openaccess.thecvf.com/content/ACCV2024/papers/Sultana_Seeing_Through_Experts_Eyes_Leveraging_Radiologist_Eye_Gaze_and_Speech_ACCV_2024_paper.pdf,
50,Method,Instance-Dependent Noise Refinement in Segment Anything Model for Weakly Supervised Object Detection,"Fariborz Taherkhani, Ehsan Kazemi",Main,https://openaccess.thecvf.com/content/ACCV2024/html/Taherkhani_Instance-Dependent_Noise_Refinement_in_Segment_Anything_Model_for_Weakly_Supervised_ACCV_2024_paper.html,https://openaccess.thecvf.com/content/ACCV2024/papers/Taherkhani_Instance-Dependent_Noise_Refinement_in_Segment_Anything_Model_for_Weakly_Supervised_ACCV_2024_paper.pdf,
51,Method,HARD : Hardware-Aware lightweight Real-time semantic segmentation model Deployable from Edge to GPU,"YoungWook Kwon, WanSoo Kim, HyunJin Kim",Main,https://openaccess.thecvf.com/content/ACCV2024/html/Kwon_HARD__Hardware-Aware_lightweight_Real-time_semantic_segmentation_model_Deployable_from_ACCV_2024_paper.html,https://openaccess.thecvf.com/content/ACCV2024/papers/Kwon_HARD__Hardware-Aware_lightweight_Real-time_semantic_segmentation_model_Deployable_from_ACCV_2024_paper.pdf,
52,Method,TAPS: Temporal Attention-based Pruning and Scaling for Efficient Video Action Recognition,"Yonatan Dinai, Avraham Raviv, Nimrod Harel, Donghoon Kim, Ishay Goldin, Niv Zehngut",Main,https://openaccess.thecvf.com/content/ACCV2024/html/Dinai_TAPS_Temporal_Attention-based_Pruning_and_Scaling_for_Efficient_Video_Action_ACCV_2024_paper.html,https://openaccess.thecvf.com/content/ACCV2024/papers/Dinai_TAPS_Temporal_Attention-based_Pruning_and_Scaling_for_Efficient_Video_Action_ACCV_2024_paper.pdf,
53,Method,Vision language models are blind,"Pooyan Rahmanzadehgervi, Logan Bolton, Mohammad Reza Taesiri, Anh Totti Nguyen",Main,https://openaccess.thecvf.com/content/ACCV2024/html/Rahmanzadehgervi_Vision_language_models_are_blind_ACCV_2024_paper.html,https://openaccess.thecvf.com/content/ACCV2024/papers/Rahmanzadehgervi_Vision_language_models_are_blind_ACCV_2024_paper.pdf,http://arxiv.org/abs/2407.06581
54,Method,Bridging the Projection Gap: Overcoming Projection Bias Through Parameterized Distance Learning,"Chong Zhang, Mingyu Jin, Qinkai Yu, Haochen Xue, Shreyank N Gowda, Xiaobo Jin",Main,https://openaccess.thecvf.com/content/ACCV2024/html/Zhang_Bridging_the_Projection_Gap_Overcoming_Projection_Bias_Through_Parameterized_Distance_ACCV_2024_paper.html,https://openaccess.thecvf.com/content/ACCV2024/papers/Zhang_Bridging_the_Projection_Gap_Overcoming_Projection_Bias_Through_Parameterized_Distance_ACCV_2024_paper.pdf,http://arxiv.org/abs/2309.01390
55,Method,RD-Diff: RLTransformer-based Diffusion Model with Diversity-Inducing Modulator for Human Motion Prediction,"Haosong Zhang, Mei Chee Leong, Liyuan Li, Weisi Lin",Main,https://openaccess.thecvf.com/content/ACCV2024/html/Zhang_RD-Diff_RLTransformer-based_Diffusion_Model_with_Diversity-Inducing_Modulator_for_Human_Motion_ACCV_2024_paper.html,https://openaccess.thecvf.com/content/ACCV2024/papers/Zhang_RD-Diff_RLTransformer-based_Diffusion_Model_with_Diversity-Inducing_Modulator_for_Human_Motion_ACCV_2024_paper.pdf,
56,Method,CCNDF: Curvature Constrained Neural Distance Fields from 3D LiDAR Sequences,"Akshit Singh, Karan Bhakuni, Rajendra Nagar",Main,https://openaccess.thecvf.com/content/ACCV2024/html/Singh_CCNDF_Curvature_Constrained_Neural_Distance_Fields_from_3D_LiDAR_Sequences_ACCV_2024_paper.html,https://openaccess.thecvf.com/content/ACCV2024/papers/Singh_CCNDF_Curvature_Constrained_Neural_Distance_Fields_from_3D_LiDAR_Sequences_ACCV_2024_paper.pdf,
57,Method,Every Shot Counts: Using Exemplars for Repetition Counting in Videos,"Saptarshi Sinha, Alexandros Stergiou, Dima Damen",Main,https://openaccess.thecvf.com/content/ACCV2024/html/Sinha_Every_Shot_Counts_Using_Exemplars_for_Repetition_Counting_in_Videos_ACCV_2024_paper.html,https://openaccess.thecvf.com/content/ACCV2024/papers/Sinha_Every_Shot_Counts_Using_Exemplars_for_Repetition_Counting_in_Videos_ACCV_2024_paper.pdf,http://arxiv.org/abs/2403.18074
58,Method,Co-Segmentation without any Pixel-level Supervision with Application to Large-Scale Sketch Classification,"Nikolaos-Antonios Ypsilantis, Ondřej Chum",Main,https://openaccess.thecvf.com/content/ACCV2024/html/Ypsilantis_Co-Segmentation_without_any_Pixel-level_Supervision_with_Application_to_Large-Scale_Sketch_ACCV_2024_paper.html,https://openaccess.thecvf.com/content/ACCV2024/papers/Ypsilantis_Co-Segmentation_without_any_Pixel-level_Supervision_with_Application_to_Large-Scale_Sketch_ACCV_2024_paper.pdf,http://arxiv.org/abs/2410.13582
59,Method,EffiSeaNet: Pioneering Lightweight Network for Underwater Salient Object Detection,"Qingyao Wu, Zhenqi Fu, Hong Lin, Chenyu Ma, Xiaotong Tu, Xinghao Ding",Main,https://openaccess.thecvf.com/content/ACCV2024/html/Wu_EffiSeaNet_Pioneering_Lightweight_Network_for_Underwater_Salient_Object_Detection_ACCV_2024_paper.html,https://openaccess.thecvf.com/content/ACCV2024/papers/Wu_EffiSeaNet_Pioneering_Lightweight_Network_for_Underwater_Salient_Object_Detection_ACCV_2024_paper.pdf,
60,Method,Enhanced Super-Resolution Training via Mimicked Alignment for Real-World Scenes,"Omar Elezabi, Zongwei Wu, Radu Timofte",Main,https://openaccess.thecvf.com/content/ACCV2024/html/Elezabi_Enhanced_Super-Resolution_Training_via_Mimicked_Alignment_for_Real-World_Scenes_ACCV_2024_paper.html,https://openaccess.thecvf.com/content/ACCV2024/papers/Elezabi_Enhanced_Super-Resolution_Training_via_Mimicked_Alignment_for_Real-World_Scenes_ACCV_2024_paper.pdf,http://arxiv.org/abs/2410.05410
61,Method,RayEmb: Arbitrary Landmark Detection in X-Ray Images Using Ray Embedding Subspace,"Pragyan Shrestha, Chun Xie, Yuichi Yoshii, Itaru Kitahara",Main,https://openaccess.thecvf.com/content/ACCV2024/html/Shrestha_RayEmb_Arbitrary_Landmark_Detection_in_X-Ray_Images_Using_Ray_Embedding_ACCV_2024_paper.html,https://openaccess.thecvf.com/content/ACCV2024/papers/Shrestha_RayEmb_Arbitrary_Landmark_Detection_in_X-Ray_Images_Using_Ray_Embedding_ACCV_2024_paper.pdf,
62,Method,Learning 2D Human Poses for Better 3D Lifting via Multi-Model 3D-Guidance,"Sanghyeon Lee, Yoonho Hwang, Jong Taek Lee",Main,https://openaccess.thecvf.com/content/ACCV2024/html/Lee_Learning_2D_Human_Poses_for_Better_3D_Lifting_via_Multi-Model_ACCV_2024_paper.html,https://openaccess.thecvf.com/content/ACCV2024/papers/Lee_Learning_2D_Human_Poses_for_Better_3D_Lifting_via_Multi-Model_ACCV_2024_paper.pdf,
63,Method,Enhancing Photo Animation: Augmented Stylistic Modules and Prior Knowledge Integration,"Zhanyi Lu, Yue Zhou, Ao Chen",Main,https://openaccess.thecvf.com/content/ACCV2024/html/Lu_Enhancing_Photo_Animation_Augmented_Stylistic_Modules_and_Prior_Knowledge_Integration_ACCV_2024_paper.html,https://openaccess.thecvf.com/content/ACCV2024/papers/Lu_Enhancing_Photo_Animation_Augmented_Stylistic_Modules_and_Prior_Knowledge_Integration_ACCV_2024_paper.pdf,
64,Method,Sparse Domain Transfer via Elastic Net Regularization,"Jingwei Zhang, Farzan Farnia",Main,https://openaccess.thecvf.com/content/ACCV2024/html/Zhang_Sparse_Domain_Transfer_via_Elastic_Net_Regularization_ACCV_2024_paper.html,https://openaccess.thecvf.com/content/ACCV2024/papers/Zhang_Sparse_Domain_Transfer_via_Elastic_Net_Regularization_ACCV_2024_paper.pdf,http://arxiv.org/abs/2405.07489
65,Method,Redefining Normal: A Novel Object-Level Approach for Multi-Object Novelty Detection,"Mohammadreza Salehi, Nikolaos Apostolikas Efstratios Gavves, Cees G. M. Snoek, Yuki M. Asano",Main,https://openaccess.thecvf.com/content/ACCV2024/html/Salehi_Redefining_Normal_A_Novel_Object-Level_Approach_for_Multi-Object_Novelty_Detection_ACCV_2024_paper.html,https://openaccess.thecvf.com/content/ACCV2024/papers/Salehi_Redefining_Normal_A_Novel_Object-Level_Approach_for_Multi-Object_Novelty_Detection_ACCV_2024_paper.pdf,
66,Method,TranSPORTmer: A Holistic Approach to Trajectory Understanding in Multi-Agent Sports,"Guillem Capellera, Luis Ferraz, Antonio Rubio, Antonio Agudo, Francesc Moreno-Noguer",Main,https://openaccess.thecvf.com/content/ACCV2024/html/Capellera_TranSPORTmer_A_Holistic_Approach_to_Trajectory_Understanding_in_Multi-Agent_Sports_ACCV_2024_paper.html,https://openaccess.thecvf.com/content/ACCV2024/papers/Capellera_TranSPORTmer_A_Holistic_Approach_to_Trajectory_Understanding_in_Multi-Agent_Sports_ACCV_2024_paper.pdf,http://arxiv.org/abs/2410.17785
67,Method,Bridging Optimal Transport and Jacobian Regularization by Optimal Trajectory for Enhanced Adversarial Defense,"Binh M. Le, Shahroz Tariq, Simon S. Woo",Main,https://openaccess.thecvf.com/content/ACCV2024/html/Le_Bridging_Optimal_Transport_and_Jacobian_Regularization_by_Optimal_Trajectory_for_ACCV_2024_paper.html,https://openaccess.thecvf.com/content/ACCV2024/papers/Le_Bridging_Optimal_Transport_and_Jacobian_Regularization_by_Optimal_Trajectory_for_ACCV_2024_paper.pdf,http://arxiv.org/abs/2303.11793
68,Method,DeBiFormer: Vision Transformer with Deformable Agent Bi-level Routing Attention,"NguyenHuu BaoLong, Chenyu Zhang, Yuzhi Shi, Tsubasa Hirakawa, Takayoshi Yamashita, Tohgoroh Matsui, Hironobu Fujiyoshi",Main,https://openaccess.thecvf.com/content/ACCV2024/html/BaoLong_DeBiFormer_Vision_Transformer_with_Deformable_Agent_Bi-level_Routing_Attention_ACCV_2024_paper.html,https://openaccess.thecvf.com/content/ACCV2024/papers/BaoLong_DeBiFormer_Vision_Transformer_with_Deformable_Agent_Bi-level_Routing_Attention_ACCV_2024_paper.pdf,
69,Method,MGNiceNet: Unified Monocular Geometric Scene Understanding,"Markus Schön, Michael Buchholz, Klaus Dietmayer",Main,https://openaccess.thecvf.com/content/ACCV2024/html/Schon_MGNiceNet_Unified_Monocular_Geometric_Scene_Understanding_ACCV_2024_paper.html,https://openaccess.thecvf.com/content/ACCV2024/papers/Schon_MGNiceNet_Unified_Monocular_Geometric_Scene_Understanding_ACCV_2024_paper.pdf,
70,Method,Window-based Channel Attention for Wavelet-enhanced Learned Image Compression,"Heng Xu, Bowen Hai, Yushun Tang, Zhihai He",Main,https://openaccess.thecvf.com/content/ACCV2024/html/Xu_Window-based_Channel_Attention_for_Wavelet-enhanced_Learned_Image_Compression_ACCV_2024_paper.html,https://openaccess.thecvf.com/content/ACCV2024/papers/Xu_Window-based_Channel_Attention_for_Wavelet-enhanced_Learned_Image_Compression_ACCV_2024_paper.pdf,http://arxiv.org/abs/2409.14090
71,Method,Dual Prototype-driven Objectness Decoupling for Cross-Domain Object Detection in Urban Scene,"Taehoon Kim, Jaemin Na, Joong-won Hwang, Hyung Jin Chang, Wonjun Hwang",Main,https://openaccess.thecvf.com/content/ACCV2024/html/Kim_Dual_Prototype-driven_Objectness_Decoupling_for_Cross-Domain_Object_Detection_in_Urban_ACCV_2024_paper.html,https://openaccess.thecvf.com/content/ACCV2024/papers/Kim_Dual_Prototype-driven_Objectness_Decoupling_for_Cross-Domain_Object_Detection_in_Urban_ACCV_2024_paper.pdf,
72,Method,FOTV-HQS: A Fractional-Order Total Variation Model for LiDAR Super-Resolution with Deep Unfolding Network,"Huiying Xi, Xia Yuan, Shiwei Wu, Runze Geng, Kaiyang Wang, Yongshun Liang, Chunxia Zhao",Main,https://openaccess.thecvf.com/content/ACCV2024/html/Xi_FOTV-HQS_A_Fractional-Order_Total_Variation_Model_for_LiDAR_Super-Resolution_with_ACCV_2024_paper.html,https://openaccess.thecvf.com/content/ACCV2024/papers/Xi_FOTV-HQS_A_Fractional-Order_Total_Variation_Model_for_LiDAR_Super-Resolution_with_ACCV_2024_paper.pdf,
73,Method,StreamMOTP: Streaming and Unified Framework for Joint 3D Multi-Object Tracking and Trajectory Prediction,"Jiaheng Zhuang, Guoan Wang, Siyu Zhang, Xiyang Wang, Hangning Zhou, Ziyao Xu, Chi Zhang, Zhiheng Li",Main,https://openaccess.thecvf.com/content/ACCV2024/html/Zhuang_StreamMOTP_Streaming_and_Unified_Framework_for_Joint_3D_Multi-Object_Tracking_ACCV_2024_paper.html,https://openaccess.thecvf.com/content/ACCV2024/papers/Zhuang_StreamMOTP_Streaming_and_Unified_Framework_for_Joint_3D_Multi-Object_Tracking_ACCV_2024_paper.pdf,http://arxiv.org/abs/2406.19844
74,Method,3D Adaptive Structural Convolution Network for Domain-Invariant Point Cloud Recognition,"Younggun Kim, Soomok Lee",Main,https://openaccess.thecvf.com/content/ACCV2024/html/Kim_3D_Adaptive_Structural_Convolution_Network_for_Domain-Invariant_Point_Cloud_Recognition_ACCV_2024_paper.html,https://openaccess.thecvf.com/content/ACCV2024/papers/Kim_3D_Adaptive_Structural_Convolution_Network_for_Domain-Invariant_Point_Cloud_Recognition_ACCV_2024_paper.pdf,http://arxiv.org/abs/2407.04833
75,Method,Knowledge Distillation Dealing with Sample-wise Long-tail Problem,"Tao Yu, Xu Zhao, Yongqi An, Ming Tang, Jinqiao Wang",Main,https://openaccess.thecvf.com/content/ACCV2024/html/Yu_Knowledge_Distillation_Dealing_with_Sample-wise_Long-tail_Problem_ACCV_2024_paper.html,https://openaccess.thecvf.com/content/ACCV2024/papers/Yu_Knowledge_Distillation_Dealing_with_Sample-wise_Long-tail_Problem_ACCV_2024_paper.pdf,
76,Method,Mamba-based Light Field Super-Resolution with Efficient Subspace Scanning,"Ruisheng Gao, Zeyu Xiao, Zhiwei Xiong",Main,https://openaccess.thecvf.com/content/ACCV2024/html/Gao_Mamba-based_Light_Field_Super-Resolution_with_Efficient_Subspace_Scanning_ACCV_2024_paper.html,https://openaccess.thecvf.com/content/ACCV2024/papers/Gao_Mamba-based_Light_Field_Super-Resolution_with_Efficient_Subspace_Scanning_ACCV_2024_paper.pdf,http://arxiv.org/abs/2406.16083
77,Method,NewMove: Customizing text-to-video models with novel motions,"Joanna Materzyńska, Josef Sivic, Eli Shechtman, Antonio Torralba, Richard Zhang, Bryan Russell",Main,https://openaccess.thecvf.com/content/ACCV2024/html/Materzynska_NewMove_Customizing_text-to-video_models_with_novel_motions_ACCV_2024_paper.html,https://openaccess.thecvf.com/content/ACCV2024/papers/Materzynska_NewMove_Customizing_text-to-video_models_with_novel_motions_ACCV_2024_paper.pdf,
78,Method,QR-DETR : Query Routing for Detection Transformer,"Tharsan Senthivel, Ngoc-Son Vu",Main,https://openaccess.thecvf.com/content/ACCV2024/html/Senthivel_QR-DETR__Query_Routing_for_Detection_Transformer_ACCV_2024_paper.html,https://openaccess.thecvf.com/content/ACCV2024/papers/Senthivel_QR-DETR__Query_Routing_for_Detection_Transformer_ACCV_2024_paper.pdf,
79,Method,SurfOcc: Surface-based Feature Lifting for Vision-centric 3D Occupancy Prediction,"Tonghui Ye, Zhi Gao, Zhipeng Lin, Xinyi Liu, Ronghe Jin",Main,https://openaccess.thecvf.com/content/ACCV2024/html/Ye_SurfOcc_Surface-based_Feature_Lifting_for_Vision-centric_3D_Occupancy_Prediction_ACCV_2024_paper.html,https://openaccess.thecvf.com/content/ACCV2024/papers/Ye_SurfOcc_Surface-based_Feature_Lifting_for_Vision-centric_3D_Occupancy_Prediction_ACCV_2024_paper.pdf,
80,Method,Hierarchical Prompting for Diffusion Classifiers,"Wenxin Ning, Dongliang Chang, Yujun Tong, Zhongjiang He, Kongming Liang, Zhanyu Ma",Main,https://openaccess.thecvf.com/content/ACCV2024/html/Ning_Hierarchical_Prompting_for_Diffusion_Classifiers_ACCV_2024_paper.html,https://openaccess.thecvf.com/content/ACCV2024/papers/Ning_Hierarchical_Prompting_for_Diffusion_Classifiers_ACCV_2024_paper.pdf,
81,Method,Enhanced Asymmetric Invertible Network for Neural Video Delivery,"Wenbin Tian, Qingmiao Jiang, Lu Chen, Haolin Li, Jinyao Yan",Main,https://openaccess.thecvf.com/content/ACCV2024/html/Tian_Enhanced_Asymmetric_Invertible_Network_for_Neural_Video_Delivery_ACCV_2024_paper.html,https://openaccess.thecvf.com/content/ACCV2024/papers/Tian_Enhanced_Asymmetric_Invertible_Network_for_Neural_Video_Delivery_ACCV_2024_paper.pdf,
82,Method,DepthSegNet24: A Label-Free Model for Robust Day-Night Depth and Semantics,"Phan Thi Huyen Thanh, The Hiep Nguyen, Minh Huy Vu Nguyen, Trung Thai Tran, Tran Vu Pham, Duc Dung Nguyen, Truong Vinh Truong Duy, Natori Naotake",Main,https://openaccess.thecvf.com/content/ACCV2024/html/Thanh_DepthSegNet24_A_Label-Free_Model_for_Robust_Day-Night_Depth_and_Semantics_ACCV_2024_paper.html,https://openaccess.thecvf.com/content/ACCV2024/papers/Thanh_DepthSegNet24_A_Label-Free_Model_for_Robust_Day-Night_Depth_and_Semantics_ACCV_2024_paper.pdf,
83,Method,DiffLoss: Unleashing Diffusion Model as Constraint for Training Image Restoration Network,"Jiangtong Tan, Hu Yu, Jie Huang, Zizheng Yang, Feng Zhao",Main,https://openaccess.thecvf.com/content/ACCV2024/html/Tan_DiffLoss_Unleashing_Diffusion_Model_as_Constraint_for_Training_Image_Restoration_ACCV_2024_paper.html,https://openaccess.thecvf.com/content/ACCV2024/papers/Tan_DiffLoss_Unleashing_Diffusion_Model_as_Constraint_for_Training_Image_Restoration_ACCV_2024_paper.pdf,
84,Method,3D Prompt Learning for RGB-D Tracking,"Bocen Li, Yunzhi Zhuge, Shan Jiang, Lijun Wang, Yifan Wang, Huchuan Lu",Main,https://openaccess.thecvf.com/content/ACCV2024/html/Li_3D_Prompt_Learning_for_RGB-D_Tracking_ACCV_2024_paper.html,https://openaccess.thecvf.com/content/ACCV2024/papers/Li_3D_Prompt_Learning_for_RGB-D_Tracking_ACCV_2024_paper.pdf,
85,Method,TANet: Triplet Attention Network for All-In-One Adverse Weather Image Restoration,"Hsing-Hua Wang, Fu-Jen Tsai, Yen-Yu Lin, Chia-Wen Lin",Main,https://openaccess.thecvf.com/content/ACCV2024/html/Wang_TANet_Triplet_Attention_Network_for_All-In-One_Adverse_Weather_Image_Restoration_ACCV_2024_paper.html,https://openaccess.thecvf.com/content/ACCV2024/papers/Wang_TANet_Triplet_Attention_Network_for_All-In-One_Adverse_Weather_Image_Restoration_ACCV_2024_paper.pdf,http://arxiv.org/abs/2410.08177
86,Method,PMTrack: Multi-object Tracking with Motion-Aware,"Xu Guo, Yujin Zheng, Dingwen Wang",Main,https://openaccess.thecvf.com/content/ACCV2024/html/Guo_PMTrack_Multi-object_Tracking_with_Motion-Aware_ACCV_2024_paper.html,https://openaccess.thecvf.com/content/ACCV2024/papers/Guo_PMTrack_Multi-object_Tracking_with_Motion-Aware_ACCV_2024_paper.pdf,
87,Method,Designing Extremely Memory-Efficient CNNs for On-device Vision Tasks,"Jaewook Lee, Yoel Park, Seulki Lee",Main,https://openaccess.thecvf.com/content/ACCV2024/html/Lee_Designing_Extremely_Memory-Efficient_CNNs_for_On-device_Vision_Tasks_ACCV_2024_paper.html,https://openaccess.thecvf.com/content/ACCV2024/papers/Lee_Designing_Extremely_Memory-Efficient_CNNs_for_On-device_Vision_Tasks_ACCV_2024_paper.pdf,http://arxiv.org/abs/2408.03663
88,Method,A Multi-Phase Multi-Graph Approach for Focal Liver Lesion Classification on CT Scans,"Tran Bao Sam, Ta Duc Huy, Cong Tuyen Dao, Thanh Tin Lam, Van Ha Tang, Steven Q.H. Truong",Main,https://openaccess.thecvf.com/content/ACCV2024/html/Sam_A_Multi-Phase_Multi-Graph_Approach_for_Focal_Liver_Lesion_Classification_on_ACCV_2024_paper.html,https://openaccess.thecvf.com/content/ACCV2024/papers/Sam_A_Multi-Phase_Multi-Graph_Approach_for_Focal_Liver_Lesion_Classification_on_ACCV_2024_paper.pdf,
89,Method,A Recipe for CAC: Mosaic-based Generalized Loss for Improved Class-Agnostic Counting,"Tsung-Han Chou, Brian Wang, Wei-Chen Chiu, Jun-Cheng Chen",Main,https://openaccess.thecvf.com/content/ACCV2024/html/Chou_A_Recipe_for_CAC_Mosaic-based_Generalized_Loss_for_Improved_Class-Agnostic_ACCV_2024_paper.html,https://openaccess.thecvf.com/content/ACCV2024/papers/Chou_A_Recipe_for_CAC_Mosaic-based_Generalized_Loss_for_Improved_Class-Agnostic_ACCV_2024_paper.pdf,http://arxiv.org/abs/2404.09826
90,Method,RS-SAM: Integrating Multi-Scale Information for Enhanced Remote Sensing Image Segmentation,"Enkai Zhang, Jingjing Liu, Anda Cao, Zhen Sun, Haofei Zhang, Huiqiong Wang, Li Sun, Mingli Song",Main,https://openaccess.thecvf.com/content/ACCV2024/html/Zhang_RS-SAM_Integrating_Multi-Scale_Information_for_Enhanced_Remote_Sensing_Image_Segmentation_ACCV_2024_paper.html,https://openaccess.thecvf.com/content/ACCV2024/papers/Zhang_RS-SAM_Integrating_Multi-Scale_Information_for_Enhanced_Remote_Sensing_Image_Segmentation_ACCV_2024_paper.pdf,
91,Method,VIPNet: Combining Viewpoint Information and Shape Priors for Instant Multi-View 3D Reconstruction,"Weining Ye, Zhixuan Li, Tingting Jiang",Main,https://openaccess.thecvf.com/content/ACCV2024/html/Ye_VIPNet_Combining_Viewpoint_Information_and_Shape_Priors_for_Instant_Multi-View_ACCV_2024_paper.html,https://openaccess.thecvf.com/content/ACCV2024/papers/Ye_VIPNet_Combining_Viewpoint_Information_and_Shape_Priors_for_Instant_Multi-View_ACCV_2024_paper.pdf,
92,Method,Leveraging Semantic Cues from Foundation Vision Models for Enhanced Local Feature Correspondence,"Felipe Cadar, Guilherme Potje, Renato Martins, Cédric Demonceaux, Erickson R. Nascimento",Main,https://openaccess.thecvf.com/content/ACCV2024/html/Cadar_Leveraging_Semantic_Cues_from_Foundation_Vision_Models_for_Enhanced_Local_ACCV_2024_paper.html,https://openaccess.thecvf.com/content/ACCV2024/papers/Cadar_Leveraging_Semantic_Cues_from_Foundation_Vision_Models_for_Enhanced_Local_ACCV_2024_paper.pdf,http://arxiv.org/abs/2410.09533
93,Method,SAMIF: Adapting Segment Anything Model for Image Inpainting Forensics,"Lan Zhang, Xinshan Zhu, Di He, Xin Liao, Biao Sun",Main,https://openaccess.thecvf.com/content/ACCV2024/html/Zhang_SAMIF_Adapting_Segment_Anything_Model_for_Image_Inpainting_Forensics_ACCV_2024_paper.html,https://openaccess.thecvf.com/content/ACCV2024/papers/Zhang_SAMIF_Adapting_Segment_Anything_Model_for_Image_Inpainting_Forensics_ACCV_2024_paper.pdf,
94,Method,Language-Guided Joint Audio-Visual Editing via One-Shot Adaptation,"Susan Liang, Chao Huang, Yapeng Tian, Anurag Kumar, Chenliang Xu",Main,https://openaccess.thecvf.com/content/ACCV2024/html/Liang_Language-Guided_Joint_Audio-Visual_Editing_via_One-Shot_Adaptation_ACCV_2024_paper.html,https://openaccess.thecvf.com/content/ACCV2024/papers/Liang_Language-Guided_Joint_Audio-Visual_Editing_via_One-Shot_Adaptation_ACCV_2024_paper.pdf,http://arxiv.org/abs/2410.07463
95,Method,Faster convergence and Uncorrelated gradients in Self-Supervised Online Continual Learning,"Koyo Imai, Naoto Hayashi, Tsubasa Hirakawa, Takayoshi Yamashita, Hironobu Fujiyoshi",Main,https://openaccess.thecvf.com/content/ACCV2024/html/Imai_Faster_convergence_and_Uncorrelated_gradients_in_Self-Supervised_Online_Continual_Learning_ACCV_2024_paper.html,https://openaccess.thecvf.com/content/ACCV2024/papers/Imai_Faster_convergence_and_Uncorrelated_gradients_in_Self-Supervised_Online_Continual_Learning_ACCV_2024_paper.pdf,
96,Method,Dynamic Window Transformer for Image Super-Resolution,"Zheng Xie, Zhongxun Wang, Tianci Qin, Zhexuan Han, Ruoyu Zhou",Main,https://openaccess.thecvf.com/content/ACCV2024/html/Xie_Dynamic_Window_Transformer_for_Image_Super-Resolution_ACCV_2024_paper.html,https://openaccess.thecvf.com/content/ACCV2024/papers/Xie_Dynamic_Window_Transformer_for_Image_Super-Resolution_ACCV_2024_paper.pdf,
97,Method,Direct Alignment for Robust NeRF Learning,"Ravi Garg, Shin-Fang Chng, Simon Lucey",Main,https://openaccess.thecvf.com/content/ACCV2024/html/Garg_Direct_Alignment_for_Robust_NeRF_Learning_ACCV_2024_paper.html,https://openaccess.thecvf.com/content/ACCV2024/papers/Garg_Direct_Alignment_for_Robust_NeRF_Learning_ACCV_2024_paper.pdf,
98,Method,More and Larger Auxiliary Feature-Guided Spatial-Temporal Super-Resolution for Rendered Sequences,"Lijie Zheng, Xiao Liang",Main,https://openaccess.thecvf.com/content/ACCV2024/html/Zheng_More_and_Larger_Auxiliary_Feature-Guided_Spatial-Temporal_Super-Resolution_for_Rendered_Sequences_ACCV_2024_paper.html,https://openaccess.thecvf.com/content/ACCV2024/papers/Zheng_More_and_Larger_Auxiliary_Feature-Guided_Spatial-Temporal_Super-Resolution_for_Rendered_Sequences_ACCV_2024_paper.pdf,
99,Method,Strike the Balance: On-the-Fly Uncertainty based User Interactions for Long-Term Video Object Segmentation,"Stéphane Vujasinović, Stefan Becker, Sebastian Bullinger, Norbert Scherer-Negenborn, Michael Arens, Rainer Stiefelhagen",Main,https://openaccess.thecvf.com/content/ACCV2024/html/Vujasinovic_Strike_the_Balance_On-the-Fly_Uncertainty_based_User_Interactions_for_Long-Term_ACCV_2024_paper.html,https://openaccess.thecvf.com/content/ACCV2024/papers/Vujasinovic_Strike_the_Balance_On-the-Fly_Uncertainty_based_User_Interactions_for_Long-Term_ACCV_2024_paper.pdf,
100,Method,Unsupervised Video Summarization via Iterative Training and Simplified GAN,"Hanqing Li, Diego Klabjan, Jean Utke",Main,https://openaccess.thecvf.com/content/ACCV2024/html/Li_Unsupervised_Video_Summarization_via_Iterative_Training_and_Simplified_GAN_ACCV_2024_paper.html,https://openaccess.thecvf.com/content/ACCV2024/papers/Li_Unsupervised_Video_Summarization_via_Iterative_Training_and_Simplified_GAN_ACCV_2024_paper.pdf,
101,Method,Generalizable Structure-Aware INF: Biplanar-View CT Reconstruction via Disentangled Implicit Neural Field,"Bei Huang, Yuru Pei",Main,https://openaccess.thecvf.com/content/ACCV2024/html/Huang_Generalizable_Structure-Aware_INF_Biplanar-View_CT_Reconstruction_via_Disentangled_Implicit_Neural_ACCV_2024_paper.html,https://openaccess.thecvf.com/content/ACCV2024/papers/Huang_Generalizable_Structure-Aware_INF_Biplanar-View_CT_Reconstruction_via_Disentangled_Implicit_Neural_ACCV_2024_paper.pdf,
102,Method,MECFormer: Multi-task Whole Slide Image Classification with Expert Consultation Network,"Doanh C. Bui, Jin Tae Kwak",Main,https://openaccess.thecvf.com/content/ACCV2024/html/Bui_MECFormer_Multi-task_Whole_Slide_Image_Classification_with_Expert_Consultation_Network_ACCV_2024_paper.html,https://openaccess.thecvf.com/content/ACCV2024/papers/Bui_MECFormer_Multi-task_Whole_Slide_Image_Classification_with_Expert_Consultation_Network_ACCV_2024_paper.pdf,http://arxiv.org/abs/2410.04507
103,Method,SRIL: Selective Regularization for Class-Incremental Learning,"Jisu Han, Jaemin Na, Wonjun Hwang",Main,https://openaccess.thecvf.com/content/ACCV2024/html/Han_SRIL_Selective_Regularization_for_Class-Incremental_Learning_ACCV_2024_paper.html,https://openaccess.thecvf.com/content/ACCV2024/papers/Han_SRIL_Selective_Regularization_for_Class-Incremental_Learning_ACCV_2024_paper.pdf,http://arxiv.org/abs/2305.05175
104,Method,DeTurb: Atmospheric Turbulence Mitigation with Deformable 3D Convolutions and 3D Swin Transformers,"Zhicheng Zou, Nantheera Anantrasirichai",Main,https://openaccess.thecvf.com/content/ACCV2024/html/Zou_DeTurb_Atmospheric_Turbulence_Mitigation_with_Deformable_3D_Convolutions_and_3D_ACCV_2024_paper.html,https://openaccess.thecvf.com/content/ACCV2024/papers/Zou_DeTurb_Atmospheric_Turbulence_Mitigation_with_Deformable_3D_Convolutions_and_3D_ACCV_2024_paper.pdf,http://arxiv.org/abs/2407.20855
105,Method,DepthBLIP-2: Leveraging Language to Guide BLIP-2 in Understanding Depth Information,"Wei Chen, Changyong Shi, Chuanxiang Ma, Wenhao Li, Shulei Dong",Main,https://openaccess.thecvf.com/content/ACCV2024/html/Chen_DepthBLIP-2_Leveraging_Language_to_Guide_BLIP-2_in_Understanding_Depth_Information_ACCV_2024_paper.html,https://openaccess.thecvf.com/content/ACCV2024/papers/Chen_DepthBLIP-2_Leveraging_Language_to_Guide_BLIP-2_in_Understanding_Depth_Information_ACCV_2024_paper.pdf,
106,Method,Learning Neural Radiance Field from Quasi-Uniformly Sampled Spherical Image for Immersive Virtual Reality,"Le Wang, Shigang Li",Main,https://openaccess.thecvf.com/content/ACCV2024/html/Wang_Learning_Neural_Radiance_Field_from_Quasi-Uniformly_Sampled_Spherical_Image_for_ACCV_2024_paper.html,https://openaccess.thecvf.com/content/ACCV2024/papers/Wang_Learning_Neural_Radiance_Field_from_Quasi-Uniformly_Sampled_Spherical_Image_for_ACCV_2024_paper.pdf,
107,Method,Multiple active stereo systems calibration method based on Neural SDF using DSSS for wide area 3D reconstruction,"Kota Nishihara, Ryo Furukawa, Ryusuke Sagawa, Hiroshi Kawasaki",Main,https://openaccess.thecvf.com/content/ACCV2024/html/Nishihara_Multiple_active_stereo_systems_calibration_method_based_on_Neural_SDF_ACCV_2024_paper.html,https://openaccess.thecvf.com/content/ACCV2024/papers/Nishihara_Multiple_active_stereo_systems_calibration_method_based_on_Neural_SDF_ACCV_2024_paper.pdf,
108,Method,S2Net: Skeleton-aware SlowFast Network for Efficient Sign Language Recognition,"Yifan Yang, Yuecong Min, Xilin Chen",Main,https://openaccess.thecvf.com/content/ACCV2024/html/Yang_S2Net_Skeleton-aware_SlowFast_Network_for_Efficient_Sign_Language_Recognition_ACCV_2024_paper.html,https://openaccess.thecvf.com/content/ACCV2024/papers/Yang_S2Net_Skeleton-aware_SlowFast_Network_for_Efficient_Sign_Language_Recognition_ACCV_2024_paper.pdf,
109,Method,Rethinking Sampling for Music-Driven Long-Term Dance Generation,"Tuong-Vy Truong-Thuy, Gia-Cat Bui-Le, Hai-Dang Nguyen, Trung-Nghia Le",Main,https://openaccess.thecvf.com/content/ACCV2024/html/Truong-Thuy_Rethinking_Sampling_for_Music-Driven_Long-Term_Dance_Generation_ACCV_2024_paper.html,https://openaccess.thecvf.com/content/ACCV2024/papers/Truong-Thuy_Rethinking_Sampling_for_Music-Driven_Long-Term_Dance_Generation_ACCV_2024_paper.pdf,
110,Method,Continual Learning Improves Zero-Shot Action Recognition,"Shreyank N Gowda, Davide Moltisanti, Laura Sevilla-Lara",Main,https://openaccess.thecvf.com/content/ACCV2024/html/Gowda_Continual_Learning_Improves_Zero-Shot_Action_Recognition_ACCV_2024_paper.html,https://openaccess.thecvf.com/content/ACCV2024/papers/Gowda_Continual_Learning_Improves_Zero-Shot_Action_Recognition_ACCV_2024_paper.pdf,http://arxiv.org/abs/2410.10497
111,Method,Semantic Visual-inertial SLAM for Automated Valet Parking,"Seungwon Oh, Junghoon Seo, Jungho Park, Viswanath Veera, Jersha Felix, Midhun Menon, Chinmay Shinde",Main,https://openaccess.thecvf.com/content/ACCV2024/html/Oh_Semantic_Visual-inertial_SLAM_for_Automated_Valet_Parking_ACCV_2024_paper.html,https://openaccess.thecvf.com/content/ACCV2024/papers/Oh_Semantic_Visual-inertial_SLAM_for_Automated_Valet_Parking_ACCV_2024_paper.pdf,
112,Method,Content-Adaptive Style Transfer: A Training-Free Approach with VQ Autoencoders,"Jongmin Gim, Jihun Park, Kyoungmin Lee, Sunghoon Im",Main,https://openaccess.thecvf.com/content/ACCV2024/html/Gim_Content-Adaptive_Style_Transfer__A_Training-Free_Approach_with_VQ_Autoencoders_ACCV_2024_paper.html,https://openaccess.thecvf.com/content/ACCV2024/papers/Gim_Content-Adaptive_Style_Transfer__A_Training-Free_Approach_with_VQ_Autoencoders_ACCV_2024_paper.pdf,
113,Method,TGCM: Cross-Domain Few-Shot Semantic Segmentation via one-shot Target Guided CutMix,"HaiTao Wei, JianMing Liu, Tong Chen, WenLong Qiu",Main,https://openaccess.thecvf.com/content/ACCV2024/html/Wei_TGCM_Cross-Domain_Few-Shot_Semantic_Segmentation_via_one-shot_Target_Guided_CutMix_ACCV_2024_paper.html,https://openaccess.thecvf.com/content/ACCV2024/papers/Wei_TGCM_Cross-Domain_Few-Shot_Semantic_Segmentation_via_one-shot_Target_Guided_CutMix_ACCV_2024_paper.pdf,
114,Method,Latency Attack Resilience in Object Detectors: Insights from Computing Architecture,"Erh-Chung Chen, Pin-Yu Chen, I-Hsin Chung, Che-Rung Lee",Main,https://openaccess.thecvf.com/content/ACCV2024/html/Chen_Latency_Attack_Resilience_in_Object_Detectors_Insights_from_Computing_Architecture_ACCV_2024_paper.html,https://openaccess.thecvf.com/content/ACCV2024/papers/Chen_Latency_Attack_Resilience_in_Object_Detectors_Insights_from_Computing_Architecture_ACCV_2024_paper.pdf,
115,Method,Underground Mapping and Localization Based on Ground-Penetrating Radar,"Jinchang Zhang, Guoyu Lu",Main,https://openaccess.thecvf.com/content/ACCV2024/html/Zhang_Underground_Mapping_and_Localization_Based_on_Ground-Penetrating_Radar_ACCV_2024_paper.html,https://openaccess.thecvf.com/content/ACCV2024/papers/Zhang_Underground_Mapping_and_Localization_Based_on_Ground-Penetrating_Radar_ACCV_2024_paper.pdf,http://arxiv.org/abs/2409.16446
116,Method,Learning 3D Point Cloud Registration as a Single Optimization Problem,"Rintaro Yanagi, Atsushi Hashimoto, Naoya Chiba, Shusaku Sone, Jiaxin Ma, Yoshitaka Ushiku",Main,https://openaccess.thecvf.com/content/ACCV2024/html/Yanagi_Learning_3D_Point_Cloud_Registration_as_a_Single_Optimization_Problem_ACCV_2024_paper.html,https://openaccess.thecvf.com/content/ACCV2024/papers/Yanagi_Learning_3D_Point_Cloud_Registration_as_a_Single_Optimization_Problem_ACCV_2024_paper.pdf,
117,Method,Amodal Instance Segmentation with Diffusion Shape Prior Estimation,"Minh Tran, Khoa Vo, Tri Nguyen, Ngan Le",Main,https://openaccess.thecvf.com/content/ACCV2024/html/Tran_Amodal_Instance_Segmentation_with_Diffusion_Shape_Prior_Estimation_ACCV_2024_paper.html,https://openaccess.thecvf.com/content/ACCV2024/papers/Tran_Amodal_Instance_Segmentation_with_Diffusion_Shape_Prior_Estimation_ACCV_2024_paper.pdf,http://arxiv.org/abs/2409.18256
118,Method,Polyp-SES: Automatic Polyp Segmentation with Self-Enriched Semantic Model,"Quang Vinh Nguyen, Thanh Hoang Son Vo, Sae-Ryung Kang, Soo-Hyung Kim",Main,https://openaccess.thecvf.com/content/ACCV2024/html/Nguyen_Polyp-SES_Automatic_Polyp_Segmentation_with_Self-Enriched_Semantic_Model_ACCV_2024_paper.html,https://openaccess.thecvf.com/content/ACCV2024/papers/Nguyen_Polyp-SES_Automatic_Polyp_Segmentation_with_Self-Enriched_Semantic_Model_ACCV_2024_paper.pdf,
119,Method,MV2MP: Segmentation Free Performance Capture of Humans in Direct Physical Contact from Sparse Multi-Cam Setups,"Sergei Eliseev, Leonid Shtanko, Rasim Akhunzianov, Yaroslav Romanenko, Anatoly Starostin",Main,https://openaccess.thecvf.com/content/ACCV2024/html/Eliseev_MV2MP_Segmentation_Free_Performance_Capture_of_Humans_in_Direct_Physical_ACCV_2024_paper.html,https://openaccess.thecvf.com/content/ACCV2024/papers/Eliseev_MV2MP_Segmentation_Free_Performance_Capture_of_Humans_in_Direct_Physical_ACCV_2024_paper.pdf,
120,Method,Exploiting Cross-modal Cost Volume for Multi-sensor Depth Estimation,"Janghyun Kim, Ukcheol Shin, Seokyong Heo, Jinsun Park",Main,https://openaccess.thecvf.com/content/ACCV2024/html/Kim_Exploiting_Cross-modal_Cost_Volume_for_Multi-sensor_Depth_Estimation_ACCV_2024_paper.html,https://openaccess.thecvf.com/content/ACCV2024/papers/Kim_Exploiting_Cross-modal_Cost_Volume_for_Multi-sensor_Depth_Estimation_ACCV_2024_paper.pdf,
121,Method,Parameter-Efficient Instance-Adaptive Neural Video Compression,"Seungjun Oh, Hyunmo Yang, Eunbyung Park",Main,https://openaccess.thecvf.com/content/ACCV2024/html/Oh_Parameter-Efficient_Instance-Adaptive_Neural_Video_Compression_ACCV_2024_paper.html,https://openaccess.thecvf.com/content/ACCV2024/papers/Oh_Parameter-Efficient_Instance-Adaptive_Neural_Video_Compression_ACCV_2024_paper.pdf,http://arxiv.org/abs/2405.08530
122,Method,Improving Image Clustering with Artifacts Attenuation via Inference-Time Attention Engineering,"Kazumoto Nakamura, Yuji Nozawa, Yu-Chieh Lin, Kengo Nakata, Youyang Ng",Main,https://openaccess.thecvf.com/content/ACCV2024/html/Nakamura_Improving_Image_Clustering_with_Artifacts_Attenuation_via_Inference-Time_Attention_Engineering_ACCV_2024_paper.html,https://openaccess.thecvf.com/content/ACCV2024/papers/Nakamura_Improving_Image_Clustering_with_Artifacts_Attenuation_via_Inference-Time_Attention_Engineering_ACCV_2024_paper.pdf,http://arxiv.org/abs/2410.04801
123,Method,Enhanced Kalman with Adaptive Appearance Motion SORT for Grounded Generic Multiple Object Tracking,"Duy Le Dinh Anh, Kim Hoang Tran, Quang-Thuc Nguyen, Ngan Hoang Le",Main,https://openaccess.thecvf.com/content/ACCV2024/html/Le_Dinh_Anh_Enhanced_Kalman_with_Adaptive_Appearance_Motion_SORT_for_Grounded_Generic_ACCV_2024_paper.html,https://openaccess.thecvf.com/content/ACCV2024/papers/Le_Dinh_Anh_Enhanced_Kalman_with_Adaptive_Appearance_Motion_SORT_for_Grounded_Generic_ACCV_2024_paper.pdf,http://arxiv.org/abs/2410.09243
124,Method,LoCo-MAD: Long-Range Context-Enhanced Model Towards Plot-Centric Movie Audio Description,"Jiayi Wang, Zihao Liu, Xiaoyu Wu",Main,https://openaccess.thecvf.com/content/ACCV2024/html/Wang_LoCo-MAD_Long-Range_Context-Enhanced_Model_Towards_Plot-Centric_Movie_Audio_Description_ACCV_2024_paper.html,https://openaccess.thecvf.com/content/ACCV2024/papers/Wang_LoCo-MAD_Long-Range_Context-Enhanced_Model_Towards_Plot-Centric_Movie_Audio_Description_ACCV_2024_paper.pdf,
125,Method,Dual-path Multimodal Optimal Transport for Composed Image Retrieval,"Cairong Yan, Meng Ma, Yanting Zhang, Yongquan Wan",Main,https://openaccess.thecvf.com/content/ACCV2024/html/Yan_Dual-path_Multimodal_Optimal_Transport_for_Composed_Image_Retrieval_ACCV_2024_paper.html,https://openaccess.thecvf.com/content/ACCV2024/papers/Yan_Dual-path_Multimodal_Optimal_Transport_for_Composed_Image_Retrieval_ACCV_2024_paper.pdf,
126,Method,EDeRF: Updating Local Scenes and Editing Across Fields for Real-Time Dynamic Reconstruction of Road Scene,"Zhaoxiang Liang, Wenjun Guo, Yi Yang, Tong Liu",Main,https://openaccess.thecvf.com/content/ACCV2024/html/Liang_EDeRF_Updating_Local_Scenes_and_Editing_Across_Fields_for_Real-Time_ACCV_2024_paper.html,https://openaccess.thecvf.com/content/ACCV2024/papers/Liang_EDeRF_Updating_Local_Scenes_and_Editing_Across_Fields_for_Real-Time_ACCV_2024_paper.pdf,
127,Method,Accelerated Deep Nonlinear Dictionary Learning,"Benying Tan, Jie Lin, Yang Qin, Shuxue Ding, Yujie Li",Main,https://openaccess.thecvf.com/content/ACCV2024/html/Tan_Accelerated_Deep_Nonlinear_Dictionary_Learning_ACCV_2024_paper.html,https://openaccess.thecvf.com/content/ACCV2024/papers/Tan_Accelerated_Deep_Nonlinear_Dictionary_Learning_ACCV_2024_paper.pdf,
128,Method,PrimeDepth: Efficient Monocular Depth Estimation with a Stable Diffusion Preimage,"Denis Zavadski, Damjan Kalšan, Carsten Rother",Main,https://openaccess.thecvf.com/content/ACCV2024/html/Zavadski_PrimeDepth_Efficient_Monocular_Depth_Estimation_with_a_Stable_Diffusion_Preimage_ACCV_2024_paper.html,https://openaccess.thecvf.com/content/ACCV2024/papers/Zavadski_PrimeDepth_Efficient_Monocular_Depth_Estimation_with_a_Stable_Diffusion_Preimage_ACCV_2024_paper.pdf,
129,Method,GPNF:A Point Cloud Registration Framework Using Sharp Global Linear Attention Prior and Neighborhood Filtering Strategy,"Congyang Zhu, Mengxiao Yin, Junjie Liao, Zhijie Liang, Kan Chang",Main,https://openaccess.thecvf.com/content/ACCV2024/html/Zhu_GPNFA_Point_Cloud_Registration_Framework_Using_Sharp_Global_Linear_Attention_ACCV_2024_paper.html,https://openaccess.thecvf.com/content/ACCV2024/papers/Zhu_GPNFA_Point_Cloud_Registration_Framework_Using_Sharp_Global_Linear_Attention_ACCV_2024_paper.pdf,
130,Method,Enhancing Anchor-based Weakly Supervised Referring Expression Comprehension with Cross-Modality Attention,"Ting-Yu Chu, Yong-Xiang Lin, Ching-Chun Huang, Kai-Lung Hua",Main,https://openaccess.thecvf.com/content/ACCV2024/html/Chu_Enhancing_Anchor-based_Weakly_Supervised_Referring_Expression_Comprehension_with_Cross-Modality_Attention_ACCV_2024_paper.html,https://openaccess.thecvf.com/content/ACCV2024/papers/Chu_Enhancing_Anchor-based_Weakly_Supervised_Referring_Expression_Comprehension_with_Cross-Modality_Attention_ACCV_2024_paper.pdf,
131,Method,Deformable Shape-aware Point Generation for 3D Object Detection,"Kai Wang, Xiaowei Zhang",Main,https://openaccess.thecvf.com/content/ACCV2024/html/Wang_Deformable_Shape-aware_Point_Generation_for_3D_Object_Detection_ACCV_2024_paper.html,https://openaccess.thecvf.com/content/ACCV2024/papers/Wang_Deformable_Shape-aware_Point_Generation_for_3D_Object_Detection_ACCV_2024_paper.pdf,
132,Method,VideoPatchCore: An Effective Method to Memorize Normality for Video Anomaly Detection,"Sunghyun Ahn, Youngwan Jo, Kijung Lee, Sanghyun Park",Main,https://openaccess.thecvf.com/content/ACCV2024/html/Ahn_VideoPatchCore_An_Effective_Method_to_Memorize_Normality_for_Video_Anomaly_ACCV_2024_paper.html,https://openaccess.thecvf.com/content/ACCV2024/papers/Ahn_VideoPatchCore_An_Effective_Method_to_Memorize_Normality_for_Video_Anomaly_ACCV_2024_paper.pdf,http://arxiv.org/abs/2409.16225
133,Method,CNG-SFDA: Clean-and-Noisy Region Guided Online-Offline Source-Free Domain Adaptation,"Hyeonwoo Cho, Chanmin Park, Dong-Hee Kim, Jinyoung Kim, Won Hwa Kim",Main,https://openaccess.thecvf.com/content/ACCV2024/html/Cho_CNG-SFDA_Clean-and-Noisy_Region_Guided_Online-Offline_Source-Free_Domain_Adaptation_ACCV_2024_paper.html,https://openaccess.thecvf.com/content/ACCV2024/papers/Cho_CNG-SFDA_Clean-and-Noisy_Region_Guided_Online-Offline_Source-Free_Domain_Adaptation_ACCV_2024_paper.pdf,
134,Method,HT-SSPG:Hierarchical Transformers for Semantic Surface Point Generation in 3D Object Detection,"Wenhao Kong, Xiaowei Zhang",Main,https://openaccess.thecvf.com/content/ACCV2024/html/Kong_HT-SSPGHierarchical_Transformers_for_Semantic_Surface_Point_Generation_in_3D_Object_ACCV_2024_paper.html,https://openaccess.thecvf.com/content/ACCV2024/papers/Kong_HT-SSPGHierarchical_Transformers_for_Semantic_Surface_Point_Generation_in_3D_Object_ACCV_2024_paper.pdf,
135,Method,O1O: Grouping of Known Classes to Identify Unknown Objects as Odd-One-Out,"Mısra Yavuz, Fatma Güney",Main,https://openaccess.thecvf.com/content/ACCV2024/html/Yavuz_O1O_Grouping_of_Known_Classes_to_Identify_Unknown_Objects_as_ACCV_2024_paper.html,https://openaccess.thecvf.com/content/ACCV2024/papers/Yavuz_O1O_Grouping_of_Known_Classes_to_Identify_Unknown_Objects_as_ACCV_2024_paper.pdf,
136,Method,Real-SRGD: Enhancing Real-World Image Super-Resolution with Classifier-Free Guided Diffusion,"Kenji Doi, Shuntaro Okada, Ryota Yoshihashi, Hirokatsu Kataoka",Main,https://openaccess.thecvf.com/content/ACCV2024/html/Doi_Real-SRGD_Enhancing_Real-World_Image_Super-Resolution_with_Classifier-Free_Guided_Diffusion_ACCV_2024_paper.html,https://openaccess.thecvf.com/content/ACCV2024/papers/Doi_Real-SRGD_Enhancing_Real-World_Image_Super-Resolution_with_Classifier-Free_Guided_Diffusion_ACCV_2024_paper.pdf,
137,Method,HDNeXt: Hybrid Dynamic MedNeXt with Level Set Regularization for Medical Image Segmentation,"Haoyu Cao, Tianyi Han, Yunyun Yang",Main,https://openaccess.thecvf.com/content/ACCV2024/html/Cao_HDNeXt_Hybrid_Dynamic_MedNeXt_with_Level_Set_Regularization_for_Medical_ACCV_2024_paper.html,https://openaccess.thecvf.com/content/ACCV2024/papers/Cao_HDNeXt_Hybrid_Dynamic_MedNeXt_with_Level_Set_Regularization_for_Medical_ACCV_2024_paper.pdf,
138,Method,VIP: Versatile Image Outpainting Empowered by Multimodal Large Language Model,"Jinze Yang, Haoran Wang, Zining Zhu, Chenglong Liu, Meng Wu, Mingming Sun",Main,https://openaccess.thecvf.com/content/ACCV2024/html/Yang_VIP_Versatile_Image_Outpainting_Empowered_by_Multimodal_Large_Language_Model_ACCV_2024_paper.html,https://openaccess.thecvf.com/content/ACCV2024/papers/Yang_VIP_Versatile_Image_Outpainting_Empowered_by_Multimodal_Large_Language_Model_ACCV_2024_paper.pdf,http://arxiv.org/abs/2406.01059
139,Method,Capture Concept through Comparison: Vision-and-Language Representation Learning with Intrinsic Information Mining,"Yun-Zhu Song, Yi-Syuan Chen, Tzu-Ling Lin, Bei Liu, Jianlong Fu, Hong-Han Shuai",Main,https://openaccess.thecvf.com/content/ACCV2024/html/Song_Capture_Concept_through_Comparison_Vision-and-Language_Representation_Learning_with_Intrinsic_Information_ACCV_2024_paper.html,https://openaccess.thecvf.com/content/ACCV2024/papers/Song_Capture_Concept_through_Comparison_Vision-and-Language_Representation_Learning_with_Intrinsic_Information_ACCV_2024_paper.pdf,
140,Method,Image Deraining with Frequency-Enhanced State Space Model,"Shugo Yamashita, Masaaki Ikehara",Main,https://openaccess.thecvf.com/content/ACCV2024/html/Yamashita_Image_Deraining_with_Frequency-Enhanced_State_Space_Model_ACCV_2024_paper.html,https://openaccess.thecvf.com/content/ACCV2024/papers/Yamashita_Image_Deraining_with_Frequency-Enhanced_State_Space_Model_ACCV_2024_paper.pdf,http://arxiv.org/abs/2405.16470
141,Method,3D-Aware Instance Segmentation and Tracking in Egocentric Videos,"Yash Bhalgat, Vadim Tschernezki, Iro Laina, João F. Henriques, Andrea Vedaldi, Andrew Zisserman",Main,https://openaccess.thecvf.com/content/ACCV2024/html/Bhalgat_3D-Aware_Instance_Segmentation_and_Tracking_in_Egocentric_Videos_ACCV_2024_paper.html,https://openaccess.thecvf.com/content/ACCV2024/papers/Bhalgat_3D-Aware_Instance_Segmentation_and_Tracking_in_Egocentric_Videos_ACCV_2024_paper.pdf,http://arxiv.org/abs/2408.09860
142,Method,FedRepOpt: Gradient Re-parametrized Optimizers in Federated Learning,"Kin Wai Lau, Yasar Abbas Ur Rehman, Pedro Porto Buarque de Gusmão, Lai-Man Po, Lan Ma, Yuyang Xie",Main,https://openaccess.thecvf.com/content/ACCV2024/html/Lau_FedRepOpt_Gradient_Re-parametrized_Optimizers_in_Federated_Learning_ACCV_2024_paper.html,https://openaccess.thecvf.com/content/ACCV2024/papers/Lau_FedRepOpt_Gradient_Re-parametrized_Optimizers_in_Federated_Learning_ACCV_2024_paper.pdf,
143,Method,Facing Asymmetry - Uncovering the Causal Link between Facial Symmetry and Expression Classifiers using Synthetic Interventions,"Tim Büchner, Niklas Penzel, Orlando Guntinas-Lichius, Joachim Denzler",Main,https://openaccess.thecvf.com/content/ACCV2024/html/Buchner_Facing_Asymmetry_-_Uncovering_the_Causal_Link_between_Facial_Symmetry_ACCV_2024_paper.html,https://openaccess.thecvf.com/content/ACCV2024/papers/Buchner_Facing_Asymmetry_-_Uncovering_the_Causal_Link_between_Facial_Symmetry_ACCV_2024_paper.pdf,
144,Method,Boosting Few-Shot Detection with Large Language Models and Layout-to-Image Synthesis,"Ahmed Abdullah, Nikolas Ebert, Oliver Wasenmüller",Main,https://openaccess.thecvf.com/content/ACCV2024/html/Abdullah_Boosting_Few-Shot_Detection_with_Large_Language_Models_and_Layout-to-Image_Synthesis_ACCV_2024_paper.html,https://openaccess.thecvf.com/content/ACCV2024/papers/Abdullah_Boosting_Few-Shot_Detection_with_Large_Language_Models_and_Layout-to-Image_Synthesis_ACCV_2024_paper.pdf,
145,Method,Attention4Align: Align Multi-View Parts Via Part2Part Hierarchical Attention Maps for Fine-Grained 3D Object Classification,"Runchu Zhang, Jiahe Yue, Zhe Zhang, Jie Ma",Main,https://openaccess.thecvf.com/content/ACCV2024/html/Zhang_Attention4Align_Align_Multi-View_Parts_Via_Part2Part_Hierarchical_Attention_Maps_for_ACCV_2024_paper.html,https://openaccess.thecvf.com/content/ACCV2024/papers/Zhang_Attention4Align_Align_Multi-View_Parts_Via_Part2Part_Hierarchical_Attention_Maps_for_ACCV_2024_paper.pdf,
146,Method,Relative pose from cylinder silhouettes,"Anna Gummeson, Magnus Oskarsson",Main,https://openaccess.thecvf.com/content/ACCV2024/html/Gummeson_Relative_pose_from_cylinder_silhouettes_ACCV_2024_paper.html,https://openaccess.thecvf.com/content/ACCV2024/papers/Gummeson_Relative_pose_from_cylinder_silhouettes_ACCV_2024_paper.pdf,
147,Method,UAGE: A Supervised Contrastive Method for Unconstrained Adaptive Gaze Estimation,"Enfan Lan, Zhengxi Hu, Jingtai Liu",Main,https://openaccess.thecvf.com/content/ACCV2024/html/Lan_UAGE_A_Supervised_Contrastive_Method_for_Unconstrained_Adaptive_Gaze_Estimation_ACCV_2024_paper.html,https://openaccess.thecvf.com/content/ACCV2024/papers/Lan_UAGE_A_Supervised_Contrastive_Method_for_Unconstrained_Adaptive_Gaze_Estimation_ACCV_2024_paper.pdf,
148,Method,ReLUifying Smooth Functions: Low-Cost Knowledge Distillation to Obtain High-Performance ReLU Networks,"Soosung Kim, Yeonhong Park, Hyunseung Lee, Sungchan Yi, Jae W. Lee",Main,https://openaccess.thecvf.com/content/ACCV2024/html/Kim_ReLUifying_Smooth_Functions_Low-Cost_Knowledge_Distillation_to_Obtain_High-Performance_ReLU_ACCV_2024_paper.html,https://openaccess.thecvf.com/content/ACCV2024/papers/Kim_ReLUifying_Smooth_Functions_Low-Cost_Knowledge_Distillation_to_Obtain_High-Performance_ReLU_ACCV_2024_paper.pdf,
149,Method,Frequency Learning Network with Dual-Guidance Calibration for Camouflaged Object Detection,"Yilin Zhao, Qing Zhang, Yuetong Li",Main,https://openaccess.thecvf.com/content/ACCV2024/html/Zhao_Frequency_Learning_Network_with_Dual-Guidance_Calibration_for_Camouflaged_Object_Detection_ACCV_2024_paper.html,https://openaccess.thecvf.com/content/ACCV2024/papers/Zhao_Frequency_Learning_Network_with_Dual-Guidance_Calibration_for_Camouflaged_Object_Detection_ACCV_2024_paper.pdf,
150,Method,Federated Class Incremental Learning: A Pseudo Feature Based Approach Without Exemplars,"Min Kyoon Yoo, Yu Rang Park",Main,https://openaccess.thecvf.com/content/ACCV2024/html/Yoo_Federated_Class_Incremental_Learning_A_Pseudo_Feature_Based_Approach_Without_ACCV_2024_paper.html,https://openaccess.thecvf.com/content/ACCV2024/papers/Yoo_Federated_Class_Incremental_Learning_A_Pseudo_Feature_Based_Approach_Without_ACCV_2024_paper.pdf,
151,Method,Progressive Target Refinement by Self-Distillation for Human Pose Estimation,"Jingtian Li, Lin Fang, Yi Wu, Shangfei Wang",Main,https://openaccess.thecvf.com/content/ACCV2024/html/Li_Progressive_Target_Refinement_by_Self-Distillation_for_Human_Pose_Estimation_ACCV_2024_paper.html,https://openaccess.thecvf.com/content/ACCV2024/papers/Li_Progressive_Target_Refinement_by_Self-Distillation_for_Human_Pose_Estimation_ACCV_2024_paper.pdf,
152,Method,IDDiffuse: Dual-Conditional Diffusion Model for Enhanced Facial Image Anonymization,"Muhammad Shaheryar, Jong Taek Lee, Soon Ki Jung",Main,https://openaccess.thecvf.com/content/ACCV2024/html/Shaheryar_IDDiffuse_Dual-Conditional_Diffusion_Model_for_Enhanced_Facial_Image_Anonymization_ACCV_2024_paper.html,https://openaccess.thecvf.com/content/ACCV2024/papers/Shaheryar_IDDiffuse_Dual-Conditional_Diffusion_Model_for_Enhanced_Facial_Image_Anonymization_ACCV_2024_paper.pdf,
153,Method,CrossViT-ReID: Cross-Attention Vision Transformer for Occluded Cloth-Changing Person Re-Identification,"Vuong D. Nguyen, Pranav Mantini, Shishir K. Shah",Main,https://openaccess.thecvf.com/content/ACCV2024/html/Nguyen_CrossViT-ReID_Cross-Attention_Vision_Transformer_for_Occluded_Cloth-Changing_Person_Re-Identification_ACCV_2024_paper.html,https://openaccess.thecvf.com/content/ACCV2024/papers/Nguyen_CrossViT-ReID_Cross-Attention_Vision_Transformer_for_Occluded_Cloth-Changing_Person_Re-Identification_ACCV_2024_paper.pdf,
154,Method,Enhancing 3D Human Pose Estimation with Bone Length Adjustment,"Chih-Hsiang Hsu, Jyh-Shing Roger Jang",Main,https://openaccess.thecvf.com/content/ACCV2024/html/Hsu_Enhancing_3D_Human_Pose_Estimation_with_Bone_Length_Adjustment_ACCV_2024_paper.html,https://openaccess.thecvf.com/content/ACCV2024/papers/Hsu_Enhancing_3D_Human_Pose_Estimation_with_Bone_Length_Adjustment_ACCV_2024_paper.pdf,http://arxiv.org/abs/2410.20731
155,Method,COCA: Classifier-Oriented Calibration via Textual Prototype for Source-Free Universal Domain Adaptation,"Xinghong Liu, Yi Zhou",Main,https://openaccess.thecvf.com/content/ACCV2024/html/Liu_COCA_Classifier-Oriented_Calibration_via_Textual_Prototype_for_Source-Free_Universal_Domain_ACCV_2024_paper.html,https://openaccess.thecvf.com/content/ACCV2024/papers/Liu_COCA_Classifier-Oriented_Calibration_via_Textual_Prototype_for_Source-Free_Universal_Domain_ACCV_2024_paper.pdf,http://arxiv.org/abs/2308.10450
156,Method,Enhancing Object Detection in Adverse Weather Conditions through Entropy and Guided Multimodal Fusion,"Zhenrong Zhang, Haoyan Gong, Yuzheng Feng, Zixuan Chu, Hongbin Liu",Main,https://openaccess.thecvf.com/content/ACCV2024/html/Zhang_Enhancing_Object_Detection_in_Adverse_Weather_Conditions_through_Entropy_and_ACCV_2024_paper.html,https://openaccess.thecvf.com/content/ACCV2024/papers/Zhang_Enhancing_Object_Detection_in_Adverse_Weather_Conditions_through_Entropy_and_ACCV_2024_paper.pdf,
157,Method,GReFEL: Geometry-Aware Reliable Facial Expression Learning under Bias and Imbalanced Data Distribution,"Azmine Toushik Wasi, Taki Hasan Rafi, Raima Islam, Karlo Šerbetar, Dong-Kyu Chae",Main,https://openaccess.thecvf.com/content/ACCV2024/html/Wasi_GReFEL_Geometry-Aware_Reliable_Facial_Expression_Learning_under_Bias_and_Imbalanced_ACCV_2024_paper.html,https://openaccess.thecvf.com/content/ACCV2024/papers/Wasi_GReFEL_Geometry-Aware_Reliable_Facial_Expression_Learning_under_Bias_and_Imbalanced_ACCV_2024_paper.pdf,http://arxiv.org/abs/2410.15927
158,Method,Scene-Adaptive SVAD Based On Multi-modal Action-based Feature Extraction,"Shibo Gao, Peipei Yang, Linlin Huang",Main,https://openaccess.thecvf.com/content/ACCV2024/html/Gao_Scene-Adaptive_SVAD_Based_On_Multi-modal_Action-based_Feature_Extraction_ACCV_2024_paper.html,https://openaccess.thecvf.com/content/ACCV2024/papers/Gao_Scene-Adaptive_SVAD_Based_On_Multi-modal_Action-based_Feature_Extraction_ACCV_2024_paper.pdf,
159,Method,LoG-VMamba: Local-Global Vision Mamba for Medical Image Segmentation,"Trung Dinh Quoc Dang, Huy Hoang Nguyen, Aleksei Tiulpin",Main,https://openaccess.thecvf.com/content/ACCV2024/html/Dang_LoG-VMamba_Local-Global_Vision_Mamba_for_Medical_Image_Segmentation_ACCV_2024_paper.html,https://openaccess.thecvf.com/content/ACCV2024/papers/Dang_LoG-VMamba_Local-Global_Vision_Mamba_for_Medical_Image_Segmentation_ACCV_2024_paper.pdf,
160,Method,Domain Aware Multi-Task Pre-Training of 3D Swin Transformer for Brain MRI,"Jonghun Kim, Mansu Kim, Hyunjin Park",Main,https://openaccess.thecvf.com/content/ACCV2024/html/Kim_Domain_Aware_Multi-Task_Pre-Training_of_3D_Swin_Transformer_for_Brain_ACCV_2024_paper.html,https://openaccess.thecvf.com/content/ACCV2024/papers/Kim_Domain_Aware_Multi-Task_Pre-Training_of_3D_Swin_Transformer_for_Brain_ACCV_2024_paper.pdf,
161,Method,CoVLM: Leveraging Consensus from Vision-Language Models for Semi-supervised Multimodal Fake News Detection,"Devank, Jayateja Kalla, Soma Biswas",Main,https://openaccess.thecvf.com/content/ACCV2024/html/Devank_CoVLM_Leveraging_Consensus_from_Vision-Language_Models_for_Semi-supervised_Multimodal_Fake_ACCV_2024_paper.html,https://openaccess.thecvf.com/content/ACCV2024/papers/Devank_CoVLM_Leveraging_Consensus_from_Vision-Language_Models_for_Semi-supervised_Multimodal_Fake_ACCV_2024_paper.pdf,
162,Method,Graph Cut-guided Maximal Coding Rate Reduction for Learning Image Embedding and Clustering,"Wei He, Zhiyuan Huang, Xianghan Meng, Xianbiao Qi, Rong Xiao, Chun-Guang Li",Main,https://openaccess.thecvf.com/content/ACCV2024/html/He_Graph_Cut-guided_Maximal_Coding_Rate_Reduction_for_Learning_Image_Embedding_ACCV_2024_paper.html,https://openaccess.thecvf.com/content/ACCV2024/papers/He_Graph_Cut-guided_Maximal_Coding_Rate_Reduction_for_Learning_Image_Embedding_ACCV_2024_paper.pdf,
163,Method,Interaction-Guided Two-Branch Image Dehazing Network,"Huichun Liu, Xiaosong Li, Tianshu Tan",Main,https://openaccess.thecvf.com/content/ACCV2024/html/Liu_Interaction-Guided_Two-Branch_Image_Dehazing_Network_ACCV_2024_paper.html,https://openaccess.thecvf.com/content/ACCV2024/papers/Liu_Interaction-Guided_Two-Branch_Image_Dehazing_Network_ACCV_2024_paper.pdf,http://arxiv.org/abs/2410.10121
164,Method,Auxiliary Domain-guided Adaptive Detection in Adverse Weather Conditions,"Zhuobin Fu, Kan Chang, Mingyang Ling, Qingzhi Zhang, Enze Qi",Main,https://openaccess.thecvf.com/content/ACCV2024/html/Fu_Auxiliary_Domain-guided_Adaptive_Detection_in_Adverse_Weather_Conditions_ACCV_2024_paper.html,https://openaccess.thecvf.com/content/ACCV2024/papers/Fu_Auxiliary_Domain-guided_Adaptive_Detection_in_Adverse_Weather_Conditions_ACCV_2024_paper.pdf,
165,Method,OccFusion: Depth Estimation Free Multi-sensor Fusion for 3D Occupancy Prediction,"Ji Zhang, Yiran Ding, Zixin Liu",Main,https://openaccess.thecvf.com/content/ACCV2024/html/Zhang_OccFusion_Depth_Estimation_Free_Multi-sensor_Fusion_for_3D_Occupancy_Prediction_ACCV_2024_paper.html,https://openaccess.thecvf.com/content/ACCV2024/papers/Zhang_OccFusion_Depth_Estimation_Free_Multi-sensor_Fusion_for_3D_Occupancy_Prediction_ACCV_2024_paper.pdf,http://arxiv.org/abs/2403.05329
166,Method,Diffusion-based Multimodal Video Captioning,"Jaakko Kainulainen, Zixin Guo, Jorma Laaksonen",Main,https://openaccess.thecvf.com/content/ACCV2024/html/Kainulainen_Diffusion-based_Multimodal_Video_Captioning_ACCV_2024_paper.html,https://openaccess.thecvf.com/content/ACCV2024/papers/Kainulainen_Diffusion-based_Multimodal_Video_Captioning_ACCV_2024_paper.pdf,
167,Method,Estimating Soil Organic Carbon from Multispectral Images using Physics-Informed Neural Networks,"James Sargeant, Shyh Wei Teng, Manzur Murshed, Manoranjan Paul, David Brennan",Main,https://openaccess.thecvf.com/content/ACCV2024/html/Sargeant_Estimating_Soil_Organic_Carbon_from_Multispectral_Images_using_Physics-Informed_Neural_ACCV_2024_paper.html,https://openaccess.thecvf.com/content/ACCV2024/papers/Sargeant_Estimating_Soil_Organic_Carbon_from_Multispectral_Images_using_Physics-Informed_Neural_ACCV_2024_paper.pdf,
168,Method,RNA: Video Editing with ROI-based Neural Atlas,"Jaekyeong Lee, Geonung Kim, Sunghyun Cho",Main,https://openaccess.thecvf.com/content/ACCV2024/html/Lee_RNA_Video_Editing_with_ROI-based_Neural_Atlas_ACCV_2024_paper.html,https://openaccess.thecvf.com/content/ACCV2024/papers/Lee_RNA_Video_Editing_with_ROI-based_Neural_Atlas_ACCV_2024_paper.pdf,http://arxiv.org/abs/2410.07600
169,Method,Masking Cascaded Self-Attentions for Few-Shot Font-Generation Transformer,"Jing Ma, Xiang Xiang, Yan He",Main,https://openaccess.thecvf.com/content/ACCV2024/html/Ma_Masking_Cascaded_Self-Attentions_for_Few-Shot_Font-Generation_Transformer_ACCV_2024_paper.html,https://openaccess.thecvf.com/content/ACCV2024/papers/Ma_Masking_Cascaded_Self-Attentions_for_Few-Shot_Font-Generation_Transformer_ACCV_2024_paper.pdf,
170,Method,PixMamba: Leveraging State Space Models in a Dual-Level Architecture for Underwater Image Enhancement,"Wei-Tung Lin, Yong-Xiang Lin, Jyun-Wei Chen, Kai-Lung Hua",Main,https://openaccess.thecvf.com/content/ACCV2024/html/Lin_PixMamba_Leveraging_State_Space_Models_in_a_Dual-Level_Architecture_for_ACCV_2024_paper.html,https://openaccess.thecvf.com/content/ACCV2024/papers/Lin_PixMamba_Leveraging_State_Space_Models_in_a_Dual-Level_Architecture_for_ACCV_2024_paper.pdf,http://arxiv.org/abs/2406.08444
171,Method,OneBEV: Using One Panoramic Image for Bird's-Eye-View Semantic Mapping,"Jiale Wei, Junwei Zheng, Ruiping Liu, Jie Hu, Jiaming Zhang, Rainer Stiefelhagen",Main,https://openaccess.thecvf.com/content/ACCV2024/html/Wei_OneBEV_Using_One_Panoramic_Image_for_BirdAos-Eye-View_Semantic_Mapping_ACCV_2024_paper.html,https://openaccess.thecvf.com/content/ACCV2024/papers/Wei_OneBEV_Using_One_Panoramic_Image_for_BirdAos-Eye-View_Semantic_Mapping_ACCV_2024_paper.pdf,
172,Method,Seamless-Through-Breaking: Rethinking Image Stitching for Optimal Alignment,"KuanYan Chen, Atik Garg, Yu-Shuen Wang",Main,https://openaccess.thecvf.com/content/ACCV2024/html/Chen_Seamless-Through-Breaking_Rethinking_Image_Stitching_for_Optimal_Alignment_ACCV_2024_paper.html,https://openaccess.thecvf.com/content/ACCV2024/papers/Chen_Seamless-Through-Breaking_Rethinking_Image_Stitching_for_Optimal_Alignment_ACCV_2024_paper.pdf,
173,Method,Spatiotemporal Pooling on Appropriate Topological Maps Represented as Two-Dimensional Images for EEG Classification,"Takuto Fukushima, Ryusuke Miyamoto",Main,https://openaccess.thecvf.com/content/ACCV2024/html/Fukushima_Spatiotemporal_Pooling_on_Appropriate_Topological_Maps_Represented_as_Two-Dimensional_Images_ACCV_2024_paper.html,https://openaccess.thecvf.com/content/ACCV2024/papers/Fukushima_Spatiotemporal_Pooling_on_Appropriate_Topological_Maps_Represented_as_Two-Dimensional_Images_ACCV_2024_paper.pdf,http://arxiv.org/abs/2403.04353
174,Method,TexDC: Text-Driven Disease-Aware 4D Cardiac Cine MRI Images Generation,"Cong Liu, Xiaohan Yuan, ZhiPeng Yu, Yangang Wang",Main,https://openaccess.thecvf.com/content/ACCV2024/html/Liu_TexDC_Text-Driven_Disease-Aware_4D_Cardiac_Cine_MRI_Images_Generation_ACCV_2024_paper.html,https://openaccess.thecvf.com/content/ACCV2024/papers/Liu_TexDC_Text-Driven_Disease-Aware_4D_Cardiac_Cine_MRI_Images_Generation_ACCV_2024_paper.pdf,
175,Method,4DPV: 4D Pet from Videos by Coarse-to-Fine Non-Rigid Radiance Fields,"Sergio M. de Paco, Antonio Agudo",Main,https://openaccess.thecvf.com/content/ACCV2024/html/de_Paco_4DPV_4D_Pet_from_Videos_by_Coarse-to-Fine_Non-Rigid_Radiance_Fields_ACCV_2024_paper.html,https://openaccess.thecvf.com/content/ACCV2024/papers/de_Paco_4DPV_4D_Pet_from_Videos_by_Coarse-to-Fine_Non-Rigid_Radiance_Fields_ACCV_2024_paper.pdf,http://arxiv.org/abs/2411.10275
176,Method,A computational model for color assimilation illusions and color constancy,"Oguzhan Ulucan, Diclehan Ulucan, Marc Ebner",Main,https://openaccess.thecvf.com/content/ACCV2024/html/Ulucan_A_computational_model_for_color_assimilation_illusions_and_color_constancy_ACCV_2024_paper.html,https://openaccess.thecvf.com/content/ACCV2024/papers/Ulucan_A_computational_model_for_color_assimilation_illusions_and_color_constancy_ACCV_2024_paper.pdf,
177,Method,TaE: Task-aware Expandable Representation for Long Tail Class Incremental Learning,"Linjie Li, Zhenyu Wu, Jiaming Liu, Yang Ji",Main,https://openaccess.thecvf.com/content/ACCV2024/html/Li_TaE_Task-aware_Expandable_Representation_for_Long_Tail_Class_Incremental_Learning_ACCV_2024_paper.html,https://openaccess.thecvf.com/content/ACCV2024/papers/Li_TaE_Task-aware_Expandable_Representation_for_Long_Tail_Class_Incremental_Learning_ACCV_2024_paper.pdf,http://arxiv.org/abs/2402.05797
178,Method,Feature Generator for Few-Shot Learning,"Heethanjan Kanagalingam, Thenukan Pathmanathan, Navaneethan Ketheeswaran, Mokeeshan Vathanakumar, Mohamed Afham, Ranga Rodrigo",Main,https://openaccess.thecvf.com/content/ACCV2024/html/Kanagalingam_Feature_Generator_for_Few-Shot_Learning_ACCV_2024_paper.html,https://openaccess.thecvf.com/content/ACCV2024/papers/Kanagalingam_Feature_Generator_for_Few-Shot_Learning_ACCV_2024_paper.pdf,http://arxiv.org/abs/2409.14141
179,Method,"SeSame: Simple, Easy 3D Object Detection with Point-Wise Semantics","Hayeon O, Chanuk Yang, Kunsoo Huh",Main,https://openaccess.thecvf.com/content/ACCV2024/html/O_SeSame_Simple_Easy_3D_Object_Detection_with_Point-Wise_Semantics_ACCV_2024_paper.html,https://openaccess.thecvf.com/content/ACCV2024/papers/O_SeSame_Simple_Easy_3D_Object_Detection_with_Point-Wise_Semantics_ACCV_2024_paper.pdf,http://arxiv.org/abs/2403.06501
180,Method,Act Like a Radiologist: Radiology Report Generation across Anatomical Regions,"Qi Chen, Yutong Xie, Biao Wu, Xiaomin Chen, James Ang, Minh-Son To, Xiaojun Chang, Qi Wu",Main,https://openaccess.thecvf.com/content/ACCV2024/html/Chen_Act_Like_a_Radiologist_Radiology_Report_Generation_across_Anatomical_Regions_ACCV_2024_paper.html,https://openaccess.thecvf.com/content/ACCV2024/papers/Chen_Act_Like_a_Radiologist_Radiology_Report_Generation_across_Anatomical_Regions_ACCV_2024_paper.pdf,http://arxiv.org/abs/2305.16685
181,Method,PlainUSR: Chasing Faster ConvNet for Efficient Super-Resolution,"Yan Wang, Yusen Li, Gang Wang, Xiaoguang Liu",Main,https://openaccess.thecvf.com/content/ACCV2024/html/Wang_PlainUSR_Chasing_Faster_ConvNet_for_Efficient_Super-Resolution_ACCV_2024_paper.html,https://openaccess.thecvf.com/content/ACCV2024/papers/Wang_PlainUSR_Chasing_Faster_ConvNet_for_Efficient_Super-Resolution_ACCV_2024_paper.pdf,http://arxiv.org/abs/2409.13435
182,Method,VIFA: An Efficient Visible and Infrared Image Fusion Architecture for Multi-task Applications via Continual Learning,"Jiaxing Shi, Ao Ren, Wei Zhuang, Yang Hua, ZhiYong Qin, Zhenyu Wang, Yang Song, Yujuan Tan, Duo Liu",Main,https://openaccess.thecvf.com/content/ACCV2024/html/Shi_VIFA_An_Efficient_Visible_and_Infrared_Image_Fusion_Architecture_for_ACCV_2024_paper.html,https://openaccess.thecvf.com/content/ACCV2024/papers/Shi_VIFA_An_Efficient_Visible_and_Infrared_Image_Fusion_Architecture_for_ACCV_2024_paper.pdf,
183,Method,TCL-Net: A Lightweight and Efficient Dehazing Network with Frequency-Domain Fusion and Multi-Angle Attention,"Cheng Tang, Wenqi Lou",Main,https://openaccess.thecvf.com/content/ACCV2024/html/Tang_TCL-Net_A_Lightweight_and_Efficient_Dehazing_Network_with_Frequency-Domain_Fusion_ACCV_2024_paper.html,https://openaccess.thecvf.com/content/ACCV2024/papers/Tang_TCL-Net_A_Lightweight_and_Efficient_Dehazing_Network_with_Frequency-Domain_Fusion_ACCV_2024_paper.pdf,
184,Method,Blind Super Resolution with Reference Images and Implicit Degradation Representation,"Huu-Phu Do, Po-Chih Hu, Hao-Chien Hsueh, Che-Kai Liu, Vu-Hoang Tran, Ching-Chun Huang",Main,https://openaccess.thecvf.com/content/ACCV2024/html/Do_Blind_Super_Resolution_with_Reference_Images_and_Implicit_Degradation_Representation_ACCV_2024_paper.html,https://openaccess.thecvf.com/content/ACCV2024/papers/Do_Blind_Super_Resolution_with_Reference_Images_and_Implicit_Degradation_Representation_ACCV_2024_paper.pdf,
185,Method,DA^2: Degree-Accumulated Data Augmentation on Point Clouds with Curriculum Dynamic Threshold Selection,"Ta Chun Tai, Nhat-Tuong Do-Tran, Ngoc-Hoang-Lam Le, Yung-Hui Li, Ching-Chun Huang",Main,https://openaccess.thecvf.com/content/ACCV2024/html/Tai_DA2_Degree-Accumulated_Data_Augmentation_on_Point_Clouds_with_Curriculum_Dynamic_ACCV_2024_paper.html,https://openaccess.thecvf.com/content/ACCV2024/papers/Tai_DA2_Degree-Accumulated_Data_Augmentation_on_Point_Clouds_with_Curriculum_Dynamic_ACCV_2024_paper.pdf,
186,Method,FaRE: A Feature-aware Radical Encoding Strategy for Zero-shot Chinese Character Recognition,"Hongjian Zhan, Yangfu Li, Yu-jie Xiong, Yue Lu",Main,https://openaccess.thecvf.com/content/ACCV2024/html/Zhan_FaRE_A_Feature-aware_Radical_Encoding_Strategy_for_Zero-shot_Chinese_Character_ACCV_2024_paper.html,https://openaccess.thecvf.com/content/ACCV2024/papers/Zhan_FaRE_A_Feature-aware_Radical_Encoding_Strategy_for_Zero-shot_Chinese_Character_ACCV_2024_paper.pdf,
187,Method,KEM: SGW-based Multi-Task Learning in Vision Tasks,"Ruiyuan Zhang, Yuyao Chen, Jiaxiang Liu, Dianbing Xi, Yuchi Huo, Jie Liu, Chao Wu",Main,https://openaccess.thecvf.com/content/ACCV2024/html/Zhang_KEM_SGW-based_Multi-Task_Learning_in_Vision_Tasks_ACCV_2024_paper.html,https://openaccess.thecvf.com/content/ACCV2024/papers/Zhang_KEM_SGW-based_Multi-Task_Learning_in_Vision_Tasks_ACCV_2024_paper.pdf,
188,Method,It's Just Another Day: Unique Video Captioning by Discriminative Prompting,"Toby Perrett, Tengda Han, Dima Damen, Andrew Zisserman",Main,https://openaccess.thecvf.com/content/ACCV2024/html/Perrett_Its_Just_Another_Day_Unique_Video_Captioning_by_Discriminative_Prompting_ACCV_2024_paper.html,https://openaccess.thecvf.com/content/ACCV2024/papers/Perrett_Its_Just_Another_Day_Unique_Video_Captioning_by_Discriminative_Prompting_ACCV_2024_paper.pdf,
189,Method,Learning Classwise Untangled Continuums for Conditional Normalizing Flows,"Victor Enescu, Hichem Sahbi",Main,https://openaccess.thecvf.com/content/ACCV2024/html/Enescu_Learning_Classwise_Untangled_Continuums_for_Conditional_Normalizing_Flows_ACCV_2024_paper.html,https://openaccess.thecvf.com/content/ACCV2024/papers/Enescu_Learning_Classwise_Untangled_Continuums_for_Conditional_Normalizing_Flows_ACCV_2024_paper.pdf,
190,Method,Full-body Human De-lighting with Semi-Supervised Learning,"Joshua Weir, Junhong Zhao, Andrew Chalmers, Taehyun Rhee",Main,https://openaccess.thecvf.com/content/ACCV2024/html/Weir_Full-body_Human_De-lighting_with_Semi-Supervised_Learning_ACCV_2024_paper.html,https://openaccess.thecvf.com/content/ACCV2024/papers/Weir_Full-body_Human_De-lighting_with_Semi-Supervised_Learning_ACCV_2024_paper.pdf,
191,Method,Parameter-Selective Continual Test-Time Adaptation,"Jiaxu Tian, Fan Lyu",Main,https://openaccess.thecvf.com/content/ACCV2024/html/Tian_Parameter-Selective_Continual_Test-Time_Adaptation_ACCV_2024_paper.html,https://openaccess.thecvf.com/content/ACCV2024/papers/Tian_Parameter-Selective_Continual_Test-Time_Adaptation_ACCV_2024_paper.pdf,http://arxiv.org/abs/2407.02253
192,Method,EDAF: Early Detection of Atrial Fibrillation from Post-Stroke Brain MRI,"Mohammad Javad Shokri, Nandakishor Desai, Aravinda S. Rao, Angelos Sharobeam, Bernard Yan, Marimuthu Palaniswami",Main,https://openaccess.thecvf.com/content/ACCV2024/html/Shokri_EDAF_Early_Detection_of_Atrial_Fibrillation_from_Post-Stroke_Brain_MRI_ACCV_2024_paper.html,https://openaccess.thecvf.com/content/ACCV2024/papers/Shokri_EDAF_Early_Detection_of_Atrial_Fibrillation_from_Post-Stroke_Brain_MRI_ACCV_2024_paper.pdf,
193,Method,Chinese Character Component Segmentation Based on Character Structure Masks,"Haiyan Li, Fang Yang",Main,https://openaccess.thecvf.com/content/ACCV2024/html/Li_Chinese_Character_Component_Segmentation_Based_on_Character_Structure_Masks_ACCV_2024_paper.html,https://openaccess.thecvf.com/content/ACCV2024/papers/Li_Chinese_Character_Component_Segmentation_Based_on_Character_Structure_Masks_ACCV_2024_paper.pdf,
194,Method,MeshGS: Adaptive Mesh-Aligned Gaussian Splatting for High-Quality Rendering,"Jaehoon Choi, Yonghan Lee, Hyungtae Lee, Heesung Kwon, Dinesh Manocha",Main,https://openaccess.thecvf.com/content/ACCV2024/html/Choi_MeshGS_Adaptive_Mesh-Aligned_Gaussian_Splatting_for_High-Quality_Rendering_ACCV_2024_paper.html,https://openaccess.thecvf.com/content/ACCV2024/papers/Choi_MeshGS_Adaptive_Mesh-Aligned_Gaussian_Splatting_for_High-Quality_Rendering_ACCV_2024_paper.pdf,http://arxiv.org/abs/2410.08941
195,Method,Learning Interval-Aware Embedding for Macro- and Micro-expression Spotting,"Xiaodong Li, Jiajun Li, Wenchao Du, Hu Chen, Hongyu Yang",Main,https://openaccess.thecvf.com/content/ACCV2024/html/Li_Learning_Interval-Aware_Embedding_for_Macro-_and_Micro-expression_Spotting_ACCV_2024_paper.html,https://openaccess.thecvf.com/content/ACCV2024/papers/Li_Learning_Interval-Aware_Embedding_for_Macro-_and_Micro-expression_Spotting_ACCV_2024_paper.pdf,
196,Method,Learning Complementary Maps for Light Field Salient Object Detection,"Zeyu Xiao, Jiateng Shou, Zhiwei Xiong",Main,https://openaccess.thecvf.com/content/ACCV2024/html/Xiao_Learning_Complementary_Maps_for_Light_Field_Salient_Object_Detection_ACCV_2024_paper.html,https://openaccess.thecvf.com/content/ACCV2024/papers/Xiao_Learning_Complementary_Maps_for_Light_Field_Salient_Object_Detection_ACCV_2024_paper.pdf,
197,Method,MS-UMLP: Medical Image Segmentation via Multi-Scale U-shape MLP-Mixer,"Bin Xie, Hao Tang, Dawen Cai, Yan Yan",Main,https://openaccess.thecvf.com/content/ACCV2024/html/Xie_MS-UMLP_Medical_Image_Segmentation_via__Multi-Scale_U-shape_MLP-Mixer_ACCV_2024_paper.html,https://openaccess.thecvf.com/content/ACCV2024/papers/Xie_MS-UMLP_Medical_Image_Segmentation_via__Multi-Scale_U-shape_MLP-Mixer_ACCV_2024_paper.pdf,
198,Method,A StyleCLIP-based Facial Emotion Manipulation Method for Discrepant Emotion Transitions,"Qi Guo, Xiaodong Gu",Main,https://openaccess.thecvf.com/content/ACCV2024/html/Guo_A_StyleCLIP-based__Facial_Emotion_Manipulation_Method_for_Discrepant_Emotion_ACCV_2024_paper.html,https://openaccess.thecvf.com/content/ACCV2024/papers/Guo_A_StyleCLIP-based__Facial_Emotion_Manipulation_Method_for_Discrepant_Emotion_ACCV_2024_paper.pdf,
199,Method,Few Exemplar-Based General Medical Image Segmentation via Domain-Aware Selective Adaptation,"Chen Xu, Qiming Huang, Yuqi Hou, Jiangxing Wu, Fan Zhang, Hyung Jin Chang, Jianbo Jiao",Main,https://openaccess.thecvf.com/content/ACCV2024/html/Xu_Few_Exemplar-Based_General_Medical_Image_Segmentation_via_Domain-Aware_Selective_Adaptation_ACCV_2024_paper.html,https://openaccess.thecvf.com/content/ACCV2024/papers/Xu_Few_Exemplar-Based_General_Medical_Image_Segmentation_via_Domain-Aware_Selective_Adaptation_ACCV_2024_paper.pdf,http://arxiv.org/abs/2410.09254
200,Method,CrossPAR: Enhancing Pedestrian Attribute Recognition with Vision-Language Fusion and Human-Centric Pre-training,"Bach-Hoang Ngo, Si-Tri Ngo, Phu-Duc Le, Quang-Minh Phan, Minh-Triet Tran, Trung-Nghia Le",Main,https://openaccess.thecvf.com/content/ACCV2024/html/Ngo_CrossPAR_Enhancing_Pedestrian_Attribute_Recognition_with_Vision-Language_Fusion_and_Human-Centric_ACCV_2024_paper.html,https://openaccess.thecvf.com/content/ACCV2024/papers/Ngo_CrossPAR_Enhancing_Pedestrian_Attribute_Recognition_with_Vision-Language_Fusion_and_Human-Centric_ACCV_2024_paper.pdf,
201,Method,GSMNet: Towards Long-term Trajectory Prediction by Integrating Multi-Scale Information,"Shaohua Liu, Yisu Wang, Yinglong Zhu, Pengfei Yao, Tianlu Mao, Zhaoqi Wang",Main,https://openaccess.thecvf.com/content/ACCV2024/html/Liu_GSMNet_Towards_Long-term_Trajectory_Prediction_by_Integrating_Multi-Scale_Information_ACCV_2024_paper.html,https://openaccess.thecvf.com/content/ACCV2024/papers/Liu_GSMNet_Towards_Long-term_Trajectory_Prediction_by_Integrating_Multi-Scale_Information_ACCV_2024_paper.pdf,
202,Method,Structure-Centric Robust Monocular Depth Estimation via Knowledge Distillation,"Runze Chen, Haiyong Luo, Fang Zhao, Jingze Yu, Yupeng Jia, Juan Wang, Xuepeng Ma",Main,https://openaccess.thecvf.com/content/ACCV2024/html/Chen_Structure-Centric_Robust_Monocular_Depth_Estimation_via_Knowledge_Distillation_ACCV_2024_paper.html,https://openaccess.thecvf.com/content/ACCV2024/papers/Chen_Structure-Centric_Robust_Monocular_Depth_Estimation_via_Knowledge_Distillation_ACCV_2024_paper.pdf,http://arxiv.org/abs/2410.06982
203,Method,High-Quality Visually-Guided Sound Separation from Diverse Categories,"Chao Huang, Susan Liang, Yapeng Tian, Anurag Kumar, Chenliang Xu",Main,https://openaccess.thecvf.com/content/ACCV2024/html/Huang_High-Quality_Visually-Guided_Sound_Separation_from_Diverse_Categories_ACCV_2024_paper.html,https://openaccess.thecvf.com/content/ACCV2024/papers/Huang_High-Quality_Visually-Guided_Sound_Separation_from_Diverse_Categories_ACCV_2024_paper.pdf,http://arxiv.org/abs/2308.00122
204,Method,FSGait: Fine Grained Self-Supervised Gait Abnormality Detection,"Bingzhi Duan, Xiaoyue Wan, Xu Zhao",Main,https://openaccess.thecvf.com/content/ACCV2024/html/Duan_FSGait_Fine_Grained_Self-Supervised_Gait_Abnormality_Detection_ACCV_2024_paper.html,https://openaccess.thecvf.com/content/ACCV2024/papers/Duan_FSGait_Fine_Grained_Self-Supervised_Gait_Abnormality_Detection_ACCV_2024_paper.pdf,
205,Method,Foundation Model-Powered 3D Few-Shot Class Incremental Learning via Training-free Adaptor,"Sahar Ahmadi, Ali Cheraghian, Morteza Saberi, Md.Towsif Abir, Hamidreza Dastmalchi, Farookh Hussain, Shafin Rahman",Main,https://openaccess.thecvf.com/content/ACCV2024/html/Ahmadi_Foundation_Model-Powered_3D_Few-Shot_Class_Incremental_Learning_via_Training-free_Adaptor_ACCV_2024_paper.html,https://openaccess.thecvf.com/content/ACCV2024/papers/Ahmadi_Foundation_Model-Powered_3D_Few-Shot_Class_Incremental_Learning_via_Training-free_Adaptor_ACCV_2024_paper.pdf,http://arxiv.org/abs/2410.09237
206,Method,Calibration Transfer via Knowledge Distillation,"Ramya Hebbalaguppe, Mayank Baranwal, Kartik Anand, Chetan Arora",Main,https://openaccess.thecvf.com/content/ACCV2024/html/Hebbalaguppe_Calibration_Transfer_via_Knowledge_Distillation_ACCV_2024_paper.html,https://openaccess.thecvf.com/content/ACCV2024/papers/Hebbalaguppe_Calibration_Transfer_via_Knowledge_Distillation_ACCV_2024_paper.pdf,
207,Method,Match-free Inbetweening Assistant (MIBA): A Practical Animation Tool without User Stroke Correspondence,"Shuhong Chen, Matthias Zwicker",Main,https://openaccess.thecvf.com/content/ACCV2024/html/Chen_Match-free_Inbetweening_Assistant_MIBA_A_Practical_Animation_Tool_without_User_ACCV_2024_paper.html,https://openaccess.thecvf.com/content/ACCV2024/papers/Chen_Match-free_Inbetweening_Assistant_MIBA_A_Practical_Animation_Tool_without_User_ACCV_2024_paper.pdf,
208,Method,LCM: Log Conformal Maps for Robust Representation Learning to Mitigate Perspective Distortion,"Meenakshi Subhash Chippa, Prakash Chandra Chhipa, Kanjar De, Marcus Liwicki, Rajkumar Saini",Main,https://openaccess.thecvf.com/content/ACCV2024/html/Chippa_LCM_Log_Conformal_Maps_for_Robust_Representation_Learning_to_Mitigate_ACCV_2024_paper.html,https://openaccess.thecvf.com/content/ACCV2024/papers/Chippa_LCM_Log_Conformal_Maps_for_Robust_Representation_Learning_to_Mitigate_ACCV_2024_paper.pdf,http://arxiv.org/abs/2410.03686
209,Method,Reference-Based Face Super-Resolution Using the Spatial Transformer,"Varun Ramesh Jois, Antonella DiLillo, James Storer",Main,https://openaccess.thecvf.com/content/ACCV2024/html/Jois_Reference-Based_Face_Super-Resolution_Using_the_Spatial_Transformer_ACCV_2024_paper.html,https://openaccess.thecvf.com/content/ACCV2024/papers/Jois_Reference-Based_Face_Super-Resolution_Using_the_Spatial_Transformer_ACCV_2024_paper.pdf,
210,Method,Tracking Correction Method for Rapid and Random Protein Molecules Movement,"Satoshi Kamiya, Keisuke Toida, Taka-aki Tsunoyama, Kazuhiro Hotta",Main,https://openaccess.thecvf.com/content/ACCV2024/html/Kamiya_Tracking_Correction_Method_for_Rapid_and_Random_Protein_Molecules_Movement_ACCV_2024_paper.html,https://openaccess.thecvf.com/content/ACCV2024/papers/Kamiya_Tracking_Correction_Method_for_Rapid_and_Random_Protein_Molecules_Movement_ACCV_2024_paper.pdf,
211,Method,PSG-Adapter: Controllable Planning Scene Graph for Improving Text-to-Image Diffusion,Yi Gao,Main,https://openaccess.thecvf.com/content/ACCV2024/html/Gao_PSG-Adapter_Controllable_Planning_Scene_Graph_for_Improving_Text-to-Image_Diffusion_ACCV_2024_paper.html,https://openaccess.thecvf.com/content/ACCV2024/papers/Gao_PSG-Adapter_Controllable_Planning_Scene_Graph_for_Improving_Text-to-Image_Diffusion_ACCV_2024_paper.pdf,
212,Method,ObjectCompose: Evaluating Resilience of Vision-Based Models on Object-to-Background Compositional Changes,"Hashmat Shadab Malik, Muhammad Huzaifa, Muzammal Naseer, Salman Khan, Fahad Shahbaz Khan",Main,https://openaccess.thecvf.com/content/ACCV2024/html/Malik_ObjectCompose_Evaluating_Resilience_of_Vision-Based_Models_on_Object-to-Background_Compositional_Changes_ACCV_2024_paper.html,https://openaccess.thecvf.com/content/ACCV2024/papers/Malik_ObjectCompose_Evaluating_Resilience_of_Vision-Based_Models_on_Object-to-Background_Compositional_Changes_ACCV_2024_paper.pdf,http://arxiv.org/abs/2403.04701
213,Method,Feature Estimation of Global Language Processing in EEG Using Attention Maps,"Dai Shimizu, Ko Watanabe, Andreas Dengel",Main,https://openaccess.thecvf.com/content/ACCV2024/html/Shimizu_Feature_Estimation_of_Global_Language_Processing_in_EEG_Using_Attention_ACCV_2024_paper.html,https://openaccess.thecvf.com/content/ACCV2024/papers/Shimizu_Feature_Estimation_of_Global_Language_Processing_in_EEG_Using_Attention_ACCV_2024_paper.pdf,http://arxiv.org/abs/2409.19174
214,Method,Efficient Implicit SDF and Color Reconstruction via Shared Feature Field,"Shuangkang Fang, Dacheng Qi, Weixin Xu, Yufeng Wang, Zehao Zhang, Xiaorong Zhang, Huayu Zhang, Zeqi Shao, Wenrui Ding",Main,https://openaccess.thecvf.com/content/ACCV2024/html/Fang_Efficient_Implicit_SDF_and_Color_Reconstruction_via_Shared_Feature_Field_ACCV_2024_paper.html,https://openaccess.thecvf.com/content/ACCV2024/papers/Fang_Efficient_Implicit_SDF_and_Color_Reconstruction_via_Shared_Feature_Field_ACCV_2024_paper.pdf,
215,Method,BAMG: Text-based Person Re-identification via Bottlenecks Attention and Masked Graph Modeling,"Keyang Cheng, Wenxuan Zou, Hongjian Gu, Anxiang Ouyang",Main,https://openaccess.thecvf.com/content/ACCV2024/html/Cheng_BAMG_Text-based_Person_Re-identification_via_Bottlenecks_Attention_and_Masked_Graph_ACCV_2024_paper.html,https://openaccess.thecvf.com/content/ACCV2024/papers/Cheng_BAMG_Text-based_Person_Re-identification_via_Bottlenecks_Attention_and_Masked_Graph_ACCV_2024_paper.pdf,
216,Method,Nash Meets Wertheimer: Using Good Continuation in Jigsaw Puzzles,"Marina Khoroshiltseva, Luca Palmieri, Sinem Aslan, Sebastiano Vascon, Marcello Pelillo",Main,https://openaccess.thecvf.com/content/ACCV2024/html/Khoroshiltseva_Nash_Meets_Wertheimer_Using_Good_Continuation_in_Jigsaw_Puzzles_ACCV_2024_paper.html,https://openaccess.thecvf.com/content/ACCV2024/papers/Khoroshiltseva_Nash_Meets_Wertheimer_Using_Good_Continuation_in_Jigsaw_Puzzles_ACCV_2024_paper.pdf,http://arxiv.org/abs/2410.16857
217,Method,A Simple Finetuning Strategy Based on Bias-Variance Ratios of Layer-Wise Gradients,"Mao Tomita, Ikuro Sato, Rei Kawakami, Nakamasa Inoue, Satoshi Ikehata, Masayuki Tanaka",Main,https://openaccess.thecvf.com/content/ACCV2024/html/Tomita_A_Simple_Finetuning_Strategy_Based_on_Bias-Variance_Ratios_of_Layer-Wise_ACCV_2024_paper.html,https://openaccess.thecvf.com/content/ACCV2024/papers/Tomita_A_Simple_Finetuning_Strategy_Based_on_Bias-Variance_Ratios_of_Layer-Wise_ACCV_2024_paper.pdf,
218,Method,Adapting Models to Scarce Target Data without Source Samples,"JoonHo Lee, Gyemin Lee",Main,https://openaccess.thecvf.com/content/ACCV2024/html/Lee_Adapting_Models_to_Scarce_Target_Data_without_Source_Samples_ACCV_2024_paper.html,https://openaccess.thecvf.com/content/ACCV2024/papers/Lee_Adapting_Models_to_Scarce_Target_Data_without_Source_Samples_ACCV_2024_paper.pdf,
219,Method,SSTHyper: Sparse Spectral Transformer for Hyperspectral Image Reconstruction,"Meng Xu, Mingying Lin, Qi Ren, Sen Jia",Main,https://openaccess.thecvf.com/content/ACCV2024/html/Xu_SSTHyper_Sparse_Spectral_Transformer_for_Hyperspectral_Image_Reconstruction_ACCV_2024_paper.html,https://openaccess.thecvf.com/content/ACCV2024/papers/Xu_SSTHyper_Sparse_Spectral_Transformer_for_Hyperspectral_Image_Reconstruction_ACCV_2024_paper.pdf,
220,Method,Conditional Distribution Modelling for Few-Shot Image Synthesis with Diffusion Models,"Parul Gupta, Munawar Hayat, Abhinav Dhall, Thanh-Toan Do",Main,https://openaccess.thecvf.com/content/ACCV2024/html/Gupta_Conditional_Distribution_Modelling_for_Few-Shot_Image_Synthesis_with_Diffusion_Models_ACCV_2024_paper.html,https://openaccess.thecvf.com/content/ACCV2024/papers/Gupta_Conditional_Distribution_Modelling_for_Few-Shot_Image_Synthesis_with_Diffusion_Models_ACCV_2024_paper.pdf,http://arxiv.org/abs/2404.16556
221,Method,The Devil is in the Details: Simple Remedies for Image-to-LiDAR Representation Learning,"Wonjun Jo, Kwon Byung-Ki, Kim Ji-Yeon, Hawook Jeong, Kyungdon Joo, Tae-Hyun Oh",Main,https://openaccess.thecvf.com/content/ACCV2024/html/Jo_The_Devil_is_in_the_Details_Simple_Remedies_for__ACCV_2024_paper.html,https://openaccess.thecvf.com/content/ACCV2024/papers/Jo_The_Devil_is_in_the_Details_Simple_Remedies_for__ACCV_2024_paper.pdf,
222,Method,SCCA-Net: A Novel Network for Image Manipulation Localization Using Split-Channel Contextual Attention,"Yan Xiang, Kaiqi Zhao, Haichang Yin",Main,https://openaccess.thecvf.com/content/ACCV2024/html/Xiang_SCCA-Net_A_Novel_Network_for_Image_Manipulation_Localization_Using_Split-Channel_ACCV_2024_paper.html,https://openaccess.thecvf.com/content/ACCV2024/papers/Xiang_SCCA-Net_A_Novel_Network_for_Image_Manipulation_Localization_Using_Split-Channel_ACCV_2024_paper.pdf,
223,Method,Revealing Hidden Context in Camouflage Instance Segmentation,"Thanh-Hai Phung, Hong-Han Shuai",Main,https://openaccess.thecvf.com/content/ACCV2024/html/Phung_Revealing_Hidden_Context_in_Camouflage_Instance_Segmentation_ACCV_2024_paper.html,https://openaccess.thecvf.com/content/ACCV2024/papers/Phung_Revealing_Hidden_Context_in_Camouflage_Instance_Segmentation_ACCV_2024_paper.pdf,
224,Method,Dessie: Disentanglement for Articulated 3D Horse Shape and Pose Estimation from Images,"Ci Li, Yi Yang, Zehang Weng, Elin Hernlund, Silvia Zuffi, Hedvig Kjellström",Main,https://openaccess.thecvf.com/content/ACCV2024/html/Li_Dessie_Disentanglement_for_Articulated_3D_Horse_Shape_and_Pose_Estimation_ACCV_2024_paper.html,https://openaccess.thecvf.com/content/ACCV2024/papers/Li_Dessie_Disentanglement_for_Articulated_3D_Horse_Shape_and_Pose_Estimation_ACCV_2024_paper.pdf,http://arxiv.org/abs/2410.03438
225,Method,Greit-HRNet: Grouped Lightweight High-Resolution Network for Human Pose Estimation,"Junjia Han, Yanxia Wang",Main,https://openaccess.thecvf.com/content/ACCV2024/html/Han_Greit-HRNet_Grouped_Lightweight_High-Resolution_Network_for_Human_Pose_Estimation_ACCV_2024_paper.html,https://openaccess.thecvf.com/content/ACCV2024/papers/Han_Greit-HRNet_Grouped_Lightweight_High-Resolution_Network_for_Human_Pose_Estimation_ACCV_2024_paper.pdf,
226,Method,Improve Model Robustness in Less Time Than It Takes to Drink A Cup of Coffee with Plug-and-Play Plugins.,"Jiang Fang, Zhicheng Zhang, Jiyan Sun, Jiadong Fu, Haonan He, Yinlong Liu, Wei Ma",Main,https://openaccess.thecvf.com/content/ACCV2024/html/Fang_Improve_Model_Robustness_in_Less_Time_Than_It_Takes_to_ACCV_2024_paper.html,https://openaccess.thecvf.com/content/ACCV2024/papers/Fang_Improve_Model_Robustness_in_Less_Time_Than_It_Takes_to_ACCV_2024_paper.pdf,
227,Method,Locate n' Rotate: Two-stage Openable Part Detection with Geometric Foundation Model Priors,"Siqi Li, Xiaoxue Chen, Haoyu Cheng, Guyue Zhou, Hao Zhao, Guanzhong Tian",Main,https://openaccess.thecvf.com/content/ACCV2024/html/Li_Locate_n_Rotate_Two-stage_Openable_Part_Detection_with_Geometric_Foundation_ACCV_2024_paper.html,https://openaccess.thecvf.com/content/ACCV2024/papers/Li_Locate_n_Rotate_Two-stage_Openable_Part_Detection_with_Geometric_Foundation_ACCV_2024_paper.pdf,
228,Method,Character-aware audio-visual subtitling in context,"Jaesung Huh, Andrew Zisserman",Main,https://openaccess.thecvf.com/content/ACCV2024/html/Huh_Character-aware_audio-visual_subtitling_in_context_ACCV_2024_paper.html,https://openaccess.thecvf.com/content/ACCV2024/papers/Huh_Character-aware_audio-visual_subtitling_in_context_ACCV_2024_paper.pdf,http://arxiv.org/abs/2410.11068
229,Method,A Generic Autoregressive Predictive Feedback Framework for Skeleton-Based Action Recognition,"Xinpeng Yin, Jing Hu, Wenming Cao",Main,https://openaccess.thecvf.com/content/ACCV2024/html/Yin_A_Generic_Autoregressive_Predictive_Feedback_Framework_for_Skeleton-Based_Action_Recognition_ACCV_2024_paper.html,https://openaccess.thecvf.com/content/ACCV2024/papers/Yin_A_Generic_Autoregressive_Predictive_Feedback_Framework_for_Skeleton-Based_Action_Recognition_ACCV_2024_paper.pdf,
230,Method,Exploring Limits of Diffusion-Synthetic Training with Weakly Supervised Semantic Segmentation,"Ryota Yoshihashi, Yuya Otsuka, Kenji Doi, Tomohiro Tanaka, Hirokatsu Kataoka",Main,https://openaccess.thecvf.com/content/ACCV2024/html/Yoshihashi_Exploring_Limits_of_Diffusion-Synthetic_Training_with_Weakly_Supervised_Semantic_Segmentation_ACCV_2024_paper.html,https://openaccess.thecvf.com/content/ACCV2024/papers/Yoshihashi_Exploring_Limits_of_Diffusion-Synthetic_Training_with_Weakly_Supervised_Semantic_Segmentation_ACCV_2024_paper.pdf,http://arxiv.org/abs/2309.01369
231,Method,ESM-YOLO: Enhanced Small Target Detection Based on Visible and Infrared Multi-modal Fusion,"Qianqian Zhang, Linwei Qiu, Li Zhou, Junshe An",Main,https://openaccess.thecvf.com/content/ACCV2024/html/Zhang_ESM-YOLO_Enhanced_Small_Target_Detection_Based_on_Visible_and_Infrared_ACCV_2024_paper.html,https://openaccess.thecvf.com/content/ACCV2024/papers/Zhang_ESM-YOLO_Enhanced_Small_Target_Detection_Based_on_Visible_and_Infrared_ACCV_2024_paper.pdf,
232,Method,Diffusing Background Dictionary for Hyperspectral Anomaly Detection,"Yaochen Wu, Yu Meng, Lei Sun",Main,https://openaccess.thecvf.com/content/ACCV2024/html/Wu_Diffusing_Background_Dictionary__for_Hyperspectral_Anomaly_Detection_ACCV_2024_paper.html,https://openaccess.thecvf.com/content/ACCV2024/papers/Wu_Diffusing_Background_Dictionary__for_Hyperspectral_Anomaly_Detection_ACCV_2024_paper.pdf,
233,Method,Robust Single-view 3D Human Digitization via Explicit Geometric Field with Semantic Guidance,"Ruizhi Liu, Paolo Remagnino",Main,https://openaccess.thecvf.com/content/ACCV2024/html/Liu_Robust_Single-view_3D_Human_Digitization_via__Explicit_Geometric_Field_ACCV_2024_paper.html,https://openaccess.thecvf.com/content/ACCV2024/papers/Liu_Robust_Single-view_3D_Human_Digitization_via__Explicit_Geometric_Field_ACCV_2024_paper.pdf,
234,Method,Learning Dual Hierarchical Representation for 3D Surface Reconstruction,"Jiyoon Shin, Youngwook Kim, Sangwoo Hong, Jungwoo Lee",Main,https://openaccess.thecvf.com/content/ACCV2024/html/Shin_Learning_Dual_Hierarchical_Representation_for_3D_Surface_Reconstruction_ACCV_2024_paper.html,https://openaccess.thecvf.com/content/ACCV2024/papers/Shin_Learning_Dual_Hierarchical_Representation_for_3D_Surface_Reconstruction_ACCV_2024_paper.pdf,
235,Method,Beyond Coarse-Grained Matching in Video-Text Retrieval,"Aozhu Chen, Hazel Doughty, Xirong Li, Cees G. M. Snoek",Main,https://openaccess.thecvf.com/content/ACCV2024/html/Chen_Beyond_Coarse-Grained_Matching_in_Video-Text_Retrieval_ACCV_2024_paper.html,https://openaccess.thecvf.com/content/ACCV2024/papers/Chen_Beyond_Coarse-Grained_Matching_in_Video-Text_Retrieval_ACCV_2024_paper.pdf,http://arxiv.org/abs/2410.12407
236,Method,UNet--: Memory-Efficient and Feature-Enhanced Network Architecture based on U-Net with Reduced Skip-Connections,"Lingxiao Yin, Wei Tao, Dongyue Zhao, Tadayuki Ito, Kinya Osa, Masami Kato, Tse-Wei Chen",Main,https://openaccess.thecvf.com/content/ACCV2024/html/Yin_UNet--_Memory-Efficient_and_Feature-Enhanced_Network_Architecture_based_on_U-Net_with_ACCV_2024_paper.html,https://openaccess.thecvf.com/content/ACCV2024/papers/Yin_UNet--_Memory-Efficient_and_Feature-Enhanced_Network_Architecture_based_on_U-Net_with_ACCV_2024_paper.pdf,
237,Method,Revisiting sample weights based method for noisy-label detection and classification,"Tuan Hoang, Hung Tran, Santu Rana, Sunil Gupta, Svetha Venkatesh",Main,https://openaccess.thecvf.com/content/ACCV2024/html/Hoang_Revisiting_sample_weights_based_method_for_noisy-label_detection_and_classification_ACCV_2024_paper.html,https://openaccess.thecvf.com/content/ACCV2024/papers/Hoang_Revisiting_sample_weights_based_method_for_noisy-label_detection_and_classification_ACCV_2024_paper.pdf,
238,Method,Enhancing Robustness to Noise Corruption for Point Cloud Recognition via Spatial Sorting and Set-Mixing Aggregation Module,"Dingxin Zhang, Jianhui Yu, Tengfei Xue, Chaoyi Zhang, Dongnan Liu, Weidong Cai",Main,https://openaccess.thecvf.com/content/ACCV2024/html/Zhang_Enhancing_Robustness_to_Noise_Corruption_for_Point_Cloud_Recognition_via_ACCV_2024_paper.html,https://openaccess.thecvf.com/content/ACCV2024/papers/Zhang_Enhancing_Robustness_to_Noise_Corruption_for_Point_Cloud_Recognition_via_ACCV_2024_paper.pdf,http://arxiv.org/abs/2407.10806
239,Method,Hybrid and Non-minimal Planar Motion Estimation from Point Correspondences,"Juan Carlos Dibene Simental, Enrique Dunn",Main,https://openaccess.thecvf.com/content/ACCV2024/html/Simental_Hybrid_and_Non-minimal_Planar_Motion_Estimation_from_Point_Correspondences_ACCV_2024_paper.html,https://openaccess.thecvf.com/content/ACCV2024/papers/Simental_Hybrid_and_Non-minimal_Planar_Motion_Estimation_from_Point_Correspondences_ACCV_2024_paper.pdf,
240,Method,Text Query to Web Image to Video: A Comprehensive Ad-hoc Video Search,"Nhat-Minh Nguyen, Tien-Dung Mai, Duy-Dinh Le",Main,https://openaccess.thecvf.com/content/ACCV2024/html/Nguyen_Text_Query_to_Web_Image_to_Video_A_Comprehensive_Ad-hoc_ACCV_2024_paper.html,https://openaccess.thecvf.com/content/ACCV2024/papers/Nguyen_Text_Query_to_Web_Image_to_Video_A_Comprehensive_Ad-hoc_ACCV_2024_paper.pdf,
241,Method,GeoRefineNet: A Multistage Framework for Enhanced Cephalometric Landmark Detection in CBCT Images Using 3D Geometric Information,"Thanaporn Viriyasaranon, Serie Ma, Jang-Hwan Choi",Main,https://openaccess.thecvf.com/content/ACCV2024/html/Viriyasaranon_GeoRefineNet_A_Multistage_Framework_for_Enhanced_Cephalometric_Landmark_Detection_in_ACCV_2024_paper.html,https://openaccess.thecvf.com/content/ACCV2024/papers/Viriyasaranon_GeoRefineNet_A_Multistage_Framework_for_Enhanced_Cephalometric_Landmark_Detection_in_ACCV_2024_paper.pdf,
242,Method,LocoMotion: Learning Motion-Focused Video-Language Representations,"Hazel Doughty, Fida Mohammad Thoker, Cees G. M. Snoek",Main,https://openaccess.thecvf.com/content/ACCV2024/html/Doughty_LocoMotion_Learning_Motion-Focused_Video-Language_Representations_ACCV_2024_paper.html,https://openaccess.thecvf.com/content/ACCV2024/papers/Doughty_LocoMotion_Learning_Motion-Focused_Video-Language_Representations_ACCV_2024_paper.pdf,http://arxiv.org/abs/2410.12018
243,Method,D'OH: Decoder-Only Random Hypernetworks for Implicit Neural Representations,"Cameron Gordon, Lachlan E. MacDonald, Hemanth Saratchandran, Simon Lucey",Main,https://openaccess.thecvf.com/content/ACCV2024/html/Gordon_DOH_Decoder-Only_Random_Hypernetworks_for_Implicit_Neural_Representations_ACCV_2024_paper.html,https://openaccess.thecvf.com/content/ACCV2024/papers/Gordon_DOH_Decoder-Only_Random_Hypernetworks_for_Implicit_Neural_Representations_ACCV_2024_paper.pdf,
244,Method,Cross Feature Fusion of Fundus Image and Generated Lesion Map for Referable Diabetic Retinopathy Classification,"Dahyun Mok, Junghyun Bum, Le Duc Tai, Hyunseung Choo",Main,https://openaccess.thecvf.com/content/ACCV2024/html/Mok_Cross_Feature_Fusion_of_Fundus_Image_and_Generated_Lesion_Map_ACCV_2024_paper.html,https://openaccess.thecvf.com/content/ACCV2024/papers/Mok_Cross_Feature_Fusion_of_Fundus_Image_and_Generated_Lesion_Map_ACCV_2024_paper.pdf,http://arxiv.org/abs/2411.03618
245,Method,Randomized Channel-pass Mask for Channel-wise Explanation of Black-box Models,"Hirotaka Hachiya, Daiki Nisawa",Main,https://openaccess.thecvf.com/content/ACCV2024/html/Hachiya_Randomized_Channel-pass_Mask_for_Channel-wise_Explanation_of_Black-box_Models_ACCV_2024_paper.html,https://openaccess.thecvf.com/content/ACCV2024/papers/Hachiya_Randomized_Channel-pass_Mask_for_Channel-wise_Explanation_of_Black-box_Models_ACCV_2024_paper.pdf,
246,Method,DPL: Cross-quality DeepFake Detection via Dual Progressive Learning,"Dongliang Zhang, Yunfei Li, Jiaran Zhou, Yuezun Li",Main,https://openaccess.thecvf.com/content/ACCV2024/html/Zhang_DPL_Cross-quality_DeepFake_Detection_via_Dual_Progressive_Learning_ACCV_2024_paper.html,https://openaccess.thecvf.com/content/ACCV2024/papers/Zhang_DPL_Cross-quality_DeepFake_Detection_via_Dual_Progressive_Learning_ACCV_2024_paper.pdf,http://arxiv.org/abs/2410.07633
247,Method,Diffusion Model Compression for Image-to-Image Translation,"Geonung Kim, Beomsu Kim, Eunhyeok Park, Sunghyun Cho",Main,https://openaccess.thecvf.com/content/ACCV2024/html/Kim_Diffusion_Model_Compression_for_Image-to-Image_Translation_ACCV_2024_paper.html,https://openaccess.thecvf.com/content/ACCV2024/papers/Kim_Diffusion_Model_Compression_for_Image-to-Image_Translation_ACCV_2024_paper.pdf,http://arxiv.org/abs/2401.17547
248,Method,Contrastive Max-correlation for Multi-view Clustering,"Yanghao Deng, Zenghui Wang, Songlin Du",Main,https://openaccess.thecvf.com/content/ACCV2024/html/Deng_Contrastive_Max-correlation_for_Multi-view_Clustering_ACCV_2024_paper.html,https://openaccess.thecvf.com/content/ACCV2024/papers/Deng_Contrastive_Max-correlation_for_Multi-view_Clustering_ACCV_2024_paper.pdf,
249,Method,Robust Visual Reinforcement Learning by Prompt Tuning,"Tung Tran, Khoat Than, Danilo Vargas",Main,https://openaccess.thecvf.com/content/ACCV2024/html/Tran_Robust_Visual_Reinforcement_Learning_by_Prompt_Tuning_ACCV_2024_paper.html,https://openaccess.thecvf.com/content/ACCV2024/papers/Tran_Robust_Visual_Reinforcement_Learning_by_Prompt_Tuning_ACCV_2024_paper.pdf,
250,Method,Fine-tuning Large Language Models for Automatic Font Skeleton Generation: Exploration and Analysis,"Yuxuan Liu, Yasuhisa Fujii, Xinru Zhu, Kayoko Nohara",Main,https://openaccess.thecvf.com/content/ACCV2024/html/Liu_Fine-tuning_Large_Language_Models_for_Automatic_Font_Skeleton_Generation_Exploration_ACCV_2024_paper.html,https://openaccess.thecvf.com/content/ACCV2024/papers/Liu_Fine-tuning_Large_Language_Models_for_Automatic_Font_Skeleton_Generation_Exploration_ACCV_2024_paper.pdf,
251,Method,Pluggable Style Representation Learning for Multi-Style Transfer,"Hongda Liu, Longguang Wang, Weijun Guan, Ye Zhang, Yulan Guo",Main,https://openaccess.thecvf.com/content/ACCV2024/html/Liu_Pluggable_Style_Representation_Learning_for_Multi-Style_Transfer_ACCV_2024_paper.html,https://openaccess.thecvf.com/content/ACCV2024/papers/Liu_Pluggable_Style_Representation_Learning_for_Multi-Style_Transfer_ACCV_2024_paper.pdf,
252,Method,CNN Mixture-of-Depths,"Rinor Cakaj, Jens Mehnert, Bin Yang",Main,https://openaccess.thecvf.com/content/ACCV2024/html/Cakaj_CNN_Mixture-of-Depths_ACCV_2024_paper.html,https://openaccess.thecvf.com/content/ACCV2024/papers/Cakaj_CNN_Mixture-of-Depths_ACCV_2024_paper.pdf,http://arxiv.org/abs/2409.17016
253,Method,Optimized Breast Lesion Segmentation in Ultrasound Videos Across Varied Resource-Scant Environments,"Yunhao Li, Zibin Chen, Junming Yan, Ziyu Ding, Jie Li, Teng Huang, Xiaoqing Pei, Zheng Zhang, Qiong Wang, Yan Pang",Main,https://openaccess.thecvf.com/content/ACCV2024/html/Li_Optimized_Breast_Lesion_Segmentation_in_Ultrasound_Videos_Across_Varied_Resource-Scant_ACCV_2024_paper.html,https://openaccess.thecvf.com/content/ACCV2024/papers/Li_Optimized_Breast_Lesion_Segmentation_in_Ultrasound_Videos_Across_Varied_Resource-Scant_ACCV_2024_paper.pdf,
254,Method,Wavelet-based Mamba with Fourier Adjustment for Low-light Image Enhancement,"Junhao Tan, Songwen Pei, Wei Qin, Bo Fu, Ximing Li, Libo Huang",Main,https://openaccess.thecvf.com/content/ACCV2024/html/Tan_Wavelet-based_Mamba_with_Fourier_Adjustment_for_Low-light_Image_Enhancement_ACCV_2024_paper.html,https://openaccess.thecvf.com/content/ACCV2024/papers/Tan_Wavelet-based_Mamba_with_Fourier_Adjustment_for_Low-light_Image_Enhancement_ACCV_2024_paper.pdf,http://arxiv.org/abs/2410.20314
255,Method,Spectral Modality-Aware Interactive Fusion Network for HSI Super-Resolution,"Meng Xu, Jiayou Mao, Ziqian Mo, Xiyou Fu, Sen Jia",Main,https://openaccess.thecvf.com/content/ACCV2024/html/Xu_Spectral_Modality-Aware_Interactive_Fusion_Network_for_HSI_Super-Resolution_ACCV_2024_paper.html,https://openaccess.thecvf.com/content/ACCV2024/papers/Xu_Spectral_Modality-Aware_Interactive_Fusion_Network_for_HSI_Super-Resolution_ACCV_2024_paper.pdf,
256,Method,MonoDSSMs: Efficient Monocular 3D Object Detection with Depth-Aware State Space Models,"Kiet Dang Vu, Trung Thai Tran, Duc Dung Nguyen",Main,https://openaccess.thecvf.com/content/ACCV2024/html/Vu_MonoDSSMs_Efficient_Monocular_3D_Object_Detection_with_Depth-Aware_State_Space_ACCV_2024_paper.html,https://openaccess.thecvf.com/content/ACCV2024/papers/Vu_MonoDSSMs_Efficient_Monocular_3D_Object_Detection_with_Depth-Aware_State_Space_ACCV_2024_paper.pdf,
257,Method,BootsTAP: Bootstrapped Training for Tracking-Any-Point,"Carl Doersch, Pauline Luc, Yi Yang, Dilara Gokay, Skanda Koppula, Ankush Gupta, Joseph Heyward, Ignacio Rocco, Ross Goroshin, João Carreira, Andrew Zisserman",Main,https://openaccess.thecvf.com/content/ACCV2024/html/Doersch_BootsTAP_Bootstrapped_Training_for_Tracking-Any-Point_ACCV_2024_paper.html,https://openaccess.thecvf.com/content/ACCV2024/papers/Doersch_BootsTAP_Bootstrapped_Training_for_Tracking-Any-Point_ACCV_2024_paper.pdf,http://arxiv.org/abs/2402.00847
258,Method,Match me if you can: Semi-Supervised Semantic Correspondence Learning with Unpaired Images,"Jiwon Kim, Byeongho Heo, Sangdoo Yun, Seungryong Kim, Dongyoon Han",Main,https://openaccess.thecvf.com/content/ACCV2024/html/Kim_Match_me_if_you_can_Semi-Supervised_Semantic_Correspondence_Learning_with_ACCV_2024_paper.html,https://openaccess.thecvf.com/content/ACCV2024/papers/Kim_Match_me_if_you_can_Semi-Supervised_Semantic_Correspondence_Learning_with_ACCV_2024_paper.pdf,http://arxiv.org/abs/2311.18540
259,Method,HMGS: Hybrid Model of Gaussian Splatting for Enhancing 3D Reconstruction with Reflections,"Hengbin Zhang, Chengliang Wang, Ji Liu, Tian Jiang, Yonggang Luo, Lecheng Xie",Main,https://openaccess.thecvf.com/content/ACCV2024/html/Zhang_HMGS_Hybrid_Model_of_Gaussian_Splatting_for_Enhancing_3D_Reconstruction_ACCV_2024_paper.html,https://openaccess.thecvf.com/content/ACCV2024/papers/Zhang_HMGS_Hybrid_Model_of_Gaussian_Splatting_for_Enhancing_3D_Reconstruction_ACCV_2024_paper.pdf,
260,Method,Do they Share the Same Tail? Learning Individual Compositional Attribute Prototype for Generalized Zero-Shot Learning,"Yuyan Shi, Chenyi Jiang, Run Shi, Haofeng Zhang",Main,https://openaccess.thecvf.com/content/ACCV2024/html/Shi_Do_they_Share_the_Same_Tail_Learning_Individual_Compositional_Attribute_ACCV_2024_paper.html,https://openaccess.thecvf.com/content/ACCV2024/papers/Shi_Do_they_Share_the_Same_Tail_Learning_Individual_Compositional_Attribute_ACCV_2024_paper.pdf,
261,Method,Multiview Detection with Cardboard Human Modeling,"Jiahao Ma, Zicheng Duan, Liang Zheng, Chuong Nguyen",Main,https://openaccess.thecvf.com/content/ACCV2024/html/Ma_Multiview_Detection_with_Cardboard_Human_Modeling_ACCV_2024_paper.html,https://openaccess.thecvf.com/content/ACCV2024/papers/Ma_Multiview_Detection_with_Cardboard_Human_Modeling_ACCV_2024_paper.pdf,http://arxiv.org/abs/2207.02013
262,Method,Class-Aware Contrastive Learning for Fine-Grained Skeleton-Based Action Recognition,"Xinyu Bian, Dongliang Chang, Yuqi Yang, Zhongjiang He, Kongming Liang, Zhanyu Ma",Main,https://openaccess.thecvf.com/content/ACCV2024/html/Bian_Class-Aware_Contrastive_Learning_for_Fine-Grained_Skeleton-Based_Action_Recognition_ACCV_2024_paper.html,https://openaccess.thecvf.com/content/ACCV2024/papers/Bian_Class-Aware_Contrastive_Learning_for_Fine-Grained_Skeleton-Based_Action_Recognition_ACCV_2024_paper.pdf,
263,Method,HAHA: Highly Articulated Gaussian Human Avatars with Textured Mesh Prior,"David Svitov, Pietro Morerio, Lourdes Agapito, Alessio Del Bue",Main,https://openaccess.thecvf.com/content/ACCV2024/html/Svitov_HAHA_Highly_Articulated_Gaussian_Human_Avatars_with_Textured_Mesh_Prior_ACCV_2024_paper.html,https://openaccess.thecvf.com/content/ACCV2024/papers/Svitov_HAHA_Highly_Articulated_Gaussian_Human_Avatars_with_Textured_Mesh_Prior_ACCV_2024_paper.pdf,http://arxiv.org/abs/2404.01053
264,Method,Moving Object Segmentation: All You Need Is SAM (and Flow),"Junyu Xie, Charig Yang, Weidi Xie, Andrew Zisserman",Main,https://openaccess.thecvf.com/content/ACCV2024/html/Xie_Moving_Object_Segmentation_All_You_Need_Is_SAM_and_Flow_ACCV_2024_paper.html,https://openaccess.thecvf.com/content/ACCV2024/papers/Xie_Moving_Object_Segmentation_All_You_Need_Is_SAM_and_Flow_ACCV_2024_paper.pdf,http://arxiv.org/abs/2404.12389
265,Method,EQ-CBM: A Probabilistic Concept Bottleneck with Energy-based Models and Quantized Vectors,"Sangwon Kim, Dasom Ahn, Byoung Chul Ko, In-su Jang, Kwang-Ju Kim",Main,https://openaccess.thecvf.com/content/ACCV2024/html/Kim_EQ-CBM_A_Probabilistic_Concept_Bottleneck_with_Energy-based_Models_and_Quantized_ACCV_2024_paper.html,https://openaccess.thecvf.com/content/ACCV2024/papers/Kim_EQ-CBM_A_Probabilistic_Concept_Bottleneck_with_Energy-based_Models_and_Quantized_ACCV_2024_paper.pdf,
266,Method,SpikeGS: Learning 3D Gaussian Fields from Continuous Spike Stream,"Jinze Yu, Xin Peng, Zhengda Lu, Laurent Kneip, Yiqun Wang",Main,https://openaccess.thecvf.com/content/ACCV2024/html/Yu_SpikeGS_Learning_3D_Gaussian_Fields_from_Continuous_Spike_Stream_ACCV_2024_paper.html,https://openaccess.thecvf.com/content/ACCV2024/papers/Yu_SpikeGS_Learning_3D_Gaussian_Fields_from_Continuous_Spike_Stream_ACCV_2024_paper.pdf,http://arxiv.org/abs/2409.15176
267,Method,M-RAT: a Multi-grained Retrieval Augmentation Transformer for Image Captioning,"Jiayan Song, Renjie Pan, Jun Zhou, Hua Yang",Main,https://openaccess.thecvf.com/content/ACCV2024/html/Song_M-RAT_a_Multi-grained_Retrieval_Augmentation_Transformer_for_Image_Captioning_ACCV_2024_paper.html,https://openaccess.thecvf.com/content/ACCV2024/papers/Song_M-RAT_a_Multi-grained_Retrieval_Augmentation_Transformer_for_Image_Captioning_ACCV_2024_paper.pdf,
268,Method,ULTRON: Unifying Local Transformer and Convolution for Large-scale Image Retrieval,"Minseong Kweon, Jinsun Park",Main,https://openaccess.thecvf.com/content/ACCV2024/html/Kweon_ULTRON_Unifying_Local_Transformer_and_Convolution_for_Large-scale_Image_Retrieval_ACCV_2024_paper.html,https://openaccess.thecvf.com/content/ACCV2024/papers/Kweon_ULTRON_Unifying_Local_Transformer_and_Convolution_for_Large-scale_Image_Retrieval_ACCV_2024_paper.pdf,
269,Method,Learning Non-Uniform Step Sizes for Neural Network Quantization,"Shinya Gongyo, Jinrong Liang, Mitsuru Ambai, Rei Kawakami, Ikuro Sato",Main,https://openaccess.thecvf.com/content/ACCV2024/html/Gongyo_Learning_Non-Uniform_Step_Sizes_for_Neural_Network_Quantization_ACCV_2024_paper.html,https://openaccess.thecvf.com/content/ACCV2024/papers/Gongyo_Learning_Non-Uniform_Step_Sizes_for_Neural_Network_Quantization_ACCV_2024_paper.pdf,
