No,Type,Title,Authors,Track,Paper_Link,PDF_Link,arXiv_Link
1,Dataset,Valeo Near-Field: a novel dataset for pedestrian intent detection,"Antonyo Musabini, Jagdish Bhanushali, Rachid Benmokhtar, Victor Galizzi, Bertrand Luvison, Xavier Perrotton",ABAW,https://openaccess.thecvf.com/content/ICCV2025W/ABAW/html/Musabini_Valeo_Near-Field_a_novel_dataset_for_pedestrian_intent_detection_ICCVW_2025_paper.html,https://openaccess.thecvf.com/content/ICCV2025W/ABAW/papers/Musabini_Valeo_Near-Field_a_novel_dataset_for_pedestrian_intent_detection_ICCVW_2025_paper.pdf,https://arxiv.org/abs/2510.15673
2,Dataset,A Multimodal Dataset of Viewer Responses to Japanese Manzai Comedy,"Kazuki Kawamura, Nakai Kengo, Jun Rekimoto",ABAW,https://openaccess.thecvf.com/content/ICCV2025W/ABAW/html/Kawamura_A_Multimodal_Dataset_of_Viewer_Responses_to_Japanese_Manzai_Comedy_ICCVW_2025_paper.html,https://openaccess.thecvf.com/content/ICCV2025W/ABAW/papers/Kawamura_A_Multimodal_Dataset_of_Viewer_Responses_to_Japanese_Manzai_Comedy_ICCVW_2025_paper.pdf,https://arxiv.org/abs/2510.18014
3,Dataset,DEAP DIVE: Dataset Investigation with Vision transformers for EEG evaluation,"Annemarie Hoffsommer, Helen Schneider, Svetlana Pavlitska, Marius Zöllner",ABAW,https://openaccess.thecvf.com/content/ICCV2025W/ABAW/html/Hoffsommer_DEAP_DIVE_Dataset_Investigation_with_Vision_transformers_for_EEG_evaluation_ICCVW_2025_paper.html,https://openaccess.thecvf.com/content/ICCV2025W/ABAW/papers/Hoffsommer_DEAP_DIVE_Dataset_Investigation_with_Vision_transformers_for_EEG_evaluation_ICCVW_2025_paper.pdf,https://arxiv.org/abs/2510.00725
4,Dataset,Benchmarking Feature Upsampling Methods for Vision Foundation Models using Interactive Segmentation,"Volodymyr Havrylov, Haiwen Huang, Dan Zhang, Andreas Geiger",ILR+G,https://openaccess.thecvf.com/content/ICCV2025W/ILR%2BG/html/Havrylov_Benchmarking_Feature_Upsampling_Methods_for_Vision_Foundation_Models_using_Interactive_ICCVW_2025_paper.html,https://openaccess.thecvf.com/content/ICCV2025W/ILR+G/papers/Havrylov_Benchmarking_Feature_Upsampling_Methods_for_Vision_Foundation_Models_using_Interactive_ICCVW_2025_paper.pdf,https://arxiv.org/abs/2505.02075
5,Dataset,ImageNet-BG: A Toolkit and Dataset for Evaluating Vision Model Robustness Against Background Variations,"Łukasz Piekarek, Kamil Szyc",STREAM,https://openaccess.thecvf.com/content/ICCV2025W/STREAM/html/Piekarek_ImageNet-BG_A_Toolkit_and_Dataset_for_Evaluating_Vision_Model_Robustness_ICCVW_2025_paper.html,https://openaccess.thecvf.com/content/ICCV2025W/STREAM/papers/Piekarek_ImageNet-BG_A_Toolkit_and_Dataset_for_Evaluating_Vision_Model_Robustness_ICCVW_2025_paper.pdf,
6,Dataset,VQArt-Bench: A semantically rich VQA Benchmark for Art and Cultural Heritage,"Andrea Alfarano, Lorenzo Venturoli, Dario Negueruela Del Castillo",AI4VA,https://openaccess.thecvf.com/content/ICCV2025W/AI4VA/html/Alfarano_VQArt-Bench_A_semantically_rich_VQA_Benchmark_for_Art_and_Cultural_ICCVW_2025_paper.html,https://openaccess.thecvf.com/content/ICCV2025W/AI4VA/papers/Alfarano_VQArt-Bench_A_semantically_rich_VQA_Benchmark_for_Art_and_Cultural_ICCVW_2025_paper.pdf,https://arxiv.org/abs/2510.12750
7,Dataset,"Synthetic Hands Meet Legacy Data: A Synthetic Dataset for Structured, Controllable, and Multimodal Evaluation","Menghe Zhang, Haley M. So, Mohammad Asadi, Dongfang Zhao, Yangwen Liang, Shuangquan Wang, Gordon Wetzstein, Kee-Bong Song, Donghoon Kim",DataCV,https://openaccess.thecvf.com/content/ICCV2025W/DataCV/html/Zhang_Synthetic_Hands_Meet_Legacy_Data_A_Synthetic_Dataset_for_Structured_ICCVW_2025_paper.html,https://openaccess.thecvf.com/content/ICCV2025W/DataCV/papers/Zhang_Synthetic_Hands_Meet_Legacy_Data_A_Synthetic_Dataset_for_Structured_ICCVW_2025_paper.pdf,
8,Dataset,"Express4D: Expressive, Friendly, and Extensible 4D Facial Motion Generation Benchmark","Yaron Aloni, Rotem Shalev-Arkushin, Yonatan Shafir, Guy Tevet, Ohad Fried, Amit Haim Bermano",DataCV,https://openaccess.thecvf.com/content/ICCV2025W/DataCV/html/Aloni_Express4D_Expressive_Friendly_and_Extensible_4D_Facial_Motion_Generation_Benchmark_ICCVW_2025_paper.html,https://openaccess.thecvf.com/content/ICCV2025W/DataCV/papers/Aloni_Express4D_Expressive_Friendly_and_Extensible_4D_Facial_Motion_Generation_Benchmark_ICCVW_2025_paper.pdf,
9,Dataset,Mapillary Vistas Validation for Fine-Grained Traffic Signs: A Benchmark Revealing Vision-Language Model Limitations,"Sparsh Garg, Abhishek Aich",DataCV,https://openaccess.thecvf.com/content/ICCV2025W/DataCV/html/Garg_Mapillary_Vistas_Validation_for_Fine-Grained_Traffic_Signs_A_Benchmark_Revealing_ICCVW_2025_paper.html,https://openaccess.thecvf.com/content/ICCV2025W/DataCV/papers/Garg_Mapillary_Vistas_Validation_for_Fine-Grained_Traffic_Signs_A_Benchmark_Revealing_ICCVW_2025_paper.pdf,https://arxiv.org/abs/2508.02047
10,Dataset,Hybrid Generative Fusion for Efficient and Privacy-Preserving Face Recognition Dataset Generation,"Feiran Li, Qianqian Xu, Shilong Bao, Boyu Han, Zhiyong Yang, Qingming Huang",DataCV,https://openaccess.thecvf.com/content/ICCV2025W/DataCV/html/Li_Hybrid_Generative_Fusion_for_Efficient_and_Privacy-Preserving_Face_Recognition_Dataset_ICCVW_2025_paper.html,https://openaccess.thecvf.com/content/ICCV2025W/DataCV/papers/Li_Hybrid_Generative_Fusion_for_Efficient_and_Privacy-Preserving_Face_Recognition_Dataset_ICCVW_2025_paper.pdf,https://arxiv.org/abs/2508.10672
11,Dataset,Enhancing Domain Diversity in Synthetic Data Face Recognition with Dataset Fusion,"Anjith George, Sébastien Marcel",DataCV,https://openaccess.thecvf.com/content/ICCV2025W/DataCV/html/George_Enhancing_Domain_Diversity_in_Synthetic_Data_Face_Recognition_with_Dataset_ICCVW_2025_paper.html,https://openaccess.thecvf.com/content/ICCV2025W/DataCV/papers/George_Enhancing_Domain_Diversity_in_Synthetic_Data_Face_Recognition_with_Dataset_ICCVW_2025_paper.pdf,https://arxiv.org/abs/2507.16790
12,Dataset,On the Generalization of Optical Flow: Quantifying Robustness to Dataset Shifts,"Katrin Bauer, Andres Bruhn, Jenny Schmalfuss",DataCV,https://openaccess.thecvf.com/content/ICCV2025W/DataCV/html/Bauer_On_the_Generalization_of_Optical_Flow_Quantifying_Robustness_to_Dataset_ICCVW_2025_paper.html,https://openaccess.thecvf.com/content/ICCV2025W/DataCV/papers/Bauer_On_the_Generalization_of_Optical_Flow_Quantifying_Robustness_to_Dataset_ICCVW_2025_paper.pdf,
13,Dataset,A High-Throughput Platform to Bench Test Smartphone-Based Heart Rate Measurements Derived From Video,"Ming-Zher Poh, Jonathan Wang, Jonathan Hsu, Lawrence Cai, Eric Teasley, James Taylor, Jameson Rogers, Anupam Pathak, Shwetak Patel",CVPM,https://openaccess.thecvf.com/content/ICCV2025W/CVPM/html/Poh_A_High-Throughput_Platform_to_Bench_Test_Smartphone-Based_Heart_Rate_Measurements_ICCVW_2025_paper.html,https://openaccess.thecvf.com/content/ICCV2025W/CVPM/papers/Poh_A_High-Throughput_Platform_to_Bench_Test_Smartphone-Based_Heart_Rate_Measurements_ICCVW_2025_paper.pdf,https://arxiv.org/abs/2506.23414
14,Dataset,VitalVideos-Worldwide: A large and diverse rPPG dataset with rich ground truths,Pieter-Jan Toye,CVPM,https://openaccess.thecvf.com/content/ICCV2025W/CVPM/html/Toye_VitalVideos-Worldwide_A_large_and_diverse_rPPG_dataset_with_rich_ground_ICCVW_2025_paper.html,https://openaccess.thecvf.com/content/ICCV2025W/CVPM/papers/Toye_VitalVideos-Worldwide_A_large_and_diverse_rPPG_dataset_with_rich_ground_ICCVW_2025_paper.pdf,
15,Dataset,Understanding Dataset Bias in Medical Imaging: A Case Study on Chest X-rays,"Ethan Dack, Chengliang Dai",BISCUIT,https://openaccess.thecvf.com/content/ICCV2025W/BISCUIT/html/Dack_Understanding_Dataset_Bias_in_Medical_Imaging_A_Case_Study_on_ICCVW_2025_paper.html,https://openaccess.thecvf.com/content/ICCV2025W/BISCUIT/papers/Dack_Understanding_Dataset_Bias_in_Medical_Imaging_A_Case_Study_on_ICCVW_2025_paper.pdf,https://arxiv.org/abs/2507.07722
16,Dataset,HierVision: Standardized and Reproducible Hierarchical Sources for Vision Datasets,"Tejaswi Kasarla, Ruthu Hulikal Rooparaghunath, Stefano D'arrigo, Gowreesh Mago, Abhishek Jha, Melika Ayoughi, Swasti Shreya Mishra, Ana Manzano Rodríguez, Teng Long, Mina Ghadimi Atigh, Max Van Spengler, Pascal Mettes",BEW,https://openaccess.thecvf.com/content/ICCV2025W/BEW/html/Kasarla_HierVision_Standardized_and_Reproducible_Hierarchical_Sources_for_Vision_Datasets_ICCVW_2025_paper.html,https://openaccess.thecvf.com/content/ICCV2025W/BEW/papers/Kasarla_HierVision_Standardized_and_Reproducible_Hierarchical_Sources_for_Vision_Datasets_ICCVW_2025_paper.pdf,
17,Dataset,VRU-Accident: A Vision-Language Benchmark for Video Question Answering and Dense Captioning for Accident Scene Understanding,"Younggun Kim, Ahmed S. Abdelrahman, Mohamed Abdel-Aty",2COOOL,https://openaccess.thecvf.com/content/ICCV2025W/2COOOL/html/Kim_VRU-Accident_A_Vision-Language_Benchmark_for_Video_Question_Answering_and_Dense_ICCVW_2025_paper.html,https://openaccess.thecvf.com/content/ICCV2025W/2COOOL/papers/Kim_VRU-Accident_A_Vision-Language_Benchmark_for_Video_Question_Answering_and_Dense_ICCVW_2025_paper.pdf,
18,Dataset,FlareGS: 4D Flare Removal using Gaussian Splatting for Urban Scenes,"Mayank Chandak, Sai Sri Teja Kuppa, Rahul, Gopi Raju Matta, Vinayak Gupta, Kaushik Mitra",2COOOL,https://openaccess.thecvf.com/content/ICCV2025W/2COOOL/html/Chandak_FlareGS_4D_Flare_Removal_using_Gaussian_Splatting_for_Urban_Scenes_ICCVW_2025_paper.html,https://openaccess.thecvf.com/content/ICCV2025W/2COOOL/papers/Chandak_FlareGS_4D_Flare_Removal_using_Gaussian_Splatting_for_Urban_Scenes_ICCVW_2025_paper.pdf,
19,Dataset,DRAMA-X: A Fine-grained Intent Prediction and Risk Reasoning Benchmark For Driving,"Mihir Godbole, Xiangbo Gao, Zhengzhong Tu",2COOOL,https://openaccess.thecvf.com/content/ICCV2025W/2COOOL/html/Godbole_DRAMA-X_A_Fine-grained_Intent_Prediction_and_Risk_Reasoning_Benchmark_For_ICCVW_2025_paper.html,https://openaccess.thecvf.com/content/ICCV2025W/2COOOL/papers/Godbole_DRAMA-X_A_Fine-grained_Intent_Prediction_and_Risk_Reasoning_Benchmark_For_ICCVW_2025_paper.pdf,https://arxiv.org/abs/2506.17590
20,Dataset,Towards Vision Zero: The TUM Traffic Accid3nD Dataset,"Walter Zimmer, Ross Greer, Xingcheng Zhou, Rui Song, Hu Cao, Daniel Lehmberg, Marc Pavel, Ahmed Alaaeldin Ghita, Akshay Gopalkrishnan, Holger Caesar, Mohan Trivedi, Alois Knoll",2COOOL,https://openaccess.thecvf.com/content/ICCV2025W/2COOOL/html/Zimmer_Towards_Vision_Zero_The_TUM_Traffic_Accid3nD_Dataset_ICCVW_2025_paper.html,https://openaccess.thecvf.com/content/ICCV2025W/2COOOL/papers/Zimmer_Towards_Vision_Zero_The_TUM_Traffic_Accid3nD_Dataset_ICCVW_2025_paper.pdf,https://arxiv.org/abs/2503.12095
21,Dataset,MedBLINK: Probing Visual Perception in Multimodal Language Models for Medicine,"Mahtab Bigverdi, Wisdom Ikezogwo, Kevin Zhang, Hyewon Jeong, Mingyu Lu, Sungjae Cho, Linda Shapiro, Ranjay Krishna",CVAMD,https://openaccess.thecvf.com/content/ICCV2025W/CVAMD/html/Bigverdi_MedBLINK_Probing_Visual_Perception_in_Multimodal_Language_Models_for_Medicine_ICCVW_2025_paper.html,https://openaccess.thecvf.com/content/ICCV2025W/CVAMD/papers/Bigverdi_MedBLINK_Probing_Visual_Perception_in_Multimodal_Language_Models_for_Medicine_ICCVW_2025_paper.pdf,
22,Dataset,GADA: Graph Attention-based Detection Aggregation for Ultrasound Video Classification,"Li Chen, Naveen Balaraju, Jochen Kruecker, Balasundar I. Raju, Alvin Chen",CVAMD,https://openaccess.thecvf.com/content/ICCV2025W/CVAMD/html/Chen_GADA_Graph_Attention-based_Detection_Aggregation_for_Ultrasound_Video_Classification_ICCVW_2025_paper.html,https://openaccess.thecvf.com/content/ICCV2025W/CVAMD/papers/Chen_GADA_Graph_Attention-based_Detection_Aggregation_for_Ultrasound_Video_Classification_ICCVW_2025_paper.pdf,https://arxiv.org/abs/2510.11437
23,Dataset,Increasing the Classification Rates of the Trained Models using Invariant Dataset Augmentation,Piotr Milczarski,CVAMD,https://openaccess.thecvf.com/content/ICCV2025W/CVAMD/html/Milczarski_Increasing_the_Classification_Rates_of_the_Trained_Models_using_Invariant_ICCVW_2025_paper.html,https://openaccess.thecvf.com/content/ICCV2025W/CVAMD/papers/Milczarski_Increasing_the_Classification_Rates_of_the_Trained_Models_using_Invariant_ICCVW_2025_paper.pdf,
24,Dataset,A Large-Scale Benchmark of Cross-Modal Learning for Histology and Gene Expression in Spatial Transcriptomics,"Rushin H Gindra, Giovanni Palla, Mathias Nguyen, Sophia J. Wagner, Manuel Tran, Fabian J Theis, Dieter Saur, Lorin Crawford, Tingying Peng",CVAMD,https://openaccess.thecvf.com/content/ICCV2025W/CVAMD/html/Gindra_A_Large-Scale_Benchmark_of_Cross-Modal_Learning_for_Histology_and_Gene_ICCVW_2025_paper.html,https://openaccess.thecvf.com/content/ICCV2025W/CVAMD/papers/Gindra_A_Large-Scale_Benchmark_of_Cross-Modal_Learning_for_Histology_and_Gene_ICCVW_2025_paper.pdf,https://arxiv.org/abs/2508.01490
25,Dataset,Autoregressive-Conditioned Diffusion for Semi-Supervised Thyroid Ultrasound Segmentation with Optical Flow-Based Pseudo Labels,"Xiaorui Liu, Yijun Yang, Yingjing Xu, Lei Zhu",CVAMD,https://openaccess.thecvf.com/content/ICCV2025W/CVAMD/html/Liu_Autoregressive-Conditioned_Diffusion_for_Semi-Supervised_Thyroid_Ultrasound_Segmentation_with_Optical_Flow-Based_ICCVW_2025_paper.html,https://openaccess.thecvf.com/content/ICCV2025W/CVAMD/papers/Liu_Autoregressive-Conditioned_Diffusion_for_Semi-Supervised_Thyroid_Ultrasound_Segmentation_with_Optical_Flow-Based_ICCVW_2025_paper.pdf,
26,Dataset,SurGen-Net: A Generative Approach for Surgical VQA with Structured Text Generation,"Yongjun Jeon, Seonmin Park, Jongmin Shin, Kanggil Park, Bogeun Kim, Namkee Oh, Kyu-Hwan Jung",CVAMD,https://openaccess.thecvf.com/content/ICCV2025W/CVAMD/html/Jeon_SurGen-Net_A_Generative_Approach_for_Surgical_VQA_with_Structured_Text_ICCVW_2025_paper.html,https://openaccess.thecvf.com/content/ICCV2025W/CVAMD/papers/Jeon_SurGen-Net_A_Generative_Approach_for_Surgical_VQA_with_Structured_Text_ICCVW_2025_paper.pdf,
27,Dataset,Automated Assessment of Aesthetic Outcomes in Facial Plastic Surgery,"Pegah Varghaei, Kiran Abraham-Aggarwal, Manoj T. Abraham, Arun Ross",CVAMD,https://openaccess.thecvf.com/content/ICCV2025W/CVAMD/html/Varghaei_Automated_Assessment_of_Aesthetic_Outcomes_in_Facial_Plastic_Surgery_ICCVW_2025_paper.html,https://openaccess.thecvf.com/content/ICCV2025W/CVAMD/papers/Varghaei_Automated_Assessment_of_Aesthetic_Outcomes_in_Facial_Plastic_Surgery_ICCVW_2025_paper.pdf,
28,Dataset,PMC-Vid: A Large-Scale Biomedical Video Captioning Dataset,"Yosuke Yamagishi, Kuniaki Saito, Atsushi Hashimoto, Yoshitaka Ushiku",CVAMD,https://openaccess.thecvf.com/content/ICCV2025W/CVAMD/html/Yamagishi_PMC-Vid_A_Large-Scale_Biomedical_Video_Captioning_Dataset_ICCVW_2025_paper.html,https://openaccess.thecvf.com/content/ICCV2025W/CVAMD/papers/Yamagishi_PMC-Vid_A_Large-Scale_Biomedical_Video_Captioning_Dataset_ICCVW_2025_paper.pdf,
29,Dataset,Unsupervised Abnormality Segmentation in Chest CT with Anatomy-Guided Latent Diffusion Model and Adaptive Thresholding,"Xueqi Guo, Yoshihisa Shinagawa, Sepehr Farhand, Halid Yerebakan, Kritika Iyer, Matthias Wolf, Gerardo Hermosillo Valadez",CVAMD,https://openaccess.thecvf.com/content/ICCV2025W/CVAMD/html/Guo_Unsupervised_Abnormality_Segmentation_in_Chest_CT_with_Anatomy-Guided_Latent_Diffusion_ICCVW_2025_paper.html,https://openaccess.thecvf.com/content/ICCV2025W/CVAMD/papers/Guo_Unsupervised_Abnormality_Segmentation_in_Chest_CT_with_Anatomy-Guided_Latent_Diffusion_ICCVW_2025_paper.pdf,
30,Dataset,CARDIUM: Congenital Anomaly Recognition with Diagnostic Images and Unified Medical records,"Daniela Vega, Hannah V. Ceballos, Javier S. Vera, Santiago Rodriguez, Alejandra Perez, Angela Castillo, Maria Escobar, Dario Londoño, Luis A. Sarmiento, Camila I. Castro, Nadiezhda Rodriguez, Juan C. Briceño, Pablo Arbelaez",CVAMD,https://openaccess.thecvf.com/content/ICCV2025W/CVAMD/html/Vega_CARDIUM_Congenital_Anomaly_Recognition_with_Diagnostic_Images_and_Unified_Medical_ICCVW_2025_paper.html,https://openaccess.thecvf.com/content/ICCV2025W/CVAMD/papers/Vega_CARDIUM_Congenital_Anomaly_Recognition_with_Diagnostic_Images_and_Unified_Medical_ICCVW_2025_paper.pdf,https://arxiv.org/abs/2510.15208
31,Dataset,Deep Learning-based Rail Surface Condition Evaluation,"Shilin Hu, Ke Ma, Sagnik Das, Dichang Zhang, Dimitris Samaras",VISION'25,https://openaccess.thecvf.com/content/ICCV2025W/VISION%2725/html/Hu_Deep_Learning-based_Rail_Surface_Condition_Evaluation_ICCVW_2025_paper.html,https://openaccess.thecvf.com/content/ICCV2025W/VISION'25/papers/Hu_Deep_Learning-based_Rail_Surface_Condition_Evaluation_ICCVW_2025_paper.pdf,
32,Dataset,WS2: Weakly Supervised Segmentation using Before-After Supervision in Waste Sorting,"Andrea Marelli, Alberto Foresti, Leonardo Pesce, Giacomo Boracchi, Mario Grosso",VISION'25,https://openaccess.thecvf.com/content/ICCV2025W/VISION%2725/html/Marelli_WS2_Weakly_Supervised_Segmentation_using_Before-After_Supervision_in_Waste_Sorting_ICCVW_2025_paper.html,https://openaccess.thecvf.com/content/ICCV2025W/VISION'25/papers/Marelli_WS2_Weakly_Supervised_Segmentation_using_Before-After_Supervision_in_Waste_Sorting_ICCVW_2025_paper.pdf,
33,Dataset,Towards Automated Assembly Quality Inspection with Synthetic Data and Domain Randomization,"Xiaomeng Zhu, Jacob Henningsson, Duruo Li, Pär Mårtensson, Lars Hanson, Mårten Björkman, Atsuto Maki",VISION'25,https://openaccess.thecvf.com/content/ICCV2025W/VISION%2725/html/Zhu_Towards_Automated_Assembly_Quality_Inspection_with_Synthetic_Data_and_Domain_ICCVW_2025_paper.html,https://openaccess.thecvf.com/content/ICCV2025W/VISION'25/papers/Zhu_Towards_Automated_Assembly_Quality_Inspection_with_Synthetic_Data_and_Domain_ICCVW_2025_paper.pdf,
34,Dataset,PCB-SAID: A Low-Cost Camera-Based Dataset for Few-Shot SMD Assembly Inspection,"Raffaele Mineo, Amelia Sorrenti, Robin Faro, Gabriele Mineo, Francesco Cancelliere, Alberto Faro",VISION'25,https://openaccess.thecvf.com/content/ICCV2025W/VISION%2725/html/Mineo_PCB-SAID_A_Low-Cost_Camera-Based_Dataset_for_Few-Shot_SMD_Assembly_Inspection_ICCVW_2025_paper.html,https://openaccess.thecvf.com/content/ICCV2025W/VISION'25/papers/Mineo_PCB-SAID_A_Low-Cost_Camera-Based_Dataset_for_Few-Shot_SMD_Assembly_Inspection_ICCVW_2025_paper.pdf,
35,Dataset,iSafetyBench: A video-language benchmark for safety in industrial environment,"Raiyaan Abdullah, Yogesh Singh Rawat, Shruti Vyas",VISION'25,https://openaccess.thecvf.com/content/ICCV2025W/VISION%2725/html/Abdullah_iSafetyBench_A_video-language_benchmark_for_safety_in_industrial_environment_ICCVW_2025_paper.html,https://openaccess.thecvf.com/content/ICCV2025W/VISION'25/papers/Abdullah_iSafetyBench_A_video-language_benchmark_for_safety_in_industrial_environment_ICCVW_2025_paper.pdf,https://arxiv.org/abs/2508.00399
36,Dataset,"InspectVLM: Unified in Theory, Unreliable in Practice","Conor Wallace, Isaac Corley, Jonathan Lwowski",VISION'25,https://openaccess.thecvf.com/content/ICCV2025W/VISION%2725/html/Wallace_InspectVLM_Unified_in_Theory_Unreliable_in_Practice_ICCVW_2025_paper.html,https://openaccess.thecvf.com/content/ICCV2025W/VISION'25/papers/Wallace_InspectVLM_Unified_in_Theory_Unreliable_in_Practice_ICCVW_2025_paper.pdf,https://arxiv.org/abs/2508.01921
37,Dataset,Adaptive Test-Time Semantic Debiasing for AI-Generated Image Detection,"Yu Cai, Jiahe Tian, Xiaomeng Fu, Jiao Dai, Jizhong Han, Siwei Lyu",APAI,https://openaccess.thecvf.com/content/ICCV2025W/APAI/html/Cai_Adaptive_Test-Time_Semantic_Debiasing_for_AI-Generated_Image_Detection_ICCVW_2025_paper.html,https://openaccess.thecvf.com/content/ICCV2025W/APAI/papers/Cai_Adaptive_Test-Time_Semantic_Debiasing_for_AI-Generated_Image_Detection_ICCVW_2025_paper.pdf,
38,Dataset,V-RoAst: Visual Road Assessment. Can VLM be a Road Safety Assessor Using the iRAP Standard?,"Natchapon Jongwiriyanurak, Zichao Zeng, June Moh Goo, Xinglei Wang, Ilya Ilyankou, Kerkritt Sriroongvikrai, Nicola Christie, Meihui Wang, Huanfa Chen, James Haworth",CV4DC,https://openaccess.thecvf.com/content/ICCV2025W/CV4DC/html/Jongwiriyanurak_V-RoAst_Visual_Road_Assessment._Can_VLM_be_a_Road_Safety_ICCVW_2025_paper.html,https://openaccess.thecvf.com/content/ICCV2025W/CV4DC/papers/Jongwiriyanurak_V-RoAst_Visual_Road_Assessment._Can_VLM_be_a_Road_Safety_ICCVW_2025_paper.pdf,https://arxiv.org/abs/2408.10872
39,Dataset,Simulating Refractive Distortions and Weather-Induced Artifacts for Resource-Constrained Autonomous Perception,"Moseli Mots'oehli, Feimei Chen, Hok Wai Chan, Itumeleng Victor Tlali, Thulani Babeli, Kyungim Baek, Huaijin Chen",CV4DC,https://openaccess.thecvf.com/content/ICCV2025W/CV4DC/html/Motsoehli_Simulating_Refractive_Distortions_and_Weather-Induced_Artifacts_for_Resource-Constrained_Autonomous_Perception_ICCVW_2025_paper.html,https://openaccess.thecvf.com/content/ICCV2025W/CV4DC/papers/Motsoehli_Simulating_Refractive_Distortions_and_Weather-Induced_Artifacts_for_Resource-Constrained_Autonomous_Perception_ICCVW_2025_paper.pdf,
40,Dataset,"Nayana: A Foundation for Document-Centric Vision-Language Models via Multi-Task, Multimodal, and Multilingual Data Synthesis","Adithya S Kolavi, Samarth P, Vyoman Jain",CV4DC,https://openaccess.thecvf.com/content/ICCV2025W/CV4DC/html/Kolavi_Nayana_A_Foundation_for_Document-Centric_Vision-Language_Models_via_Multi-Task_Multimodal_ICCVW_2025_paper.html,https://openaccess.thecvf.com/content/ICCV2025W/CV4DC/papers/Kolavi_Nayana_A_Foundation_for_Document-Centric_Vision-Language_Models_via_Multi-Task_Multimodal_ICCVW_2025_paper.pdf,
41,Dataset,Inside Knowledge: Graph-based Path Generation with Explainable Data Augmentation and Curriculum Learning for Visual Indoor Navigation,"Daniel Airinei, Elena Burceanu, Marius Leordeanu",EVW,https://openaccess.thecvf.com/content/ICCV2025W/EVW/html/Airinei_Inside_Knowledge_Graph-based_Path_Generation_with_Explainable_Data_Augmentation_and_ICCVW_2025_paper.html,https://openaccess.thecvf.com/content/ICCV2025W/EVW/papers/Airinei_Inside_Knowledge_Graph-based_Path_Generation_with_Explainable_Data_Augmentation_and_ICCVW_2025_paper.pdf,https://arxiv.org/abs/2508.11446
42,Dataset,MFT-VITON: High-Fidelity Virtual Try-On with Minimal Input via a Mask-Free Transformer-Diffusion Model,"Zhenchen Wan, Yanwu Xu, Dongting Hu, Weilun Cheng, Tianxi Chen, Zhaoqing Wang, Feng Liu, Tongliang Liu, Mingming Gong",HiGen,https://openaccess.thecvf.com/content/ICCV2025W/HiGen/html/Wan_MFT-VITON_High-Fidelity_Virtual_Try-On_with_Minimal_Input_via_a_Mask-Free_ICCVW_2025_paper.html,https://openaccess.thecvf.com/content/ICCV2025W/HiGen/papers/Wan_MFT-VITON_High-Fidelity_Virtual_Try-On_with_Minimal_Input_via_a_Mask-Free_ICCVW_2025_paper.pdf,
43,Dataset,Concat-ID: Towards Universal Identity-Preserving Video Synthesis,"Yong Zhong, Zhuoyi Yang, Jiayan Teng, Xiaotao Gu, Chongxuan Li",HiGen,https://openaccess.thecvf.com/content/ICCV2025W/HiGen/html/Zhong_Concat-ID_Towards_Universal_Identity-Preserving_Video_Synthesis_ICCVW_2025_paper.html,https://openaccess.thecvf.com/content/ICCV2025W/HiGen/papers/Zhong_Concat-ID_Towards_Universal_Identity-Preserving_Video_Synthesis_ICCVW_2025_paper.pdf,https://arxiv.org/abs/2503.14151
44,Dataset,SEED-Story: Multimodal Long Story Generation with Large Language Model,"Shuai Yang, Yuying Ge, Yang Li, Yukang Chen, Yixiao Ge, Ying Shan, Ying-Cong Chen",HiGen,https://openaccess.thecvf.com/content/ICCV2025W/HiGen/html/Yang_SEED-Story_Multimodal_Long_Story_Generation_with_Large_Language_Model_ICCVW_2025_paper.html,https://openaccess.thecvf.com/content/ICCV2025W/HiGen/papers/Yang_SEED-Story_Multimodal_Long_Story_Generation_with_Large_Language_Model_ICCVW_2025_paper.pdf,https://arxiv.org/abs/2407.08683
45,Dataset,IVIFormer: Illumination-Aware Infrared-Visible Image Fusion via Adaptive Domain-Switching Cross Attention,"Incheol Park, Youngwan Jin, Yagiz Nalcakan, Hyeongjin Ju, Sanghyeop Yeo, Shiho Kim",MIRA,https://openaccess.thecvf.com/content/ICCV2025W/MIRA/html/Park_IVIFormer_Illumination-Aware_Infrared-Visible_Image_Fusion_via_Adaptive_Domain-Switching_Cross_Attention_ICCVW_2025_paper.html,https://openaccess.thecvf.com/content/ICCV2025W/MIRA/papers/Park_IVIFormer_Illumination-Aware_Infrared-Visible_Image_Fusion_via_Adaptive_Domain-Switching_Cross_Attention_ICCVW_2025_paper.pdf,
46,Dataset,RetailAction: Dataset for Multi-View Spatio-Temporal Localization of Human-Object Interactions in Retail,"Davide Mazzini, Alberto Raimondi, Bruno Abbate, Daniel Fischetti, David Woollard",RetailVision,https://openaccess.thecvf.com/content/ICCV2025W/RetailVision/html/Mazzini_RetailAction_Dataset_for_Multi-View_Spatio-Temporal_Localization_of_Human-Object_Interactions_in_ICCVW_2025_paper.html,https://openaccess.thecvf.com/content/ICCV2025W/RetailVision/papers/Mazzini_RetailAction_Dataset_for_Multi-View_Spatio-Temporal_Localization_of_Human-Object_Interactions_in_ICCVW_2025_paper.pdf,
47,Dataset,MR6D: Benchmarking 6D Pose Estimation for Mobile Robots,"Anas Gouda, Shrutarv Awasthi, Christian Blesing, Lokeshwaran Manohar, Frank Hoffmann, Alice Kirchheim",R6D,https://openaccess.thecvf.com/content/ICCV2025W/R6D/html/Gouda_MR6D_Benchmarking_6D_Pose_Estimation_for_Mobile_Robots_ICCVW_2025_paper.html,https://openaccess.thecvf.com/content/ICCV2025W/R6D/papers/Gouda_MR6D_Benchmarking_6D_Pose_Estimation_for_Mobile_Robots_ICCVW_2025_paper.pdf,https://arxiv.org/abs/2508.13775
48,Dataset,CrossCompanion: An Empathetic Real-Time Assistant Supporting Street Crossing for Low-Vision Users,"Jiazhao Liang, Yi Fang",ACVR,https://openaccess.thecvf.com/content/ICCV2025W/ACVR/html/Liang_CrossCompanion_An_Empathetic_Real-Time_Assistant_Supporting_Street_Crossing_for_Low-Vision_ICCVW_2025_paper.html,https://openaccess.thecvf.com/content/ICCV2025W/ACVR/papers/Liang_CrossCompanion_An_Empathetic_Real-Time_Assistant_Supporting_Street_Crossing_for_Low-Vision_ICCVW_2025_paper.pdf,
49,Dataset,Towards Effective Human-in-the-Loop Assistive AI Agents,"Filippos Bellos, Yayuan Li, Cary Shu, Ruey Day, Jeffrey Siskind, Jason Corso",ACVR,https://openaccess.thecvf.com/content/ICCV2025W/ACVR/html/Bellos_Towards_Effective_Human-in-the-Loop_Assistive_AI_Agents_ICCVW_2025_paper.html,https://openaccess.thecvf.com/content/ICCV2025W/ACVR/papers/Bellos_Towards_Effective_Human-in-the-Loop_Assistive_AI_Agents_ICCVW_2025_paper.pdf,https://arxiv.org/abs/2507.18374
50,Dataset,Genm: The Generative Machine Unlearning Challenge,"Kartik Thakral, Shreyansh Pathak, Tamar Glaser, Tal Hassner, Diego Garcia-Olano, Iacopo Masi, Richa Singh, Mayank Vatsa",U&ME,https://openaccess.thecvf.com/content/ICCV2025W/U%26ME/html/Thakral_Genm_The_Generative_Machine_Unlearning_Challenge_ICCVW_2025_paper.html,https://openaccess.thecvf.com/content/ICCV2025W/U&ME/papers/Thakral_Genm_The_Generative_Machine_Unlearning_Challenge_ICCVW_2025_paper.pdf,
51,Dataset,DAPS-AGF: Depth-Aware Perceptual Similarity with Adaptive Gradient Filtering for Enhanced Outdoor Scene Reconstruction,"Aqsa Yousaf, Arkajyoti Mitra, Paul Agbaje, Afia Anjum, Habeeb Olufowobi",E2E3D,https://openaccess.thecvf.com/content/ICCV2025W/E2E3D/html/Yousaf_DAPS-AGF_Depth-Aware_Perceptual_Similarity_with_Adaptive_Gradient_Filtering_for_Enhanced_ICCVW_2025_paper.html,https://openaccess.thecvf.com/content/ICCV2025W/E2E3D/papers/Yousaf_DAPS-AGF_Depth-Aware_Perceptual_Similarity_with_Adaptive_Gradient_Filtering_for_Enhanced_ICCVW_2025_paper.pdf,
52,Dataset,InstaPose: Scene-Aware Pose Recommendation via Vision Transformers and Diversity-Optimized Reranking,"Yu Ji, I-Han Hsiao",SAUAFG,https://openaccess.thecvf.com/content/ICCV2025W/SAUAFG/html/Ji_InstaPose_Scene-Aware_Pose_Recommendation_via_Vision_Transformers_and_Diversity-Optimized_Reranking_ICCVW_2025_paper.html,https://openaccess.thecvf.com/content/ICCV2025W/SAUAFG/papers/Ji_InstaPose_Scene-Aware_Pose_Recommendation_via_Vision_Transformers_and_Diversity-Optimized_Reranking_ICCVW_2025_paper.pdf,
53,Dataset,EgoOops: A Dataset for Mistake Action Detection from Egocentric Videos referring to Procedural Texts,"Yuto Haneji, Taichi Nishimura, Hirotaka Kameko, Keisuke Shirai, Tomoya Yoshida, Keiya Kajimura, Koki Yamamoto, Taiyu Cui, Tomohiro Nishimoto, Shinsuke Mori",SAUAFG,https://openaccess.thecvf.com/content/ICCV2025W/SAUAFG/html/Haneji_EgoOops_A_Dataset_for_Mistake_Action_Detection_from_Egocentric_Videos_ICCVW_2025_paper.html,https://openaccess.thecvf.com/content/ICCV2025W/SAUAFG/papers/Haneji_EgoOops_A_Dataset_for_Mistake_Action_Detection_from_Egocentric_Videos_ICCVW_2025_paper.pdf,https://arxiv.org/abs/2410.05343
54,Dataset,EHWGesture - A dataset for multimodal understanding of clinical gestures,"Gianluca Amprimo, Alberto Ancilotto, Alessandro Savino, Fabio Quazzolo, Claudia Ferraris, Gabriella Olmo, Elisabetta Farella, Stefano Di Carlo",SAUAFG,https://openaccess.thecvf.com/content/ICCV2025W/SAUAFG/html/Amprimo_EHWGesture_-_A_dataset_for_multimodal_understanding_of_clinical_gestures_ICCVW_2025_paper.html,https://openaccess.thecvf.com/content/ICCV2025W/SAUAFG/papers/Amprimo_EHWGesture_-_A_dataset_for_multimodal_understanding_of_clinical_gestures_ICCVW_2025_paper.pdf,https://arxiv.org/abs/2509.07525
55,Dataset,EASG-Bench: Video Q&A Benchmark with Egocentric Action Scene Graphs,"Ivan Rodin, Tz-Ying Wu, Kyle Min, Sharath Nittur Sridhar, Antonino Furnari, Subarna Tripathi, Giovanni Maria Farinella",SAUAFG,https://openaccess.thecvf.com/content/ICCV2025W/SAUAFG/html/Rodin_EASG-Bench_Video_QA_Benchmark_with_Egocentric_Action_Scene_Graphs_ICCVW_2025_paper.html,https://openaccess.thecvf.com/content/ICCV2025W/SAUAFG/papers/Rodin_EASG-Bench_Video_QA_Benchmark_with_Egocentric_Action_Scene_Graphs_ICCVW_2025_paper.pdf,https://arxiv.org/abs/2506.05787
56,Dataset,CricTAL: Introducing Temporal Activity Localisation using pose estimation to identify key phases in cricket batting for downstream Action Quality Assessment,"Tevin Moodley, Dustin van der Haar",SAUAFG,https://openaccess.thecvf.com/content/ICCV2025W/SAUAFG/html/Moodley_CricTAL_Introducing_Temporal_Activity_Localisation_using_pose_estimation_to_identify_ICCVW_2025_paper.html,https://openaccess.thecvf.com/content/ICCV2025W/SAUAFG/papers/Moodley_CricTAL_Introducing_Temporal_Activity_Localisation_using_pose_estimation_to_identify_ICCVW_2025_paper.pdf,
57,Dataset,MCL for MLLMs: Benchmarking Forgetting in Task-Incremental Multimodal Learning,Zichao Li,MCL,https://openaccess.thecvf.com/content/ICCV2025W/MCL/html/Li_MCL_for_MLLMs_Benchmarking_Forgetting_in_Task-Incremental_Multimodal_Learning_ICCVW_2025_paper.html,https://openaccess.thecvf.com/content/ICCV2025W/MCL/papers/Li_MCL_for_MLLMs_Benchmarking_Forgetting_in_Task-Incremental_Multimodal_Learning_ICCVW_2025_paper.pdf,
58,Dataset,Towards Large Scale Geostatistical Methane Monitoring with Part-based Object Detection,"Adhemar de Senneville, Xavier Bou, Jean-Louis Bonne, Nicolas Dumelie, Rafael Grompone, Thibaud Ehret, Gabriele Facciolo",SEA,https://openaccess.thecvf.com/content/ICCV2025W/SEA/html/de_Senneville_Towards_Large_Scale_Geostatistical_Methane_Monitoring_with_Part-based_Object_Detection_ICCVW_2025_paper.html,https://openaccess.thecvf.com/content/ICCV2025W/SEA/papers/de_Senneville_Towards_Large_Scale_Geostatistical_Methane_Monitoring_with_Part-based_Object_Detection_ICCVW_2025_paper.pdf,https://arxiv.org/abs/2507.18513
59,Dataset,"PlantationBench: A Multiscale, Multimodal Remote Sensing Benchmark for Plantation Mapping Under Distribution Shift","Angela Tsao, David B. Lobell",SEA,https://openaccess.thecvf.com/content/ICCV2025W/SEA/html/Tsao_PlantationBench_A_Multiscale_Multimodal_Remote_Sensing_Benchmark_for_Plantation_Mapping_ICCVW_2025_paper.html,https://openaccess.thecvf.com/content/ICCV2025W/SEA/papers/Tsao_PlantationBench_A_Multiscale_Multimodal_Remote_Sensing_Benchmark_for_Plantation_Mapping_ICCVW_2025_paper.pdf,
60,Dataset,ViewDelta: Scaling Scene Change Detection through Text-Conditioning,"Subin Varghese, Joshua Gao, Vedhus Hoskere",SEA,https://openaccess.thecvf.com/content/ICCV2025W/SEA/html/Varghese_ViewDelta_Scaling_Scene_Change_Detection_through_Text-Conditioning_ICCVW_2025_paper.html,https://openaccess.thecvf.com/content/ICCV2025W/SEA/papers/Varghese_ViewDelta_Scaling_Scene_Change_Detection_through_Text-Conditioning_ICCVW_2025_paper.pdf,https://arxiv.org/abs/2412.07612
61,Dataset,IRLTrees3D: A 3D Reconstruction Dataset of Trees,"Joseph Chai, Barry O'Sullivan, Hoang D. Nguyen",SEA,https://openaccess.thecvf.com/content/ICCV2025W/SEA/html/Chai_IRLTrees3D_A_3D_Reconstruction_Dataset_of_Trees_ICCVW_2025_paper.html,https://openaccess.thecvf.com/content/ICCV2025W/SEA/papers/Chai_IRLTrees3D_A_3D_Reconstruction_Dataset_of_Trees_ICCVW_2025_paper.pdf,
62,Dataset,Inland Excess Water (IEW) Monitoring Using Sentinel-1/2: A SplitClass Segmentation and Temporal Gap-Filling Approach,"Yahya Ibrahim, Márta Belényesi, Chang Liu, Mátyás Richter-Cserey, Máté Simon, Tamas Sziranyi, Csaba Benedek",SEA,https://openaccess.thecvf.com/content/ICCV2025W/SEA/html/Ibrahim_Inland_Excess_Water_IEW_Monitoring_Using_Sentinel-12_A_SplitClass_Segmentation_ICCVW_2025_paper.html,https://openaccess.thecvf.com/content/ICCV2025W/SEA/papers/Ibrahim_Inland_Excess_Water_IEW_Monitoring_Using_Sentinel-12_A_SplitClass_Segmentation_ICCVW_2025_paper.pdf,
63,Dataset,Hashtag2Action: Data Engineering and Self-Supervised Pre-Training for Action Recognition in Short-Form Videos,"Yang Qian, Ali Kargarandehkordi, Yinan Sun, Parnian Azizian, Onur Cezmi Mutlu, Saimourya Surabhi, Zain Jabbar, Dennis Wall, Peter Washington, Huaijin Chen",SVU,https://openaccess.thecvf.com/content/ICCV2025W/SVU/html/Qian_Hashtag2Action_Data_Engineering_and_Self-Supervised_Pre-Training_for_Action_Recognition_in_ICCVW_2025_paper.html,https://openaccess.thecvf.com/content/ICCV2025W/SVU/papers/Qian_Hashtag2Action_Data_Engineering_and_Self-Supervised_Pre-Training_for_Action_Recognition_in_ICCVW_2025_paper.pdf,
64,Dataset,"Watch, Listen, Understand, Mislead: Tri-modal Adversarial Attacks on Short Videos for Content Appropriateness Evaluation","Sahid Hossain Mustakim, S M Jishanul Islam, Ummay Maria Muna, Montasir Chowdhury, Mohammed Jawwadul Islam, Sadia Ahmmed, Tashfia Sikder, Syed Tasdid Azam Dhrubo, Swakkhar Shatabda",SVU,https://openaccess.thecvf.com/content/ICCV2025W/SVU/html/Mustakim_Watch_Listen_Understand_Mislead_Tri-modal_Adversarial_Attacks_on_Short_Videos_ICCVW_2025_paper.html,https://openaccess.thecvf.com/content/ICCV2025W/SVU/papers/Mustakim_Watch_Listen_Understand_Mislead_Tri-modal_Adversarial_Attacks_on_Short_Videos_ICCVW_2025_paper.pdf,https://arxiv.org/abs/2507.11968
65,Dataset,Fisheye image augmentation for overcoming domain gaps with the limited dataset,"Hyeseong Lee, Sunmin Park, Miyoung Lee",ECLR,https://openaccess.thecvf.com/content/ICCV2025W/ECLR/html/Lee_Fisheye_image_augmentation_for_overcoming_domain_gaps_with_the_limited_ICCVW_2025_paper.html,https://openaccess.thecvf.com/content/ICCV2025W/ECLR/papers/Lee_Fisheye_image_augmentation_for_overcoming_domain_gaps_with_the_limited_ICCVW_2025_paper.pdf,
66,Dataset,Efficient Depth- and Spatially-Varying Image Simulation for Defocus Deblur,"Xinge Yang, Chuong Nguyen, Wenbin Wang, Kaizhang Kang, Wolfgang Heidrich, Xiaoxing Li",ECLR,https://openaccess.thecvf.com/content/ICCV2025W/ECLR/html/Yang_Efficient_Depth-_and_Spatially-Varying_Image_Simulation_for_Defocus_Deblur_ICCVW_2025_paper.html,https://openaccess.thecvf.com/content/ICCV2025W/ECLR/papers/Yang_Efficient_Depth-_and_Spatially-Varying_Image_Simulation_for_Defocus_Deblur_ICCVW_2025_paper.pdf,https://arxiv.org/abs/2507.00372
67,Dataset,UniAttackData+: Unified Physical-Digital Attack Detection+ Challenge,"Hui Ma, Ajian Liu, Yongze Li, Chuanbiao Song, Xiao Guo, Changtao Miao, Wanyi Zhuang, Junze Zheng, Shunxin Chen, Yan Hong, Jiabao Guo, Jiankang Deng, Jun Lan, Weiqiang Wang, Tao Gong, Qi Chu, Sergio Escalera, Hugo Jair Escalante, Xiaoming Liu, Zhen Lei, Isabelle Guyon, Yanyan Liang, Jun Wan",FAS2025,https://openaccess.thecvf.com/content/ICCV2025W/FAS2025/html/Ma_UniAttackData_Unified_Physical-Digital_Attack_Detection_Challenge_ICCVW_2025_paper.html,https://openaccess.thecvf.com/content/ICCV2025W/FAS2025/papers/Ma_UniAttackData_Unified_Physical-Digital_Attack_Detection_Challenge_ICCVW_2025_paper.pdf,
68,Dataset,Spoofing-aware Prompt Learning for Unified Physical-Digital Facial Attack Detection,"Jiabao Guo, Yadian Wang, Hui Ma, Yuhao Fu, Ju Jia, Hui Liu, Shengeng Tang, Lechao Cheng, Yunfeng Diao, Ajian Liu",FAS2025,https://openaccess.thecvf.com/content/ICCV2025W/FAS2025/html/Guo_Spoofing-aware_Prompt_Learning_for_Unified_Physical-Digital_Facial_Attack_Detection_ICCVW_2025_paper.html,https://openaccess.thecvf.com/content/ICCV2025W/FAS2025/papers/Guo_Spoofing-aware_Prompt_Learning_for_Unified_Physical-Digital_Facial_Attack_Detection_ICCVW_2025_paper.pdf,https://arxiv.org/abs/2512.06363
69,Dataset,MMF-QE: Advanced Multi-Modal Fusion for Quality Assessment and Engagement Prediction in User-Generated Short Videos,"Fengbin Guan, Zihao Yu, Yiting Lu, Wei Luo, Yixin Gao, Xin Li, Zhibo Chen",VQualA,https://openaccess.thecvf.com/content/ICCV2025W/VQualA/html/Guan_MMF-QE_Advanced_Multi-Modal_Fusion_for_Quality_Assessment_and_Engagement_Prediction_ICCVW_2025_paper.html,https://openaccess.thecvf.com/content/ICCV2025W/VQualA/papers/Guan_MMF-QE_Advanced_Multi-Modal_Fusion_for_Quality_Assessment_and_Engagement_Prediction_ICCVW_2025_paper.pdf,
70,Dataset,VQualA 2025 Challenge on Visual Quality Comparison for Large Multimodal Models: Methods and Results,"Hanwei Zhu, Haoning Wu, Zicheng Zhang, Lingyu Zhu, Yixuan Li, Peilin Chen, Shiqi Wang, Chris Wei Zhou, Linhan Cao, Wei Sun, Xiangyang Zhu, Weixia Zhang, Yucheng Zhu, Jing Liu, Dandan Zhu, Guangtao Zhai, Xiongkuo Min, Zhichao Zhang, Xinyue Li, Shubo Xu, Anh Dao, Yifan Li, Hongyuan Yu, Jiaojiao Yi, Yiding Tian, Yupeng Wu, Feiran Sun, Lijuan Jiao, Song Jiang",VQualA,https://openaccess.thecvf.com/content/ICCV2025W/VQualA/html/Zhu_VQualA_2025_Challenge_on_Visual_Quality_Comparison_for_Large_Multimodal_ICCVW_2025_paper.html,https://openaccess.thecvf.com/content/ICCV2025W/VQualA/papers/Zhu_VQualA_2025_Challenge_on_Visual_Quality_Comparison_for_Large_Multimodal_ICCVW_2025_paper.pdf,https://arxiv.org/abs/2509.09190
71,Dataset,Understanding Perceptual Quality in CCTV Images: A Benchmark Dataset and Entropy-based Insights,"Yujin Han, Jiwoo Kang, Sanghoon Lee, Taewan Kim",VQualA,https://openaccess.thecvf.com/content/ICCV2025W/VQualA/html/Han_Understanding_Perceptual_Quality_in_CCTV_Images_A_Benchmark_Dataset_and_ICCVW_2025_paper.html,https://openaccess.thecvf.com/content/ICCV2025W/VQualA/papers/Han_Understanding_Perceptual_Quality_in_CCTV_Images_A_Benchmark_Dataset_and_ICCVW_2025_paper.pdf,
72,Dataset,VQualA 2025 Challenge on GenAI-Bench AIGC Video Quality Assessment: Methods and Results,"Ying Cheng, Huasheng Wang, Pengxiang Xiao, Yukang Ding, Enpeng Liu, Chris Wei Zhou, Baojun Li, Jiamian Huang, Jiarui Wang, Xiaorong Zhu, Juntong Wang, Huiyu Duan, Xiongkuo Min, Qiang Hu, Chunlei Cai, Guangtao Zhai, Baihong Qian, Haotian Fan, Wenjie Liao, Yunqiu Wang, Tao Li, Junuhi Cui, Zhichao Zhang, Xinyue Li, Yunhao Li, Xiaohong Liu, Weixia Zhang, Bingkun Zheng, Wei Sun, Zhihua Wang, Longwei Li, Jinyu Zhao, Xincheng Lv, Yang Cai, Fangfang Lu, Ritik Bompilwar, Saurabh Koshatwar, Weifeng Cai, Guangqian Kong, Junfeng Yang, Jing Fu, Wei Zhang, Wenzhi Cao, Limei Liu, Qin Li, Wanli Ma, Yixiao Li, Xiaoshuai Hao",VQualA,https://openaccess.thecvf.com/content/ICCV2025W/VQualA/html/Cheng_VQualA_2025_Challenge_on_GenAI-Bench_AIGC_Video_Quality_Assessment_Methods_ICCVW_2025_paper.html,https://openaccess.thecvf.com/content/ICCV2025W/VQualA/papers/Cheng_VQualA_2025_Challenge_on_GenAI-Bench_AIGC_Video_Quality_Assessment_Methods_ICCVW_2025_paper.pdf,
73,Dataset,VQualA 2025 Challenge on Engagement Prediction for Short Videos: Methods and Results,"Dasong Li, Sizhuo Ma, Hang Hua, Wenjie Li, Jian Wang, Chris Wei Zhou, Fengbin Guan, Xin Li, Zihao Yu, Yiting Lu, Ru-Ling Liao, Yan Ye, Zhibo Chen, Wei Sun, Linhan Cao, Yuqin Cao, Weixia Zhang, Wen Wen, Kaiwei Zhang, Zijian Chen, Fangfang Lu, Xiongkuo Min, Guangtao Zhai, Erjia Xiao, Lingfeng Zhang, Zhenjie Su, Hao Cheng, Yu Liu, Renjing Xu, Long Chen, Xiaoshuai Hao, Zhenpeng Zeng, Jianqin Wu, Xuxu Wang, Qian Yu, Bo Hu, Weiwei Wang, Pinxin Liu, Yunlong Tang, Luchuan Song, Jinxi He, Jiarui Wu, Hanjia Lyu",VQualA,https://openaccess.thecvf.com/content/ICCV2025W/VQualA/html/Li_VQualA_2025_Challenge_on_Engagement_Prediction_for_Short_Videos_Methods_ICCVW_2025_paper.html,https://openaccess.thecvf.com/content/ICCV2025W/VQualA/papers/Li_VQualA_2025_Challenge_on_Engagement_Prediction_for_Short_Videos_Methods_ICCVW_2025_paper.pdf,https://arxiv.org/abs/2509.02969
74,Dataset,A Comprehensive Library for Benchmarking Multi-class Visual Anomaly Detection,"Jiangning Zhang, Haoyang He, Zhenye Gan, Qingdong He, Yuxuan Cai, Zhucun Xue, Yabiao Wang, Chengjie Wang, Lei Xie, Yong Liu",ADFM,https://openaccess.thecvf.com/content/ICCV2025W/ADFM/html/Zhang_A_Comprehensive_Library_for_Benchmarking_Multi-class_Visual_Anomaly_Detection_ICCVW_2025_paper.html,https://openaccess.thecvf.com/content/ICCV2025W/ADFM/papers/Zhang_A_Comprehensive_Library_for_Benchmarking_Multi-class_Visual_Anomaly_Detection_ICCVW_2025_paper.pdf,https://arxiv.org/abs/2406.03262
75,Dataset,MatSSL: Robust Self-Supervised Representation Learning for Metallographic Image Segmentation,"Hoang Hai Nam Nguyen, Phan Nguyen Duc Hieu, Ho Won Lee",CV4MS,https://openaccess.thecvf.com/content/ICCV2025W/CV4MS/html/Nguyen_MatSSL_Robust_Self-Supervised_Representation_Learning_for_Metallographic_Image_Segmentation_ICCVW_2025_paper.html,https://openaccess.thecvf.com/content/ICCV2025W/CV4MS/papers/Nguyen_MatSSL_Robust_Self-Supervised_Representation_Learning_for_Metallographic_Image_Segmentation_ICCVW_2025_paper.pdf,https://arxiv.org/abs/2507.18184
76,Dataset,Adapting Stereo Vision From Objects To 3D Lunar Surface Reconstruction with the StereoLunar Dataset,"Clémentine Grethen, Simone Gasparini, Géraldine Morin, Jérémy Lebreton, Lucas Marti, Manuel Sanchez-Gestido",3D-VAST,https://openaccess.thecvf.com/content/ICCV2025W/3D-VAST/html/Grethen_Adapting_Stereo_Vision_From_Objects_To_3D_Lunar_Surface_Reconstruction_ICCVW_2025_paper.html,https://openaccess.thecvf.com/content/ICCV2025W/3D-VAST/papers/Grethen_Adapting_Stereo_Vision_From_Objects_To_3D_Lunar_Surface_Reconstruction_ICCVW_2025_paper.pdf,https://arxiv.org/abs/2510.18172
77,Dataset,Beyond Appearance: Geometric Cues for Robust Video Instance Segmentation,"Quanzhu Niu, Yikang Zhou, Shihao Chen, Tao Zhang, Shunping Ji",LSVOS,https://openaccess.thecvf.com/content/ICCV2025W/LSVOS/html/Niu_Beyond_Appearance_Geometric_Cues_for_Robust_Video_Instance_Segmentation_ICCVW_2025_paper.html,https://openaccess.thecvf.com/content/ICCV2025W/LSVOS/papers/Niu_Beyond_Appearance_Geometric_Cues_for_Robust_Video_Instance_Segmentation_ICCVW_2025_paper.pdf,https://arxiv.org/abs/2507.05948
78,Dataset,EGVD: Event-Guided Video Diffusion Model for Physically Realistic Large-Motion Frame Interpolation,"Ziran Zhang, Xiaohui Li, Yihao Liu, Yujin Wang, Yueting Chen, Tianfan Xue, Shi Guo",MIPI,https://openaccess.thecvf.com/content/ICCV2025W/MIPI/html/Zhang_EGVD_Event-Guided_Video_Diffusion_Model_for_Physically_Realistic_Large-Motion_Frame_ICCVW_2025_paper.html,https://openaccess.thecvf.com/content/ICCV2025W/MIPI/papers/Zhang_EGVD_Event-Guided_Video_Diffusion_Model_for_Physically_Realistic_Large-Motion_Frame_ICCVW_2025_paper.pdf,https://arxiv.org/abs/2503.20268
79,Dataset,iDETEX: Empowering MLLMs for Intelligent DETailed EXplainable IQA,"Zhaoran Zhao, Xinli Yue, Jianhui Sun, Yuhao Xie, Tao Shao, Liangchao Yao, FAN XIA, Yuetang Deng",MIPI,https://openaccess.thecvf.com/content/ICCV2025W/MIPI/html/Zhao_iDETEX_Empowering_MLLMs_for_Intelligent_DETailed_EXplainable_IQA_ICCVW_2025_paper.html,https://openaccess.thecvf.com/content/ICCV2025W/MIPI/papers/Zhao_iDETEX_Empowering_MLLMs_for_Intelligent_DETailed_EXplainable_IQA_ICCVW_2025_paper.pdf,https://arxiv.org/abs/2510.17332
80,Dataset,Predictive Quality Assessment for Mobile Secure Graphics,"Cas Steigstra, Sergey Milyaev, Shaodi You",MIPI,https://openaccess.thecvf.com/content/ICCV2025W/MIPI/html/Steigstra_Predictive_Quality_Assessment_for_Mobile_Secure_Graphics_ICCVW_2025_paper.html,https://openaccess.thecvf.com/content/ICCV2025W/MIPI/papers/Steigstra_Predictive_Quality_Assessment_for_Mobile_Secure_Graphics_ICCVW_2025_paper.pdf,https://arxiv.org/abs/2509.20028
81,Dataset,Monochromatic Event Guided Image Deblurring with Event-triggering-aware Decomposition,"Minggui Teng, Boyu Li, Yixin Yang, Chu Zhou, Yan Chen, Jimmy S. Ren, Boxin Shi",MIPI,https://openaccess.thecvf.com/content/ICCV2025W/MIPI/html/Teng_Monochromatic_Event_Guided_Image_Deblurring_with_Event-triggering-aware_Decomposition_ICCVW_2025_paper.html,https://openaccess.thecvf.com/content/ICCV2025W/MIPI/papers/Teng_Monochromatic_Event_Guided_Image_Deblurring_with_Event-triggering-aware_Decomposition_ICCVW_2025_paper.pdf,
82,Dataset,Audio-Visual LLM for Video Understanding,"Fangxun Shu, Lei Zhang, Hao Jiang, Cihang Xie",MMFM,https://openaccess.thecvf.com/content/ICCV2025W/MMFM/html/Shu_Audio-Visual_LLM_for_Video_Understanding_ICCVW_2025_paper.html,https://openaccess.thecvf.com/content/ICCV2025W/MMFM/papers/Shu_Audio-Visual_LLM_for_Video_Understanding_ICCVW_2025_paper.pdf,https://arxiv.org/abs/2312.06720
83,Dataset,Evaluating Variance in Visual Question Answering Benchmarks,Nikitha SR,MMFM,https://openaccess.thecvf.com/content/ICCV2025W/MMFM/html/SR_Evaluating_Variance_in_Visual_Question_Answering_Benchmarks_ICCVW_2025_paper.html,https://openaccess.thecvf.com/content/ICCV2025W/MMFM/papers/SR_Evaluating_Variance_in_Visual_Question_Answering_Benchmarks_ICCVW_2025_paper.pdf,https://arxiv.org/abs/2508.02645
84,Dataset,MAPS: A Morphology-Aware PPE Segmentation Framework for Healthcare Settings,"Wanzhao Yang, Syed Anwar, Beomseok Park, Sifan Yuan, Aleksandra Sarcevic, Marius G. Linguraru, Randall S. Burd, Ivan Marsic",APAH,https://openaccess.thecvf.com/content/ICCV2025W/APAH/html/Yang_MAPS_A_Morphology-Aware_PPE_Segmentation_Framework_for_Healthcare_Settings_ICCVW_2025_paper.html,https://openaccess.thecvf.com/content/ICCV2025W/APAH/papers/Yang_MAPS_A_Morphology-Aware_PPE_Segmentation_Framework_for_Healthcare_Settings_ICCVW_2025_paper.pdf,
85,Dataset,HaSPeR: An Image Repository for Hand Shadow Puppet Recognition,"Syed Rifat Raiyan, Zibran Zarif Amio, Sabbir Ahmed",WCCA,https://openaccess.thecvf.com/content/ICCV2025W/WCCA/html/Raiyan_HaSPeR_An_Image_Repository_for_Hand_Shadow_Puppet_Recognition_ICCVW_2025_paper.html,https://openaccess.thecvf.com/content/ICCV2025W/WCCA/papers/Raiyan_HaSPeR_An_Image_Repository_for_Hand_Shadow_Puppet_Recognition_ICCVW_2025_paper.pdf,https://arxiv.org/abs/2408.10360
86,Dataset,WCCA-AK: A Multimodal Dataset of Andre Kim's Fashion Legacy for AI-Driven Cultural Heritage Research,"Seongyeon Oh, Soyoung Lee, Hyeon Seong Jeong, Sangwoo Jo, Jin Young Kim, Yeonseo Choi, YoungJoon Yoo, Taehoon Kim",WCCA,https://openaccess.thecvf.com/content/ICCV2025W/WCCA/html/Oh_WCCA-AK_A_Multimodal_Dataset_of_Andre_Kims_Fashion_Legacy_for_ICCVW_2025_paper.html,https://openaccess.thecvf.com/content/ICCV2025W/WCCA/papers/Oh_WCCA-AK_A_Multimodal_Dataset_of_Andre_Kims_Fashion_Legacy_for_ICCVW_2025_paper.pdf,
87,Dataset,NuScenes-SpatialQA: A Spatial Understanding and Reasoning Benchmark for Vision-Language Models in Autonomous Driving,"Kexin Tian, Jingrui Mao, Yunlong Zhang, Jiwan Jiang, Yang Zhou, Zhengzhong Tu",WDFM-AD,https://openaccess.thecvf.com/content/ICCV2025W/WDFM-AD/html/Tian_NuScenes-SpatialQA_A_Spatial_Understanding_and_Reasoning_Benchmark_for_Vision-Language_Models_ICCVW_2025_paper.html,https://openaccess.thecvf.com/content/ICCV2025W/WDFM-AD/papers/Tian_NuScenes-SpatialQA_A_Spatial_Understanding_and_Reasoning_Benchmark_for_Vision-Language_Models_ICCVW_2025_paper.pdf,https://arxiv.org/abs/2504.03164
88,Dataset,SynSHRP2: A Synthetic Multimodal Benchmark for Driving Safety-critical Events Derived from Real-world Driving Data,"Liang Shi, Boyu Jiang, Zhenyuan Yuan, Miguel A. Perez, Feng Guo",WDFM-AD,https://openaccess.thecvf.com/content/ICCV2025W/WDFM-AD/html/Shi_SynSHRP2_A_Synthetic_Multimodal_Benchmark_for_Driving_Safety-critical_Events_Derived_ICCVW_2025_paper.html,https://openaccess.thecvf.com/content/ICCV2025W/WDFM-AD/papers/Shi_SynSHRP2_A_Synthetic_Multimodal_Benchmark_for_Driving_Safety-critical_Events_Derived_ICCVW_2025_paper.pdf,https://arxiv.org/abs/2505.06276
89,Dataset,Cross-Camera Module Training of Raw Sensor Data-Based Automotive Machine Vision: Challenges and Solutions,"Setareh Kian, Shannon Brooks-Lehnert, Keigo Hirakawa",WDFM-AD,https://openaccess.thecvf.com/content/ICCV2025W/WDFM-AD/html/Kian_Cross-Camera_Module_Training_of_Raw_Sensor_Data-Based_Automotive_Machine_Vision_ICCVW_2025_paper.html,https://openaccess.thecvf.com/content/ICCV2025W/WDFM-AD/papers/Kian_Cross-Camera_Module_Training_of_Raw_Sensor_Data-Based_Automotive_Machine_Vision_ICCVW_2025_paper.pdf,
90,Dataset,Exploring spatial-temporal dynamics in event-based facial micro-expression analysis,"Nicolas Mastropasqua, Ignacio Bugueno-Cordova, Rodrigo Verschae, Daniel Acevedo, Pablo Negri, Maria Elena Buemi",NeVi,https://openaccess.thecvf.com/content/ICCV2025W/NeVi/html/Mastropasqua_Exploring_spatial-temporal_dynamics_in_event-based_facial_micro-expression_analysis_ICCVW_2025_paper.html,https://openaccess.thecvf.com/content/ICCV2025W/NeVi/papers/Mastropasqua_Exploring_spatial-temporal_dynamics_in_event-based_facial_micro-expression_analysis_ICCVW_2025_paper.pdf,
91,Dataset,Exploring Human-Model Alignment in Visual Social Attention During Help-and-Hinder Social Interaction Classification,"Lucia Schiatti, Guido Vallarino, Sabrina Megan Lopez, Yen-Ling Kuo, Matteo Moro, Mengmi Zhang, Monica Gori, Alessio Del Bue, Boris Katz, Andrei Barbu",HCV,https://openaccess.thecvf.com/content/ICCV2025W/HCV/html/Schiatti_Exploring_Human-Model_Alignment_in_Visual_Social_Attention_During_Help-and-Hinder_Social_ICCVW_2025_paper.html,https://openaccess.thecvf.com/content/ICCV2025W/HCV/papers/Schiatti_Exploring_Human-Model_Alignment_in_Visual_Social_Attention_During_Help-and-Hinder_Social_ICCVW_2025_paper.pdf,
92,Dataset,Co-VisiON: Co-Visibility ReasONing on Sparse Image Sets of Indoor Scenes,"Chao Chen, Nobel Dang, Juexiao Zhang, Wenkai Sun, Pengfei Zheng, Xuhang He, Yimeng Ye, Jiasheng Zhang, Taarun Srinivas, Chen Feng",HCV,https://openaccess.thecvf.com/content/ICCV2025W/HCV/html/Chen_Co-VisiON_Co-Visibility_ReasONing_on_Sparse_Image_Sets_of_Indoor_Scenes_ICCVW_2025_paper.html,https://openaccess.thecvf.com/content/ICCV2025W/HCV/papers/Chen_Co-VisiON_Co-Visibility_ReasONing_on_Sparse_Image_Sets_of_Indoor_Scenes_ICCVW_2025_paper.pdf,https://arxiv.org/abs/2506.16805
93,Dataset,Multimodal Italian Sign Language Recognition with Radar-Video Late Fusion on the MultiMeDaLIS Dataset,Jakub F. Juranek,MSLR,https://openaccess.thecvf.com/content/ICCV2025W/MSLR/html/Juranek_Multimodal_Italian_Sign_Language_Recognition_with_Radar-Video_Late_Fusion_on_ICCVW_2025_paper.html,https://openaccess.thecvf.com/content/ICCV2025W/MSLR/papers/Juranek_Multimodal_Italian_Sign_Language_Recognition_with_Radar-Video_Late_Fusion_on_ICCVW_2025_paper.pdf,
94,Dataset,Generalizable Sign Language Recognition via Local Temporal Convolutions and Region-Aware Pose Encoding,"Sieu Tran, Duc Nguyen Minh, Truong Nguyen Thanh, Hao Vo, Thanh Duc Ngo, Tien Do, Khiem Le, Duy-Dinh Le",MSLR,https://openaccess.thecvf.com/content/ICCV2025W/MSLR/html/Tran_Generalizable_Sign_Language_Recognition_via_Local_Temporal_Convolutions_and_Region-Aware_ICCVW_2025_paper.html,https://openaccess.thecvf.com/content/ICCV2025W/MSLR/papers/Tran_Generalizable_Sign_Language_Recognition_via_Local_Temporal_Convolutions_and_Region-Aware_ICCVW_2025_paper.pdf,
95,Dataset,Modality-specific Benchmarks and Radar Range-Doppler Envelope Classification for Multimodal Isolated Sign Language Recognition,"Dmitriy Sazonov, Kamrul Islam, Evie Malaia, Sevgi Gurbuz",MSLR,https://openaccess.thecvf.com/content/ICCV2025W/MSLR/html/Sazonov_Modality-specific_Benchmarks_and_Radar_Range-Doppler_Envelope_Classification_for_Multimodal_Isolated_ICCVW_2025_paper.html,https://openaccess.thecvf.com/content/ICCV2025W/MSLR/papers/Sazonov_Modality-specific_Benchmarks_and_Radar_Range-Doppler_Envelope_Classification_for_Multimodal_Isolated_ICCVW_2025_paper.pdf,
96,Dataset,FusionEnsemble-Net: An Attention-Based Ensemble of Spatiotemporal Networks for Multimodal Sign Language Recognition,"Md. Milon Islam, Md Rezwanul Haque, S M Taslim Uddin Raju, Fakhri Karray",MSLR,https://openaccess.thecvf.com/content/ICCV2025W/MSLR/html/Islam_FusionEnsemble-Net_An_Attention-Based_Ensemble_of_Spatiotemporal_Networks_for_Multimodal_Sign_ICCVW_2025_paper.html,https://openaccess.thecvf.com/content/ICCV2025W/MSLR/papers/Islam_FusionEnsemble-Net_An_Attention-Based_Ensemble_of_Spatiotemporal_Networks_for_Multimodal_Sign_ICCVW_2025_paper.pdf,https://arxiv.org/abs/2508.09362
97,Dataset,The SignEval 2025 Challenge at the ICCV Multimodal Sign Language Recognition Workshop: Results and Discussion,"Hamzah Luqman, Raffaele Mineo, Murtadha Aljubran, Ahmed Abul Hasanaath, Amelia Sorrenti, Sarah Alyami, Sadam Al-Azani, Maad Alowaifeer, Jihwan Moon, Václav Javorek, Tomáš Železný, Marek Hrúz, Gaia Caligiore, Silvio Giancola, Senya Polikovsky, Motaz Alfarraj, Sabina Fontana, Mufti Mahmud, Muhammad Haris Khan, Kamrul Islam, Sevgi Gurbuz, Egidio Ragonese, Giovanni Bellitto, Federica Proietto Salanitri, Concetto Spampinato, Simone Palazzo",MSLR,https://openaccess.thecvf.com/content/ICCV2025W/MSLR/html/Luqman_The_SignEval_2025_Challenge_at_the_ICCV_Multimodal_Sign_Language_ICCVW_2025_paper.html,https://openaccess.thecvf.com/content/ICCV2025W/MSLR/papers/Luqman_The_SignEval_2025_Challenge_at_the_ICCV_Multimodal_Sign_Language_ICCVW_2025_paper.pdf,
98,Dataset,Fine-Grained Beetle Taxonomy with Vision Models: A Benchmark on Long-Tailed and Domain-Adaptive Classification,"S M Rayeed, Alyson East, Samuel Stevens, Synde Record, Charles V. Stewart",CV4E,https://openaccess.thecvf.com/content/ICCV2025W/CV4E/html/Rayeed_Fine-Grained_Beetle_Taxonomy_with_Vision_Models_A_Benchmark_on_Long-Tailed_ICCVW_2025_paper.html,https://openaccess.thecvf.com/content/ICCV2025W/CV4E/papers/Rayeed_Fine-Grained_Beetle_Taxonomy_with_Vision_Models_A_Benchmark_on_Long-Tailed_ICCVW_2025_paper.pdf,
99,Dataset,Back Home: A Computer Vision Solution to Seashell Identification for Ecological Restoration,"Alexander Valverde, Luis Fernando Solano Coto, André Montoya Fernández",CV4E,https://openaccess.thecvf.com/content/ICCV2025W/CV4E/html/Valverde_Back_Home_A_Computer_Vision_Solution_to_Seashell_Identification_for_ICCVW_2025_paper.html,https://openaccess.thecvf.com/content/ICCV2025W/CV4E/papers/Valverde_Back_Home_A_Computer_Vision_Solution_to_Seashell_Identification_for_ICCVW_2025_paper.pdf,
100,Dataset,RICO: Two Realistic Benchmarks and an In-Depth Analysis for Incremental Learning in Object Detection,"Matthias Neuwirth-Trapp, Maarten Bieshaar, Danda Pani Paudel, Luc Van Gool",CLVision,https://openaccess.thecvf.com/content/ICCV2025W/CLVision/html/Neuwirth-Trapp_RICO_Two_Realistic_Benchmarks_and_an_In-Depth_Analysis_for_Incremental_ICCVW_2025_paper.html,https://openaccess.thecvf.com/content/ICCV2025W/CLVision/papers/Neuwirth-Trapp_RICO_Two_Realistic_Benchmarks_and_an_In-Depth_Analysis_for_Incremental_ICCVW_2025_paper.pdf,
101,Dataset,Evolving from Unknown to Known: Retentive Angular Representation Learning for Incremental Open Set Recognition,"Runqing Yang, Yimin Fu, Changyuan Wu, Zhunga Liu",CLVision,https://openaccess.thecvf.com/content/ICCV2025W/CLVision/html/Yang_Evolving_from_Unknown_to_Known_Retentive_Angular_Representation_Learning_for_ICCVW_2025_paper.html,https://openaccess.thecvf.com/content/ICCV2025W/CLVision/papers/Yang_Evolving_from_Unknown_to_Known_Retentive_Angular_Representation_Learning_for_ICCVW_2025_paper.pdf,https://arxiv.org/abs/2509.06570
102,Dataset,Does Prior Data Matter? Exploring Joint Training in the Context of Few-Shot Class-Incremental Learning,"Shiwon Kim, Dongjun Hwang, Sungwon Woo, Rita Singh",CLVision,https://openaccess.thecvf.com/content/ICCV2025W/CLVision/html/Kim_Does_Prior_Data_Matter_Exploring_Joint_Training_in_the_Context_ICCVW_2025_paper.html,https://openaccess.thecvf.com/content/ICCV2025W/CLVision/papers/Kim_Does_Prior_Data_Matter_Exploring_Joint_Training_in_the_Context_ICCVW_2025_paper.pdf,https://arxiv.org/abs/2503.10003
103,Dataset,MCBLT: Multi-Camera Multi-Object 3D Tracking in Long Videos,"Yizhou Wang, Tim Meinhardt, Orcun Cetintas, Cheng-Yen Yang, Sameer Pusegaonkar, Benjamin Missaoui, Sujit Biswas, Zheng Tang, Laura Leal-Taixe",AICity,https://openaccess.thecvf.com/content/ICCV2025W/AICity/html/Wang_MCBLT_Multi-Camera_Multi-Object_3D_Tracking_in_Long_Videos_ICCVW_2025_paper.html,https://openaccess.thecvf.com/content/ICCV2025W/AICity/papers/Wang_MCBLT_Multi-Camera_Multi-Object_3D_Tracking_in_Long_Videos_ICCVW_2025_paper.pdf,https://arxiv.org/abs/2412.00692
104,Dataset,"AIM 2025 Challenge on Robust Offline Video Super-Resolution: Dataset, Methods and Results","Nikolai Karetin, Ivan Molodetskikh, Dmitry Vatolin, Radu Timofte, Yixin Yang, Junyang Chen, Jiangxin Dong, Jinshan Pan, Zhihao Liu, Lishen Qu, Shihao Zhou, Jufeng Yang, Yuxuan Jiang, Siyue Teng, Chengxi Zeng, Fan Zhang, David Bull, Qi Tang, Jie Liu, Jie Tang, Gangshan Wu",AIM,https://openaccess.thecvf.com/content/ICCV2025W/AIM/html/Karetin_AIM_2025_Challenge_on_Robust_Offline_Video_Super-Resolution_Dataset_Methods_ICCVW_2025_paper.html,https://openaccess.thecvf.com/content/ICCV2025W/AIM/papers/Karetin_AIM_2025_Challenge_on_Robust_Offline_Video_Super-Resolution_Dataset_Methods_ICCVW_2025_paper.pdf,
105,Dataset,MedShift: Implicit Conditional Transport for X-Ray Domain Adaptation,"Francisco Caetano, Christiaan Viviers, Peter H.N. De With, Fons van der Sommen",AIM,https://openaccess.thecvf.com/content/ICCV2025W/AIM/html/Caetano_MedShift_Implicit_Conditional_Transport_for_X-Ray_Domain_Adaptation_ICCVW_2025_paper.html,https://openaccess.thecvf.com/content/ICCV2025W/AIM/papers/Caetano_MedShift_Implicit_Conditional_Transport_for_X-Ray_Domain_Adaptation_ICCVW_2025_paper.pdf,https://arxiv.org/abs/2508.21435
106,Dataset,AIM 2025 Challenge on Real-World RAW Image Denoising,"Feiran Li, Jiacheng Li, Marcos V. Conde, Beril Besbinar, Vlad Hosu, Daisuke Iso, Radu Timofte",AIM,https://openaccess.thecvf.com/content/ICCV2025W/AIM/html/Li_AIM_2025_Challenge_on_Real-World_RAW_Image_Denoising_ICCVW_2025_paper.html,https://openaccess.thecvf.com/content/ICCV2025W/AIM/papers/Li_AIM_2025_Challenge_on_Real-World_RAW_Image_Denoising_ICCVW_2025_paper.pdf,https://arxiv.org/abs/2510.06601
107,Dataset,Efficient Perceptual Image Super Resolution: AIM 2025 Study and Benchmark,"Bruno Longarela, Marcos V Conde, Álvaro García, Radu Timofte",AIM,https://openaccess.thecvf.com/content/ICCV2025W/AIM/html/Longarela_Efficient_Perceptual_Image_Super_Resolution_AIM_2025_Study_and_Benchmark_ICCVW_2025_paper.html,https://openaccess.thecvf.com/content/ICCV2025W/AIM/papers/Longarela_Efficient_Perceptual_Image_Super_Resolution_AIM_2025_Study_and_Benchmark_ICCVW_2025_paper.pdf,
108,Dataset,AIM 2025 Challenge on High FPS Motion Deblurring: Methods and Results,"George Ciubotariu, Florin-Alexandru Vasluianu, Zhuyun Zhou, Nancy Mehta, Radu Timofte, Ke Wu, Long Sun, Lingshun Kong, Zhongbao Yang, Jinshan Pan, Jiangxin Dong, Jinhui Tang, Hao Chen, Yinghui Fang, Dafeng Zhang, Yongqi Song, Jiangbo Guo, Shuhua Jin, Zeyu Xiao, Rui Zhao, Zhuoyuan Li, Cong Zhang, Yufeng Peng, Xin Lu, Zhijing Sun, Chengjie Ge, Zihao Li, Zishun Liao, Ziang Zhou, Qiyu Kang, Xueyang Fu, Zheng-Jun Zha, Yuqian Zhang, Shuai Liu, Jie Liu, Zhuhao Zhang, Lishen Qu, Zhihao Liu, Shihao Zhou, Yaqi Luo, Juncheng Zhou, Jufeng Yang, Qianfeng Yang, Qiyuan Guan, Xiang Chen, Guiyue Jin, Jiyu Jin",AIM,https://openaccess.thecvf.com/content/ICCV2025W/AIM/html/Ciubotariu_AIM_2025_Challenge_on_High_FPS_Motion_Deblurring_Methods_and_ICCVW_2025_paper.html,https://openaccess.thecvf.com/content/ICCV2025W/AIM/papers/Ciubotariu_AIM_2025_Challenge_on_High_FPS_Motion_Deblurring_Methods_and_ICCVW_2025_paper.pdf,https://arxiv.org/abs/2509.06793
109,Dataset,"AIM 2025 Low-light RAW Video Denoising Challenge: Dataset, Methods and Results","Alexander Yakovenko, George Chakvetadze, Ilya Khrapov, Maksim Zhelezov, Dmitry Vatolin, Radu Timofte, Youngjin Oh, Junhyeong Kwon, Junyoung Park, Nam Ik Cho, Senyan Xu, Ruixuan Jiang, Long Peng, Xueyang Fu, Zheng-Jun Zha, Xiaoping Peng, Hansen Feng, Zhanyi Tie, Ziming Xia, Lizhi Wang",AIM,https://openaccess.thecvf.com/content/ICCV2025W/AIM/html/Yakovenko_AIM_2025_Low-light_RAW_Video_Denoising_Challenge_Dataset_Methods_and_ICCVW_2025_paper.html,https://openaccess.thecvf.com/content/ICCV2025W/AIM/papers/Yakovenko_AIM_2025_Low-light_RAW_Video_Denoising_Challenge_Dataset_Methods_and_ICCVW_2025_paper.pdf,https://arxiv.org/abs/2508.16830
110,Dataset,NeuReg: Domain-Invariant Brain Registration Across Species and Modalities,"Taha Razzaq, Asim Iqbal",BIC,https://openaccess.thecvf.com/content/ICCV2025W/BIC/html/Razzaq_NeuReg_Domain-Invariant_Brain_Registration_Across_Species_and_Modalities_ICCVW_2025_paper.html,https://openaccess.thecvf.com/content/ICCV2025W/BIC/papers/Razzaq_NeuReg_Domain-Invariant_Brain_Registration_Across_Species_and_Modalities_ICCVW_2025_paper.pdf,
111,Dataset,Context-Aware Image Caption Editing via Hallucination-Resistant Visual Instruction Tuning,"Yoonhyung Kim, Byung Ok Kang, Hwa Jeon Song",CLVL,https://openaccess.thecvf.com/content/ICCV2025W/CLVL/html/Kim_Context-Aware_Image_Caption_Editing_via_Hallucination-Resistant_Visual_Instruction_Tuning_ICCVW_2025_paper.html,https://openaccess.thecvf.com/content/ICCV2025W/CLVL/papers/Kim_Context-Aware_Image_Caption_Editing_via_Hallucination-Resistant_Visual_Instruction_Tuning_ICCVW_2025_paper.pdf,
112,Dataset,Evaluation of Human Visual Privacy Protection: Three-Dimensional Framework and Benchmark Dataset,"Sara Abdulaziz, Giacomo D'amicantonio, Egor Bondarev",CV4BIOM,https://openaccess.thecvf.com/content/ICCV2025W/CV4BIOM/html/Abdulaziz_Evaluation_of_Human_Visual_Privacy_Protection_Three-Dimensional_Framework_and_Benchmark_ICCVW_2025_paper.html,https://openaccess.thecvf.com/content/ICCV2025W/CV4BIOM/papers/Abdulaziz_Evaluation_of_Human_Visual_Privacy_Protection_Three-Dimensional_Framework_and_Benchmark_ICCVW_2025_paper.pdf,
113,Dataset,Seeing the Signs: A Survey of Edge-Deployable OCR Models for Billboard Visibility Analysis,"Maciej Szankin, Vidhyananth Ramasamy Venkatasamy, Lihang Ying",CVAM,https://openaccess.thecvf.com/content/ICCV2025W/CVAM/html/Szankin_Seeing_the_Signs_A_Survey_of_Edge-Deployable_OCR_Models_for_ICCVW_2025_paper.html,https://openaccess.thecvf.com/content/ICCV2025W/CVAM/papers/Szankin_Seeing_the_Signs_A_Survey_of_Edge-Deployable_OCR_Models_for_ICCVW_2025_paper.pdf,https://arxiv.org/abs/2507.11730
114,Dataset,AI vs. Human Moderators: A Comparative Evaluation of Multimodal LLMs in Content Moderation for Brand Safety,"Adi Levi, Or Levi, Sardhendu Mishra, Jonathan Morra",CVAM,https://openaccess.thecvf.com/content/ICCV2025W/CVAM/html/Levi_AI_vs._Human_Moderators_A_Comparative_Evaluation_of_Multimodal_LLMs_ICCVW_2025_paper.html,https://openaccess.thecvf.com/content/ICCV2025W/CVAM/papers/Levi_AI_vs._Human_Moderators_A_Comparative_Evaluation_of_Multimodal_LLMs_ICCVW_2025_paper.pdf,https://arxiv.org/abs/2508.05527
115,Dataset,Scaling Open-Vocabulary Action Detection,"Zhen Hao Sia, Yogesh Singh Rawat",Findings,https://openaccess.thecvf.com/content/ICCV2025W/Findings/html/Sia_Scaling_Open-Vocabulary_Action_Detection_ICCVW_2025_paper.html,https://openaccess.thecvf.com/content/ICCV2025W/Findings/papers/Sia_Scaling_Open-Vocabulary_Action_Detection_ICCVW_2025_paper.pdf,https://arxiv.org/abs/2504.03096
116,Dataset,Data Leakage in Visual Datasets,"Patrick Ramos, Ryan Ramos, Noa Garcia",Findings,https://openaccess.thecvf.com/content/ICCV2025W/Findings/html/Ramos_Data_Leakage_in_Visual_Datasets_ICCVW_2025_paper.html,https://openaccess.thecvf.com/content/ICCV2025W/Findings/papers/Ramos_Data_Leakage_in_Visual_Datasets_ICCVW_2025_paper.pdf,https://arxiv.org/abs/2508.17416
117,Dataset,BadPatch: Diffusion-Based Generation of Physical Adversarial Patches,"Zhixiang Wang, Xingjun Ma, Yu-Gang Jiang",Findings,https://openaccess.thecvf.com/content/ICCV2025W/Findings/html/Wang_BadPatch_Diffusion-Based_Generation_of_Physical_Adversarial_Patches_ICCVW_2025_paper.html,https://openaccess.thecvf.com/content/ICCV2025W/Findings/papers/Wang_BadPatch_Diffusion-Based_Generation_of_Physical_Adversarial_Patches_ICCVW_2025_paper.pdf,https://arxiv.org/abs/2412.01440
118,Dataset,Video-MMLU: A Massive Multi-Discipline Lecture Understanding Benchmark,"Enxin Song, Wenhao Chai, Weili Xu, Jianwen Xie, Yuxuan Liu, Gaoang Wang",Findings,https://openaccess.thecvf.com/content/ICCV2025W/Findings/html/Song_Video-MMLU_A_Massive_Multi-Discipline_Lecture_Understanding_Benchmark_ICCVW_2025_paper.html,https://openaccess.thecvf.com/content/ICCV2025W/Findings/papers/Song_Video-MMLU_A_Massive_Multi-Discipline_Lecture_Understanding_Benchmark_ICCVW_2025_paper.pdf,https://arxiv.org/abs/2504.14693
119,Dataset,CST Anti-UAV: A Thermal Infrared Benchmark for Tiny UAV Tracking in Complex Scenes,"Bin Xie, Congxuan Zhang, Fagan Wang, Peng Liu, Feng Lu, Zhen Chen, Weiming Hu",Findings,https://openaccess.thecvf.com/content/ICCV2025W/Findings/html/Xie_CST_Anti-UAV_A_Thermal_Infrared_Benchmark_for_Tiny_UAV_Tracking_ICCVW_2025_paper.html,https://openaccess.thecvf.com/content/ICCV2025W/Findings/papers/Xie_CST_Anti-UAV_A_Thermal_Infrared_Benchmark_for_Tiny_UAV_Tracking_ICCVW_2025_paper.pdf,https://arxiv.org/abs/2507.23473
120,Dataset,M3DocVQA: Multi-modal Multi-page Multi-document Understanding,"Jaemin Cho, Debanjan Mahata, Ozan Irsoy, Yujie He, Mohit Bansal",Findings,https://openaccess.thecvf.com/content/ICCV2025W/Findings/html/Cho_M3DocVQA_Multi-modal_Multi-page_Multi-document_Understanding_ICCVW_2025_paper.html,https://openaccess.thecvf.com/content/ICCV2025W/Findings/papers/Cho_M3DocVQA_Multi-modal_Multi-page_Multi-document_Understanding_ICCVW_2025_paper.pdf,
121,Dataset,"MARS2 2025 Challenge on Multimodal Reasoning: Datasets, Methods, Results, Discussion, and Outlook","Peng Xu, Shengwu Xiong, Jiajun Zhang, Yaxiong Chen, Bowen Zhou, Chen Change Loy, David Clifton, Kyoung Mu Lee, Luc Van Gool, Ruiming He, Ruilin Yao, Xinwei Long, Jirui Huang, Kai Tian, Sa Yang, Yihua Shao, Jin Feng, Yue Zhong, Jiakai Zhou, Cheng Tang, Tianyu Zou, Yifang Zhang, Junming Liang, Guoyou Li, Zhaoxiang Wang, Qiang Zhou, Yichen Zhao, Shili Xiong, Hyeongjin Nam, Jaerin Lee, Jaeyoung Chung, JoonKyu Park, Junghun Oh, Kanggeon Lee, Wooseok Lee, Juneyoung Ro, Turghun Osman, Can Hu, Chaoyang Liao, Cheng Chen, Chengcheng Han, Chenhao Qiu, Chong Peng, Cong Xu, Dailin Li, Feiyu Wang, Feng Gao, Guibo Zhu, Guopeng Tang, Haibo Lu, Han Fang, Han Qi, Hanxiao Wu, Haobo Cheng, Hongbo Sun, Hongyao Chen, Huayong Hu, Hui Li, Jiaheng Ma, Jiang Yu, Jianing Wang, Jie Yang, Jing He, Jinglin Zhou, Jingxuan Li, Josef Kittler, Lihao Zheng, Linnan Zhao, Mengxi Jia, Muyang Yan, Thanh Thien Nguyen, Pu Luo, Qi Li, Shien Song, Shijie Dong, Shuai Shao, Shutao Li, Taofeng Xue, Tianyang Xu, Tianyi Gao, Tingting Li, Wei Zhang, Weiyang Su, Xiaodong Dong, Xiao-Jun Wu, Xiaopeng Zhou, Xin Chen, Xin Wei, Xinyi You, Xudong Kang, Xujie Zhou, Xusheng Liu, Yanan Wang, Yanbin Huang, Yang Liu, Yang Yang, Yanglin Deng, Yashu Kang, Ye Yuan, Yi Wen, Yicen Tian, Yilin Tao, Yin Tang, Yipeng Lin, Yiqing Wang, Yiting Xi, Yongkang Yu, Yumei Li, Yuxin Qin, Yuying Chen, Yuzhe Cen, Zhaofan Zou, Zhaohong Liu, Zhehao Shen, Zhenglin Du, Zhengyang Li, Zhenni Huang, Zhenwei Shao, Zhilong Song, Zhiyong Feng, Zhiyu Wang, Zhou Yu, Ziang Li, Zihan Zhai, Zijian Zhang, Ziyang Peng, Ziyun Xiao, Zongshu Li",MARS2,https://openaccess.thecvf.com/content/ICCV2025W/MARS2/html/Xu_MARS2_2025_Challenge_on_Multimodal_Reasoning_Datasets_Methods_Results_Discussion_ICCVW_2025_paper.html,https://openaccess.thecvf.com/content/ICCV2025W/MARS2/papers/Xu_MARS2_2025_Challenge_on_Multimodal_Reasoning_Datasets_Methods_Results_Discussion_ICCVW_2025_paper.pdf,https://arxiv.org/abs/2509.14142
122,Dataset,How Well Do Vision-Language Models Understand Cities? A Comparative Study on Spatial Reasoning from Street-View Images,"Juneyoung Ro, Namwoo Kim, Yoonjin Yoon",MARS2,https://openaccess.thecvf.com/content/ICCV2025W/MARS2/html/Ro_How_Well_Do_Vision-Language_Models_Understand_Cities__A_Comparative_ICCVW_2025_paper.html,https://openaccess.thecvf.com/content/ICCV2025W/MARS2/papers/Ro_How_Well_Do_Vision-Language_Models_Understand_Cities__A_Comparative_ICCVW_2025_paper.pdf,https://arxiv.org/abs/2508.21565
123,Dataset,Generating Tennis Action Instruction Based on a Large Language Model,"Zhiyuan Wang, Zhiqian Xia, Guangyao Zhao, Kaiyue Lu, Haifeng Xia, Siyu Xia",AMFG,https://openaccess.thecvf.com/content/ICCV2025W/AMFG/html/Wang_Generating_Tennis_Action_Instruction_Based_on_a_Large_Language_Model_ICCVW_2025_paper.html,https://openaccess.thecvf.com/content/ICCV2025W/AMFG/papers/Wang_Generating_Tennis_Action_Instruction_Based_on_a_Large_Language_Model_ICCVW_2025_paper.pdf,
124,Dataset,Fitting Image Diffusion Models on Video Datasets,"Juhun Lee, Simon S. Woo",AMFG,https://openaccess.thecvf.com/content/ICCV2025W/AMFG/html/Lee_Fitting_Image_Diffusion_Models_on_Video_Datasets_ICCVW_2025_paper.html,https://openaccess.thecvf.com/content/ICCV2025W/AMFG/papers/Lee_Fitting_Image_Diffusion_Models_on_Video_Datasets_ICCVW_2025_paper.pdf,https://arxiv.org/abs/2509.03794
125,Dataset,SignLLM: Sign Language Production Large Language Models,"Sen Fang, Chen Chen, Lei Wang, Ce Zheng, Chunyu Sui, Yapeng Tian",CV4A11y,https://openaccess.thecvf.com/content/ICCV2025W/CV4A11y/html/Fang_SignLLM_Sign_Language_Production_Large_Language_Models_ICCVW_2025_paper.html,https://openaccess.thecvf.com/content/ICCV2025W/CV4A11y/papers/Fang_SignLLM_Sign_Language_Production_Large_Language_Models_ICCVW_2025_paper.pdf,https://arxiv.org/abs/2405.10718
126,Dataset,RampNet: A Two-Stage Pipeline for Bootstrapping Curb Ramp Detection in Streetscape Images from Open Government Metadata,"John S. O'Meara, Jared Hwang, Zeyu Wang, Michael Saugstad, Jon E. Froehlich",CV4A11y,https://openaccess.thecvf.com/content/ICCV2025W/CV4A11y/html/OMeara_RampNet_A_Two-Stage_Pipeline_for_Bootstrapping_Curb_Ramp_Detection_in_ICCVW_2025_paper.html,https://openaccess.thecvf.com/content/ICCV2025W/CV4A11y/papers/OMeara_RampNet_A_Two-Stage_Pipeline_for_Bootstrapping_Curb_Ramp_Detection_in_ICCVW_2025_paper.pdf,
127,Dataset,T3D: Advancing 3D Medical Vision-Language Pre-training by Learning Multi-View Visual Consistency,"Che Liu, Cheng Ouyang, Yinda Chen, César Quilodrán-Casas, Lei Ma, Jie Fu, Yike Guo, Anand Shah, Wenjia Bai, Rossella Arcucci",VLM3D,https://openaccess.thecvf.com/content/ICCV2025W/VLM3D/html/Liu_T3D_Advancing_3D_Medical_Vision-Language_Pre-training_by_Learning_Multi-View_Visual_ICCVW_2025_paper.html,https://openaccess.thecvf.com/content/ICCV2025W/VLM3D/papers/Liu_T3D_Advancing_3D_Medical_Vision-Language_Pre-training_by_Learning_Multi-View_Visual_ICCVW_2025_paper.pdf,https://arxiv.org/abs/2312.01529
128,Dataset,CT-GRAPH: Hierarchical Graph Attention Network for Anatomy-Guided CT Report Generation,"Hamza Kalisch, Fabian Hörst, Jens Kleesiek, Ken Herrmann, Constantin Seibold",VLM3D,https://openaccess.thecvf.com/content/ICCV2025W/VLM3D/html/Kalisch_CT-GRAPH_Hierarchical_Graph_Attention_Network_for_Anatomy-Guided_CT_Report_Generation_ICCVW_2025_paper.html,https://openaccess.thecvf.com/content/ICCV2025W/VLM3D/papers/Kalisch_CT-GRAPH_Hierarchical_Graph_Attention_Network_for_Anatomy-Guided_CT_Report_Generation_ICCVW_2025_paper.pdf,
129,Dataset,Foundation Models for Multimodal MRI Synthesis with Language Guidance,"Mahmut Yurt, Xiaozhi Cao, Zihan Zhou, Kawin Setsompop, Shreyas Vasanawala, John Pauly",VLM3D,https://openaccess.thecvf.com/content/ICCV2025W/VLM3D/html/Yurt_Foundation_Models_for_Multimodal_MRI_Synthesis_with_Language_Guidance_ICCVW_2025_paper.html,https://openaccess.thecvf.com/content/ICCV2025W/VLM3D/papers/Yurt_Foundation_Models_for_Multimodal_MRI_Synthesis_with_Language_Guidance_ICCVW_2025_paper.pdf,
130,Dataset,VolDoGer: LLM-assisted Datasets for Domain Generalization in Vision-Language Tasks,"Juhwan Choi, Junehyoung Kwon, Jungmin Yun, Seunguk Yu, Youngbin Kim",CDEL,https://openaccess.thecvf.com/content/ICCV2025W/CDEL/html/Choi_VolDoGer_LLM-assisted_Datasets_for_Domain_Generalization_in_Vision-Language_Tasks_ICCVW_2025_paper.html,https://openaccess.thecvf.com/content/ICCV2025W/CDEL/papers/Choi_VolDoGer_LLM-assisted_Datasets_for_Domain_Generalization_in_Vision-Language_Tasks_ICCVW_2025_paper.pdf,https://arxiv.org/abs/2407.19795
131,Dataset,Task-Specific Generative Dataset Distillation with Difficulty-Guided Sampling,"Mingzhuo Li, Guang Li, Jiafeng Mao, Linfeng Ye, Takahiro Ogawa, Miki Haseyama",CDEL,https://openaccess.thecvf.com/content/ICCV2025W/CDEL/html/Li_Task-Specific_Generative_Dataset_Distillation_with_Difficulty-Guided_Sampling_ICCVW_2025_paper.html,https://openaccess.thecvf.com/content/ICCV2025W/CDEL/papers/Li_Task-Specific_Generative_Dataset_Distillation_with_Difficulty-Guided_Sampling_ICCVW_2025_paper.pdf,https://arxiv.org/abs/2507.03331
132,Dataset,Objaverse++: Curated 3D Object Dataset with Quality Annotations,"Chendi Lin, Heshan Liu, Qunshu Lin, Zachary Bright, Shitao Tang, Yihui He, Minghao Liu, Ling Zhu, Cindy Le",CDEL,https://openaccess.thecvf.com/content/ICCV2025W/CDEL/html/Lin_Objaverse_Curated_3D_Object_Dataset_with_Quality_Annotations_ICCVW_2025_paper.html,https://openaccess.thecvf.com/content/ICCV2025W/CDEL/papers/Lin_Objaverse_Curated_3D_Object_Dataset_with_Quality_Annotations_ICCVW_2025_paper.pdf,https://arxiv.org/abs/2504.07334
133,Dataset,Human Preference-Aligned Concept Customization Benchmark via Decomposed Evaluation,"Reina Ishikawa, Ryo Fujii, Hideo Saito, Ryo Hachiuma",P13N,https://openaccess.thecvf.com/content/ICCV2025W/P13N/html/Ishikawa_Human_Preference-Aligned_Concept_Customization_Benchmark_via_Decomposed_Evaluation_ICCVW_2025_paper.html,https://openaccess.thecvf.com/content/ICCV2025W/P13N/papers/Ishikawa_Human_Preference-Aligned_Concept_Customization_Benchmark_via_Decomposed_Evaluation_ICCVW_2025_paper.pdf,https://arxiv.org/abs/2509.03385
134,Dataset,PlantDreamer: Achieving Realistic 3D Plant Models with Diffusion-Guided Gaussian Splatting,"Zane K J Hartley, Lewis A G Stuart, Andrew P French, Michael P Pound",CVPPA,https://openaccess.thecvf.com/content/ICCV2025W/CVPPA/html/Hartley_PlantDreamer_Achieving_Realistic_3D_Plant_Models_with_Diffusion-Guided_Gaussian_Splatting_ICCVW_2025_paper.html,https://openaccess.thecvf.com/content/ICCV2025W/CVPPA/papers/Hartley_PlantDreamer_Achieving_Realistic_3D_Plant_Models_with_Diffusion-Guided_Gaussian_Splatting_ICCVW_2025_paper.pdf,https://arxiv.org/abs/2505.15528
135,Dataset,Modeling Time-Lapse Trajectories to Characterize Cranberry Growth,"Ronan John, Anis Chihoub, Ryan Meegan, Gina Sidelli, Jeffrey Neyhart, Peter Oudemans, Kristin Dana",CVPPA,https://openaccess.thecvf.com/content/ICCV2025W/CVPPA/html/John_Modeling_Time-Lapse_Trajectories_to_Characterize_Cranberry_Growth_ICCVW_2025_paper.html,https://openaccess.thecvf.com/content/ICCV2025W/CVPPA/papers/John_Modeling_Time-Lapse_Trajectories_to_Characterize_Cranberry_Growth_ICCVW_2025_paper.pdf,https://arxiv.org/abs/2510.08901
136,Dataset,"WeedSense: Multi-Task Learning for Weed Segmentation, Height Estimation, and Growth Stage Classification","Toqi Tahamid Sarker, Khaled R Ahmed, Taminul Islam, Cristiana Bernardi Rankrape, Karla Gage",CVPPA,https://openaccess.thecvf.com/content/ICCV2025W/CVPPA/html/Sarker_WeedSense_Multi-Task_Learning_for_Weed_Segmentation_Height_Estimation_and_Growth_ICCVW_2025_paper.html,https://openaccess.thecvf.com/content/ICCV2025W/CVPPA/papers/Sarker_WeedSense_Multi-Task_Learning_for_Weed_Segmentation_Height_Estimation_and_Growth_ICCVW_2025_paper.pdf,https://arxiv.org/abs/2508.14486
137,Dataset,Lighten-MST: Low-light Spectral Reconstruction via Illumination-guided Spectral-aware Transformer,"Yanan Hu, Xiaodong Wang, Zijun He, Xin Yuan",Responsible-Imaging,https://openaccess.thecvf.com/content/ICCV2025W/Responsible-Imaging/html/Hu_Lighten-MST_Low-light_Spectral_Reconstruction_via_Illumination-guided_Spectral-aware_Transformer_ICCVW_2025_paper.html,https://openaccess.thecvf.com/content/ICCV2025W/Responsible-Imaging/papers/Hu_Lighten-MST_Low-light_Spectral_Reconstruction_via_Illumination-guided_Spectral-aware_Transformer_ICCVW_2025_paper.pdf,
138,Dataset,ZOD : Zero-shot and Out-of-Distribution Detection Dataset for Document Images,"Talha Uddin Sheikh, Sankalp Sinha, Shino Sam, Didier Stricker, Muhammad Zeshan Afzal",VisionDocs,https://openaccess.thecvf.com/content/ICCV2025W/VisionDocs/html/Sheikh_ZOD__Zero-shot_and_Out-of-Distribution_Detection_Dataset_for_Document_Images_ICCVW_2025_paper.html,https://openaccess.thecvf.com/content/ICCV2025W/VisionDocs/papers/Sheikh_ZOD__Zero-shot_and_Out-of-Distribution_Detection_Dataset_for_Document_Images_ICCVW_2025_paper.pdf,
139,Dataset,CTC Transcription Alignment of the Bullinger Letters: Automatic Improvement of Annotation Quality,"Marco Peer, Anna Scius-Bertrand, Andreas Fischer",VisionDocs,https://openaccess.thecvf.com/content/ICCV2025W/VisionDocs/html/Peer_CTC_Transcription_Alignment_of_the_Bullinger_Letters_Automatic_Improvement_of_ICCVW_2025_paper.html,https://openaccess.thecvf.com/content/ICCV2025W/VisionDocs/papers/Peer_CTC_Transcription_Alignment_of_the_Bullinger_Letters_Automatic_Improvement_of_ICCVW_2025_paper.pdf,
140,Dataset,CoSMo: A Multimodal Transformer for Page Stream Segmentation in Comic Books,"Marc Serra Ortega, Emanuele Vivoli, Artemis Llabres, Dimosthenis Karatzas",VisionDocs,https://openaccess.thecvf.com/content/ICCV2025W/VisionDocs/html/Ortega_CoSMo_A_Multimodal_Transformer_for_Page_Stream_Segmentation_in_Comic_ICCVW_2025_paper.html,https://openaccess.thecvf.com/content/ICCV2025W/VisionDocs/papers/Ortega_CoSMo_A_Multimodal_Transformer_for_Page_Stream_Segmentation_in_Comic_ICCVW_2025_paper.pdf,https://arxiv.org/abs/2507.10053
141,Dataset,CoPa-SG: Dense Scene Graphs with Parametric and Proto-Relations,"Julian Lorenz, Mrunmai Phatak, Robin Schön, Katja Ludwig, Nico Hörmann, Annemarie Friedrich, Rainer Lienhart",SG2RL,https://openaccess.thecvf.com/content/ICCV2025W/SG2RL/html/Lorenz_CoPa-SG_Dense_Scene_Graphs_with_Parametric_and_Proto-Relations_ICCVW_2025_paper.html,https://openaccess.thecvf.com/content/ICCV2025W/SG2RL/papers/Lorenz_CoPa-SG_Dense_Scene_Graphs_with_Parametric_and_Proto-Relations_ICCVW_2025_paper.pdf,
142,Method,Dynamic Temporal Gating Networks for Cross-Modal Valence-Arousal Estimation,"Yubeen Lee, Sangeun Lee, Chaewon Park, Junyeop Cha, Eunil Park",ABAW,https://openaccess.thecvf.com/content/ICCV2025W/ABAW/html/Lee_Dynamic_Temporal_Gating_Networks_for_Cross-Modal_Valence-Arousal_Estimation_ICCVW_2025_paper.html,https://openaccess.thecvf.com/content/ICCV2025W/ABAW/papers/Lee_Dynamic_Temporal_Gating_Networks_for_Cross-Modal_Valence-Arousal_Estimation_ICCVW_2025_paper.pdf,
143,Method,Experimental Evaluation of the Impact of Robot Path Shape and Speed on Human Affective States in a Hallway-Passing Scenario,"Benjamin Greenberg, Michael Grossi, Sai Likhith Karri, Jingang Yi, Jacob Feldman, Karin Stromswold",ABAW,https://openaccess.thecvf.com/content/ICCV2025W/ABAW/html/Greenberg_Experimental_Evaluation_of_the_Impact_of_Robot_Path_Shape_and_ICCVW_2025_paper.html,https://openaccess.thecvf.com/content/ICCV2025W/ABAW/papers/Greenberg_Experimental_Evaluation_of_the_Impact_of_Robot_Path_Shape_and_ICCVW_2025_paper.pdf,
144,Method,Sweating the Stress: GSR Insights into Cognitive Load and Distraction,"Santiago Clemente, Layla Varghese, Valentina Nino, Maria Valero",ABAW,https://openaccess.thecvf.com/content/ICCV2025W/ABAW/html/Clemente_Sweating_the_Stress_GSR_Insights_into_Cognitive_Load_and_Distraction_ICCVW_2025_paper.html,https://openaccess.thecvf.com/content/ICCV2025W/ABAW/papers/Clemente_Sweating_the_Stress_GSR_Insights_into_Cognitive_Load_and_Distraction_ICCVW_2025_paper.pdf,
145,Method,From Emotions to Violence: Multimodal Fine-Grained Behavior Analysis at the 9th ABAW,"Dimitrios Kollias, Stefanos Zafeiriou, Irene Kotsia, Greg Slabaugh, Damith Chamalke Senadeera, Jianian Zheng, Kaushal Kumar Keshlal Yadav, Chunchang Shao, Guanyu Hu",ABAW,https://openaccess.thecvf.com/content/ICCV2025W/ABAW/html/Kollias_From_Emotions_to_Violence_Multimodal_Fine-Grained_Behavior_Analysis_at_the_ICCVW_2025_paper.html,https://openaccess.thecvf.com/content/ICCV2025W/ABAW/papers/Kollias_From_Emotions_to_Violence_Multimodal_Fine-Grained_Behavior_Analysis_at_the_ICCVW_2025_paper.pdf,
146,Method,Zero-Shot Multimodal Compound Expression Recognition Approach using Off-the-Shelf Large Visual-Language Models,"Elena Ryumina, Maxim Markitantov, Alexandr Axyonov, Dmitry Ryumin, Mikhail Dolgushin, Alexey Karpov",ABAW,https://openaccess.thecvf.com/content/ICCV2025W/ABAW/html/Ryumina_Zero-Shot_Multimodal_Compound_Expression_Recognition_Approach_using_Off-the-Shelf_Large_Visual-Language_ICCVW_2025_paper.html,https://openaccess.thecvf.com/content/ICCV2025W/ABAW/papers/Ryumina_Zero-Shot_Multimodal_Compound_Expression_Recognition_Approach_using_Off-the-Shelf_Large_Visual-Language_ICCVW_2025_paper.pdf,
147,Method,On the Use of Hierarchical Vision Foundation Models for Low-Cost Human Mesh Recovery and Pose Estimation,"Shuhei Tarashima, Yushan Wang, Norio Tagawa",ABAW,https://openaccess.thecvf.com/content/ICCV2025W/ABAW/html/Tarashima_On_the_Use_of_Hierarchical_Vision_Foundation_Models_for_Low-Cost_ICCVW_2025_paper.html,https://openaccess.thecvf.com/content/ICCV2025W/ABAW/papers/Tarashima_On_the_Use_of_Hierarchical_Vision_Foundation_Models_for_Low-Cost_ICCVW_2025_paper.pdf,https://arxiv.org/abs/2510.12660
148,Method,Aligning Multimodal Data for Fine-Grained Video Understanding via Cross-Attentive Recurrent Fusion,"Nam-Ho Kim, Jun-Hwa Kim",ABAW,https://openaccess.thecvf.com/content/ICCV2025W/ABAW/html/Kim_Aligning_Multimodal_Data_for_Fine-Grained_Video_Understanding_via_Cross-Attentive_Recurrent_ICCVW_2025_paper.html,https://openaccess.thecvf.com/content/ICCV2025W/ABAW/papers/Kim_Aligning_Multimodal_Data_for_Fine-Grained_Video_Understanding_via_Cross-Attentive_Recurrent_ICCVW_2025_paper.pdf,
149,Method,Multi-task Learning For Joint Action and Gesture Recognition,"Konstantinos Spathis, Nikolaos Kardaris, Petros Maragos",ABAW,https://openaccess.thecvf.com/content/ICCV2025W/ABAW/html/Spathis_Multi-task_Learning_For_Joint_Action_and_Gesture_Recognition_ICCVW_2025_paper.html,https://openaccess.thecvf.com/content/ICCV2025W/ABAW/papers/Spathis_Multi-task_Learning_For_Joint_Action_and_Gesture_Recognition_ICCVW_2025_paper.pdf,https://arxiv.org/abs/2505.17867
150,Method,Face Video Steganography for Privacy-protection Automatic Depression Assessment,"Xinyi Ni, Zijian Wu, Lu Liu, Siyang Song",ABAW,https://openaccess.thecvf.com/content/ICCV2025W/ABAW/html/Ni_Face_Video_Steganography_for_Privacy-protection_Automatic_Depression_Assessment_ICCVW_2025_paper.html,https://openaccess.thecvf.com/content/ICCV2025W/ABAW/papers/Ni_Face_Video_Steganography_for_Privacy-protection_Automatic_Depression_Assessment_ICCVW_2025_paper.pdf,
151,Method,VelocityNet: Real-Time Crowd Anomaly Detection via Person-Specific Velocity Analysis,"Fatima Alghamdi, Omar Alharbi, Abdullah Aldwyish, Raied Aljadaany, Muhammad Kamran J Khan, Huda Alamri",ABAW,https://openaccess.thecvf.com/content/ICCV2025W/ABAW/html/Alghamdi_VelocityNet_Real-Time_Crowd_Anomaly_Detection_via_Person-Specific_Velocity_Analysis_ICCVW_2025_paper.html,https://openaccess.thecvf.com/content/ICCV2025W/ABAW/papers/Alghamdi_VelocityNet_Real-Time_Crowd_Anomaly_Detection_via_Person-Specific_Velocity_Analysis_ICCVW_2025_paper.pdf,https://arxiv.org/abs/2510.18187
152,Method,Generalizable Visual Localization for Gaussian Splatting Scene Representations,"Fadi Khatib, Dror Moran, Guy Trostianetsky, Yoni Kasten, Meirav Galun, Ronen Basri",CALIPOSE,https://openaccess.thecvf.com/content/ICCV2025W/CALIPOSE/html/Khatib_Generalizable_Visual_Localization_for_Gaussian_Splatting_Scene_Representations_ICCVW_2025_paper.html,https://openaccess.thecvf.com/content/ICCV2025W/CALIPOSE/papers/Khatib_Generalizable_Visual_Localization_for_Gaussian_Splatting_Scene_Representations_ICCVW_2025_paper.pdf,https://arxiv.org/abs/2508.18242
153,Method,Alignment Scores: Robust Metrics for Multiview Pose Accuracy Evaluation,"Seong Hun Lee, Javier Civera",CALIPOSE,https://openaccess.thecvf.com/content/ICCV2025W/CALIPOSE/html/Lee_Alignment_Scores_Robust_Metrics_for_Multiview_Pose_Accuracy_Evaluation_ICCVW_2025_paper.html,https://openaccess.thecvf.com/content/ICCV2025W/CALIPOSE/papers/Lee_Alignment_Scores_Robust_Metrics_for_Multiview_Pose_Accuracy_Evaluation_ICCVW_2025_paper.pdf,https://arxiv.org/abs/2407.20391
154,Method,fCOP: Monocular Focal Length Estimation from Category-level Object Priors,"Xinyue Zhang, Jiaqi Yang, Xiangting Meng, Abdelrahman Mohamed, Laurent Kneip",CALIPOSE,https://openaccess.thecvf.com/content/ICCV2025W/CALIPOSE/html/Zhang_fCOP_Monocular_Focal_Length_Estimation_from_Category-level_Object_Priors_ICCVW_2025_paper.html,https://openaccess.thecvf.com/content/ICCV2025W/CALIPOSE/papers/Zhang_fCOP_Monocular_Focal_Length_Estimation_from_Category-level_Object_Priors_ICCVW_2025_paper.pdf,
155,Method,FUSELOC: Fusing Global and Local Descriptors for Fast and Robust 2D-3D Matching in Visual Localization,"Son Tung Nguyen, Alejandro Fontan, Michael Milford, Tobias Fischer",CALIPOSE,https://openaccess.thecvf.com/content/ICCV2025W/CALIPOSE/html/Nguyen_FUSELOC_Fusing_Global_and_Local_Descriptors_for_Fast_and_Robust_ICCVW_2025_paper.html,https://openaccess.thecvf.com/content/ICCV2025W/CALIPOSE/papers/Nguyen_FUSELOC_Fusing_Global_and_Local_Descriptors_for_Fast_and_Robust_ICCVW_2025_paper.pdf,
156,Method,Direct Camera Calibration from Vanishing Points via Polynomial Solvers,Norio Kosaka,CALIPOSE,https://openaccess.thecvf.com/content/ICCV2025W/CALIPOSE/html/Kosaka_Direct_Camera_Calibration_from_Vanishing_Points_via_Polynomial_Solvers_ICCVW_2025_paper.html,https://openaccess.thecvf.com/content/ICCV2025W/CALIPOSE/papers/Kosaka_Direct_Camera_Calibration_from_Vanishing_Points_via_Polynomial_Solvers_ICCVW_2025_paper.pdf,
157,Method,Sem-MASt3R: Semantically Guided Feature Matching with MASt3R,"Dario Tenore, Daniel Barath, Marc Pollefeys, Qunjie Zhou",CALIPOSE,https://openaccess.thecvf.com/content/ICCV2025W/CALIPOSE/html/Tenore_Sem-MASt3R_Semantically_Guided_Feature_Matching_with_MASt3R_ICCVW_2025_paper.html,https://openaccess.thecvf.com/content/ICCV2025W/CALIPOSE/papers/Tenore_Sem-MASt3R_Semantically_Guided_Feature_Matching_with_MASt3R_ICCVW_2025_paper.pdf,
158,Method,Optic Illusion Patterns for Accurate Camera Calibration,"Gaku Nakano, Takenobu Kiyama",CALIPOSE,https://openaccess.thecvf.com/content/ICCV2025W/CALIPOSE/html/Nakano_Optic_Illusion_Patterns_for_Accurate_Camera_Calibration_ICCVW_2025_paper.html,https://openaccess.thecvf.com/content/ICCV2025W/CALIPOSE/papers/Nakano_Optic_Illusion_Patterns_for_Accurate_Camera_Calibration_ICCVW_2025_paper.pdf,
159,Method,Model Ensemble to Fuse Geometric and Learning Solutions for Camera Rotation Estimation,"Bhuvan Aggarwal, Amit More, Mudit Soni, S Divakar Bhat",CALIPOSE,https://openaccess.thecvf.com/content/ICCV2025W/CALIPOSE/html/Aggarwal_Model_Ensemble_to_Fuse_Geometric_and_Learning_Solutions_for_Camera_ICCVW_2025_paper.html,https://openaccess.thecvf.com/content/ICCV2025W/CALIPOSE/papers/Aggarwal_Model_Ensemble_to_Fuse_Geometric_and_Learning_Solutions_for_Camera_ICCVW_2025_paper.pdf,
160,Method,Rotation Estimation of Multiple In-Vehicle Cameras from Dual FoV,"Jun Sato, Fumihiko Sakaue, Shunya Kumano, Yusuke Ueda, Naoki Kawasaki",CALIPOSE,https://openaccess.thecvf.com/content/ICCV2025W/CALIPOSE/html/Sato_Rotation_Estimation_of_Multiple_In-Vehicle_Cameras_from_Dual_FoV_ICCVW_2025_paper.html,https://openaccess.thecvf.com/content/ICCV2025W/CALIPOSE/papers/Sato_Rotation_Estimation_of_Multiple_In-Vehicle_Cameras_from_Dual_FoV_ICCVW_2025_paper.pdf,
161,Method,Motion-Refined DINOSAUR for Unsupervised Multi-Object Discovery,"Xinrui Gong, Oliver Hahn, Christoph Reich, Krishnakant Singh, Simone Schaub-Meyer, Daniel Cremers, Stefan Roth",ILR+G,https://openaccess.thecvf.com/content/ICCV2025W/ILR%2BG/html/Gong_Motion-Refined_DINOSAUR_for_Unsupervised_Multi-Object_Discovery_ICCVW_2025_paper.html,https://openaccess.thecvf.com/content/ICCV2025W/ILR+G/papers/Gong_Motion-Refined_DINOSAUR_for_Unsupervised_Multi-Object_Discovery_ICCVW_2025_paper.pdf,https://arxiv.org/abs/2509.02545
162,Method,From Global to Local: Social Bias Transfer in CLIP,"Ryan Ramos, Yusuke Hirota, Yuta Nakashima, Noa Garcia",STREAM,https://openaccess.thecvf.com/content/ICCV2025W/STREAM/html/Ramos_From_Global_to_Local_Social_Bias_Transfer_in_CLIP_ICCVW_2025_paper.html,https://openaccess.thecvf.com/content/ICCV2025W/STREAM/papers/Ramos_From_Global_to_Local_Social_Bias_Transfer_in_CLIP_ICCVW_2025_paper.pdf,https://arxiv.org/abs/2508.17750
163,Method,Extracting Uncertainty Estimates from Mixtures of Experts for Semantic Segmentation,"Svetlana Pavlitska, Beyza Keskin, Alwin Faßbender, Christian Hubschneider, J. Marius Zöllner",STREAM,https://openaccess.thecvf.com/content/ICCV2025W/STREAM/html/Pavlitska_Extracting_Uncertainty_Estimates_from_Mixtures_of_Experts_for_Semantic_Segmentation_ICCVW_2025_paper.html,https://openaccess.thecvf.com/content/ICCV2025W/STREAM/papers/Pavlitska_Extracting_Uncertainty_Estimates_from_Mixtures_of_Experts_for_Semantic_Segmentation_ICCVW_2025_paper.pdf,
164,Method,Explain with Confidence: Fusing Saliency Maps for Faithful and Interpretable Weakly-Supervised Model,"Ayush Somani, Arif Ahmed Sekh, Dilip K. Prasad",STREAM,https://openaccess.thecvf.com/content/ICCV2025W/STREAM/html/Somani_Explain_with_Confidence_Fusing_Saliency_Maps_for_Faithful_and_Interpretable_ICCVW_2025_paper.html,https://openaccess.thecvf.com/content/ICCV2025W/STREAM/papers/Somani_Explain_with_Confidence_Fusing_Saliency_Maps_for_Faithful_and_Interpretable_ICCVW_2025_paper.pdf,
165,Method,COOkeD: Ensemble-Based OOD Detection in the Era of Zero-Shot CLIP,"Galadrielle Humblot-Renaux, Gianni Franchi, Sergio Escalera, Thomas B. Moeslund",STREAM,https://openaccess.thecvf.com/content/ICCV2025W/STREAM/html/Humblot-Renaux_COOkeD_Ensemble-Based_OOD_Detection_in_the_Era_of_Zero-Shot_CLIP_ICCVW_2025_paper.html,https://openaccess.thecvf.com/content/ICCV2025W/STREAM/papers/Humblot-Renaux_COOkeD_Ensemble-Based_OOD_Detection_in_the_Era_of_Zero-Shot_CLIP_ICCVW_2025_paper.pdf,
166,Method,Is It Certainly a Deepfake? Reliability Analysis in Detection & Generation Ecosystem,"Neslihan Kose, Anthony Rhodes, Umur Aybars Ciftci, Ilke Demir",STREAM,https://openaccess.thecvf.com/content/ICCV2025W/STREAM/html/Kose_Is_It_Certainly_a_Deepfake_Reliability_Analysis_in_Detection__ICCVW_2025_paper.html,https://openaccess.thecvf.com/content/ICCV2025W/STREAM/papers/Kose_Is_It_Certainly_a_Deepfake_Reliability_Analysis_in_Detection__ICCVW_2025_paper.pdf,https://arxiv.org/abs/2509.17550
167,Method,Data Bias Mitigation and Evaluation Framework for Diffusion-based Generative Face Models,"Hao Yu, Margrit Betke, Sarah Adel Bargal",STREAM,https://openaccess.thecvf.com/content/ICCV2025W/STREAM/html/Yu_Data_Bias_Mitigation_and_Evaluation_Framework_for_Diffusion-based_Generative_Face_ICCVW_2025_paper.html,https://openaccess.thecvf.com/content/ICCV2025W/STREAM/papers/Yu_Data_Bias_Mitigation_and_Evaluation_Framework_for_Diffusion-based_Generative_Face_ICCVW_2025_paper.pdf,
168,Method,Enhancing Vision-Language Models for Zero-Shot Video Action Recognition via Visual-Textual Refinement and Improved Interpretability,"Adeel Yousaf, Mubarak Shah",STREAM,https://openaccess.thecvf.com/content/ICCV2025W/STREAM/html/Yousaf_Enhancing_Vision-Language_Models_for_Zero-Shot_Video_Action_Recognition_via_Visual-Textual_ICCVW_2025_paper.html,https://openaccess.thecvf.com/content/ICCV2025W/STREAM/papers/Yousaf_Enhancing_Vision-Language_Models_for_Zero-Shot_Video_Action_Recognition_via_Visual-Textual_ICCVW_2025_paper.pdf,
169,Method,Robust Experts: The Effect of Adversarial Training on CNNs with Sparse Mixture-of-Experts Layers,"Svetlana Pavlitska, Haixi Fan, Konstantin Ditschuneit, J. Marius Zöllner",STREAM,https://openaccess.thecvf.com/content/ICCV2025W/STREAM/html/Pavlitska_Robust_Experts_The_Effect_of_Adversarial_Training_on_CNNs_with_ICCVW_2025_paper.html,https://openaccess.thecvf.com/content/ICCV2025W/STREAM/papers/Pavlitska_Robust_Experts_The_Effect_of_Adversarial_Training_on_CNNs_with_ICCVW_2025_paper.pdf,https://arxiv.org/abs/2509.05086
170,Method,GenAI Confessions: Black-box Membership Inference for Generative Image Models,"Matyas Bohacek, Hany Farid",STREAM,https://openaccess.thecvf.com/content/ICCV2025W/STREAM/html/Bohacek_GenAI_Confessions_Black-box_Membership_Inference_for_Generative_Image_Models_ICCVW_2025_paper.html,https://openaccess.thecvf.com/content/ICCV2025W/STREAM/papers/Bohacek_GenAI_Confessions_Black-box_Membership_Inference_for_Generative_Image_Models_ICCVW_2025_paper.pdf,https://arxiv.org/abs/2501.06399
171,Method,Are X-ray Landmark Detection Models Fair? A Preliminary Assessment and Mitigation Strategy,"Roberto Di Via, Massimiliano Ciranni, Davide Marinelli, Allison Clement, Nikil Patel, Julian Wyatt, Francesca Odone, Matteo Santacesaria, Irina Voiculescu, Vito Paolo Pastore",STREAM,https://openaccess.thecvf.com/content/ICCV2025W/STREAM/html/Di_Via_Are_X-ray_Landmark_Detection_Models_Fair_A_Preliminary_Assessment_and_ICCVW_2025_paper.html,https://openaccess.thecvf.com/content/ICCV2025W/STREAM/papers/Di_Via_Are_X-ray_Landmark_Detection_Models_Fair_A_Preliminary_Assessment_and_ICCVW_2025_paper.pdf,
172,Method,DiViD: Disentangled Video Diffusion for Static-Dynamic Factorization,"Marzieh Gheisari, Auguste Genovesio",DRL4Real,https://openaccess.thecvf.com/content/ICCV2025W/DRL4Real/html/Gheisari_DiViD_Disentangled_Video_Diffusion_for_Static-Dynamic_Factorization_ICCVW_2025_paper.html,https://openaccess.thecvf.com/content/ICCV2025W/DRL4Real/papers/Gheisari_DiViD_Disentangled_Video_Diffusion_for_Static-Dynamic_Factorization_ICCVW_2025_paper.pdf,https://arxiv.org/abs/2507.13934
173,Method,Textual Semantics Matters: Unsupervised Representation Disentanglement in Realistic Scenarios with Language Inductive Bias,"Junhao Geng, Lexiang Lv, Jianxin Lin",DRL4Real,https://openaccess.thecvf.com/content/ICCV2025W/DRL4Real/html/Geng_Textual_Semantics_Matters_Unsupervised_Representation_Disentanglement_in_Realistic_Scenarios_with_ICCVW_2025_paper.html,https://openaccess.thecvf.com/content/ICCV2025W/DRL4Real/papers/Geng_Textual_Semantics_Matters_Unsupervised_Representation_Disentanglement_in_Realistic_Scenarios_with_ICCVW_2025_paper.pdf,
174,Method,Why Compress What You Can Generate? When GPT-4o Generation Ushers in Image Compression Fields,"Yixin Gao, Xiaohan Pan, Xin Li, Zhibo Chen",DRL4Real,https://openaccess.thecvf.com/content/ICCV2025W/DRL4Real/html/Gao_Why_Compress_What_You_Can_Generate_When_GPT-4o_Generation_Ushers_ICCVW_2025_paper.html,https://openaccess.thecvf.com/content/ICCV2025W/DRL4Real/papers/Gao_Why_Compress_What_You_Can_Generate_When_GPT-4o_Generation_Ushers_ICCVW_2025_paper.pdf,https://arxiv.org/abs/2504.21814
175,Method,Controllable Generation with Disentangled Representative Learning of Multiple Perspectives in Autonomous Driving,Haoran Jin,DRL4Real,https://openaccess.thecvf.com/content/ICCV2025W/DRL4Real/html/Jin_Controllable_Generation_with_Disentangled_Representative_Learning_of_Multiple_Perspectives_in_ICCVW_2025_paper.html,https://openaccess.thecvf.com/content/ICCV2025W/DRL4Real/papers/Jin_Controllable_Generation_with_Disentangled_Representative_Learning_of_Multiple_Perspectives_in_ICCVW_2025_paper.pdf,
176,Method,A Guided Fine-tuning Framework for Diffusion Models with Disentangled Semantic Priors for Multi-Factor Image Editing,"Baorui Peng, Zhongming Chen",DRL4Real,https://openaccess.thecvf.com/content/ICCV2025W/DRL4Real/html/Peng_A_Guided_Fine-tuning_Framework_for_Diffusion_Models_with_Disentangled_Semantic_ICCVW_2025_paper.html,https://openaccess.thecvf.com/content/ICCV2025W/DRL4Real/papers/Peng_A_Guided_Fine-tuning_Framework_for_Diffusion_Models_with_Disentangled_Semantic_ICCVW_2025_paper.pdf,
177,Method,FusionGen: Feature Fusion-Based Few-Shot EEG Data Generation,"Yuheng Chen, Dingkun Liu, Xinyao Yang, Xinping Xu, Baicheng Chen, Dongrui Wu",DRL4Real,https://openaccess.thecvf.com/content/ICCV2025W/DRL4Real/html/Chen_FusionGen_Feature_Fusion-Based_Few-Shot_EEG_Data_Generation_ICCVW_2025_paper.html,https://openaccess.thecvf.com/content/ICCV2025W/DRL4Real/papers/Chen_FusionGen_Feature_Fusion-Based_Few-Shot_EEG_Data_Generation_ICCVW_2025_paper.pdf,https://arxiv.org/abs/2510.10604
178,Method,Composite Reflections,"Abhishek Dangeti, Pavan Gajula, Vikram Jamwal",AI4VA,https://openaccess.thecvf.com/content/ICCV2025W/AI4VA/html/Dangeti_Composite_Reflections_ICCVW_2025_paper.html,https://openaccess.thecvf.com/content/ICCV2025W/AI4VA/papers/Dangeti_Composite_Reflections_ICCVW_2025_paper.pdf,
179,Method,Enhancing Artwork Style Clustering via Neural Representation Re-Alignment,"Abhishek Dangeti, Pavan Gajula, Vikram Jamwal, Vivek Srivastava",AI4VA,https://openaccess.thecvf.com/content/ICCV2025W/AI4VA/html/Dangeti_Enhancing_Artwork_Style_Clustering_via_Neural_Representation_Re-Alignment_ICCVW_2025_paper.html,https://openaccess.thecvf.com/content/ICCV2025W/AI4VA/papers/Dangeti_Enhancing_Artwork_Style_Clustering_via_Neural_Representation_Re-Alignment_ICCVW_2025_paper.pdf,
180,Method,Leveraging Diffusion Models for Stylization using Multiple Style Images,"Dan Ruta, Abdelaziz Djelouah, Raphael Ortiz, Christopher Schroers",AI4VA,https://openaccess.thecvf.com/content/ICCV2025W/AI4VA/html/Ruta_Leveraging_Diffusion_Models_for_Stylization_using_Multiple_Style_Images_ICCVW_2025_paper.html,https://openaccess.thecvf.com/content/ICCV2025W/AI4VA/papers/Ruta_Leveraging_Diffusion_Models_for_Stylization_using_Multiple_Style_Images_ICCVW_2025_paper.pdf,https://arxiv.org/abs/2508.12784
181,Method,Controllable Single-shot Animation Blending with Temporal Conditioning,"Eleni Tselepi, Spyridon Thermos, Gerasimos Potamianos",AI4VA,https://openaccess.thecvf.com/content/ICCV2025W/AI4VA/html/Tselepi_Controllable_Single-shot_Animation_Blending_with_Temporal_Conditioning_ICCVW_2025_paper.html,https://openaccess.thecvf.com/content/ICCV2025W/AI4VA/papers/Tselepi_Controllable_Single-shot_Animation_Blending_with_Temporal_Conditioning_ICCVW_2025_paper.pdf,https://arxiv.org/abs/2508.18525
182,Method,WP-CLIP: Leveraging CLIP to Predict Wolfflin's Principles in Visual Art,"Abhijay Ghildyal, Li-Yun Wang, Feng Liu",AI4VA,https://openaccess.thecvf.com/content/ICCV2025W/AI4VA/html/Ghildyal_WP-CLIP_Leveraging_CLIP_to_Predict_Wolfflins_Principles_in_Visual_Art_ICCVW_2025_paper.html,https://openaccess.thecvf.com/content/ICCV2025W/AI4VA/papers/Ghildyal_WP-CLIP_Leveraging_CLIP_to_Predict_Wolfflins_Principles_in_Visual_Art_ICCVW_2025_paper.pdf,
183,Method,LoRA-Loop: Closing the Synthetic Replay Cycle for Continual VLM Learning,"Kaihong Wang, Donghyun Kim, Margrit Betke",DataCV,https://openaccess.thecvf.com/content/ICCV2025W/DataCV/html/Wang_LoRA-Loop_Closing_the_Synthetic_Replay_Cycle_for_Continual_VLM_Learning_ICCVW_2025_paper.html,https://openaccess.thecvf.com/content/ICCV2025W/DataCV/papers/Wang_LoRA-Loop_Closing_the_Synthetic_Replay_Cycle_for_Continual_VLM_Learning_ICCVW_2025_paper.pdf,https://arxiv.org/abs/2507.13568
184,Method,DeepID Challenge of Detecting Synthetic Manipulations in ID Documents,"Pavel Korshunov, Vidit Vidit, Amir Mohammadi, Christophe Ecabert, Nevena Shamoska, Sébastien Marcel, Zeqin Yu, Ye Tian, Jiangqun Ni, Lazar Lazarevic, Renat Khizbullin, Anastasiia Evteeva, Alexey Tochin, Aleksei Grishin, Anjith George, Daniel Dealcala, Tamas Endrei, Javier Muñoz-Haro, Ruben Tolosana, Ruben Vera-Rodriguez, Aythami Morales, Julian Fierrez, György Cserey, Hardik Sharma, Sachin Chaudhary, Akshay Dudhane, Praful Hambarde, Amit Shukla, Prateek Shaily, Jayant Kumar, Ajinkya Hase, Satish Maurya, Mridul Sharma, Pallav Dwivedi",DeepID,https://openaccess.thecvf.com/content/ICCV2025W/DeepID/html/Korshunov_DeepID_Challenge_of_Detecting_Synthetic_Manipulations_in_ID_Documents_ICCVW_2025_paper.html,https://openaccess.thecvf.com/content/ICCV2025W/DeepID/papers/Korshunov_DeepID_Challenge_of_Detecting_Synthetic_Manipulations_in_ID_Documents_ICCVW_2025_paper.pdf,
185,Method,Remote Heart Rate Measurement Based on Near Infrared Prior Information,"Hang Shao, Chuanfei Hu",CVPM,https://openaccess.thecvf.com/content/ICCV2025W/CVPM/html/Shao_Remote_Heart_Rate_Measurement_Based_on_Near_Infrared_Prior_Information_ICCVW_2025_paper.html,https://openaccess.thecvf.com/content/ICCV2025W/CVPM/papers/Shao_Remote_Heart_Rate_Measurement_Based_on_Near_Infrared_Prior_Information_ICCVW_2025_paper.pdf,
186,Method,BeatFormer: Efficient motion-robust remote heart rate estimation through unsupervised spectral zoomed attention filters,"Joaquim Comas Martínez, Federico Sukno",CVPM,https://openaccess.thecvf.com/content/ICCV2025W/CVPM/html/Martinez_BeatFormer_Efficient_motion-robust_remote_heart_rate_estimation_through_unsupervised_spectral_ICCVW_2025_paper.html,https://openaccess.thecvf.com/content/ICCV2025W/CVPM/papers/Martinez_BeatFormer_Efficient_motion-robust_remote_heart_rate_estimation_through_unsupervised_spectral_ICCVW_2025_paper.pdf,
187,Method,Are Medical Image Generative Models Biologically Trustworthy?,"Suhyun Ahn, Wonjung Park, Jinah Park",BISCUIT,https://openaccess.thecvf.com/content/ICCV2025W/BISCUIT/html/Ahn_Are_Medical_Image_Generative_Models_Biologically_Trustworthy_ICCVW_2025_paper.html,https://openaccess.thecvf.com/content/ICCV2025W/BISCUIT/papers/Ahn_Are_Medical_Image_Generative_Models_Biologically_Trustworthy_ICCVW_2025_paper.pdf,
188,Method,SAM-SPJunc: Self-Prompting for Junction Detection in Retinal Images via Radius-Based Representations,"Minasadat Attari, Kannappan Palaniappan, Filiz Bunyak",BISCUIT,https://openaccess.thecvf.com/content/ICCV2025W/BISCUIT/html/Attari_SAM-SPJunc_Self-Prompting_for_Junction_Detection_in_Retinal_Images_via_Radius-Based_ICCVW_2025_paper.html,https://openaccess.thecvf.com/content/ICCV2025W/BISCUIT/papers/Attari_SAM-SPJunc_Self-Prompting_for_Junction_Detection_in_Retinal_Images_via_Radius-Based_ICCVW_2025_paper.pdf,
189,Method,AdeptHEQ-FL: Adaptive Homomorphic Encryption for Federated Learning of Hybrid Classical-Quantum Models with Dynamic Layer Sparing,"Md Abrar Jahin, Taufikur Rahman Fuad, M. F. Mridha, Nafiz Fahad, Md. Jakir Hossen",BISCUIT,https://openaccess.thecvf.com/content/ICCV2025W/BISCUIT/html/Jahin_AdeptHEQ-FL_Adaptive_Homomorphic_Encryption_for_Federated_Learning_of_Hybrid_Classical-Quantum_ICCVW_2025_paper.html,https://openaccess.thecvf.com/content/ICCV2025W/BISCUIT/papers/Jahin_AdeptHEQ-FL_Adaptive_Homomorphic_Encryption_for_Federated_Learning_of_Hybrid_Classical-Quantum_ICCVW_2025_paper.pdf,https://arxiv.org/abs/2507.07316
190,Method,Evaluating the Trustworthiness of Foundation Models for Skin Lesion Segmentation,"Yusung Chu, Byungho Oh, Sejung Yang",BISCUIT,https://openaccess.thecvf.com/content/ICCV2025W/BISCUIT/html/Chu_Evaluating_the_Trustworthiness_of_Foundation_Models_for_Skin_Lesion_Segmentation_ICCVW_2025_paper.html,https://openaccess.thecvf.com/content/ICCV2025W/BISCUIT/papers/Chu_Evaluating_the_Trustworthiness_of_Foundation_Models_for_Skin_Lesion_Segmentation_ICCVW_2025_paper.pdf,
191,Method,Dino2-DR: A Trustworthy and Explainable Vision Transformer for Cross-Domain Diabetic Retinopathy Grading,"Lucia Cascone, Luigi Di Biasi, Giuseppe Genito, Michele Nappi",BISCUIT,https://openaccess.thecvf.com/content/ICCV2025W/BISCUIT/html/Cascone_Dino2-DR_A_Trustworthy_and_Explainable_Vision_Transformer_for_Cross-Domain_Diabetic_ICCVW_2025_paper.html,https://openaccess.thecvf.com/content/ICCV2025W/BISCUIT/papers/Cascone_Dino2-DR_A_Trustworthy_and_Explainable_Vision_Transformer_for_Cross-Domain_Diabetic_ICCVW_2025_paper.pdf,
192,Method,Measuring and Addressing Information Leakage in Concept Bottleneck Models,"Raffael Schoen, Baptiste Abeloos, Stéphane Herbin",BISCUIT,https://openaccess.thecvf.com/content/ICCV2025W/BISCUIT/html/Schoen_Measuring_and_Addressing_Information_Leakage_in_Concept_Bottleneck_Models_ICCVW_2025_paper.html,https://openaccess.thecvf.com/content/ICCV2025W/BISCUIT/papers/Schoen_Measuring_and_Addressing_Information_Leakage_in_Concept_Bottleneck_Models_ICCVW_2025_paper.pdf,
193,Method,TrustMatch: Mitigating Pseudo-Label Bias in Semi-Supervised Learning with Trust-Aware Refinement,"Hongyang He, Yundi Hong",BISCUIT,https://openaccess.thecvf.com/content/ICCV2025W/BISCUIT/html/He_TrustMatch_Mitigating_Pseudo-Label_Bias_in_Semi-Supervised_Learning_with_Trust-Aware_Refinement_ICCVW_2025_paper.html,https://openaccess.thecvf.com/content/ICCV2025W/BISCUIT/papers/He_TrustMatch_Mitigating_Pseudo-Label_Bias_in_Semi-Supervised_Learning_with_Trust-Aware_Refinement_ICCVW_2025_paper.pdf,
194,Method,WaveDamp: Enhancing Natural Robustness in Endoscopy Through Wavelet-Based Frequency Damping,"Haiko Middeljans, Carolus H. J. Kusters, Tim J. M. Jaspers, Martijn R. Jong, Rixta A. H. Van Eijck Van Heslinga, Florance C. Slooter, Albert J. De Groof, Jacques J. Bergman, Peter H. N. De With, Fons Van Der Sommen",BISCUIT,https://openaccess.thecvf.com/content/ICCV2025W/BISCUIT/html/Middeljans_WaveDamp_Enhancing_Natural_Robustness_in_Endoscopy_Through_Wavelet-Based_Frequency_Damping_ICCVW_2025_paper.html,https://openaccess.thecvf.com/content/ICCV2025W/BISCUIT/papers/Middeljans_WaveDamp_Enhancing_Natural_Robustness_in_Endoscopy_Through_Wavelet-Based_Frequency_Damping_ICCVW_2025_paper.pdf,
195,Method,Sparse Hyperbolic Convolutional Networks with Enhanced Object Localization via GradCAM Analysis,"Vijayavallabh Jayamanikandan, Jithamanyu Settur, Lokesh Rajulapati, Raghunathan Rengaswamy",BEW,https://openaccess.thecvf.com/content/ICCV2025W/BEW/html/Jayamanikandan_Sparse_Hyperbolic_Convolutional_Networks_with_Enhanced_Object_Localization_via_GradCAM_ICCVW_2025_paper.html,https://openaccess.thecvf.com/content/ICCV2025W/BEW/papers/Jayamanikandan_Sparse_Hyperbolic_Convolutional_Networks_with_Enhanced_Object_Localization_via_GradCAM_ICCVW_2025_paper.pdf,
196,Method,Flatland and Beyond: Mutual Information Across Geometries,"Youssef Wally, Johan Mylius-Kroken, Michael Kampffmeyer, Rezvan Ehsani, Vladan Milosevic, Elisabeth Wetzer",BEW,https://openaccess.thecvf.com/content/ICCV2025W/BEW/html/Wally_Flatland_and_Beyond_Mutual_Information_Across_Geometries_ICCVW_2025_paper.html,https://openaccess.thecvf.com/content/ICCV2025W/BEW/papers/Wally_Flatland_and_Beyond_Mutual_Information_Across_Geometries_ICCVW_2025_paper.pdf,
197,Method,HAPPI: Hyperbolic Hierarchical Part Prototypes for Image Recognition,"Hooman Vaseli, Victoria Wu, Nima Kondori, Nguyen Nhat Minh To, Andrea Fung, Ang Nan Gu, Purang Abolmaesumi",BEW,https://openaccess.thecvf.com/content/ICCV2025W/BEW/html/Vaseli_HAPPI_Hyperbolic_Hierarchical_Part_Prototypes_for_Image_Recognition_ICCVW_2025_paper.html,https://openaccess.thecvf.com/content/ICCV2025W/BEW/papers/Vaseli_HAPPI_Hyperbolic_Hierarchical_Part_Prototypes_for_Image_Recognition_ICCVW_2025_paper.pdf,
198,Method,HIVE: A Hyperbolic Interactive Visualization Explorer for Representation Learning,"Thijmen Nijdam, Derck Prinzhorn, Jurgen de Heus, Thomas Brouwer",BEW,https://openaccess.thecvf.com/content/ICCV2025W/BEW/html/Nijdam_HIVE_A_Hyperbolic_Interactive_Visualization_Explorer_for_Representation_Learning_ICCVW_2025_paper.html,https://openaccess.thecvf.com/content/ICCV2025W/BEW/papers/Nijdam_HIVE_A_Hyperbolic_Interactive_Visualization_Explorer_for_Representation_Learning_ICCVW_2025_paper.pdf,
199,Method,Geometric Inductive Priors in Diffusion-Based Optical Flow Estimation,"Alberto Pepe, Paulo Dos Santos Mendonca, Joan Lasenby",BEW,https://openaccess.thecvf.com/content/ICCV2025W/BEW/html/Pepe_Geometric_Inductive_Priors_in_Diffusion-Based_Optical_Flow_Estimation_ICCVW_2025_paper.html,https://openaccess.thecvf.com/content/ICCV2025W/BEW/papers/Pepe_Geometric_Inductive_Priors_in_Diffusion-Based_Optical_Flow_Estimation_ICCVW_2025_paper.pdf,
200,Method,GFR-CAM: Gram-Schmidt Feature Reduction for Hierarchical Class Activation Maps,"Kaveh Safavigerdini, Bahram Yaghooti, Amir Erfan Zareei Shams Abadi, Kannappan Palaniappan",eXCV,https://openaccess.thecvf.com/content/ICCV2025W/eXCV/html/Safavigerdini_GFR-CAM_Gram-Schmidt_Feature_Reduction_for_Hierarchical_Class_Activation_Maps_ICCVW_2025_paper.html,https://openaccess.thecvf.com/content/ICCV2025W/eXCV/papers/Safavigerdini_GFR-CAM_Gram-Schmidt_Feature_Reduction_for_Hierarchical_Class_Activation_Maps_ICCVW_2025_paper.pdf,
201,Method,Interpretable Open-Vocabulary Referring Object Detection with Reverse Contrast Attention,"Drandreb Earl Juanico, Rowel Atienza, Jeffrey Kenneth Go",eXCV,https://openaccess.thecvf.com/content/ICCV2025W/eXCV/html/Juanico_Interpretable_Open-Vocabulary_Referring_Object_Detection_with_Reverse_Contrast_Attention_ICCVW_2025_paper.html,https://openaccess.thecvf.com/content/ICCV2025W/eXCV/papers/Juanico_Interpretable_Open-Vocabulary_Referring_Object_Detection_with_Reverse_Contrast_Attention_ICCVW_2025_paper.pdf,https://arxiv.org/abs/2507.19891
202,Method,Explaining Object Detection Through Difference Map,"Shujun Xia, Chenyang Zhao, Antoni Chan",eXCV,https://openaccess.thecvf.com/content/ICCV2025W/eXCV/html/Xia_Explaining_Object_Detection_Through_Difference_Map_ICCVW_2025_paper.html,https://openaccess.thecvf.com/content/ICCV2025W/eXCV/papers/Xia_Explaining_Object_Detection_Through_Difference_Map_ICCVW_2025_paper.pdf,
203,Method,Rethinking Explainer Trust: A Position on the Inconsistencies of Visual Explanations in Weakly Supervised Segmentation,"Ayush Somani, Dilip K. Prasad",eXCV,https://openaccess.thecvf.com/content/ICCV2025W/eXCV/html/Somani_Rethinking_Explainer_Trust_A_Position_on_the_Inconsistencies_of_Visual_ICCVW_2025_paper.html,https://openaccess.thecvf.com/content/ICCV2025W/eXCV/papers/Somani_Rethinking_Explainer_Trust_A_Position_on_the_Inconsistencies_of_Visual_ICCVW_2025_paper.pdf,
204,Method,Do VLMs Have Bad Eyes? Diagnosing Compositional Failures via Mechanistic Interpretability,"Ashwath Vaithinathan Aravindan, Abha Jha, Mihir Kulkarni",eXCV,https://openaccess.thecvf.com/content/ICCV2025W/eXCV/html/Aravindan_Do_VLMs_Have_Bad_Eyes_Diagnosing_Compositional_Failures_via_Mechanistic_ICCVW_2025_paper.html,https://openaccess.thecvf.com/content/ICCV2025W/eXCV/papers/Aravindan_Do_VLMs_Have_Bad_Eyes_Diagnosing_Compositional_Failures_via_Mechanistic_ICCVW_2025_paper.pdf,https://arxiv.org/abs/2508.16652
205,Method,Simplifying Traffic Anomaly Detection with Video Foundation Models,"Svetlana Orlova, Tommie Kerssies, Brunó B. Englert, Gijs Dubbelman",2COOOL,https://openaccess.thecvf.com/content/ICCV2025W/2COOOL/html/Orlova_Simplifying_Traffic_Anomaly_Detection_with_Video_Foundation_Models_ICCVW_2025_paper.html,https://openaccess.thecvf.com/content/ICCV2025W/2COOOL/papers/Orlova_Simplifying_Traffic_Anomaly_Detection_with_Video_Foundation_Models_ICCVW_2025_paper.pdf,https://arxiv.org/abs/2507.09338
206,Method,Uncertainty-Aware Likelihood Ratio Estimation for Pixel-Wise Out-of-Distribution Detection,"Marc Hölle, Walter Kellermann, Vasileios Belagiannis",2COOOL,https://openaccess.thecvf.com/content/ICCV2025W/2COOOL/html/Holle_Uncertainty-Aware_Likelihood_Ratio_Estimation_for_Pixel-Wise_Out-of-Distribution_Detection_ICCVW_2025_paper.html,https://openaccess.thecvf.com/content/ICCV2025W/2COOOL/papers/Holle_Uncertainty-Aware_Likelihood_Ratio_Estimation_for_Pixel-Wise_Out-of-Distribution_Detection_ICCVW_2025_paper.pdf,
207,Method,2COOOL: 2nd Workshop on the Challenge Of Out-Of-Label Hazards in Autonomous Driving,"Ali K. AlShami, Ryan Rabinowitz, Maged Shoman, Jianwu Fang, Lukas Picek, Shao-Yuan Lo, Steve Cruz, Khang Nhut Lam, Nachiket Kamod, Lei-Lei Li, Jugal Kalita, Terrance E. Boult",2COOOL,https://openaccess.thecvf.com/content/ICCV2025W/2COOOL/html/AlShami_2COOOL_2nd_Workshop_on_the_Challenge_Of_Out-Of-Label_Hazards_in_ICCVW_2025_paper.html,https://openaccess.thecvf.com/content/ICCV2025W/2COOOL/papers/AlShami_2COOOL_2nd_Workshop_on_the_Challenge_Of_Out-Of-Label_Hazards_in_ICCVW_2025_paper.pdf,https://arxiv.org/abs/2508.21080
208,Method,"Adapt, But Don't Forget: Fine-Tuning and Contrastive Routing for Lane Detection under Distribution Shift","Mohammed Abdul Hafeez Khan, Parth Ganeriwala, Sarah M. Lehman, Siddhartha Bhattacharyya, Amy Alvarez, Natasha Neogi",2COOOL,https://openaccess.thecvf.com/content/ICCV2025W/2COOOL/html/Khan_Adapt_But_Dont_Forget_Fine-Tuning_and_Contrastive_Routing_for_Lane_ICCVW_2025_paper.html,https://openaccess.thecvf.com/content/ICCV2025W/2COOOL/papers/Khan_Adapt_But_Dont_Forget_Fine-Tuning_and_Contrastive_Routing_for_Lane_ICCVW_2025_paper.pdf,
209,Method,Interpretable Decision-Making for End-to-End Autonomous Driving,"Mona Mirzaie, Bodo Rosenhahn",2COOOL,https://openaccess.thecvf.com/content/ICCV2025W/2COOOL/html/Mirzaie_Interpretable_Decision-Making_for_End-to-End_Autonomous_Driving_ICCVW_2025_paper.html,https://openaccess.thecvf.com/content/ICCV2025W/2COOOL/papers/Mirzaie_Interpretable_Decision-Making_for_End-to-End_Autonomous_Driving_ICCVW_2025_paper.pdf,https://arxiv.org/abs/2508.18898
210,Method,LaViPlan : Language-Guided Visual Path Planning with RLVR,Hayeon Oh,2COOOL,https://openaccess.thecvf.com/content/ICCV2025W/2COOOL/html/Oh_LaViPlan__Language-Guided_Visual_Path_Planning_with_RLVR_ICCVW_2025_paper.html,https://openaccess.thecvf.com/content/ICCV2025W/2COOOL/papers/Oh_LaViPlan__Language-Guided_Visual_Path_Planning_with_RLVR_ICCVW_2025_paper.pdf,https://arxiv.org/abs/2507.12911
211,Method,SADWA: Fine-Grained Weather Awareness with Vision-Language Models for Seamless Autonomous Driving in Real Time,"Jinwoo Kim, Hayeon O, Youngmin Oh, Kyounghwan An, Donghwan Lee",2COOOL,https://openaccess.thecvf.com/content/ICCV2025W/2COOOL/html/Kim_SADWA_Fine-Grained_Weather_Awareness_with_Vision-Language_Models_for_Seamless_Autonomous_ICCVW_2025_paper.html,https://openaccess.thecvf.com/content/ICCV2025W/2COOOL/papers/Kim_SADWA_Fine-Grained_Weather_Awareness_with_Vision-Language_Models_for_Seamless_Autonomous_ICCVW_2025_paper.pdf,
212,Method,Fourier Domain Adaptation for Traffic Light Detection in Adverse Weather,"Ishaan Gakhar, Aryaman Gupta, Aryesh Guha, Amit Agarwal, Ujjwal Verma",2COOOL,https://openaccess.thecvf.com/content/ICCV2025W/2COOOL/html/Gakhar_Fourier_Domain_Adaptation_for_Traffic_Light_Detection_in_Adverse_Weather_ICCVW_2025_paper.html,https://openaccess.thecvf.com/content/ICCV2025W/2COOOL/papers/Gakhar_Fourier_Domain_Adaptation_for_Traffic_Light_Detection_in_Adverse_Weather_ICCVW_2025_paper.pdf,https://arxiv.org/abs/2411.07901
213,Method,Unsupervised Domain Adaptation via Content Alignment for Hippocampus Segmentation,"Hoda Kalabizadeh, Ludovica Griffanti, Pak-Hei Yeung, Ana I. L. Namburete, Nicola K. Dinsdale, Konstantinos Kamnitsas",CVAMD,https://openaccess.thecvf.com/content/ICCV2025W/CVAMD/html/Kalabizadeh_Unsupervised_Domain_Adaptation_via_Content_Alignment_for_Hippocampus_Segmentation_ICCVW_2025_paper.html,https://openaccess.thecvf.com/content/ICCV2025W/CVAMD/papers/Kalabizadeh_Unsupervised_Domain_Adaptation_via_Content_Alignment_for_Hippocampus_Segmentation_ICCVW_2025_paper.pdf,https://arxiv.org/abs/2510.13075
214,Method,Endonama: Graph Neural Networks based In-Silico Transcriptomics from Histology Whole Slide Images for Fertility Diagnostics,"George Wright, Paul Brighton, Joanne Muter, Jan Brosens, Fayyaz Minhas",CVAMD,https://openaccess.thecvf.com/content/ICCV2025W/CVAMD/html/Wright_Endonama_Graph_Neural_Networks_based_In-Silico_Transcriptomics_from_Histology_Whole_ICCVW_2025_paper.html,https://openaccess.thecvf.com/content/ICCV2025W/CVAMD/papers/Wright_Endonama_Graph_Neural_Networks_based_In-Silico_Transcriptomics_from_Histology_Whole_ICCVW_2025_paper.pdf,
215,Method,From Cosmos to Clinic: Interpretable Spatial Statistics for Histopathology Prognosis,"Attila Barna, Oz Kilim, Istvan Csabai",CVAMD,https://openaccess.thecvf.com/content/ICCV2025W/CVAMD/html/Barna_From_Cosmos_to_Clinic_Interpretable_Spatial_Statistics_for_Histopathology_Prognosis_ICCVW_2025_paper.html,https://openaccess.thecvf.com/content/ICCV2025W/CVAMD/papers/Barna_From_Cosmos_to_Clinic_Interpretable_Spatial_Statistics_for_Histopathology_Prognosis_ICCVW_2025_paper.pdf,
216,Method,Latent Gene Diffusion for Spatial Transcriptomics Completion,"Paula Cárdenas, Leonardo Manrique, Daniela Vega, Daniela Ruiz, Pablo Arbeláez",CVAMD,https://openaccess.thecvf.com/content/ICCV2025W/CVAMD/html/Cardenas_Latent_Gene_Diffusion_for_Spatial_Transcriptomics_Completion_ICCVW_2025_paper.html,https://openaccess.thecvf.com/content/ICCV2025W/CVAMD/papers/Cardenas_Latent_Gene_Diffusion_for_Spatial_Transcriptomics_Completion_ICCVW_2025_paper.pdf,
217,Method,TextSAM-EUS: Text Prompt Learning for SAM to Accurately Segment Pancreatic Tumor in Endoscopic Ultrasound,"Pascal Spiegler, Taha Koleilat, Arash Harirpoush, Corey S. Miller, Hassan Rivaz, Marta Kersten-Oertel, Yiming Xiao",CVAMD,https://openaccess.thecvf.com/content/ICCV2025W/CVAMD/html/Spiegler_TextSAM-EUS_Text_Prompt_Learning_for_SAM_to_Accurately_Segment_Pancreatic_ICCVW_2025_paper.html,https://openaccess.thecvf.com/content/ICCV2025W/CVAMD/papers/Spiegler_TextSAM-EUS_Text_Prompt_Learning_for_SAM_to_Accurately_Segment_Pancreatic_ICCVW_2025_paper.pdf,https://arxiv.org/abs/2507.18082
218,Method,Breast Cancer Detection with Topological Deep Learning,"Brighton Nuwagira, Adrian Rodriguez, Qiwei Li, Baris Coskunuzer",CVAMD,https://openaccess.thecvf.com/content/ICCV2025W/CVAMD/html/Nuwagira_Breast_Cancer_Detection_with_Topological_Deep_Learning_ICCVW_2025_paper.html,https://openaccess.thecvf.com/content/ICCV2025W/CVAMD/papers/Nuwagira_Breast_Cancer_Detection_with_Topological_Deep_Learning_ICCVW_2025_paper.pdf,
219,Method,CytoDiff: AI-Driven Cytomorphology Image Synthesis for Medical Diagnostics,"Jan Carreras Boada, Rao Muhammad Umer, Carsten Marr",CVAMD,https://openaccess.thecvf.com/content/ICCV2025W/CVAMD/html/Boada_CytoDiff_AI-Driven_Cytomorphology_Image_Synthesis_for_Medical_Diagnostics_ICCVW_2025_paper.html,https://openaccess.thecvf.com/content/ICCV2025W/CVAMD/papers/Boada_CytoDiff_AI-Driven_Cytomorphology_Image_Synthesis_for_Medical_Diagnostics_ICCVW_2025_paper.pdf,https://arxiv.org/abs/2507.05063
220,Method,MedSAM-Guided Curriculum Learning for White Matter Tract Segmentation in Block Face Imaging of Fetal Brain,"Athira Kalladayil Shibu, Sriprabha Ramanarayanan, Vinoth Kanna, Jaikishan Jayakumar, Keerthi Ram, Mohanasankar Sivaprakasam",CVAMD,https://openaccess.thecvf.com/content/ICCV2025W/CVAMD/html/Shibu_MedSAM-Guided_Curriculum_Learning_for_White_Matter_Tract_Segmentation_in_Block_ICCVW_2025_paper.html,https://openaccess.thecvf.com/content/ICCV2025W/CVAMD/papers/Shibu_MedSAM-Guided_Curriculum_Learning_for_White_Matter_Tract_Segmentation_in_Block_ICCVW_2025_paper.pdf,
221,Method,Knowledge-Driven Query Network with Adaptive Cross-View Attention for Structured Radiology Report Generation,"Xuege Hou, Yali Li, Shengjin Wang",CVAMD,https://openaccess.thecvf.com/content/ICCV2025W/CVAMD/html/Hou_Knowledge-Driven_Query_Network_with_Adaptive_Cross-View_Attention_for_Structured_Radiology_ICCVW_2025_paper.html,https://openaccess.thecvf.com/content/ICCV2025W/CVAMD/papers/Hou_Knowledge-Driven_Query_Network_with_Adaptive_Cross-View_Attention_for_Structured_Radiology_ICCVW_2025_paper.pdf,
222,Method,Trustworthy Medical Imaging with Large Language Models: A Study of Hallucinations Across Modalities,"Anindya Bijoy Das, Shahnewaz Karim Sakib, Shibbir Ahmed",CVAMD,https://openaccess.thecvf.com/content/ICCV2025W/CVAMD/html/Das_Trustworthy_Medical_Imaging_with_Large_Language_Models_A_Study_of_ICCVW_2025_paper.html,https://openaccess.thecvf.com/content/ICCV2025W/CVAMD/papers/Das_Trustworthy_Medical_Imaging_with_Large_Language_Models_A_Study_of_ICCVW_2025_paper.pdf,https://arxiv.org/abs/2508.07031
223,Method,Not Only Grey Matter: OmniBrain for Robust Multimodal Classification of Alzheimer's Disease,"Ahmed Sharshar, Yasser Ashraf, Tameem Bakr, Salma Hassan, Hosam Elgendy, Mohammad Yaqub, Mohsen Guizani",CVAMD,https://openaccess.thecvf.com/content/ICCV2025W/CVAMD/html/Sharshar_Not_Only_Grey_Matter_OmniBrain_for_Robust_Multimodal_Classification_of_ICCVW_2025_paper.html,https://openaccess.thecvf.com/content/ICCV2025W/CVAMD/papers/Sharshar_Not_Only_Grey_Matter_OmniBrain_for_Robust_Multimodal_Classification_of_ICCVW_2025_paper.pdf,
224,Method,MPromer: A Unified Diffusion-Based Framework for Scalable and Generalizable Multi-Modal Medical Image Segmentation,"Wafa Al Ghallabi, Akshay Dudhane, Syed Waqas Zamir, Salman Khan, Fahad Shahbaz Khan",CVAMD,https://openaccess.thecvf.com/content/ICCV2025W/CVAMD/html/Al_Ghallabi_MPromer_A_Unified_Diffusion-Based_Framework_for_Scalable_and_Generalizable_Multi-Modal_ICCVW_2025_paper.html,https://openaccess.thecvf.com/content/ICCV2025W/CVAMD/papers/Al_Ghallabi_MPromer_A_Unified_Diffusion-Based_Framework_for_Scalable_and_Generalizable_Multi-Modal_ICCVW_2025_paper.pdf,
225,Method,UGPL: Uncertainty-Guided Progressive Learning for Evidence-Based Classification in Computed Tomography,"Shravan Venkatraman, Pavan S, Rakesh Raj Madavan, Chandrakala S",CVAMD,https://openaccess.thecvf.com/content/ICCV2025W/CVAMD/html/Venkatraman_UGPL_Uncertainty-Guided_Progressive_Learning_for_Evidence-Based_Classification_in_Computed_Tomography_ICCVW_2025_paper.html,https://openaccess.thecvf.com/content/ICCV2025W/CVAMD/papers/Venkatraman_UGPL_Uncertainty-Guided_Progressive_Learning_for_Evidence-Based_Classification_in_Computed_Tomography_ICCVW_2025_paper.pdf,https://arxiv.org/abs/2507.14102
226,Method,DCEtriformer: A Hybrid Attention Transformer for DCE-MRI Synthesis in Prostate Imaging,"Sadhana S, Sriprabha Ramanarayanan, Kishore Kumar, Keerthi Ram, Harsh Agarwal, Ramesh Venkatesan, Mohanasankar Sivaprakasam",CVAMD,https://openaccess.thecvf.com/content/ICCV2025W/CVAMD/html/S_DCEtriformer_A_Hybrid_Attention_Transformer_for_DCE-MRI_Synthesis_in_Prostate_ICCVW_2025_paper.html,https://openaccess.thecvf.com/content/ICCV2025W/CVAMD/papers/S_DCEtriformer_A_Hybrid_Attention_Transformer_for_DCE-MRI_Synthesis_in_Prostate_ICCVW_2025_paper.pdf,
227,Method,Generative Counterfactual Augmentation for Bias Mitigation,"Jason Uwaeze, Pranav Kulkarni, Vladimir Braverman, Michael A. Jacobs, Vishwa S. Parekh",CVAMD,https://openaccess.thecvf.com/content/ICCV2025W/CVAMD/html/Uwaeze_Generative_Counterfactual_Augmentation_for_Bias_Mitigation_ICCVW_2025_paper.html,https://openaccess.thecvf.com/content/ICCV2025W/CVAMD/papers/Uwaeze_Generative_Counterfactual_Augmentation_for_Bias_Mitigation_ICCVW_2025_paper.pdf,
228,Method,MV-MLM: Bridging Multi-View Mammography and Language for Breast Cancer Diagnosis and Risk Prediction,"Shunjie-Fabian Zheng, Hyeonjun Lee, Thijs Kooi, Ali Diba",CVAMD,https://openaccess.thecvf.com/content/ICCV2025W/CVAMD/html/Zheng_MV-MLM_Bridging_Multi-View_Mammography_and_Language_for_Breast_Cancer_Diagnosis_ICCVW_2025_paper.html,https://openaccess.thecvf.com/content/ICCV2025W/CVAMD/papers/Zheng_MV-MLM_Bridging_Multi-View_Mammography_and_Language_for_Breast_Cancer_Diagnosis_ICCVW_2025_paper.pdf,https://arxiv.org/abs/2510.26151
229,Method,Enhancing the Reliability of Auto-Prompting SAM for Medical Image Segmentation with Uncertainty Estimation and Rectification,"Yichi Zhang, Shiyao Hu, Le Xue, Sijie Ren, Zixin Hu, Yuan Cheng, Yuan Qi",CVAMD,https://openaccess.thecvf.com/content/ICCV2025W/CVAMD/html/Zhang_Enhancing_the_Reliability_of_Auto-Prompting_SAM_for_Medical_Image_Segmentation_ICCVW_2025_paper.html,https://openaccess.thecvf.com/content/ICCV2025W/CVAMD/papers/Zhang_Enhancing_the_Reliability_of_Auto-Prompting_SAM_for_Medical_Image_Segmentation_ICCVW_2025_paper.pdf,
230,Method,Dual-LVT: A Dual Attention Language-Vision Transformer for Tumor Segmentation,"Shiman Zhang, Songzhu Zheng, Ming Ma",CVAMD,https://openaccess.thecvf.com/content/ICCV2025W/CVAMD/html/Zhang_Dual-LVT_A_Dual_Attention_Language-Vision_Transformer_for_Tumor_Segmentation_ICCVW_2025_paper.html,https://openaccess.thecvf.com/content/ICCV2025W/CVAMD/papers/Zhang_Dual-LVT_A_Dual_Attention_Language-Vision_Transformer_for_Tumor_Segmentation_ICCVW_2025_paper.pdf,
231,Method,MK-UNet: Multi-kernel Lightweight CNN for Medical Image Segmentation,"Md Mostafijur Rahman, Radu Marculescu",CVAMD,https://openaccess.thecvf.com/content/ICCV2025W/CVAMD/html/Rahman_MK-UNet_Multi-kernel_Lightweight_CNN_for_Medical_Image_Segmentation_ICCVW_2025_paper.html,https://openaccess.thecvf.com/content/ICCV2025W/CVAMD/papers/Rahman_MK-UNet_Multi-kernel_Lightweight_CNN_for_Medical_Image_Segmentation_ICCVW_2025_paper.pdf,https://arxiv.org/abs/2509.18493
232,Method,Towards Robust Multimodal Representation: A Unified Approach with Adaptive Experts and Alignment,"Nazanin Moradinasab, Saurav Sengupta, Jiebei Liu, Sana Syed, Donald E. Brown",CVAMD,https://openaccess.thecvf.com/content/ICCV2025W/CVAMD/html/Moradinasab_Towards_Robust_Multimodal_Representation_A_Unified_Approach_with_Adaptive_Experts_ICCVW_2025_paper.html,https://openaccess.thecvf.com/content/ICCV2025W/CVAMD/papers/Moradinasab_Towards_Robust_Multimodal_Representation_A_Unified_Approach_with_Adaptive_Experts_ICCVW_2025_paper.pdf,https://arxiv.org/abs/2503.09498
233,Method,Unsupervised Nuclei Segmentation by Improving Pseudo Labels from Segment Anything Model,"Ryota Nakai, Kazuhiro Hotta",CVAMD,https://openaccess.thecvf.com/content/ICCV2025W/CVAMD/html/Nakai_Unsupervised_Nuclei_Segmentation_by_Improving_Pseudo_Labels_from_Segment_Anything_ICCVW_2025_paper.html,https://openaccess.thecvf.com/content/ICCV2025W/CVAMD/papers/Nakai_Unsupervised_Nuclei_Segmentation_by_Improving_Pseudo_Labels_from_Segment_Anything_ICCVW_2025_paper.pdf,
234,Method,CECT-Mamba: a Hierarchical Contrast-enhanced-aware Model for Pancreatic Tumor Subtyping from Multi-phase CECT,"Zhifang Gong, Shuo Gao, Ben Zhao, Yingjing Xu, Yijun Yang, Shenghong Ju, Guangquan Zhou",CVAMD,https://openaccess.thecvf.com/content/ICCV2025W/CVAMD/html/Gong_CECT-Mamba_a_Hierarchical_Contrast-enhanced-aware_Model_for_Pancreatic_Tumor_Subtyping_from_ICCVW_2025_paper.html,https://openaccess.thecvf.com/content/ICCV2025W/CVAMD/papers/Gong_CECT-Mamba_a_Hierarchical_Contrast-enhanced-aware_Model_for_Pancreatic_Tumor_Subtyping_from_ICCVW_2025_paper.pdf,https://arxiv.org/abs/2509.12777
235,Method,Efficient Self-Supervised Adaptation for Medical Image Analysis,"Moein Sorkhei, Emir Konuk, Jingyu Guo, Chanjuan Meng, Christos Matsoukas, Kevin Smith",CVAMD,https://openaccess.thecvf.com/content/ICCV2025W/CVAMD/html/Sorkhei_Efficient_Self-Supervised_Adaptation_for_Medical_Image_Analysis_ICCVW_2025_paper.html,https://openaccess.thecvf.com/content/ICCV2025W/CVAMD/papers/Sorkhei_Efficient_Self-Supervised_Adaptation_for_Medical_Image_Analysis_ICCVW_2025_paper.pdf,https://arxiv.org/abs/2503.18873
236,Method,Building a General SimCLR Self-Supervised Foundation Model Across Neurological Diseases to Advance 3D Brain MRI Diagnoses,"Emily Kaczmarek, Justin Szeto, Brennan Nichyporuk, Tal Arbel",CVAMD,https://openaccess.thecvf.com/content/ICCV2025W/CVAMD/html/Kaczmarek_Building_a_General_SimCLR_Self-Supervised_Foundation_Model_Across_Neurological_Diseases_ICCVW_2025_paper.html,https://openaccess.thecvf.com/content/ICCV2025W/CVAMD/papers/Kaczmarek_Building_a_General_SimCLR_Self-Supervised_Foundation_Model_Across_Neurological_Diseases_ICCVW_2025_paper.pdf,https://arxiv.org/abs/2509.10620
237,Method,BAMPolyp: Bi-Axial Mamba Bottleneck for Gastrointestinal Polyp Segmentation,"Md. Farhadul Islam, Tashik Ahmed, Partho Chanda, Joyanta Jyoti Mondal, Meem Arafat Manab, Sarah Zabeen, Jannatun Noor",CVAMD,https://openaccess.thecvf.com/content/ICCV2025W/CVAMD/html/Islam_BAMPolyp_Bi-Axial_Mamba_Bottleneck_for_Gastrointestinal_Polyp_Segmentation_ICCVW_2025_paper.html,https://openaccess.thecvf.com/content/ICCV2025W/CVAMD/papers/Islam_BAMPolyp_Bi-Axial_Mamba_Bottleneck_for_Gastrointestinal_Polyp_Segmentation_ICCVW_2025_paper.pdf,
238,Method,EchoNet-Quality: Denoising Echocardiograms via Deep Generative Modeling of Ultrasound Noise,"David Choi, Milos Vukadinovic, Bryan He, Christina Binder, Yuki Sahashi, David Ouyang",CVAMD,https://openaccess.thecvf.com/content/ICCV2025W/CVAMD/html/Choi_EchoNet-Quality_Denoising_Echocardiograms_via_Deep_Generative_Modeling_of_Ultrasound_Noise_ICCVW_2025_paper.html,https://openaccess.thecvf.com/content/ICCV2025W/CVAMD/papers/Choi_EchoNet-Quality_Denoising_Echocardiograms_via_Deep_Generative_Modeling_of_Ultrasound_Noise_ICCVW_2025_paper.pdf,https://arxiv.org/abs/2505.00043
239,Method,MedVisionLlama: Leveraging Pre-Trained Large Language Model Layers to Enhance Medical Image Segmentation,"Gurucharan Marthi Krishna Kumar, Aman Chadha, Janine D. Mendola, Amir Shmuel",CVAMD,https://openaccess.thecvf.com/content/ICCV2025W/CVAMD/html/Kumar_MedVisionLlama_Leveraging_Pre-Trained_Large_Language_Model_Layers_to_Enhance_Medical_ICCVW_2025_paper.html,https://openaccess.thecvf.com/content/ICCV2025W/CVAMD/papers/Kumar_MedVisionLlama_Leveraging_Pre-Trained_Large_Language_Model_Layers_to_Enhance_Medical_ICCVW_2025_paper.pdf,https://arxiv.org/abs/2410.02458
240,Method,Weakly Supervised Intracranial Aneurysm Detection and Segmentation in MR angiography via Multi-task UNet with Vesselness Prior,"Erin Rainville, Amirhossein Rasoulian, Hassan Rivaz, Yiming Xiao",CVAMD,https://openaccess.thecvf.com/content/ICCV2025W/CVAMD/html/Rainville_Weakly_Supervised_Intracranial_Aneurysm_Detection_and_Segmentation_in_MR_angiography_ICCVW_2025_paper.html,https://openaccess.thecvf.com/content/ICCV2025W/CVAMD/papers/Rainville_Weakly_Supervised_Intracranial_Aneurysm_Detection_and_Segmentation_in_MR_angiography_ICCVW_2025_paper.pdf,https://arxiv.org/abs/2508.00235
241,Method,Multiplicative Loss for Enhancing Semantic Segmentation in Medical and Cellular Images,"Yuto Yokoi, Kazuhiro Hotta",CVAMD,https://openaccess.thecvf.com/content/ICCV2025W/CVAMD/html/Yokoi_Multiplicative_Loss_for_Enhancing_Semantic_Segmentation_in_Medical_and_Cellular_ICCVW_2025_paper.html,https://openaccess.thecvf.com/content/ICCV2025W/CVAMD/papers/Yokoi_Multiplicative_Loss_for_Enhancing_Semantic_Segmentation_in_Medical_and_Cellular_ICCVW_2025_paper.pdf,https://arxiv.org/abs/2510.12258
242,Method,Impact of Black-Box Adversarial Attacks on Deep Neural Networks for Skin Imaging,"Bartłomiej Moniak, Joanna Jaworek-Korjakowska",CVAMD,https://openaccess.thecvf.com/content/ICCV2025W/CVAMD/html/Moniak_Impact_of_Black-Box_Adversarial_Attacks_on_Deep_Neural_Networks_for_ICCVW_2025_paper.html,https://openaccess.thecvf.com/content/ICCV2025W/CVAMD/papers/Moniak_Impact_of_Black-Box_Adversarial_Attacks_on_Deep_Neural_Networks_for_ICCVW_2025_paper.pdf,
243,Method,L3Seg: Lean Linear Layers for Language-Guided Vision Transformer in Medical Image Segmentation,"Rahul Bhardwaj, Utkarsh Yashwant Tambe, Debanga Raj Neog",CVAMD,https://openaccess.thecvf.com/content/ICCV2025W/CVAMD/html/Bhardwaj_L3Seg_Lean_Linear_Layers_for_Language-Guided_Vision_Transformer_in_Medical_ICCVW_2025_paper.html,https://openaccess.thecvf.com/content/ICCV2025W/CVAMD/papers/Bhardwaj_L3Seg_Lean_Linear_Layers_for_Language-Guided_Vision_Transformer_in_Medical_ICCVW_2025_paper.pdf,
244,Method,Taming Modern Point Tracking for Speckle Tracking Echocardiography via Impartial Motion,"Md Abulkalam Azad, John Nyberg, Havard Dalen, Bjørnar Grenne, Lasse Lovstakken, Andreas Østvik",CVAMD,https://openaccess.thecvf.com/content/ICCV2025W/CVAMD/html/Azad_Taming_Modern_Point_Tracking_for_Speckle_Tracking_Echocardiography_via_Impartial_ICCVW_2025_paper.html,https://openaccess.thecvf.com/content/ICCV2025W/CVAMD/papers/Azad_Taming_Modern_Point_Tracking_for_Speckle_Tracking_Echocardiography_via_Impartial_ICCVW_2025_paper.pdf,https://arxiv.org/abs/2507.10127
245,Method,Diffusion-Based Data Augmentation for Medical Image Segmentation,"Maham Nazir, Muhammad Aqeel, Francesco Setti",CVAMD,https://openaccess.thecvf.com/content/ICCV2025W/CVAMD/html/Nazir_Diffusion-Based_Data_Augmentation_for_Medical_Image_Segmentation_ICCVW_2025_paper.html,https://openaccess.thecvf.com/content/ICCV2025W/CVAMD/papers/Nazir_Diffusion-Based_Data_Augmentation_for_Medical_Image_Segmentation_ICCVW_2025_paper.pdf,https://arxiv.org/abs/2508.17844
246,Method,A Dynamic Agent Framework for Large Language Model Reasoning for Medical and Visual Question Answering,"Ziyan Xiao, Ruiyang Zhang, Yushi Feng, Lingting Zhu, Liang Peng, Lequan Yu",CVAMD,https://openaccess.thecvf.com/content/ICCV2025W/CVAMD/html/Xiao_A_Dynamic_Agent_Framework_for_Large_Language_Model_Reasoning_for_ICCVW_2025_paper.html,https://openaccess.thecvf.com/content/ICCV2025W/CVAMD/papers/Xiao_A_Dynamic_Agent_Framework_for_Large_Language_Model_Reasoning_for_ICCVW_2025_paper.pdf,
247,Method,Prompt4Trust: A Reinforcement Learning Prompt Augmentation Framework for Clinically-Aligned Confidence Calibration in Multimodal Large Language Models,"Anita Kriz, Elizabeth Laura Janes, Xing Shen, Tal Arbel",CVAMD,https://openaccess.thecvf.com/content/ICCV2025W/CVAMD/html/Kriz_Prompt4Trust_A_Reinforcement_Learning_Prompt_Augmentation_Framework_for_Clinically-Aligned_Confidence_ICCVW_2025_paper.html,https://openaccess.thecvf.com/content/ICCV2025W/CVAMD/papers/Kriz_Prompt4Trust_A_Reinforcement_Learning_Prompt_Augmentation_Framework_for_Clinically-Aligned_Confidence_ICCVW_2025_paper.pdf,https://arxiv.org/abs/2507.09279
248,Method,Render2Seg: Landmark-Guided Patch-wise Segmentation for Robust 3D Dental Mesh Analysis,"Sena Lee, Geunhye Kim, YongKyu Jin, Sejung Yang",CVAMD,https://openaccess.thecvf.com/content/ICCV2025W/CVAMD/html/Lee_Render2Seg_Landmark-Guided_Patch-wise_Segmentation_for_Robust_3D_Dental_Mesh_Analysis_ICCVW_2025_paper.html,https://openaccess.thecvf.com/content/ICCV2025W/CVAMD/papers/Lee_Render2Seg_Landmark-Guided_Patch-wise_Segmentation_for_Robust_3D_Dental_Mesh_Analysis_ICCVW_2025_paper.pdf,
249,Method,Artifact Correction in Panoramic Radiographs using Deep De-shadowing,"Omri Dan, Samuel Lilek, Ariel Hirschhorn, Lazar Kats, Nahum Kiryati, Arnaldo Mayer",CVAMD,https://openaccess.thecvf.com/content/ICCV2025W/CVAMD/html/Dan_Artifact_Correction_in_Panoramic_Radiographs_using_Deep_De-shadowing_ICCVW_2025_paper.html,https://openaccess.thecvf.com/content/ICCV2025W/CVAMD/papers/Dan_Artifact_Correction_in_Panoramic_Radiographs_using_Deep_De-shadowing_ICCVW_2025_paper.pdf,
250,Method,QPolypNet: A Quantum-Inspired Deep Learning Model for Polyp Segmentation,"Md Majedul Islam, Rashik Shahriar Akash, Sayed Mehedi Azim, Selena He",CVAMD,https://openaccess.thecvf.com/content/ICCV2025W/CVAMD/html/Islam_QPolypNet_A_Quantum-Inspired_Deep_Learning_Model_for_Polyp_Segmentation_ICCVW_2025_paper.html,https://openaccess.thecvf.com/content/ICCV2025W/CVAMD/papers/Islam_QPolypNet_A_Quantum-Inspired_Deep_Learning_Model_for_Polyp_Segmentation_ICCVW_2025_paper.pdf,
251,Method,Comparison of Digital Histology AI Models with Low-Dimensional Genomic and Clinical Models in Survival Modeling for Prostate Cancer,"Aidan McLoughlin, Ho Yin Ho, Xin Zhao, Alexander Karl Hakansson, Alireza Moradi, Qi Joslove Xu, Yang Liu",CVAMD,https://openaccess.thecvf.com/content/ICCV2025W/CVAMD/html/McLoughlin_Comparison_of_Digital_Histology_AI_Models_with_Low-Dimensional_Genomic_and_ICCVW_2025_paper.html,https://openaccess.thecvf.com/content/ICCV2025W/CVAMD/papers/McLoughlin_Comparison_of_Digital_Histology_AI_Models_with_Low-Dimensional_Genomic_and_ICCVW_2025_paper.pdf,
252,Method,Development and Implementation of a Digital Twin for Power Plants: Enhancing Maintenance and Operational Efficiency,"Guneet Bhatia, Nagarjun -, Jason Voelker",VISION'25,https://openaccess.thecvf.com/content/ICCV2025W/VISION%2725/html/Bhatia_Development_and_Implementation_of_a_Digital_Twin_for_Power_Plants_ICCVW_2025_paper.html,https://openaccess.thecvf.com/content/ICCV2025W/VISION'25/papers/Bhatia_Development_and_Implementation_of_a_Digital_Twin_for_Power_Plants_ICCVW_2025_paper.pdf,
253,Method,Two-stage Text-Guided Diffusion Models for Disentangled Industrial Defect Generation,"Jing Wei, Qingfeng Shi, Fei Shen, Zhengtao Zhang",VISION'25,https://openaccess.thecvf.com/content/ICCV2025W/VISION%2725/html/Wei_Two-stage_Text-Guided_Diffusion_Models_for_Disentangled_Industrial_Defect_Generation_ICCVW_2025_paper.html,https://openaccess.thecvf.com/content/ICCV2025W/VISION'25/papers/Wei_Two-stage_Text-Guided_Diffusion_Models_for_Disentangled_Industrial_Defect_Generation_ICCVW_2025_paper.pdf,
254,Method,A Contrastive Learning-Guided Confident Meta-learning for Zero Shot Anomaly Detection,"Muhammad Aqeel, Danijel Skočaj, Marco Cristani, Francesco Setti",VISION'25,https://openaccess.thecvf.com/content/ICCV2025W/VISION%2725/html/Aqeel_A_Contrastive_Learning-Guided_Confident_Meta-learning_for_Zero_Shot_Anomaly_Detection_ICCVW_2025_paper.html,https://openaccess.thecvf.com/content/ICCV2025W/VISION'25/papers/Aqeel_A_Contrastive_Learning-Guided_Confident_Meta-learning_for_Zero_Shot_Anomaly_Detection_ICCVW_2025_paper.pdf,
255,Method,UniLEAD: A Unified and LightwEight model for Anomaly Detection,"Shih-Chih Lin, Shang-Hong Lai",VISION'25,https://openaccess.thecvf.com/content/ICCV2025W/VISION%2725/html/Lin_UniLEAD_A_Unified_and_LightwEight_model_for_Anomaly_Detection_ICCVW_2025_paper.html,https://openaccess.thecvf.com/content/ICCV2025W/VISION'25/papers/Lin_UniLEAD_A_Unified_and_LightwEight_model_for_Anomaly_Detection_ICCVW_2025_paper.pdf,
256,Method,SupConWI-RL: wafer inspection with reinforcement learning enhanced by supervised contrastive learning,"Aleksandr Dekhovich, Oleg Soloviev",VISION'25,https://openaccess.thecvf.com/content/ICCV2025W/VISION%2725/html/Dekhovich_SupConWI-RL_wafer_inspection_with_reinforcement_learning_enhanced_by_supervised_contrastive_ICCVW_2025_paper.html,https://openaccess.thecvf.com/content/ICCV2025W/VISION'25/papers/Dekhovich_SupConWI-RL_wafer_inspection_with_reinforcement_learning_enhanced_by_supervised_contrastive_ICCVW_2025_paper.pdf,
257,Method,SynSpill: Improved Industrial Spill Detection With Synthetic Data,"Aaditya Baranwal, Abdul Mueez, Jason Voelker, Guneet Bhatia, Shruti Vyas",VISION'25,https://openaccess.thecvf.com/content/ICCV2025W/VISION%2725/html/Baranwal_SynSpill_Improved_Industrial_Spill_Detection_With_Synthetic_Data_ICCVW_2025_paper.html,https://openaccess.thecvf.com/content/ICCV2025W/VISION'25/papers/Baranwal_SynSpill_Improved_Industrial_Spill_Detection_With_Synthetic_Data_ICCVW_2025_paper.pdf,https://arxiv.org/abs/2508.10171
258,Method,RDDPM: Robust Denoising Diffusion Probabilistic Model for Unsupervised Anomaly Segmentation,"Mehrdad Moradi, Kamran Paynabar",VISION'25,https://openaccess.thecvf.com/content/ICCV2025W/VISION%2725/html/Moradi_RDDPM_Robust_Denoising_Diffusion_Probabilistic_Model_for_Unsupervised_Anomaly_Segmentation_ICCVW_2025_paper.html,https://openaccess.thecvf.com/content/ICCV2025W/VISION'25/papers/Moradi_RDDPM_Robust_Denoising_Diffusion_Probabilistic_Model_for_Unsupervised_Anomaly_Segmentation_ICCVW_2025_paper.pdf,https://arxiv.org/abs/2508.02903
259,Method,Robust Anomaly Detection in Industrial Environments via Meta-Learning,"Muhammad Aqeel, Shakiba Sharifi, Marco Cristani, Francesco Setti",VISION'25,https://openaccess.thecvf.com/content/ICCV2025W/VISION%2725/html/Aqeel_Robust_Anomaly_Detection_in_Industrial_Environments_via_Meta-Learning_ICCVW_2025_paper.html,https://openaccess.thecvf.com/content/ICCV2025W/VISION'25/papers/Aqeel_Robust_Anomaly_Detection_in_Industrial_Environments_via_Meta-Learning_ICCVW_2025_paper.pdf,https://arxiv.org/abs/2508.17789
260,Method,RealTalk: Realistic Emotion-Aware Lifelike Talking-Head Synthesis,"Wenqing Wang, Yun Fu",ASI,https://openaccess.thecvf.com/content/ICCV2025W/ASI/html/Wang_RealTalk_Realistic_Emotion-Aware_Lifelike_Talking-Head_Synthesis_ICCVW_2025_paper.html,https://openaccess.thecvf.com/content/ICCV2025W/ASI/papers/Wang_RealTalk_Realistic_Emotion-Aware_Lifelike_Talking-Head_Synthesis_ICCVW_2025_paper.pdf,https://arxiv.org/abs/2508.12163
261,Method,Toward Socially Aware Vision-Language Models: Evaluating Cultural Competence Through Multimodal Story Generation,"Arka Mukherjee, Shreya Ghosh",ASI,https://openaccess.thecvf.com/content/ICCV2025W/ASI/html/Mukherjee_Toward_Socially_Aware_Vision-Language_Models_Evaluating_Cultural_Competence_Through_Multimodal_ICCVW_2025_paper.html,https://openaccess.thecvf.com/content/ICCV2025W/ASI/papers/Mukherjee_Toward_Socially_Aware_Vision-Language_Models_Evaluating_Cultural_Competence_Through_Multimodal_ICCVW_2025_paper.pdf,https://arxiv.org/abs/2508.16762
262,Method,Explainable AI-Generated Image Forensics: A Low-Resolution Perspective with Novel Artifact Taxonomy,Kaustubh Sharma,APAI,https://openaccess.thecvf.com/content/ICCV2025W/APAI/html/Sharma_Explainable_AI-Generated_Image_Forensics_A_Low-Resolution_Perspective_with_Novel_Artifact_ICCVW_2025_paper.html,https://openaccess.thecvf.com/content/ICCV2025W/APAI/papers/Sharma_Explainable_AI-Generated_Image_Forensics_A_Low-Resolution_Perspective_with_Novel_Artifact_ICCVW_2025_paper.pdf,
263,Method,FreqPure: a High-frequency Preservation Diffusion-based Purification Method for Protective Perturbation Removal,"Yan Ju, Hongfei Xue, Siwei Lyu",APAI,https://openaccess.thecvf.com/content/ICCV2025W/APAI/html/Ju_FreqPure_a_High-frequency_Preservation_Diffusion-based_Purification_Method_for_Protective_Perturbation_ICCVW_2025_paper.html,https://openaccess.thecvf.com/content/ICCV2025W/APAI/papers/Ju_FreqPure_a_High-frequency_Preservation_Diffusion-based_Purification_Method_for_Protective_Perturbation_ICCVW_2025_paper.pdf,
264,Method,Adversarial Reality for Evading Deepfake Image Detectors,"Umur Aybars Ciftci, Nicholas Solar, Emily Greene, Sophie Riley Saremsky, Ilke Demir",APAI,https://openaccess.thecvf.com/content/ICCV2025W/APAI/html/Ciftci_Adversarial_Reality_for_Evading_Deepfake_Image_Detectors_ICCVW_2025_paper.html,https://openaccess.thecvf.com/content/ICCV2025W/APAI/papers/Ciftci_Adversarial_Reality_for_Evading_Deepfake_Image_Detectors_ICCVW_2025_paper.pdf,
265,Method,Witness Sensing for Verifying the Human Origin of Digital Media,"Isabella Lenz, Yu Rong, Daniel Bliss, Julie Liss, Visar Berisha",APAI,https://openaccess.thecvf.com/content/ICCV2025W/APAI/html/Lenz_Witness_Sensing_for_Verifying_the_Human_Origin_of_Digital_Media_ICCVW_2025_paper.html,https://openaccess.thecvf.com/content/ICCV2025W/APAI/papers/Lenz_Witness_Sensing_for_Verifying_the_Human_Origin_of_Digital_Media_ICCVW_2025_paper.pdf,
266,Method,SHEILD: A Secure and Highly Enhanced Integrated Learning for Robust Deepfake Detection against Adversarial Attacks,"Kutub Uddin, Awais Khan, Muhammad Umar Farooq, Khalid Mahmood Malik",APAI,https://openaccess.thecvf.com/content/ICCV2025W/APAI/html/Uddin_SHEILD_A_Secure_and_Highly_Enhanced_Integrated_Learning_for_Robust_ICCVW_2025_paper.html,https://openaccess.thecvf.com/content/ICCV2025W/APAI/papers/Uddin_SHEILD_A_Secure_and_Highly_Enhanced_Integrated_Learning_for_Robust_ICCVW_2025_paper.pdf,
267,Method,CatAID: Category-Guided AI-Generated Image Detection via Vision-Language Model Adaptation,"Yu Cai, Shan Jia, Jiahe Tian, Jiao Dai, Jizhong Han, Siwei Lyu",APAI,https://openaccess.thecvf.com/content/ICCV2025W/APAI/html/Cai_CatAID_Category-Guided_AI-Generated_Image_Detection_via_Vision-Language_Model_Adaptation_ICCVW_2025_paper.html,https://openaccess.thecvf.com/content/ICCV2025W/APAI/papers/Cai_CatAID_Category-Guided_AI-Generated_Image_Detection_via_Vision-Language_Model_Adaptation_ICCVW_2025_paper.pdf,
268,Method,PIA: Deepfake Detection Using Phoneme-Temporal and Identity-Dynamic Analysis,"Soumyya Kanti Datta, Tanvi Ranga, Chengzhe Sun, Siwei Lyu",APAI,https://openaccess.thecvf.com/content/ICCV2025W/APAI/html/Datta_PIA_Deepfake_Detection_Using_Phoneme-Temporal_and_Identity-Dynamic_Analysis_ICCVW_2025_paper.html,https://openaccess.thecvf.com/content/ICCV2025W/APAI/papers/Datta_PIA_Deepfake_Detection_Using_Phoneme-Temporal_and_Identity-Dynamic_Analysis_ICCVW_2025_paper.pdf,https://arxiv.org/abs/2510.14241
269,Method,The Effect of Semantically Aligned Images for Deepfake Detection,"Aritra Bandyopadhyay, Tyme Chatupanyachotikul, Jose Garcia, Arijit Ghosh, Karolina Hajkova, Carlos Patiño, Ivona Najdenkoska",APAI,https://openaccess.thecvf.com/content/ICCV2025W/APAI/html/Bandyopadhyay_The_Effect_of_Semantically_Aligned_Images_for_Deepfake_Detection_ICCVW_2025_paper.html,https://openaccess.thecvf.com/content/ICCV2025W/APAI/papers/Bandyopadhyay_The_Effect_of_Semantically_Aligned_Images_for_Deepfake_Detection_ICCVW_2025_paper.pdf,
270,Method,MultiNeRF: Multiple Watermark Embedding for Neural Radiance Fields,"Yash Kulthe, Andrew Gilbert, John Collomosse",APAI,https://openaccess.thecvf.com/content/ICCV2025W/APAI/html/Kulthe_MultiNeRF_Multiple_Watermark_Embedding_for_Neural_Radiance_Fields_ICCVW_2025_paper.html,https://openaccess.thecvf.com/content/ICCV2025W/APAI/papers/Kulthe_MultiNeRF_Multiple_Watermark_Embedding_for_Neural_Radiance_Fields_ICCVW_2025_paper.pdf,https://arxiv.org/abs/2504.02517
271,Method,CustomMark: Customization of Diffusion Models for Proactive Attribution,"Vishal Asnani, John Collomosse, Xiaoming Liu, Shruti Agarwal",APAI,https://openaccess.thecvf.com/content/ICCV2025W/APAI/html/Asnani_CustomMark_Customization_of_Diffusion_Models_for_Proactive_Attribution_ICCVW_2025_paper.html,https://openaccess.thecvf.com/content/ICCV2025W/APAI/papers/Asnani_CustomMark_Customization_of_Diffusion_Models_for_Proactive_Attribution_ICCVW_2025_paper.pdf,
272,Method,Phoneme-Level Analysis for Person-of-Interest Speech Deepfake Detection,"Davide Salvi, Viola Negroni, Sara Mandelli, Paolo Bestagini, Stefano Tubaro",APAI,https://openaccess.thecvf.com/content/ICCV2025W/APAI/html/Salvi_Phoneme-Level_Analysis_for_Person-of-Interest_Speech_Deepfake_Detection_ICCVW_2025_paper.html,https://openaccess.thecvf.com/content/ICCV2025W/APAI/papers/Salvi_Phoneme-Level_Analysis_for_Person-of-Interest_Speech_Deepfake_Detection_ICCVW_2025_paper.pdf,https://arxiv.org/abs/2507.08626
273,Method,Is JPEG AI going to change image forensics?,"Edoardo Daniele Cannas, Sara Mandelli, Natasa Popovic, Ayman Alkhateeb, Alessandro Gnutti, Paolo Bestagini, Stefano Tubaro",APAI,https://openaccess.thecvf.com/content/ICCV2025W/APAI/html/Cannas_Is_JPEG_AI_going_to_change_image_forensics_ICCVW_2025_paper.html,https://openaccess.thecvf.com/content/ICCV2025W/APAI/papers/Cannas_Is_JPEG_AI_going_to_change_image_forensics_ICCVW_2025_paper.pdf,https://arxiv.org/abs/2412.03261
274,Method,WavePaint: Resource-efficient Token-mixer for Self-supervised Inpainting,"Pranav Jeevan, Dharshan Sampath Kumar, Amit Sethi",CV4DC,https://openaccess.thecvf.com/content/ICCV2025W/CV4DC/html/Jeevan_WavePaint_Resource-efficient_Token-mixer_for_Self-supervised_Inpainting_ICCVW_2025_paper.html,https://openaccess.thecvf.com/content/ICCV2025W/CV4DC/papers/Jeevan_WavePaint_Resource-efficient_Token-mixer_for_Self-supervised_Inpainting_ICCVW_2025_paper.pdf,https://arxiv.org/abs/2307.00407
275,Method,FLD+: Data-efficient Evaluation Metric for Generative Models,"Pranav Jeevan, Neeraj Nixon, Amit Sethi",CV4DC,https://openaccess.thecvf.com/content/ICCV2025W/CV4DC/html/Jeevan_FLD_Data-efficient_Evaluation_Metric_for_Generative_Models_ICCVW_2025_paper.html,https://openaccess.thecvf.com/content/ICCV2025W/CV4DC/papers/Jeevan_FLD_Data-efficient_Evaluation_Metric_for_Generative_Models_ICCVW_2025_paper.pdf,https://arxiv.org/abs/2411.15584
276,Method,Rethinking Backbone Design for Lightweight 3D Object Detection in LiDAR,"Adwait Chandorkar, Hasan Tercan, Tobias Meisen",EVW,https://openaccess.thecvf.com/content/ICCV2025W/EVW/html/Chandorkar_Rethinking_Backbone_Design_for_Lightweight_3D_Object_Detection_in_LiDAR_ICCVW_2025_paper.html,https://openaccess.thecvf.com/content/ICCV2025W/EVW/papers/Chandorkar_Rethinking_Backbone_Design_for_Lightweight_3D_Object_Detection_in_LiDAR_ICCVW_2025_paper.pdf,https://arxiv.org/abs/2508.00744
277,Method,Scalable Optical Convolutional Neural Networks For Edge Applications,"Venkata Anirudh Puligandla, Vladimir Ceperic, Tihomir Knezevic",EVW,https://openaccess.thecvf.com/content/ICCV2025W/EVW/html/Puligandla_Scalable_Optical_Convolutional_Neural_Networks_For_Edge_Applications_ICCVW_2025_paper.html,https://openaccess.thecvf.com/content/ICCV2025W/EVW/papers/Puligandla_Scalable_Optical_Convolutional_Neural_Networks_For_Edge_Applications_ICCVW_2025_paper.pdf,
278,Method,Contextual Convolutions for Scalable Forward-Only Learning on Tiny Devices,"Mehdi Abbassi, Alberto Ancilotto, Elisabetta Farella",EVW,https://openaccess.thecvf.com/content/ICCV2025W/EVW/html/Abbassi_Contextual_Convolutions_for_Scalable_Forward-Only_Learning_on_Tiny_Devices_ICCVW_2025_paper.html,https://openaccess.thecvf.com/content/ICCV2025W/EVW/papers/Abbassi_Contextual_Convolutions_for_Scalable_Forward-Only_Learning_on_Tiny_Devices_ICCVW_2025_paper.pdf,
279,Method,LightPrune: Latency-Aware Structured Pruning for Efficient Deep Inference on Embedded Devices,"Asma Belhadi, Youcef Djenouri, Ahmed Nabil Belbachir",EVW,https://openaccess.thecvf.com/content/ICCV2025W/EVW/html/Belhadi_LightPrune_Latency-Aware_Structured_Pruning_for_Efficient_Deep_Inference_on_Embedded_ICCVW_2025_paper.html,https://openaccess.thecvf.com/content/ICCV2025W/EVW/papers/Belhadi_LightPrune_Latency-Aware_Structured_Pruning_for_Efficient_Deep_Inference_on_Embedded_ICCVW_2025_paper.pdf,
280,Method,Efficient Self-Supervised Neuro-Analytic Visual Servoing for Real-time Quadrotor Control,"Sebastian Mocanu, Sebastian-Ion Nae, Mihai-Eugen Barbu, Marius Leordeanu",EVW,https://openaccess.thecvf.com/content/ICCV2025W/EVW/html/Mocanu_Efficient_Self-Supervised_Neuro-Analytic_Visual_Servoing_for_Real-time_Quadrotor_Control_ICCVW_2025_paper.html,https://openaccess.thecvf.com/content/ICCV2025W/EVW/papers/Mocanu_Efficient_Self-Supervised_Neuro-Analytic_Visual_Servoing_for_Real-time_Quadrotor_Control_ICCVW_2025_paper.pdf,https://arxiv.org/abs/2507.19878
281,Method,Implementation of Extremely Low Power Visual Perception Algorithm on Programmable Vision Accelerator: Examples of Challenges and Solutions,"Sanmati Kamath, Ching Hung, Jagadeesh Sankaran, Zoran Nikolic, Eric Viscito, Branislav Kisacanin",EVW,https://openaccess.thecvf.com/content/ICCV2025W/EVW/html/Kamath_Implementation_of_Extremely_Low_Power_Visual_Perception_Algorithm_on_Programmable_ICCVW_2025_paper.html,https://openaccess.thecvf.com/content/ICCV2025W/EVW/papers/Kamath_Implementation_of_Extremely_Low_Power_Visual_Perception_Algorithm_on_Programmable_ICCVW_2025_paper.pdf,
282,Method,RG-Attn: Radian Glue Attention for Multi-modal Multi-agent Cooperative Perception,"Lantao Li, Kang Yang, Wenqi Zhang, Xiaoxue Wang, Chen Sun",DriveX,https://openaccess.thecvf.com/content/ICCV2025W/DriveX/html/Li_RG-Attn_Radian_Glue_Attention_for_Multi-modal_Multi-agent_Cooperative_Perception_ICCVW_2025_paper.html,https://openaccess.thecvf.com/content/ICCV2025W/DriveX/papers/Li_RG-Attn_Radian_Glue_Attention_for_Multi-modal_Multi-agent_Cooperative_Perception_ICCVW_2025_paper.pdf,https://arxiv.org/abs/2501.16803
283,Method,MAP: End-to-End Autonomous Driving with Map-Assisted Planning,"Huilin Yin, Yiming Kan, Daniel Watzenig",DriveX,https://openaccess.thecvf.com/content/ICCV2025W/DriveX/html/Yin_MAP_End-to-End_Autonomous_Driving_with_Map-Assisted_Planning_ICCVW_2025_paper.html,https://openaccess.thecvf.com/content/ICCV2025W/DriveX/papers/Yin_MAP_End-to-End_Autonomous_Driving_with_Map-Assisted_Planning_ICCVW_2025_paper.pdf,https://arxiv.org/abs/2509.13926
284,Method,Improving Event-Phase Captions in Multi-View Urban Traffic Videos via Prompt-Aware LoRA Tuning of Vision Language Models,"Ricardo Ornelas, Alton Chao, Shyam Gupta, Edmund Chao, Ross Greer",DriveX,https://openaccess.thecvf.com/content/ICCV2025W/DriveX/html/Ornelas_Improving_Event-Phase_Captions_in_Multi-View_Urban_Traffic_Videos_via_Prompt-Aware_ICCVW_2025_paper.html,https://openaccess.thecvf.com/content/ICCV2025W/DriveX/papers/Ornelas_Improving_Event-Phase_Captions_in_Multi-View_Urban_Traffic_Videos_via_Prompt-Aware_ICCVW_2025_paper.pdf,
285,Method,Robust Scenario Mining Assisted by Multimodal Semantics,"Yifei Chen, Ross Greer",DriveX,https://openaccess.thecvf.com/content/ICCV2025W/DriveX/html/Chen_Robust_Scenario_Mining_Assisted_by_Multimodal_Semantics_ICCVW_2025_paper.html,https://openaccess.thecvf.com/content/ICCV2025W/DriveX/papers/Chen_Robust_Scenario_Mining_Assisted_by_Multimodal_Semantics_ICCVW_2025_paper.pdf,
286,Method,D3FNet: A Differential Attention Fusion Network for Fine-Grained Road Structure Extraction in Remote Perception Systems,"Chang Liu, Yang Xu, Tamas Sziranyi",DriveX,https://openaccess.thecvf.com/content/ICCV2025W/DriveX/html/Liu_D3FNet_A_Differential_Attention_Fusion_Network_for_Fine-Grained_Road_Structure_ICCVW_2025_paper.html,https://openaccess.thecvf.com/content/ICCV2025W/DriveX/papers/Liu_D3FNet_A_Differential_Attention_Fusion_Network_for_Fine-Grained_Road_Structure_ICCVW_2025_paper.pdf,https://arxiv.org/abs/2508.15537
287,Method,Contextual-Personalized Adaptive Cruise Control via Fine-Tuned Large Language Models,"Ziye Qin, Xue Yao, Chuheng Wei, Ang Ji, Guoyuan Wu, Zhanbo Sun",DriveX,https://openaccess.thecvf.com/content/ICCV2025W/DriveX/html/Qin_Contextual-Personalized_Adaptive_Cruise_Control_via_Fine-Tuned_Large_Language_Models_ICCVW_2025_paper.html,https://openaccess.thecvf.com/content/ICCV2025W/DriveX/papers/Qin_Contextual-Personalized_Adaptive_Cruise_Control_via_Fine-Tuned_Large_Language_Models_ICCVW_2025_paper.pdf,
288,Method,Understanding What Vision-Language Models See in Traffic: PixelSHAP for Object-Level Attribution in Autonomous Driving,Roni Goldshmidt,DriveX,https://openaccess.thecvf.com/content/ICCV2025W/DriveX/html/Goldshmidt_Understanding_What_Vision-Language_Models_See_in_Traffic_PixelSHAP_for_Object-Level_ICCVW_2025_paper.html,https://openaccess.thecvf.com/content/ICCV2025W/DriveX/papers/Goldshmidt_Understanding_What_Vision-Language_Models_See_in_Traffic_PixelSHAP_for_Object-Level_ICCVW_2025_paper.pdf,
289,Method,SpaRC-AD: A Baseline for Radar-Camera Fusion in End-to-End Autonomous Driving,"Philipp Wolters, Johannes Gilg, Torben Teepe, Gerhard Rigoll",DriveX,https://openaccess.thecvf.com/content/ICCV2025W/DriveX/html/Wolters_SpaRC-AD_A_Baseline_for_Radar-Camera_Fusion_in_End-to-End_Autonomous_Driving_ICCVW_2025_paper.html,https://openaccess.thecvf.com/content/ICCV2025W/DriveX/papers/Wolters_SpaRC-AD_A_Baseline_for_Radar-Camera_Fusion_in_End-to-End_Autonomous_Driving_ICCVW_2025_paper.pdf,https://arxiv.org/abs/2508.10567
290,Method,SlimComm: Doppler-Guided Sparse Queries for Bandwidth-Efficient Cooperative 3-D Perception,"Melih Yazgan, Qiyuan Wu, Iramm Hamdard, Shiqi Li, J. Marius Zöllner",DriveX,https://openaccess.thecvf.com/content/ICCV2025W/DriveX/html/Yazgan_SlimComm_Doppler-Guided_Sparse_Queries_for_Bandwidth-Efficient_Cooperative_3-D_Perception_ICCVW_2025_paper.html,https://openaccess.thecvf.com/content/ICCV2025W/DriveX/papers/Yazgan_SlimComm_Doppler-Guided_Sparse_Queries_for_Bandwidth-Efficient_Cooperative_3-D_Perception_ICCVW_2025_paper.pdf,https://arxiv.org/abs/2508.13007
291,Method,Research Challenges and Progress in the End-to-End V2X Cooperative Autonomous Driving Competition,"Ruiyang Hao, Haibao Yu, Jiaru Zhong, Chuanye Wang, Jiahao Wang, Yiming Kan, Wenxian Yang, Siqi Fan, Huilin Yin, Jianing Qiu, Yao Mu, Jiankai Sun, Li Chen, Walter Zimmer, Dandan Zhang, Shanghang Zhang, Mac Schwager, Ping Luo, Zaiqing Nie",DriveX,https://openaccess.thecvf.com/content/ICCV2025W/DriveX/html/Hao_Research_Challenges_and_Progress_in_the_End-to-End_V2X_Cooperative_Autonomous_ICCVW_2025_paper.html,https://openaccess.thecvf.com/content/ICCV2025W/DriveX/papers/Hao_Research_Challenges_and_Progress_in_the_End-to-End_V2X_Cooperative_Autonomous_ICCVW_2025_paper.pdf,https://arxiv.org/abs/2507.21610
292,Method,2D Instance Editing in 3D Space,"Yuhuan Xie, Aoxuan Pan, Mingxian Lin, Wei Huang, Yi-Hua Huang, Xiaojuan Qi",HiGen,https://openaccess.thecvf.com/content/ICCV2025W/HiGen/html/Xie_2D_Instance_Editing_in_3D_Space_ICCVW_2025_paper.html,https://openaccess.thecvf.com/content/ICCV2025W/HiGen/papers/Xie_2D_Instance_Editing_in_3D_Space_ICCVW_2025_paper.pdf,https://arxiv.org/abs/2507.05819
293,Method,DreamHOI: Subject-Driven Generation of 3D Human-Object Interactions with Diffusion Priors,"Hanwen Zhu, Ruining Li, Tomas Jakab",HiGen,https://openaccess.thecvf.com/content/ICCV2025W/HiGen/html/Zhu_DreamHOI_Subject-Driven_Generation_of_3D_Human-Object_Interactions_with_Diffusion_Priors_ICCVW_2025_paper.html,https://openaccess.thecvf.com/content/ICCV2025W/HiGen/papers/Zhu_DreamHOI_Subject-Driven_Generation_of_3D_Human-Object_Interactions_with_Diffusion_Priors_ICCVW_2025_paper.pdf,https://arxiv.org/abs/2409.08278
294,Method,Sketch-to-Layout: Sketch-Guided Multimodal Layout Generation,"Riccardo Brioschi, Aleksandr Alekseev, Emanuele Nevali, Berkay Döner, Omar El Malki, Blagoj Mitrevski, Leandro Kieliger, Mark Collier, Andrii Maksai, Jesse Berent, Claudiu Cristian Musat, Efi Kokiopoulou",HiGen,https://openaccess.thecvf.com/content/ICCV2025W/HiGen/html/Brioschi_Sketch-to-Layout_Sketch-Guided_Multimodal_Layout_Generation_ICCVW_2025_paper.html,https://openaccess.thecvf.com/content/ICCV2025W/HiGen/papers/Brioschi_Sketch-to-Layout_Sketch-Guided_Multimodal_Layout_Generation_ICCVW_2025_paper.pdf,https://arxiv.org/abs/2510.27632
295,Method,Enhancing Identity Preservation in Portrait Generation via Reward Optimization,"Yang Liu, Hongyu Zang, Chao Xu, Baigui Sun, Shan Luo",HiGen,https://openaccess.thecvf.com/content/ICCV2025W/HiGen/html/Liu_Enhancing_Identity_Preservation_in_Portrait_Generation_via_Reward_Optimization_ICCVW_2025_paper.html,https://openaccess.thecvf.com/content/ICCV2025W/HiGen/papers/Liu_Enhancing_Identity_Preservation_in_Portrait_Generation_via_Reward_Optimization_ICCVW_2025_paper.pdf,
296,Method,ACE++: Instruction-Based Image Creation and Editing via Context-Aware Content Filling,"Chaojie Mao, Jingfeng Zhang, Yulin Pan, Zeyinzi Jiang, Zhen Han, Yu Liu, Jingren Zhou",HiGen,https://openaccess.thecvf.com/content/ICCV2025W/HiGen/html/Mao_ACE_Instruction-Based_Image_Creation_and_Editing_via_Context-Aware_Content_Filling_ICCVW_2025_paper.html,https://openaccess.thecvf.com/content/ICCV2025W/HiGen/papers/Mao_ACE_Instruction-Based_Image_Creation_and_Editing_via_Context-Aware_Content_Filling_ICCVW_2025_paper.pdf,https://arxiv.org/abs/2501.02487
297,Method,Null text-guided interactive image editing for diffusion models,"Jing Wang, Hao Luo",HiGen,https://openaccess.thecvf.com/content/ICCV2025W/HiGen/html/Wang_Null_text-guided_interactive_image_editing_for_diffusion_models_ICCVW_2025_paper.html,https://openaccess.thecvf.com/content/ICCV2025W/HiGen/papers/Wang_Null_text-guided_interactive_image_editing_for_diffusion_models_ICCVW_2025_paper.pdf,
298,Method,Axes-and-Tags: LLM-Driven Design Galleries for Generative Content,"Asanshay Gupta, Vishnu Sarukkai, Kayvon Fatahalian",HiGen,https://openaccess.thecvf.com/content/ICCV2025W/HiGen/html/Gupta_Axes-and-Tags_LLM-Driven_Design_Galleries_for_Generative_Content_ICCVW_2025_paper.html,https://openaccess.thecvf.com/content/ICCV2025W/HiGen/papers/Gupta_Axes-and-Tags_LLM-Driven_Design_Galleries_for_Generative_Content_ICCVW_2025_paper.pdf,
299,Method,GenEscape: Hierarchical Multi-Agent Generation of Escape Room Puzzles,"Mengyi Shan, Brian Curless, Ira Kemelmacher-Shlizerman, Steve Seitz",HiGen,https://openaccess.thecvf.com/content/ICCV2025W/HiGen/html/Shan_GenEscape_Hierarchical_Multi-Agent_Generation_of_Escape_Room_Puzzles_ICCVW_2025_paper.html,https://openaccess.thecvf.com/content/ICCV2025W/HiGen/papers/Shan_GenEscape_Hierarchical_Multi-Agent_Generation_of_Escape_Room_Puzzles_ICCVW_2025_paper.pdf,
300,Method,DepthDance: Complex-pose Human Image Animation with Appearance-agnostic Depth Guidance,"Yingjie Xi, Zhengze Xu, Zhao Wang, Xiaosong Yang, Jinsong Lan, Jian Jun Zhang, Mengting Chen",HiGen,https://openaccess.thecvf.com/content/ICCV2025W/HiGen/html/Xi_DepthDance_Complex-pose_Human_Image_Animation_with_Appearance-agnostic_Depth_Guidance_ICCVW_2025_paper.html,https://openaccess.thecvf.com/content/ICCV2025W/HiGen/papers/Xi_DepthDance_Complex-pose_Human_Image_Animation_with_Appearance-agnostic_Depth_Guidance_ICCVW_2025_paper.pdf,
301,Method,UniPaint: Unified Space-time Video Inpainting via Mixture-of-Experts,"Zhen Wan, Chenyang Qi, Zhiheng Liu, Tao Gui, Yue Ma",HiGen,https://openaccess.thecvf.com/content/ICCV2025W/HiGen/html/Wan_UniPaint_Unified_Space-time_Video_Inpainting_via_Mixture-of-Experts_ICCVW_2025_paper.html,https://openaccess.thecvf.com/content/ICCV2025W/HiGen/papers/Wan_UniPaint_Unified_Space-time_Video_Inpainting_via_Mixture-of-Experts_ICCVW_2025_paper.pdf,https://arxiv.org/abs/2412.06340
302,Method,Beyond Flat Text: Dual Self-inherited Guidance for Visual Text Generation,"Minxing Luo, Zixun Xia, Liaojun Chen, Zhenhang Li, Weichao Zeng, Jianye Wang, Wentao Cheng, Yaxing Wang, Yu Zhou, Jian Yang",HiGen,https://openaccess.thecvf.com/content/ICCV2025W/HiGen/html/Luo_Beyond_Flat_Text_Dual_Self-inherited_Guidance_for_Visual_Text_Generation_ICCVW_2025_paper.html,https://openaccess.thecvf.com/content/ICCV2025W/HiGen/papers/Luo_Beyond_Flat_Text_Dual_Self-inherited_Guidance_for_Visual_Text_Generation_ICCVW_2025_paper.pdf,https://arxiv.org/abs/2501.05892
303,Method,Controllable Pedestrian Video Editing for Multi-View Driving Scenarios via Motion Sequence,"Danzhen Fu, Jiagao Hu, Daiguo Zhou, Fei Wang, Zepeng Wang, Wenhua Liao",HiGen,https://openaccess.thecvf.com/content/ICCV2025W/HiGen/html/Fu_Controllable_Pedestrian_Video_Editing_for_Multi-View_Driving_Scenarios_via_Motion_ICCVW_2025_paper.html,https://openaccess.thecvf.com/content/ICCV2025W/HiGen/papers/Fu_Controllable_Pedestrian_Video_Editing_for_Multi-View_Driving_Scenarios_via_Motion_ICCVW_2025_paper.pdf,https://arxiv.org/abs/2508.00299
304,Method,Model as a Game: On Numerical and Spatial Consistency for Generative Games,"Jingye Chen, Yuzhong Zhao, Yupan Huang, Lei Cui, Li Dong, Tengchao Lv, Qifeng Chen, Furu Wei",HiGen,https://openaccess.thecvf.com/content/ICCV2025W/HiGen/html/Chen_Model_as_a_Game_On_Numerical_and_Spatial_Consistency_for_ICCVW_2025_paper.html,https://openaccess.thecvf.com/content/ICCV2025W/HiGen/papers/Chen_Model_as_a_Game_On_Numerical_and_Spatial_Consistency_for_ICCVW_2025_paper.pdf,https://arxiv.org/abs/2503.21172
305,Method,StyleBooth: Image Style Editing with Multimodal Instruction,"Zhen Han, Chaojie Mao, Zeyinzi Jiang, Yulin Pan, Jingfeng Zhang",HiGen,https://openaccess.thecvf.com/content/ICCV2025W/HiGen/html/Han_StyleBooth_Image_Style_Editing_with_Multimodal_Instruction_ICCVW_2025_paper.html,https://openaccess.thecvf.com/content/ICCV2025W/HiGen/papers/Han_StyleBooth_Image_Style_Editing_with_Multimodal_Instruction_ICCVW_2025_paper.pdf,https://arxiv.org/abs/2404.12154
306,Method,Superior and pragmatic talking face generation with teacher-student framework,"Chao Liang, Jianwen Jiang, Tianyun Zhong, Gaojie Lin, Zhengkun Rong, Yongming Zhu, Jiaqi Yang, Xin Chen",I-HFM,https://openaccess.thecvf.com/content/ICCV2025W/I-HFM/html/Liang_Superior_and_pragmatic_talking_face_generation_with_teacher-student_framework_ICCVW_2025_paper.html,https://openaccess.thecvf.com/content/ICCV2025W/I-HFM/papers/Liang_Superior_and_pragmatic_talking_face_generation_with_teacher-student_framework_ICCVW_2025_paper.pdf,https://arxiv.org/abs/2403.17883
307,Method,"ID-Consistent, Precise Expression Generation with Blendshape-Guided Diffusion","Foivos Paraperas Papantoniou, Stefanos Zafeiriou",I-HFM,https://openaccess.thecvf.com/content/ICCV2025W/I-HFM/html/Papantoniou_ID-Consistent_Precise_Expression_Generation_with_Blendshape-Guided_Diffusion_ICCVW_2025_paper.html,https://openaccess.thecvf.com/content/ICCV2025W/I-HFM/papers/Papantoniou_ID-Consistent_Precise_Expression_Generation_with_Blendshape-Guided_Diffusion_ICCVW_2025_paper.pdf,https://arxiv.org/abs/2510.04706
308,Method,Causal Motion Tokenizer for Streaming Motion Generation,"Biao Jiang, Xin Chen, Ailing Zeng, Xinru Sun, Fukun Yin, Xianfang Zeng, Xuanyang Zhang, Gang Yu, Tao Chen",I-HFM,https://openaccess.thecvf.com/content/ICCV2025W/I-HFM/html/Jiang_Causal_Motion_Tokenizer_for_Streaming_Motion_Generation_ICCVW_2025_paper.html,https://openaccess.thecvf.com/content/ICCV2025W/I-HFM/papers/Jiang_Causal_Motion_Tokenizer_for_Streaming_Motion_Generation_ICCVW_2025_paper.pdf,
309,Method,Would SWIR modality help for detection and segmentation in harsh weather conditions? An experimental study.,"Rohan Mehra, Alexandre Riffard, Mathieu Labussière, Pierre Duthon, Romuald Aufrère",MIRA,https://openaccess.thecvf.com/content/ICCV2025W/MIRA/html/Mehra_Would_SWIR_modality_help_for_detection_and_segmentation_in_harsh_ICCVW_2025_paper.html,https://openaccess.thecvf.com/content/ICCV2025W/MIRA/papers/Mehra_Would_SWIR_modality_help_for_detection_and_segmentation_in_harsh_ICCVW_2025_paper.pdf,
310,Method,Task-Driven Neural Adaptive Gain Control: 16-bit-to-8-bit Thermal Tone Mapping for Superior Object Detection,Hossein Javidnia,MIRA,https://openaccess.thecvf.com/content/ICCV2025W/MIRA/html/Javidnia_Task-Driven_Neural_Adaptive_Gain_Control_16-bit-to-8-bit_Thermal_Tone_Mapping_for_ICCVW_2025_paper.html,https://openaccess.thecvf.com/content/ICCV2025W/MIRA/papers/Javidnia_Task-Driven_Neural_Adaptive_Gain_Control_16-bit-to-8-bit_Thermal_Tone_Mapping_for_ICCVW_2025_paper.pdf,
311,Method,Towards a Generalizable Fusion Architecture for Multimodal Object Detection,"Jad Berjawi, Yoann Dupas, Christophe Cérin",MIRA,https://openaccess.thecvf.com/content/ICCV2025W/MIRA/html/Berjawi_Towards_a_Generalizable_Fusion_Architecture_for_Multimodal_Object_Detection_ICCVW_2025_paper.html,https://openaccess.thecvf.com/content/ICCV2025W/MIRA/papers/Berjawi_Towards_a_Generalizable_Fusion_Architecture_for_Multimodal_Object_Detection_ICCVW_2025_paper.pdf,
312,Method,TY-RIST: Tactical YOLO Tricks for Real-time Infrared Small Target Detection,"Abdulkarim Atrash, Seyda Ertekin, Omur Ugur, Omar Moured, Yufan Chen, Jiaming Zhang",MIRA,https://openaccess.thecvf.com/content/ICCV2025W/MIRA/html/Atrash_TY-RIST_Tactical_YOLO_Tricks_for_Real-time_Infrared_Small_Target_Detection_ICCVW_2025_paper.html,https://openaccess.thecvf.com/content/ICCV2025W/MIRA/papers/Atrash_TY-RIST_Tactical_YOLO_Tricks_for_Real-time_Infrared_Small_Target_Detection_ICCVW_2025_paper.pdf,https://arxiv.org/abs/2509.22909
313,Method,"Patient-Centric Statistical Multi-Modal Fusion for Medical Diagnosis: Integrating DICOM, Radiomics, and Patient Attributes","Seo-Yeon Choi, Kyungsu Lee",VADH,https://openaccess.thecvf.com/content/ICCV2025W/VADH/html/Choi_Patient-Centric_Statistical_Multi-Modal_Fusion_for_Medical_Diagnosis_Integrating_DICOM_Radiomics_ICCVW_2025_paper.html,https://openaccess.thecvf.com/content/ICCV2025W/VADH/papers/Choi_Patient-Centric_Statistical_Multi-Modal_Fusion_for_Medical_Diagnosis_Integrating_DICOM_Radiomics_ICCVW_2025_paper.pdf,
314,Method,Multi-Modal Deep Clustering Survival Machines for Alzheimer's Disease Subtype Discovery,"Zixuan Wen, Bojian Hou, Weiqing He, Shu Yang, Jason Moore, Andrew Saykin, Heng Huang, Paul Thompson, Marylyn Ritchie, Christos Davatzikos, Li Shen",VADH,https://openaccess.thecvf.com/content/ICCV2025W/VADH/html/Wen_Multi-Modal_Deep_Clustering_Survival_Machines_for_Alzheimers_Disease_Subtype_Discovery_ICCVW_2025_paper.html,https://openaccess.thecvf.com/content/ICCV2025W/VADH/papers/Wen_Multi-Modal_Deep_Clustering_Survival_Machines_for_Alzheimers_Disease_Subtype_Discovery_ICCVW_2025_paper.pdf,
315,Method,Video Clinical Outcome Assessments (vCOAs): A Scalable Workflow for Remote Trials,"Rabia Aziza, Clare Matthews, Elisa Ferrer Mallol, Fereshteh Poursaeed, Alejandro Mendoza Garcia, Elin Haf Davies",VADH,https://openaccess.thecvf.com/content/ICCV2025W/VADH/html/Aziza_Video_Clinical_Outcome_Assessments_vCOAs_A_Scalable_Workflow_for_Remote_ICCVW_2025_paper.html,https://openaccess.thecvf.com/content/ICCV2025W/VADH/papers/Aziza_Video_Clinical_Outcome_Assessments_vCOAs_A_Scalable_Workflow_for_Remote_ICCVW_2025_paper.pdf,
316,Method,Adapting Vision-Language Models for 3D CT/MRI Understanding on PMBB via Slice Selection and Explanation Analysis,"Hongzhuo Chen, Rahul Shukla, Ruiming Wu, Shu Yang, Duy Duong-Tran, Duy Minh Ho Nguyen, Mathias Niepert, Cameron Beeche, James Gee, Jeffrey Duda, Rakesh Sharma, Christos Davatzikos, Walter Witschey, Bojian Hou, Li Shen",VADH,https://openaccess.thecvf.com/content/ICCV2025W/VADH/html/Chen_Adapting_Vision-Language_Models_for_3D_CTMRI_Understanding_on_PMBB_via_ICCVW_2025_paper.html,https://openaccess.thecvf.com/content/ICCV2025W/VADH/papers/Chen_Adapting_Vision-Language_Models_for_3D_CTMRI_Understanding_on_PMBB_via_ICCVW_2025_paper.pdf,
317,Method,"Magnol.AI Copilot: Multimodal LLMs for Natural, Accessible Data Interaction","Guangchen Ruan, Hui Zhang, Hui Xiao, Jian Yang",VADH,https://openaccess.thecvf.com/content/ICCV2025W/VADH/html/Ruan_Magnol.AI_Copilot_Multimodal_LLMs_for_Natural_Accessible_Data_Interaction_ICCVW_2025_paper.html,https://openaccess.thecvf.com/content/ICCV2025W/VADH/papers/Ruan_Magnol.AI_Copilot_Multimodal_LLMs_for_Natural_Accessible_Data_Interaction_ICCVW_2025_paper.pdf,
318,Method,Positioning a Video to Mesh Pipeline for 3D Foot Reconstruction as a Monitoring Tool for Peripheral Edema,"Wei Yan Peh, Hui Zhang, Jian Yang",VADH,https://openaccess.thecvf.com/content/ICCV2025W/VADH/html/Peh_Positioning_a_Video_to_Mesh_Pipeline_for_3D_Foot_Reconstruction_ICCVW_2025_paper.html,https://openaccess.thecvf.com/content/ICCV2025W/VADH/papers/Peh_Positioning_a_Video_to_Mesh_Pipeline_for_3D_Foot_Reconstruction_ICCVW_2025_paper.pdf,
319,Method,Safety Without Semantic Disruptions: Editing-free Safe Image Generation via Context-preserving Dual Latent Reconstruction,"Jordan Vice, Naveed Akhtar, Mubarak Shah, Richard Hartley, Ajmal Saeed Mian",SafeMM-AI,https://openaccess.thecvf.com/content/ICCV2025W/SafeMM-AI/html/Vice_Safety_Without_Semantic_Disruptions_Editing-free_Safe_Image_Generation_via_Context-preserving_ICCVW_2025_paper.html,https://openaccess.thecvf.com/content/ICCV2025W/SafeMM-AI/papers/Vice_Safety_Without_Semantic_Disruptions_Editing-free_Safe_Image_Generation_via_Context-preserving_ICCVW_2025_paper.pdf,https://arxiv.org/abs/2411.13982
320,Method,FrEVL: Leveraging Frozen Pretrained Embeddings for Efficient Vision-Language Understanding,"Emmanuelle Bourigault, Pauline Bourigault",SafeMM-AI,https://openaccess.thecvf.com/content/ICCV2025W/SafeMM-AI/html/Bourigault_FrEVL_Leveraging_Frozen_Pretrained_Embeddings_for_Efficient_Vision-Language_Understanding_ICCVW_2025_paper.html,https://openaccess.thecvf.com/content/ICCV2025W/SafeMM-AI/papers/Bourigault_FrEVL_Leveraging_Frozen_Pretrained_Embeddings_for_Efficient_Vision-Language_Understanding_ICCVW_2025_paper.pdf,https://arxiv.org/abs/2508.04469
321,Method,Privacy Preservation Using Superimposed 3D-Models for Self-Supervised Training in Action Recognition,"Asfandyar Azhar, Nidhish Shah, Shaurjya Mandal, Yongjie Jessica Zhang",SafeMM-AI,https://openaccess.thecvf.com/content/ICCV2025W/SafeMM-AI/html/Azhar_Privacy_Preservation_Using_Superimposed_3D-Models_for_Self-Supervised_Training_in_Action_ICCVW_2025_paper.html,https://openaccess.thecvf.com/content/ICCV2025W/SafeMM-AI/papers/Azhar_Privacy_Preservation_Using_Superimposed_3D-Models_for_Self-Supervised_Training_in_Action_ICCVW_2025_paper.pdf,
322,Method,On the Importance of Conditioning for Privacy-Preserving Data Augmentation,"Julian Lorenz, Katja Ludwig, Valentin Haug, Rainer Lienhart",SafeMM-AI,https://openaccess.thecvf.com/content/ICCV2025W/SafeMM-AI/html/Lorenz_On_the_Importance_of_Conditioning_for_Privacy-Preserving_Data_Augmentation_ICCVW_2025_paper.html,https://openaccess.thecvf.com/content/ICCV2025W/SafeMM-AI/papers/Lorenz_On_the_Importance_of_Conditioning_for_Privacy-Preserving_Data_Augmentation_ICCVW_2025_paper.pdf,https://arxiv.org/abs/2504.05849
323,Method,Pulling Back the Curtain: Unsupervised Adversarial Detection via Contrastive Auxiliary Networks,"Eylon Mizrahi, Raz Lapid, Moshe Sipper",SafeMM-AI,https://openaccess.thecvf.com/content/ICCV2025W/SafeMM-AI/html/Mizrahi_Pulling_Back_the_Curtain_Unsupervised_Adversarial_Detection_via_Contrastive_Auxiliary_ICCVW_2025_paper.html,https://openaccess.thecvf.com/content/ICCV2025W/SafeMM-AI/papers/Mizrahi_Pulling_Back_the_Curtain_Unsupervised_Adversarial_Detection_via_Contrastive_Auxiliary_ICCVW_2025_paper.pdf,https://arxiv.org/abs/2502.09110
324,Method,Relative Pose Regression with Pose Auto-Encoders: Enhanced Accuracy and Data Efficiency for Retail Applications,"Yoli Shavit, Yosi Keller",RetailVision,https://openaccess.thecvf.com/content/ICCV2025W/RetailVision/html/Shavit_Relative_Pose_Regression_with_Pose_Auto-Encoders_Enhanced_Accuracy_and_Data_ICCVW_2025_paper.html,https://openaccess.thecvf.com/content/ICCV2025W/RetailVision/papers/Shavit_Relative_Pose_Regression_with_Pose_Auto-Encoders_Enhanced_Accuracy_and_Data_ICCVW_2025_paper.pdf,https://arxiv.org/abs/2508.10933
325,Method,SGBD: Sharpness-Aware Mirror Gradient with BLIP-Based Denoising for Robust Multimodal Product Recommendation,"Sarthak Srivastava, Kathy Wu",RetailVision,https://openaccess.thecvf.com/content/ICCV2025W/RetailVision/html/Srivastava_SGBD_Sharpness-Aware_Mirror_Gradient_with_BLIP-Based_Denoising_for_Robust_Multimodal_ICCVW_2025_paper.html,https://openaccess.thecvf.com/content/ICCV2025W/RetailVision/papers/Srivastava_SGBD_Sharpness-Aware_Mirror_Gradient_with_BLIP-Based_Denoising_for_Robust_Multimodal_ICCVW_2025_paper.pdf,
326,Method,HyperVLM: Hyperbolic Space Guided Vision Language Modeling for Hierarchical Multi-Modal Understanding,"Sarthak Srivastava, Kathy Wu",RetailVision,https://openaccess.thecvf.com/content/ICCV2025W/RetailVision/html/Srivastava_HyperVLM_Hyperbolic_Space_Guided_Vision_Language_Modeling_for_Hierarchical_Multi-Modal_ICCVW_2025_paper.html,https://openaccess.thecvf.com/content/ICCV2025W/RetailVision/papers/Srivastava_HyperVLM_Hyperbolic_Space_Guided_Vision_Language_Modeling_for_Hierarchical_Multi-Modal_ICCVW_2025_paper.pdf,
327,Method,Sari Sandbox: A Virtual Retail Store Environment for Embodied AI Agents,"Janika Deborah Gajo, Gerarld Paul Merales, Jerome Escarcha, Brenden Ashley Molina, Gian Nartea, Emmanuel G. Maminta, Juan Carlos Roldan, Rowel O. Atienza",RetailVision,https://openaccess.thecvf.com/content/ICCV2025W/RetailVision/html/Gajo_Sari_Sandbox_A_Virtual_Retail_Store_Environment_for_Embodied_AI_ICCVW_2025_paper.html,https://openaccess.thecvf.com/content/ICCV2025W/RetailVision/papers/Gajo_Sari_Sandbox_A_Virtual_Retail_Store_Environment_for_Embodied_AI_ICCVW_2025_paper.pdf,https://arxiv.org/abs/2508.00400
328,Method,Recommendation By Generation: Generation Augmented Complementary Fashion Item Retrieval Using Incomplete Outfit,"Gaurab Bhattacharya, Vivek B S, P. Rajith Bhargav, Jayavardhana Gubbi, Bagyalakshmi V, Arpan Pal",RetailVision,https://openaccess.thecvf.com/content/ICCV2025W/RetailVision/html/Bhattacharya_Recommendation_By_Generation_Generation_Augmented_Complementary_Fashion_Item_Retrieval_Using_ICCVW_2025_paper.html,https://openaccess.thecvf.com/content/ICCV2025W/RetailVision/papers/Bhattacharya_Recommendation_By_Generation_Generation_Augmented_Complementary_Fashion_Item_Retrieval_Using_ICCVW_2025_paper.pdf,
329,Method,DualFit: A Two-Stage Virtual Try-On via Warping and Synthesis,"Minh Tran, Johnmark Clements, Annie Prasanna Manoharan, Tri Nguyen, Ngan Le",RetailVision,https://openaccess.thecvf.com/content/ICCV2025W/RetailVision/html/Tran_DualFit_A_Two-Stage_Virtual_Try-On_via_Warping_and_Synthesis_ICCVW_2025_paper.html,https://openaccess.thecvf.com/content/ICCV2025W/RetailVision/papers/Tran_DualFit_A_Two-Stage_Virtual_Try-On_via_Warping_and_Synthesis_ICCVW_2025_paper.pdf,
330,Method,Lessons and Winning Solutions in Industrial Object Detection and Pose Estimation from the 2025 Bin-Picking Perception Challenge,"Ziqin Huang, Chengxi Li, Yingyue Li, Xingyu Liu, Chenyangguang Zhang, Ruida Zhang, Bowen Fu, Xinggang Hu, Yun Qu, Mengge Liu, Yixiu Mao, Wendong Huang, Gu Wang, Xiangyang Ji",R6D,https://openaccess.thecvf.com/content/ICCV2025W/R6D/html/Huang_Lessons_and_Winning_Solutions_in_Industrial_Object_Detection_and_Pose_ICCVW_2025_paper.html,https://openaccess.thecvf.com/content/ICCV2025W/R6D/papers/Huang_Lessons_and_Winning_Solutions_in_Industrial_Object_Detection_and_Pose_ICCVW_2025_paper.pdf,
331,Method,Learning Point Cloud Representations with Pose Continuity for Depth-Based Category-Level 6D Object Pose Estimation,"Zhujun Li, Shuo Zhang, Ioannis Stamos",R6D,https://openaccess.thecvf.com/content/ICCV2025W/R6D/html/Li_Learning_Point_Cloud_Representations_with_Pose_Continuity_for_Depth-Based_Category-Level_ICCVW_2025_paper.html,https://openaccess.thecvf.com/content/ICCV2025W/R6D/papers/Li_Learning_Point_Cloud_Representations_with_Pose_Continuity_for_Depth-Based_Category-Level_ICCVW_2025_paper.pdf,https://arxiv.org/abs/2508.14358
332,Method,Understanding touch through latent spaces: can images and haptic maps reflect human perception?,"Antonio Luigi Stefani, Sara Baldoni, Niccolò Bisagno, Federica Battisti, Nicola Conci, Francesco De Natale",ACVR,https://openaccess.thecvf.com/content/ICCV2025W/ACVR/html/Stefani_Understanding_touch_through_latent_spaces_can_images_and_haptic_maps_ICCVW_2025_paper.html,https://openaccess.thecvf.com/content/ICCV2025W/ACVR/papers/Stefani_Understanding_touch_through_latent_spaces_can_images_and_haptic_maps_ICCVW_2025_paper.pdf,
333,Method,Towards Proactive Social Robots: Distilling Visual Knowledge from Large Vision-Language Models,"Giuseppe De Simone, Loris Roveda, Alessia Saggese, Mario Vento",ACVR,https://openaccess.thecvf.com/content/ICCV2025W/ACVR/html/De_Simone_Towards_Proactive_Social_Robots_Distilling_Visual_Knowledge_from_Large_Vision-Language_ICCVW_2025_paper.html,https://openaccess.thecvf.com/content/ICCV2025W/ACVR/papers/De_Simone_Towards_Proactive_Social_Robots_Distilling_Visual_Knowledge_from_Large_Vision-Language_ICCVW_2025_paper.pdf,
334,Method,LLMs as NAO Robot 3D Motion Planners,"Riccardo Catalini, Giacomo Salici, Federico Biagi, Guido Borghi, Luigi Biagiotti, Roberto Vezzani",ACVR,https://openaccess.thecvf.com/content/ICCV2025W/ACVR/html/Catalini_LLMs_as_NAO_Robot_3D_Motion_Planners_ICCVW_2025_paper.html,https://openaccess.thecvf.com/content/ICCV2025W/ACVR/papers/Catalini_LLMs_as_NAO_Robot_3D_Motion_Planners_ICCVW_2025_paper.pdf,
335,Method,TriPlanNet: Triangle Path Planning Network for A Variable Truss Robot with Deep Learning,"Choonghan Lee, Leah Harris, Sehyun Oh, JooHyung Cha, Jemin Lee, Yongin Kwon, Andrew Jang-Ho Bae",ACVR,https://openaccess.thecvf.com/content/ICCV2025W/ACVR/html/Lee_TriPlanNet_Triangle_Path_Planning_Network_for_A_Variable_Truss_Robot_ICCVW_2025_paper.html,https://openaccess.thecvf.com/content/ICCV2025W/ACVR/papers/Lee_TriPlanNet_Triangle_Path_Planning_Network_for_A_Variable_Truss_Robot_ICCVW_2025_paper.pdf,
336,Method,"NaVIP: A Low-Cost, Infrastructure-free Indoor Navigation Solution for Visually Impaired Persons","Jun Yu, Yitian Yang, Vinod Namboodiri",ACVR,https://openaccess.thecvf.com/content/ICCV2025W/ACVR/html/Yu_NaVIP_A_Low-Cost_Infrastructure-free_Indoor_Navigation_Solution_for_Visually_Impaired_ICCVW_2025_paper.html,https://openaccess.thecvf.com/content/ICCV2025W/ACVR/papers/Yu_NaVIP_A_Low-Cost_Infrastructure-free_Indoor_Navigation_Solution_for_Visually_Impaired_ICCVW_2025_paper.pdf,
337,Method,Visual Language Model-based Food Safety Support for Persons with Blindness and Low Vision,"Ryan Hansen, Hardik Setia, Giles Hamilton-Fletcher, Aryan Jain, Zirui Liu, Mariam Zoair, Reem Aboutaleb, Qing Wen, Yu Li, John Ross Rizzo",ACVR,https://openaccess.thecvf.com/content/ICCV2025W/ACVR/html/Hansen_Visual_Language_Model-based_Food_Safety_Support_for_Persons_with_Blindness_ICCVW_2025_paper.html,https://openaccess.thecvf.com/content/ICCV2025W/ACVR/papers/Hansen_Visual_Language_Model-based_Food_Safety_Support_for_Persons_with_Blindness_ICCVW_2025_paper.pdf,
338,Method,Design Practices and Lessons from Deploying On-device Vision-Language Interaction in Robotic Guide Dogs,"Jinse Kwon, Jemin Lee, Yongin Kwon",ACVR,https://openaccess.thecvf.com/content/ICCV2025W/ACVR/html/Kwon_Design_Practices_and_Lessons_from_Deploying_On-device_Vision-Language_Interaction_in_ICCVW_2025_paper.html,https://openaccess.thecvf.com/content/ICCV2025W/ACVR/papers/Kwon_Design_Practices_and_Lessons_from_Deploying_On-device_Vision-Language_Interaction_in_ICCVW_2025_paper.pdf,
339,Method,Flow-Guided Policies: Overcoming Diffusion Limitations for Robust Robot Imitation Learning,"Chanhyuk Jung, Sangwon Kim, Kwang-Ju Kim, Dasom Ahn, Joonki Baek, Sungkeun Yoo, Byoung Chul Ko",ACVR,https://openaccess.thecvf.com/content/ICCV2025W/ACVR/html/Jung_Flow-Guided_Policies_Overcoming_Diffusion_Limitations_for_Robust_Robot_Imitation_Learning_ICCVW_2025_paper.html,https://openaccess.thecvf.com/content/ICCV2025W/ACVR/papers/Jung_Flow-Guided_Policies_Overcoming_Diffusion_Limitations_for_Robust_Robot_Imitation_Learning_ICCVW_2025_paper.pdf,
340,Method,Guardians of Generation: Dynamic Inference-Time Copyright Shielding with Adaptive Guidance for AI Image Generation,"Soham Roy, Abhishek Mishra, Aakash Sen Sharma, Shirish Karande, Murari Mandal",U&ME,https://openaccess.thecvf.com/content/ICCV2025W/U%26ME/html/Roy_Guardians_of_Generation_Dynamic_Inference-Time_Copyright_Shielding_with_Adaptive_Guidance_ICCVW_2025_paper.html,https://openaccess.thecvf.com/content/ICCV2025W/U&ME/papers/Roy_Guardians_of_Generation_Dynamic_Inference-Time_Copyright_Shielding_with_Adaptive_Guidance_ICCVW_2025_paper.pdf,
341,Method,QAQ: Quality Adaptive Quantization for LLM KV Cache,"Wen Cheng, Shichen Dong, Jiayu Qin, Wei Wang",U&ME,https://openaccess.thecvf.com/content/ICCV2025W/U%26ME/html/Cheng_QAQ_Quality_Adaptive_Quantization_for_LLM_KV_Cache_ICCVW_2025_paper.html,https://openaccess.thecvf.com/content/ICCV2025W/U&ME/papers/Cheng_QAQ_Quality_Adaptive_Quantization_for_LLM_KV_Cache_ICCVW_2025_paper.pdf,https://arxiv.org/abs/2403.04643
342,Method,Bias-Aware Machine Unlearning: Towards Fairer Vision Models via Controllable Forgetting,"Sai Siddhartha Chary Aylapuram, Veeraraju Elluru, Shivang Agarwal",U&ME,https://openaccess.thecvf.com/content/ICCV2025W/U%26ME/html/Aylapuram_Bias-Aware_Machine_Unlearning_Towards_Fairer_Vision_Models_via_Controllable_Forgetting_ICCVW_2025_paper.html,https://openaccess.thecvf.com/content/ICCV2025W/U&ME/papers/Aylapuram_Bias-Aware_Machine_Unlearning_Towards_Fairer_Vision_Models_via_Controllable_Forgetting_ICCVW_2025_paper.pdf,https://arxiv.org/abs/2509.07456
343,Method,Segmentation by Merging Models Specialized to Each Class,"Kazuya Shibata, Kazuhiro Hotta",U&ME,https://openaccess.thecvf.com/content/ICCV2025W/U%26ME/html/Shibata_Segmentation_by_Merging_Models_Specialized_to_Each_Class_ICCVW_2025_paper.html,https://openaccess.thecvf.com/content/ICCV2025W/U&ME/papers/Shibata_Segmentation_by_Merging_Models_Specialized_to_Each_Class_ICCVW_2025_paper.pdf,
344,Method,Sparse Multiview Open-Vocabulary 3D Detection,"Olivier Moliner, Viktor Larsson, Kalle Åström",OpenSUN3D,https://openaccess.thecvf.com/content/ICCV2025W/OpenSUN3D/html/Moliner_Sparse_Multiview_Open-Vocabulary_3D_Detection_ICCVW_2025_paper.html,https://openaccess.thecvf.com/content/ICCV2025W/OpenSUN3D/papers/Moliner_Sparse_Multiview_Open-Vocabulary_3D_Detection_ICCVW_2025_paper.pdf,
345,Method,Open-Ended 3D Point Cloud Instance Segmentation,"Phuc Nguyen, Minh Luu, Anh Tran, Cuong Pham, Khoi Nguyen",OpenSUN3D,https://openaccess.thecvf.com/content/ICCV2025W/OpenSUN3D/html/Nguyen_Open-Ended_3D_Point_Cloud_Instance_Segmentation_ICCVW_2025_paper.html,https://openaccess.thecvf.com/content/ICCV2025W/OpenSUN3D/papers/Nguyen_Open-Ended_3D_Point_Cloud_Instance_Segmentation_ICCVW_2025_paper.pdf,https://arxiv.org/abs/2408.11747
346,Method,PU-Gaussian: Point Cloud Upsampling using 3D Gaussian Representation,"Mahmoud Khater, Mona Strauss, Philipp Von Olshausen, Alexander Reiterer",E2E3D,https://openaccess.thecvf.com/content/ICCV2025W/E2E3D/html/Khater_PU-Gaussian_Point_Cloud_Upsampling_using_3D_Gaussian_Representation_ICCVW_2025_paper.html,https://openaccess.thecvf.com/content/ICCV2025W/E2E3D/papers/Khater_PU-Gaussian_Point_Cloud_Upsampling_using_3D_Gaussian_Representation_ICCVW_2025_paper.pdf,https://arxiv.org/abs/2509.20207
347,Method,PointSeg: A Training-Free Paradigm for 3D Scene Segmentation via Foundation Models,"Qingdong He, Jinlong Peng, Zhengkai Jiang, Xiaobin Hu, Jiangning Zhang",E2E3D,https://openaccess.thecvf.com/content/ICCV2025W/E2E3D/html/He_PointSeg_A_Training-Free_Paradigm_for_3D_Scene_Segmentation_via_Foundation_ICCVW_2025_paper.html,https://openaccess.thecvf.com/content/ICCV2025W/E2E3D/papers/He_PointSeg_A_Training-Free_Paradigm_for_3D_Scene_Segmentation_via_Foundation_ICCVW_2025_paper.pdf,https://arxiv.org/abs/2403.06403
348,Method,CSG-Fusion: Consistent Sparse-View Gaussian Splatting via Matching-based Fusion,"Yan Xia, Wenbo Ji, Weirong Chen, Daniel Cremers",E2E3D,https://openaccess.thecvf.com/content/ICCV2025W/E2E3D/html/Xia_CSG-Fusion_Consistent_Sparse-View_Gaussian_Splatting_via_Matching-based_Fusion_ICCVW_2025_paper.html,https://openaccess.thecvf.com/content/ICCV2025W/E2E3D/papers/Xia_CSG-Fusion_Consistent_Sparse-View_Gaussian_Splatting_via_Matching-based_Fusion_ICCVW_2025_paper.pdf,
349,Method,EVA-Gaussian: 3D Gaussian-based Real-time Human Novel View Synthesis under Diverse Multi-view Camera Settings,"Yingdong Hu, Zhening Liu, Jiawei Shao, Zehong Lin, Jun Zhang",E2E3D,https://openaccess.thecvf.com/content/ICCV2025W/E2E3D/html/Hu_EVA-Gaussian_3D_Gaussian-based_Real-time_Human_Novel_View_Synthesis_under_Diverse_ICCVW_2025_paper.html,https://openaccess.thecvf.com/content/ICCV2025W/E2E3D/papers/Hu_EVA-Gaussian_3D_Gaussian-based_Real-time_Human_Novel_View_Synthesis_under_Diverse_ICCVW_2025_paper.pdf,https://arxiv.org/abs/2410.01425
350,Method,DeepCollide: Scalable Data-Driven High DoF Configuration Space Modeling using Implicit Neural Representations,"Gabe Guo, Judah Goldfeder, Aniv Ray, Tony Dear, Hod Lipson",E2E3D,https://openaccess.thecvf.com/content/ICCV2025W/E2E3D/html/Guo_DeepCollide_Scalable_Data-Driven_High_DoF_Configuration_Space_Modeling_using_Implicit_ICCVW_2025_paper.html,https://openaccess.thecvf.com/content/ICCV2025W/E2E3D/papers/Guo_DeepCollide_Scalable_Data-Driven_High_DoF_Configuration_Space_Modeling_using_Implicit_ICCVW_2025_paper.pdf,https://arxiv.org/abs/2305.15376
351,Method,Artist-Created Mesh Generation from Raw Observation,"Yao He, Youngjoong Kwon, Wenxiao Cai, Ehsan Adeli",E2E3D,https://openaccess.thecvf.com/content/ICCV2025W/E2E3D/html/He_Artist-Created_Mesh_Generation_from_Raw_Observation_ICCVW_2025_paper.html,https://openaccess.thecvf.com/content/ICCV2025W/E2E3D/papers/He_Artist-Created_Mesh_Generation_from_Raw_Observation_ICCVW_2025_paper.pdf,https://arxiv.org/abs/2509.12501
352,Method,"Total-Editing: Head Avatar with Editable Appearance, Motion, and Lighting","Yizhou Zhao, Chunjiang Liu, Haoyu Chen, Bhiksha Raj, Min Xu, Tadas Baltrusaitis, Mitch Rundle, Hsiangtao Wu, Kamran Ghasedi",E2E3D,https://openaccess.thecvf.com/content/ICCV2025W/E2E3D/html/Zhao_Total-Editing_Head_Avatar_with_Editable_Appearance_Motion_and_Lighting_ICCVW_2025_paper.html,https://openaccess.thecvf.com/content/ICCV2025W/E2E3D/papers/Zhao_Total-Editing_Head_Avatar_with_Editable_Appearance_Motion_and_Lighting_ICCVW_2025_paper.pdf,https://arxiv.org/abs/2505.20582
353,Method,Learning Robust Aligned Representations Across Multiple Visual Modalities in Human Action Recognition,"David Lerch, Bastian Rothenburger, Zeyun Zhong, Manuel Martin, Frederik Diederichs, Rainer Stiefelhagen",SAUAFG,https://openaccess.thecvf.com/content/ICCV2025W/SAUAFG/html/Lerch_Learning_Robust_Aligned_Representations_Across_Multiple_Visual_Modalities_in_Human_ICCVW_2025_paper.html,https://openaccess.thecvf.com/content/ICCV2025W/SAUAFG/papers/Lerch_Learning_Robust_Aligned_Representations_Across_Multiple_Visual_Modalities_in_Human_ICCVW_2025_paper.pdf,
354,Method,Assessing the Quality of Soccer Shots from Single-Camera Video with Vision-Language Models and Motion Features,"Filip Noworolnik, Joanna Jaworek-Korjakowska",SAUAFG,https://openaccess.thecvf.com/content/ICCV2025W/SAUAFG/html/Noworolnik_Assessing_the_Quality_of_Soccer_Shots_from_Single-Camera_Video_with_ICCVW_2025_paper.html,https://openaccess.thecvf.com/content/ICCV2025W/SAUAFG/papers/Noworolnik_Assessing_the_Quality_of_Soccer_Shots_from_Single-Camera_Video_with_ICCVW_2025_paper.pdf,
355,Method,PerFairX: Is There a Balance Between Fairness and Personality in Large Language Model Recommendations?,"Chandan Kumar Sah, Xiaoli Lian",MCL,https://openaccess.thecvf.com/content/ICCV2025W/MCL/html/Sah_PerFairX_Is_There_a_Balance_Between_Fairness_and_Personality_in_ICCVW_2025_paper.html,https://openaccess.thecvf.com/content/ICCV2025W/MCL/papers/Sah_PerFairX_Is_There_a_Balance_Between_Fairness_and_Personality_in_ICCVW_2025_paper.pdf,
356,Method,Forecasting and Visualizing Air Quality from Sky Images with Vision-Language Models,"Mohammad Saleh Vahdatpour, Maryam Eyvazi, Yanqing Zhang",MCL,https://openaccess.thecvf.com/content/ICCV2025W/MCL/html/Vahdatpour_Forecasting_and_Visualizing_Air_Quality_from_Sky_Images_with_Vision-Language_ICCVW_2025_paper.html,https://openaccess.thecvf.com/content/ICCV2025W/MCL/papers/Vahdatpour_Forecasting_and_Visualizing_Air_Quality_from_Sky_Images_with_Vision-Language_ICCVW_2025_paper.pdf,https://arxiv.org/abs/2509.15076
357,Method,DROID-Splat Combining end-to-end SLAM with 3D Gaussian Splatting,"Christian Homeyer, Leon Begiristain, Christoph Schnörr",NeuSLAM,https://openaccess.thecvf.com/content/ICCV2025W/NeuSLAM/html/Homeyer_DROID-Splat_Combining_end-to-end_SLAM_with_3D_Gaussian_Splatting_ICCVW_2025_paper.html,https://openaccess.thecvf.com/content/ICCV2025W/NeuSLAM/papers/Homeyer_DROID-Splat_Combining_end-to-end_SLAM_with_3D_Gaussian_Splatting_ICCVW_2025_paper.pdf,
358,Method,Multi-Scale Hybrid CNN-Transformer for Smoke Detection in Satellite Images,"Tony Zhang, Robert P. Dick",SEA,https://openaccess.thecvf.com/content/ICCV2025W/SEA/html/Zhang_Multi-Scale_Hybrid_CNN-Transformer_for_Smoke_Detection_in_Satellite_Images_ICCVW_2025_paper.html,https://openaccess.thecvf.com/content/ICCV2025W/SEA/papers/Zhang_Multi-Scale_Hybrid_CNN-Transformer_for_Smoke_Detection_in_Satellite_Images_ICCVW_2025_paper.pdf,
359,Method,Resolution Revolution: A Physics-Guided Deep Learning Framework for Spatiotemporal Temperature Reconstruction,"Shengjie Liu, Lu Zhang, Siqin Wang",SEA,https://openaccess.thecvf.com/content/ICCV2025W/SEA/html/Liu_Resolution_Revolution_A_Physics-Guided_Deep_Learning_Framework_for_Spatiotemporal_Temperature_ICCVW_2025_paper.html,https://openaccess.thecvf.com/content/ICCV2025W/SEA/papers/Liu_Resolution_Revolution_A_Physics-Guided_Deep_Learning_Framework_for_Spatiotemporal_Temperature_ICCVW_2025_paper.pdf,https://arxiv.org/abs/2507.09872
360,Method,HA-RDet: Hybrid Anchor Rotation Detector for Oriented Object Detection,Phuc Nguyen,SEA,https://openaccess.thecvf.com/content/ICCV2025W/SEA/html/Nguyen_HA-RDet_Hybrid_Anchor_Rotation_Detector_for_Oriented_Object_Detection_ICCVW_2025_paper.html,https://openaccess.thecvf.com/content/ICCV2025W/SEA/papers/Nguyen_HA-RDet_Hybrid_Anchor_Rotation_Detector_for_Oriented_Object_Detection_ICCVW_2025_paper.pdf,https://arxiv.org/abs/2412.14379
361,Method,BiodiverseNet: Multitask Learning on Fused Multispectral and Radar Data for Scalable Ecosystem Monitoring,Prasanth Yadla,SEA,https://openaccess.thecvf.com/content/ICCV2025W/SEA/html/Yadla_BiodiverseNet_Multitask_Learning_on_Fused_Multispectral_and_Radar_Data_for_ICCVW_2025_paper.html,https://openaccess.thecvf.com/content/ICCV2025W/SEA/papers/Yadla_BiodiverseNet_Multitask_Learning_on_Fused_Multispectral_and_Radar_Data_for_ICCVW_2025_paper.pdf,
362,Method,ViT-Koop: Vision-Transformer-Koopman Operators for Efficient Time-Series Forecasting of Earth-Observation Data,Takayuki Shinohara,SEA,https://openaccess.thecvf.com/content/ICCV2025W/SEA/html/Shinohara_ViT-Koop_Vision-Transformer-Koopman_Operators_for_Efficient_Time-Series_Forecasting_of_Earth-Observation_Data_ICCVW_2025_paper.html,https://openaccess.thecvf.com/content/ICCV2025W/SEA/papers/Shinohara_ViT-Koop_Vision-Transformer-Koopman_Operators_for_Efficient_Time-Series_Forecasting_of_Earth-Observation_Data_ICCVW_2025_paper.pdf,
363,Method,Evaluating Performance of Reinforcement Learning Agents to Control Buildings Efficiently,"Judah Goldfeder, Gabriel Guerra Trigo, Philippe Martin Wyder, Neil Kachappilly, Hod Lipson",SEA,https://openaccess.thecvf.com/content/ICCV2025W/SEA/html/Goldfeder_Evaluating_Performance_of_Reinforcement_Learning_Agents_to_Control_Buildings_Efficiently_ICCVW_2025_paper.html,https://openaccess.thecvf.com/content/ICCV2025W/SEA/papers/Goldfeder_Evaluating_Performance_of_Reinforcement_Learning_Agents_to_Control_Buildings_Efficiently_ICCVW_2025_paper.pdf,
364,Method,GasTwinFormer: A Hybrid Vision Transformer for Livestock Methane Emission Segmentation and Dietary Classification in Optical Gas Imaging,"Toqi Tahamid Sarker, Mohamed Embaby, Taminul Islam, Amer AbuGhazaleh, Khaled Ahmed",SEA,https://openaccess.thecvf.com/content/ICCV2025W/SEA/html/Sarker_GasTwinFormer_A_Hybrid_Vision_Transformer_for_Livestock_Methane_Emission_Segmentation_ICCVW_2025_paper.html,https://openaccess.thecvf.com/content/ICCV2025W/SEA/papers/Sarker_GasTwinFormer_A_Hybrid_Vision_Transformer_for_Livestock_Methane_Emission_Segmentation_ICCVW_2025_paper.pdf,https://arxiv.org/abs/2508.15057
365,Method,Towards High-Resolution Alignment and Super-Resolution of Multi-Sensor Satellite Imagery,"Philip Wootaek Shin, Vishal Gaur, Rahul Ramachandran, Manil Maskey, Jack Sampson, Vijaykrishnan Narayanan, Sujit Roy",SEA,https://openaccess.thecvf.com/content/ICCV2025W/SEA/html/Shin_Towards_High-Resolution_Alignment_and_Super-Resolution_of_Multi-Sensor_Satellite_Imagery_ICCVW_2025_paper.html,https://openaccess.thecvf.com/content/ICCV2025W/SEA/papers/Shin_Towards_High-Resolution_Alignment_and_Super-Resolution_of_Multi-Sensor_Satellite_Imagery_ICCVW_2025_paper.pdf,https://arxiv.org/abs/2507.23150
366,Method,AQUAH: Automatic Quantification and Unified Agent in Hydrology,"Songkun Yan, Zhi Li, Siyu Zhu, Yixin Wen, Mofan Zhang, Mengye Chen, Jie Cao, Yang Hong",SEA,https://openaccess.thecvf.com/content/ICCV2025W/SEA/html/Yan_AQUAH_Automatic_Quantification_and_Unified_Agent_in_Hydrology_ICCVW_2025_paper.html,https://openaccess.thecvf.com/content/ICCV2025W/SEA/papers/Yan_AQUAH_Automatic_Quantification_and_Unified_Agent_in_Hydrology_ICCVW_2025_paper.pdf,https://arxiv.org/abs/2508.02936
367,Method,LEGNet: A Lightweight Edge-Gaussian Network for Low-Quality Remote Sensing Image Object Detection,"Wei Lu, Si-Bao Chen, Hui-Dong Li, Qing-Ling Shu, Chris H. Q. Ding, Jin Tang, Bin Luo",SEA,https://openaccess.thecvf.com/content/ICCV2025W/SEA/html/Lu_LEGNet_A_Lightweight_Edge-Gaussian_Network_for_Low-Quality_Remote_Sensing_Image_ICCVW_2025_paper.html,https://openaccess.thecvf.com/content/ICCV2025W/SEA/papers/Lu_LEGNet_A_Lightweight_Edge-Gaussian_Network_for_Low-Quality_Remote_Sensing_Image_ICCVW_2025_paper.pdf,https://arxiv.org/abs/2503.14012
368,Method,Combining Transformers and CNNs for Efficient Object Detection in High-Resolution Satellite Imagery,"Nicolas Drapier, Aladine Chetouani, Aurélien Chateigner",SEA,https://openaccess.thecvf.com/content/ICCV2025W/SEA/html/Drapier_Combining_Transformers_and_CNNs_for_Efficient_Object_Detection_in_High-Resolution_ICCVW_2025_paper.html,https://openaccess.thecvf.com/content/ICCV2025W/SEA/papers/Drapier_Combining_Transformers_and_CNNs_for_Efficient_Object_Detection_in_High-Resolution_ICCVW_2025_paper.pdf,https://arxiv.org/abs/2507.11040
369,Method,Context-Aware Masking and Learnable Diffusion-Guided Patch Refinement in Transformers via Sparse Supervision for Hyperspectral Image Classification,"Abhiroop Chatterjee, Susmita Ghosh, Ashish Ghosh",SEA,https://openaccess.thecvf.com/content/ICCV2025W/SEA/html/Chatterjee_Context-Aware_Masking_and_Learnable_Diffusion-Guided_Patch_Refinement_in_Transformers_via_ICCVW_2025_paper.html,https://openaccess.thecvf.com/content/ICCV2025W/SEA/papers/Chatterjee_Context-Aware_Masking_and_Learnable_Diffusion-Guided_Patch_Refinement_in_Transformers_via_ICCVW_2025_paper.pdf,
370,Method,PyroFocus: A Deep Learning Approach to Real-Time Wildfire Detection in Multispectral Remote Sensing Imagery,"Mark Moussa, Andre Williams, Seth Roffe, Douglas C Morton",SEA,https://openaccess.thecvf.com/content/ICCV2025W/SEA/html/Moussa_PyroFocus_A_Deep_Learning_Approach_to_Real-Time_Wildfire_Detection_in_ICCVW_2025_paper.html,https://openaccess.thecvf.com/content/ICCV2025W/SEA/papers/Moussa_PyroFocus_A_Deep_Learning_Approach_to_Real-Time_Wildfire_Detection_in_ICCVW_2025_paper.pdf,https://arxiv.org/abs/2512.03257
371,Method,Tree Mapping with Limited Data: Fine-Tuning Foundation Models for Multimodal Fusion,"Xiaoyan Lu, Qihao Weng",SEA,https://openaccess.thecvf.com/content/ICCV2025W/SEA/html/Lu_Tree_Mapping_with_Limited_Data_Fine-Tuning_Foundation_Models_for_Multimodal_ICCVW_2025_paper.html,https://openaccess.thecvf.com/content/ICCV2025W/SEA/papers/Lu_Tree_Mapping_with_Limited_Data_Fine-Tuning_Foundation_Models_for_Multimodal_ICCVW_2025_paper.pdf,
372,Method,Difformer for Action Segmentation,"Nicolas Aziere, Tieqiao Wang, Sinisa Todorovic",SVU,https://openaccess.thecvf.com/content/ICCV2025W/SVU/html/Aziere_Difformer_for_Action_Segmentation_ICCVW_2025_paper.html,https://openaccess.thecvf.com/content/ICCV2025W/SVU/papers/Aziere_Difformer_for_Action_Segmentation_ICCVW_2025_paper.pdf,
373,Method,End-to-End Action Segmentation Transformer,"Tieqiao Wang, Sinisa Todorovic",SVU,https://openaccess.thecvf.com/content/ICCV2025W/SVU/html/Wang_End-to-End_Action_Segmentation_Transformer_ICCVW_2025_paper.html,https://openaccess.thecvf.com/content/ICCV2025W/SVU/papers/Wang_End-to-End_Action_Segmentation_Transformer_ICCVW_2025_paper.pdf,https://arxiv.org/abs/2503.06316
374,Method,Adaptive Compression of Large Vision Models for Efficient Image Quality Assessment of AI-Generated Content,"Shivam Bhardwaj, Tushar Shinde",ECLR,https://openaccess.thecvf.com/content/ICCV2025W/ECLR/html/Bhardwaj_Adaptive_Compression_of_Large_Vision_Models_for_Efficient_Image_Quality_ICCVW_2025_paper.html,https://openaccess.thecvf.com/content/ICCV2025W/ECLR/papers/Bhardwaj_Adaptive_Compression_of_Large_Vision_Models_for_Efficient_Image_Quality_ICCVW_2025_paper.pdf,
375,Method,Linear Attention with Global Context: A Multipole Attention Mechanism for Vision and Physics,"Alex Colagrande, Paul Caillon, Eva Feillet, Alexandre Allauzen",ECLR,https://openaccess.thecvf.com/content/ICCV2025W/ECLR/html/Colagrande_Linear_Attention_with_Global_Context_A_Multipole_Attention_Mechanism_for_ICCVW_2025_paper.html,https://openaccess.thecvf.com/content/ICCV2025W/ECLR/papers/Colagrande_Linear_Attention_with_Global_Context_A_Multipole_Attention_Mechanism_for_ICCVW_2025_paper.pdf,https://arxiv.org/abs/2507.02748
376,Method,VCMamba: Bridging Convolutions with Multi-Directional Mamba for Efficient Visual Representation,"Mustafa Munir, Alex Zhang, Radu Marculescu",ECLR,https://openaccess.thecvf.com/content/ICCV2025W/ECLR/html/Munir_VCMamba_Bridging_Convolutions_with_Multi-Directional_Mamba_for_Efficient_Visual_Representation_ICCVW_2025_paper.html,https://openaccess.thecvf.com/content/ICCV2025W/ECLR/papers/Munir_VCMamba_Bridging_Convolutions_with_Multi-Directional_Mamba_for_Efficient_Visual_Representation_ICCVW_2025_paper.pdf,https://arxiv.org/abs/2509.04669
377,Method,Relevance-Guided Activation Sparsification for Bandwidth-Efficient Collaborative Inference,"Maximilian Andreas Hoefler, Daniel Becking, Karsten Mueller, Detlev Marpe, Wojciech Samek",ECLR,https://openaccess.thecvf.com/content/ICCV2025W/ECLR/html/Hoefler_Relevance-Guided_Activation_Sparsification_for_Bandwidth-Efficient_Collaborative_Inference_ICCVW_2025_paper.html,https://openaccess.thecvf.com/content/ICCV2025W/ECLR/papers/Hoefler_Relevance-Guided_Activation_Sparsification_for_Bandwidth-Efficient_Collaborative_Inference_ICCVW_2025_paper.pdf,
378,Method,From Binary to Semantic: Utilizing Large-Scale Binary Occupancy Data for 3D Semantic Occupancy Prediction,"Chihiro Noguchi, Takaki Yamamoto",ECLR,https://openaccess.thecvf.com/content/ICCV2025W/ECLR/html/Noguchi_From_Binary_to_Semantic_Utilizing_Large-Scale_Binary_Occupancy_Data_for_ICCVW_2025_paper.html,https://openaccess.thecvf.com/content/ICCV2025W/ECLR/papers/Noguchi_From_Binary_to_Semantic_Utilizing_Large-Scale_Binary_Occupancy_Data_for_ICCVW_2025_paper.pdf,https://arxiv.org/abs/2507.13387
379,Method,Decay Pruning Method: Smooth Pruning With a Self-Rectifying Procedure,"Minghao Yang, Pengyuan Li, Linlin Gao, Zhiying Cui, Wenbo Li, Jiangjian Xiao",ECLR,https://openaccess.thecvf.com/content/ICCV2025W/ECLR/html/Yang_Decay_Pruning_Method_Smooth_Pruning_With_a_Self-Rectifying_Procedure_ICCVW_2025_paper.html,https://openaccess.thecvf.com/content/ICCV2025W/ECLR/papers/Yang_Decay_Pruning_Method_Smooth_Pruning_With_a_Self-Rectifying_Procedure_ICCVW_2025_paper.pdf,https://arxiv.org/abs/2406.03879
380,Method,FDAL: Leveraging Feature Distillation for Efficient and Task-Aware Active Learning,"Rebati Gaire, Arman Roohi",ECLR,https://openaccess.thecvf.com/content/ICCV2025W/ECLR/html/Gaire_FDAL_Leveraging_Feature_Distillation_for_Efficient_and_Task-Aware_Active_Learning_ICCVW_2025_paper.html,https://openaccess.thecvf.com/content/ICCV2025W/ECLR/papers/Gaire_FDAL_Leveraging_Feature_Distillation_for_Efficient_and_Task-Aware_Active_Learning_ICCVW_2025_paper.pdf,
381,Method,Latent Representation of Microstructures using Variational Autoencoders with Spatial Statistics Space Loss,"Andy Cai, Sayed Sajad Hashemi, Noah Paulson, Michael Guerzhoy",ECLR,https://openaccess.thecvf.com/content/ICCV2025W/ECLR/html/Cai_Latent_Representation_of_Microstructures_using_Variational_Autoencoders_with_Spatial_Statistics_ICCVW_2025_paper.html,https://openaccess.thecvf.com/content/ICCV2025W/ECLR/papers/Cai_Latent_Representation_of_Microstructures_using_Variational_Autoencoders_with_Spatial_Statistics_ICCVW_2025_paper.pdf,
382,Method,L-GGSC: Learnable Graph-based Gaussian Splatting Compression,"Akihiro Kuwabara, Hinata Kirihara, Sorachi Kato, Toshiaki Koike-Akino, Takuya Fujihashi",ECLR,https://openaccess.thecvf.com/content/ICCV2025W/ECLR/html/Kuwabara_L-GGSC_Learnable_Graph-based_Gaussian_Splatting_Compression_ICCVW_2025_paper.html,https://openaccess.thecvf.com/content/ICCV2025W/ECLR/papers/Kuwabara_L-GGSC_Learnable_Graph-based_Gaussian_Splatting_Compression_ICCVW_2025_paper.pdf,
383,Method,ECLR'25: 2nd Workshop on Efficient Computing under Limited Resources: Visual Computing,"Jinyang Guo, Zhenghao Chen, Yuqing Ma, Yifu Ding, Xianglong Liu, Jinman Kim, Wanli Ouyang, Dacheng Tao",ECLR,https://openaccess.thecvf.com/content/ICCV2025W/ECLR/html/Guo_ECLR25_2nd_Workshop_on_Efficient_Computing_under_Limited_Resources_Visual_ICCVW_2025_paper.html,https://openaccess.thecvf.com/content/ICCV2025W/ECLR/papers/Guo_ECLR25_2nd_Workshop_on_Efficient_Computing_under_Limited_Resources_Visual_ICCVW_2025_paper.pdf,
384,Method,From Coarse to Fine: Learnable Discrete Wavelet Transforms for Efficient 3D Gaussian Splatting,"Hung Nguyen, An Le, Blark Runfa Li, Truong Nguyen",ECLR,https://openaccess.thecvf.com/content/ICCV2025W/ECLR/html/Nguyen_From_Coarse_to_Fine_Learnable_Discrete_Wavelet_Transforms_for_Efficient_ICCVW_2025_paper.html,https://openaccess.thecvf.com/content/ICCV2025W/ECLR/papers/Nguyen_From_Coarse_to_Fine_Learnable_Discrete_Wavelet_Transforms_for_Efficient_ICCVW_2025_paper.pdf,https://arxiv.org/abs/2506.23042
385,Method,Your Super Resolution Model is not Enough for Tackling Real-World Scenarios,"Dongsik Yoon, Jongeun Kim",ECLR,https://openaccess.thecvf.com/content/ICCV2025W/ECLR/html/Yoon_Your_Super_Resolution_Model_is_not_Enough_for_Tackling_Real-World_ICCVW_2025_paper.html,https://openaccess.thecvf.com/content/ICCV2025W/ECLR/papers/Yoon_Your_Super_Resolution_Model_is_not_Enough_for_Tackling_Real-World_ICCVW_2025_paper.pdf,https://arxiv.org/abs/2509.06387
386,Method,Low-bit FlashAttention Accelerated Operator Design Based on Triton,"Jinyang Du, Jinyang Guo, Yifu Ding",ECLR,https://openaccess.thecvf.com/content/ICCV2025W/ECLR/html/Du_Low-bit_FlashAttention_Accelerated_Operator_Design_Based_on_Triton_ICCVW_2025_paper.html,https://openaccess.thecvf.com/content/ICCV2025W/ECLR/papers/Du_Low-bit_FlashAttention_Accelerated_Operator_Design_Based_on_Triton_ICCVW_2025_paper.pdf,
387,Method,Compressed Diffusion: Pruning with Knowledge Distillation for Efficient Text-to-Image Generation,"Nasrin Kalanat, Ohiremen Dibua, Yan Kang, Yifang Gong, Xiaowei Jia",ECLR,https://openaccess.thecvf.com/content/ICCV2025W/ECLR/html/Kalanat_Compressed_Diffusion_Pruning_with_Knowledge_Distillation_for_Efficient_Text-to-Image_Generation_ICCVW_2025_paper.html,https://openaccess.thecvf.com/content/ICCV2025W/ECLR/papers/Kalanat_Compressed_Diffusion_Pruning_with_Knowledge_Distillation_for_Efficient_Text-to-Image_Generation_ICCVW_2025_paper.pdf,
388,Method,Leveraging Learned Image Prior for 3D Gaussian Compression,"Seungjoo Shin, Jaesik Park, Sunghyun Cho",ECLR,https://openaccess.thecvf.com/content/ICCV2025W/ECLR/html/Shin_Leveraging_Learned_Image_Prior_for_3D_Gaussian_Compression_ICCVW_2025_paper.html,https://openaccess.thecvf.com/content/ICCV2025W/ECLR/papers/Shin_Leveraging_Learned_Image_Prior_for_3D_Gaussian_Compression_ICCVW_2025_paper.pdf,https://arxiv.org/abs/2510.14705
389,Method,Kernel-based Motion Free B-frame Coding for Neural Video Compression,Thang Van Nguyen,ECLR,https://openaccess.thecvf.com/content/ICCV2025W/ECLR/html/Van_Nguyen_Kernel-based_Motion_Free_B-frame_Coding_for_Neural_Video_Compression_ICCVW_2025_paper.html,https://openaccess.thecvf.com/content/ICCV2025W/ECLR/papers/Van_Nguyen_Kernel-based_Motion_Free_B-frame_Coding_for_Neural_Video_Compression_ICCVW_2025_paper.pdf,
390,Method,Tiny-vGamba: Distilling Large Vision-(Language) Knowledge from CLIP into a Lightweight vGamba Network,"Yunusa Haruna, Adamu Lawan, Ismail Abdulrashid, Abdulganiyu Abdu Yusuf",ECLR,https://openaccess.thecvf.com/content/ICCV2025W/ECLR/html/Haruna_Tiny-vGamba_Distilling_Large_Vision-Language_Knowledge_from_CLIP_into_a_Lightweight_ICCVW_2025_paper.html,https://openaccess.thecvf.com/content/ICCV2025W/ECLR/papers/Haruna_Tiny-vGamba_Distilling_Large_Vision-Language_Knowledge_from_CLIP_into_a_Lightweight_ICCVW_2025_paper.pdf,
391,Method,Pruning by Block Benefit: Exploring the Properties of Vision Transformer Blocks during Domain Adaptation,"Patrick Glandorf, Bodo Rosenhahn",ECLR,https://openaccess.thecvf.com/content/ICCV2025W/ECLR/html/Glandorf_Pruning_by_Block_Benefit_Exploring_the_Properties_of_Vision_Transformer_ICCVW_2025_paper.html,https://openaccess.thecvf.com/content/ICCV2025W/ECLR/papers/Glandorf_Pruning_by_Block_Benefit_Exploring_the_Properties_of_Vision_Transformer_ICCVW_2025_paper.pdf,https://arxiv.org/abs/2506.23675
392,Method,Oculus: Hierarchical Face Spoof Detection via Frequency-Enhanced Vision Transformers with Group-Aware Classification and Post-Fusion Attention,"Vincent Whannou de Dravo, Kiran Raja, Mohammed Bouzidi, Limamou Gueye, Jon Yngve Hardeberg",FAS2025,https://openaccess.thecvf.com/content/ICCV2025W/FAS2025/html/de_Dravo_Oculus_Hierarchical_Face_Spoof_Detection_via_Frequency-Enhanced_Vision_Transformers_with_ICCVW_2025_paper.html,https://openaccess.thecvf.com/content/ICCV2025W/FAS2025/papers/de_Dravo_Oculus_Hierarchical_Face_Spoof_Detection_via_Frequency-Enhanced_Vision_Transformers_with_ICCVW_2025_paper.pdf,
393,Method,Center-Guided Feature Selection with Dimensionality Reduction for Face Anti-Spoofing,"Senxu He, Minzhe Huang, Ruyi Cai, Jielong Wang, Kaifeng Huang, Zehua Lan",FAS2025,https://openaccess.thecvf.com/content/ICCV2025W/FAS2025/html/He_Center-Guided_Feature_Selection_with_Dimensionality_Reduction_for_Face_Anti-Spoofing_ICCVW_2025_paper.html,https://openaccess.thecvf.com/content/ICCV2025W/FAS2025/papers/He_Center-Guided_Feature_Selection_with_Dimensionality_Reduction_for_Face_Anti-Spoofing_ICCVW_2025_paper.pdf,
394,Method,Paired-Sampling Contrastive Framework for Joint Physical-Digital Face Attack Detection,"Andrei Balykin, Anvar Ganiev, Denis Kondranin, Kirill Polevoda, Nikolai Liudkevich, Artem Petrov",FAS2025,https://openaccess.thecvf.com/content/ICCV2025W/FAS2025/html/Balykin_Paired-Sampling_Contrastive_Framework_for_Joint_Physical-Digital_Face_Attack_Detection_ICCVW_2025_paper.html,https://openaccess.thecvf.com/content/ICCV2025W/FAS2025/papers/Balykin_Paired-Sampling_Contrastive_Framework_for_Joint_Physical-Digital_Face_Attack_Detection_ICCVW_2025_paper.pdf,https://arxiv.org/abs/2508.14980
395,Method,TSANet: Unified Face Attack Detection via Triplet Embedding and Soft ACER Loss,"Gabrial Zencha Ashungafac, Miracle James Oloutuche, Mukar Wepngong Eleanor, Blessed Guda, Assane Gueye, Moise Busogi",FAS2025,https://openaccess.thecvf.com/content/ICCV2025W/FAS2025/html/Ashungafac_TSANet_Unified_Face_Attack_Detection_via_Triplet_Embedding_and_Soft_ICCVW_2025_paper.html,https://openaccess.thecvf.com/content/ICCV2025W/FAS2025/papers/Ashungafac_TSANet_Unified_Face_Attack_Detection_via_Triplet_Embedding_and_Soft_ICCVW_2025_paper.pdf,
396,Method,MAYA: Multi-Attack Yielding Augmentation for Unified Face Attack Detection,"Taehoon Kim, Jongwook Choi, Seungjin Jung, Jongwon Choi",FAS2025,https://openaccess.thecvf.com/content/ICCV2025W/FAS2025/html/Kim_MAYA_Multi-Attack_Yielding_Augmentation_for_Unified_Face_Attack_Detection_ICCVW_2025_paper.html,https://openaccess.thecvf.com/content/ICCV2025W/FAS2025/papers/Kim_MAYA_Multi-Attack_Yielding_Augmentation_for_Unified_Face_Attack_Detection_ICCVW_2025_paper.pdf,
397,Method,Applying Semantic Anchor in Face Anti-Spoofing Detection for Unified Physical-Digital Attacks,"Xu Yang, Qi Zhang, Yaowen Xu, Hui Ma, Zhaofan Zou, Hao Sun",FAS2025,https://openaccess.thecvf.com/content/ICCV2025W/FAS2025/html/Yang_Applying_Semantic_Anchor_in_Face_Anti-Spoofing_Detection_for_Unified_Physical-Digital_ICCVW_2025_paper.html,https://openaccess.thecvf.com/content/ICCV2025W/FAS2025/papers/Yang_Applying_Semantic_Anchor_in_Face_Anti-Spoofing_Detection_for_Unified_Physical-Digital_ICCVW_2025_paper.pdf,
398,Method,Optimizing DINOv2 with Registers for Face Anti-Spoofing,"Mika Feng, Pierre Gallin-Martel, Koichi Ito, Takafumi Aoki",FAS2025,https://openaccess.thecvf.com/content/ICCV2025W/FAS2025/html/Feng_Optimizing_DINOv2_with_Registers_for_Face_Anti-Spoofing_ICCVW_2025_paper.html,https://openaccess.thecvf.com/content/ICCV2025W/FAS2025/papers/Feng_Optimizing_DINOv2_with_Registers_for_Face_Anti-Spoofing_ICCVW_2025_paper.pdf,
399,Method,Iterative Binary Training,"Vítor Luiz Da Silva, Rosana Tomàs, Fernando Cores, Francesc Giné",FAS2025,https://openaccess.thecvf.com/content/ICCV2025W/FAS2025/html/Da_Silva_Iterative_Binary_Training_ICCVW_2025_paper.html,https://openaccess.thecvf.com/content/ICCV2025W/FAS2025/papers/Da_Silva_Iterative_Binary_Training_ICCVW_2025_paper.pdf,
400,Method,A Generalizable Face Security Detection Method via Unified Texture and Semantic Feature Framework,"Ke-Yue Zhang, Ruoxin Chen, Jiamu Sun, Jiangming Wang, Hao Yang, Taiping Yao, Shouhong Ding",FAS2025,https://openaccess.thecvf.com/content/ICCV2025W/FAS2025/html/Zhang_A_Generalizable_Face_Security_Detection_Method_via_Unified_Texture_and_ICCVW_2025_paper.html,https://openaccess.thecvf.com/content/ICCV2025W/FAS2025/papers/Zhang_A_Generalizable_Face_Security_Detection_Method_via_Unified_Texture_and_ICCVW_2025_paper.pdf,
401,Method,CrossGAP: Unified Face Anti-Spoofing via Cross-Modal Global-Aware Prompting,"Xihong Chen, Yutong Xie, Hui Ma, Ning Li, Yanyan Liang, Jiabao Guo",FAS2025,https://openaccess.thecvf.com/content/ICCV2025W/FAS2025/html/Chen_CrossGAP_Unified_Face_Anti-Spoofing_via_Cross-Modal_Global-Aware_Prompting_ICCVW_2025_paper.html,https://openaccess.thecvf.com/content/ICCV2025W/FAS2025/papers/Chen_CrossGAP_Unified_Face_Anti-Spoofing_via_Cross-Modal_Global-Aware_Prompting_ICCVW_2025_paper.pdf,
402,Method,Adaptive Face Anti-Spoofing Through Enhanced Data Manipulation and Feature Contrast Techniques,"Jielong Wang, Kaifeng Huang, Zehua Lan, Senxu He, Minzhe Huang, Ruyi Cai",FAS2025,https://openaccess.thecvf.com/content/ICCV2025W/FAS2025/html/Wang_Adaptive_Face_Anti-Spoofing_Through_Enhanced_Data_Manipulation_and_Feature_Contrast_ICCVW_2025_paper.html,https://openaccess.thecvf.com/content/ICCV2025W/FAS2025/papers/Wang_Adaptive_Face_Anti-Spoofing_Through_Enhanced_Data_Manipulation_and_Feature_Contrast_ICCVW_2025_paper.pdf,
403,Method,"One Model, All Attacks: ACER-Optimized Vision Transformer for Robust Face Anti-Spoofing","Jie Jin, Mahiro Tokumasu, Yu Makino, Shumpei Nishikawa, Tetsushi Ohki",FAS2025,https://openaccess.thecvf.com/content/ICCV2025W/FAS2025/html/Jin_One_Model_All_Attacks_ACER-Optimized_Vision_Transformer_for_Robust_Face_ICCVW_2025_paper.html,https://openaccess.thecvf.com/content/ICCV2025W/FAS2025/papers/Jin_One_Model_All_Attacks_ACER-Optimized_Vision_Transformer_for_Robust_Face_ICCVW_2025_paper.pdf,
404,Method,TRICKY 2025 Challenge on Monocular Depth from Images of Specular and Transparent Surfaces,"Pierluigi Zama Ramirez, Alex Costanzino, Fabio Tosi, Matteo Poggi, Luigi Di Stefano, Jean-Baptiste Weibel, Doris Antensteiner, Markus Vincze, Benjamin Busam, Guangyao Zhai, Weihang Li, Junwen Huang, Hyunjun Jung, Mykola Lavreniuk, Pihai Sun, Yijun Luo, Hongtao Wang, Manying Gao, Kui Jiang, Junjun Jiang",TRICKY,https://openaccess.thecvf.com/content/ICCV2025W/TRICKY/html/Ramirez_TRICKY_2025_Challenge_on_Monocular_Depth_from_Images_of_Specular_ICCVW_2025_paper.html,https://openaccess.thecvf.com/content/ICCV2025W/TRICKY/papers/Ramirez_TRICKY_2025_Challenge_on_Monocular_Depth_from_Images_of_Specular_ICCVW_2025_paper.pdf,
405,Method,TRICKY 2025 HouseCat6D Object Pose Estimation Challenge with Specular and Transparent Surfaces,"Weihang Li, Junwen Huang, HyunJun Jung, Guangyao Zhai, Pierluigi Zama Ramirez, Alex Costanzino, Fabio Tosi, Matteo Poggi, Luigi Di Stefano, Jean-Baptiste Weibel, Doris Antensteiner, Markus Vincze, Jing He, Yiqing Wang, Kexin Zhang, Licheng Jiao, Lingling Li, Fang Liu, Wenping Ma, Benjamin Busam",TRICKY,https://openaccess.thecvf.com/content/ICCV2025W/TRICKY/html/Li_TRICKY_2025_HouseCat6D_Object_Pose_Estimation_Challenge_with_Specular_and_ICCVW_2025_paper.html,https://openaccess.thecvf.com/content/ICCV2025W/TRICKY/papers/Li_TRICKY_2025_HouseCat6D_Object_Pose_Estimation_Challenge_with_Specular_and_ICCVW_2025_paper.pdf,
406,Method,Hybrid Vision Transformer and Convolutional Neural Network for Super-Resolution Image Quality Assessment,"Xinyu Li, Chuanbiao Song, Chenqi Zhang, Jun Lan, Huijia Zhu, Weiqiang Wang, Xiaoyan Sun",VQualA,https://openaccess.thecvf.com/content/ICCV2025W/VQualA/html/Li_Hybrid_Vision_Transformer_and_Convolutional_Neural_Network_for_Super-Resolution_Image_ICCVW_2025_paper.html,https://openaccess.thecvf.com/content/ICCV2025W/VQualA/papers/Li_Hybrid_Vision_Transformer_and_Convolutional_Neural_Network_for_Super-Resolution_Image_ICCVW_2025_paper.pdf,
407,Method,Efficient Face Image Quality Assessment via Self-training and Knowledge Distillation,"Wei Sun, Weixia Zhang, Linhan Cao, Jun Jia, Xiangyang Zhu, Dandan Zhu, Xiongkuo Min, Guangtao Zhai",VQualA,https://openaccess.thecvf.com/content/ICCV2025W/VQualA/html/Sun_Efficient_Face_Image_Quality_Assessment_via_Self-training_and_Knowledge_Distillation_ICCVW_2025_paper.html,https://openaccess.thecvf.com/content/ICCV2025W/VQualA/papers/Sun_Efficient_Face_Image_Quality_Assessment_via_Self-training_and_Knowledge_Distillation_ICCVW_2025_paper.pdf,https://arxiv.org/abs/2507.15709
408,Method,RankCORE: Self-Supervised Ranking-Aware Correlation Optimized Regression for Face Image Quality Assessment,"Abhishek Joshi, Aman Agarwal",VQualA,https://openaccess.thecvf.com/content/ICCV2025W/VQualA/html/Joshi_RankCORE_Self-Supervised_Ranking-Aware_Correlation_Optimized_Regression_for_Face_Image_Quality_ICCVW_2025_paper.html,https://openaccess.thecvf.com/content/ICCV2025W/VQualA/papers/Joshi_RankCORE_Self-Supervised_Ranking-Aware_Correlation_Optimized_Regression_for_Face_Image_Quality_ICCVW_2025_paper.pdf,
409,Method,Better Supervised Fine-tuning for VQA: Integer-Only Loss,"Baihong Qian, Haotian Fan, Wenjie Liao, Yunqiu Wang, Tao Li, Junhui Cui",VQualA,https://openaccess.thecvf.com/content/ICCV2025W/VQualA/html/Qian_Better_Supervised_Fine-tuning_for_VQA_Integer-Only_Loss_ICCVW_2025_paper.html,https://openaccess.thecvf.com/content/ICCV2025W/VQualA/papers/Qian_Better_Supervised_Fine-tuning_for_VQA_Integer-Only_Loss_ICCVW_2025_paper.pdf,https://arxiv.org/abs/2508.11170
410,Method,VQualA 2025 Document Image Quality Assessment Challenge,"Fan Huang, Xiongkuo Min, Zhichao Ma, Xiaohong Liu, Chris Wei Zhou, Guangtao Zhai, Junjie Gao, Runze Liu, Yingzhe Peng, Shujian Yang, Jin Zhang, Kai Yang, Zhiyuan You, Zitian Ao, Yicheng Wu, Weixia Zhang, Junlin Chen, Wei Sun, Zhihua Wang, Zhe Zhang, Yang Yang, Mingying Bai, Jiawang Du, Zilong Lu, Zhenyu Jiang, Ziguan Cui, Zongliang Gan, Guijin Tang, Fan Yang, Hang Ouyang, Zhuohang Shi, Tianxin Xiao, Zhizun Luo, Zhaowang Wu, Kaixin Deng, Ruikun Zhang, Hao Yang, Liyuan Pan",VQualA,https://openaccess.thecvf.com/content/ICCV2025W/VQualA/html/Huang_VQualA_2025_Document_Image_Quality_Assessment_Challenge_ICCVW_2025_paper.html,https://openaccess.thecvf.com/content/ICCV2025W/VQualA/papers/Huang_VQualA_2025_Document_Image_Quality_Assessment_Challenge_ICCVW_2025_paper.pdf,
411,Method,QualiVision: Multi-Modal Video Quality Assessment with Quality-Aware Fusion and Discriminative Learning Strategies,"Ritik Bompilwar, Saurabh Koshatwar",VQualA,https://openaccess.thecvf.com/content/ICCV2025W/VQualA/html/Bompilwar_QualiVision_Multi-Modal_Video_Quality_Assessment_with_Quality-Aware_Fusion_and_Discriminative_ICCVW_2025_paper.html,https://openaccess.thecvf.com/content/ICCV2025W/VQualA/papers/Bompilwar_QualiVision_Multi-Modal_Video_Quality_Assessment_with_Quality-Aware_Fusion_and_Discriminative_ICCVW_2025_paper.pdf,
412,Method,VQualA 2025 Challenge on Face Image Quality Assessment: Methods and Results,"Sizhuo Ma, Wei-Ting Chen, Qiang Gao, Jian Wang, Chris Wei Zhou, Wei Sun, Weixia Zhang, Linhan Cao, Jun Jia, Xiangyang Zhu, Dandan Zhu, Xiongkuo Min, Guangtao Zhai, Baoying Chen, Xiongwei Xiao, Jishen Zeng, Wei Wu, Tiexuan Lou, Yuchen Tan, Chunyi Song, Zhiwei Xu, MohammadAli Hamidi, Hadi Amirpour, Mingyin Bai, Jiawang Du, Zhenyu Jiang, Zilong Lu, Ziguan Cui, Zongliang Gan, Xinpeng Li, Shiqi Jiang, Chenhui Li, Changbo Wang, Weijun Yuan, Zhan Li, Yihang Chen, Yifan Deng, Ruting Deng, Zhanglu Chen, Boyang Yao, Shuling Zheng, Feng Zhang, Zhiheng Fu, Abhishek Joshi, Aman Agarwal, Rakhil Immidisetti, Ajay Narasimha Mopidevi, Vishwajeet Shukla, Hao Yang, Ruikun Zhang, Liyuan Pan, Kaixin Deng, Hang Ouyang, Fan Yang, Zhizun Luo, Zhuohang Shi, Songning Lai, Weilin Ruan, Yutao Yue",VQualA,https://openaccess.thecvf.com/content/ICCV2025W/VQualA/html/Ma_VQualA_2025_Challenge_on_Face_Image_Quality_Assessment_Methods_and_ICCVW_2025_paper.html,https://openaccess.thecvf.com/content/ICCV2025W/VQualA/papers/Ma_VQualA_2025_Challenge_on_Face_Image_Quality_Assessment_Methods_and_ICCVW_2025_paper.pdf,https://arxiv.org/abs/2508.18445
413,Method,Perceptual Classifiers: Detecting Generative Images using Perceptual Features,"Krishna Srikar Durbha, Asvin Kumar Venkataramanan, Rajesh Sureddi, Alan Bovik",VQualA,https://openaccess.thecvf.com/content/ICCV2025W/VQualA/html/Durbha_Perceptual_Classifiers_Detecting_Generative_Images_using_Perceptual_Features_ICCVW_2025_paper.html,https://openaccess.thecvf.com/content/ICCV2025W/VQualA/papers/Durbha_Perceptual_Classifiers_Detecting_Generative_Images_using_Perceptual_Features_ICCVW_2025_paper.pdf,https://arxiv.org/abs/2507.17240
414,Method,PKU-AIGIQA-4K: A Perceptual Quality Assessment Database for Both Text-to-Image and Image-to-Image AI-Generated Images,"Jiquan Yuan, Jihe Li, Fanyi Yang, Xinyan Cao, Jinming Che, Jinlong Lin, Xixin Cao",VQualA,https://openaccess.thecvf.com/content/ICCV2025W/VQualA/html/Yuan_PKU-AIGIQA-4K_A_Perceptual_Quality_Assessment_Database_for_Both_Text-to-Image_and_ICCVW_2025_paper.html,https://openaccess.thecvf.com/content/ICCV2025W/VQualA/papers/Yuan_PKU-AIGIQA-4K_A_Perceptual_Quality_Assessment_Database_for_Both_Text-to-Image_and_ICCVW_2025_paper.pdf,https://arxiv.org/abs/2404.18409
415,Method,DeQA-Doc: Adapting DeQA-Score to Document Image Quality Assessment,"Junjie Gao, Runze Liu, Yingzhe Peng, Shujian Yang, Jin Zhang, Kai Yang, Zhiyuan You",VQualA,https://openaccess.thecvf.com/content/ICCV2025W/VQualA/html/Gao_DeQA-Doc_Adapting_DeQA-Score_to_Document_Image_Quality_Assessment_ICCVW_2025_paper.html,https://openaccess.thecvf.com/content/ICCV2025W/VQualA/papers/Gao_DeQA-Doc_Adapting_DeQA-Score_to_Document_Image_Quality_Assessment_ICCVW_2025_paper.pdf,https://arxiv.org/abs/2507.12796
416,Method,VQualA 2025 Challenge on Image Super-Resolution Generated Content Quality Assessment: Methods and Results,"Yixiao Li, Xin Li, Chris Wei Zhou, Shuo Xing, Hadi Amirpour, Xiaoshuai Hao, Guanghui Yue, Baoquan Zhao, Weide Liu, Xiaoyuan Yang, Zhengzhong Tu, Xinyu Li, Chuanbiao Song, Chenqi Zhang, Jun Lan, Huijia Zhu, Weiqiang Wang, Xiaoyan Sun, Shishun Tian, Dongyang Yan, Weixia Zhang, Junlin Chen, Wei Sun, Zhihua Wang, Zhuohang Shi, Zhizun Luo, Hang Ouyang, Tianxin Xiao, Fan Yang, Zhaowang Wu, Kaixin Deng",VQualA,https://openaccess.thecvf.com/content/ICCV2025W/VQualA/html/Li_VQualA_2025_Challenge_on_Image_Super-Resolution_Generated_Content_Quality_Assessment_ICCVW_2025_paper.html,https://openaccess.thecvf.com/content/ICCV2025W/VQualA/papers/Li_VQualA_2025_Challenge_on_Image_Super-Resolution_Generated_Content_Quality_Assessment_ICCVW_2025_paper.pdf,https://arxiv.org/abs/2509.06413
417,Method,A Lightweight Ensemble-Based Face Image Quality Assessment Method with Correlation-Aware Loss,"Mohammadali Hamidi, Hadi Amirpour, Luigi Atzori, Christian Timmerer",VQualA,https://openaccess.thecvf.com/content/ICCV2025W/VQualA/html/Hamidi_A_Lightweight_Ensemble-Based_Face_Image_Quality_Assessment_Method_with_Correlation-Aware_ICCVW_2025_paper.html,https://openaccess.thecvf.com/content/ICCV2025W/VQualA/papers/Hamidi_A_Lightweight_Ensemble-Based_Face_Image_Quality_Assessment_Method_with_Correlation-Aware_ICCVW_2025_paper.pdf,https://arxiv.org/abs/2509.10114
418,Method,AIGVQA: A Unified Framework for Multi-Dimensional Quality Assessment of AI-Generated Video,"Jiarui Wang, Juntong Wang, Xiaorong Zhu, Huiyu Duan, Guangtao Zhai, Xiongkuo Min",VQualA,https://openaccess.thecvf.com/content/ICCV2025W/VQualA/html/Wang_AIGVQA_A_Unified_Framework_for_Multi-Dimensional_Quality_Assessment_of_AI-Generated_ICCVW_2025_paper.html,https://openaccess.thecvf.com/content/ICCV2025W/VQualA/papers/Wang_AIGVQA_A_Unified_Framework_for_Multi-Dimensional_Quality_Assessment_of_AI-Generated_ICCVW_2025_paper.pdf,
419,Method,Engagement Prediction of Short Videos with Large Multimodal Models,"Wei Sun, Linhan Cao, Yuqin Cao, Weixia Zhang, Wen Wen, Kaiwei Zhang, Zijian Chen, Fangfang Lu, Xiongkuo Min, Guangtao Zhai",VQualA,https://openaccess.thecvf.com/content/ICCV2025W/VQualA/html/Sun_Engagement_Prediction_of_Short_Videos_with_Large_Multimodal_Models_ICCVW_2025_paper.html,https://openaccess.thecvf.com/content/ICCV2025W/VQualA/papers/Sun_Engagement_Prediction_of_Short_Videos_with_Large_Multimodal_Models_ICCVW_2025_paper.pdf,https://arxiv.org/abs/2508.02516
420,Method,Exploring MLLM in Fine-Grained Visual Quality Comparison with Quality Token,"Song Jiang, Lijuan Jiao, Yuguang Li, Pei You, Hui Li, Ran Yang, Feng Zhu, Sehwan Ki, Hyong-Euk Lee",VQualA,https://openaccess.thecvf.com/content/ICCV2025W/VQualA/html/Jiang_Exploring_MLLM_in_Fine-Grained_Visual_Quality_Comparison_with_Quality_Token_ICCVW_2025_paper.html,https://openaccess.thecvf.com/content/ICCV2025W/VQualA/papers/Jiang_Exploring_MLLM_in_Fine-Grained_Visual_Quality_Comparison_with_Quality_Token_ICCVW_2025_paper.pdf,
421,Method,Efficient Additive Attention for Transformer-based Semi-supervised Document Layout Analysis,"Tahira Shehzadi, Ifza Ifza, Didier Stricker, Muhammad Zeshan Afzal",WiCV,https://openaccess.thecvf.com/content/ICCV2025W/WiCV/html/Shehzadi_Efficient_Additive_Attention_for_Transformer-based_Semi-supervised_Document_Layout_Analysis_ICCVW_2025_paper.html,https://openaccess.thecvf.com/content/ICCV2025W/WiCV/papers/Shehzadi_Efficient_Additive_Attention_for_Transformer-based_Semi-supervised_Document_Layout_Analysis_ICCVW_2025_paper.pdf,
422,Method,Self-Supervised Representation Learning with Diffusion-Based Refinement for Image Rectification,"Pooja Kumari, Sukhendu Das",WiCV,https://openaccess.thecvf.com/content/ICCV2025W/WiCV/html/Kumari_Self-Supervised_Representation_Learning_with_Diffusion-Based_Refinement_for_Image_Rectification_ICCVW_2025_paper.html,https://openaccess.thecvf.com/content/ICCV2025W/WiCV/papers/Kumari_Self-Supervised_Representation_Learning_with_Diffusion-Based_Refinement_for_Image_Rectification_ICCVW_2025_paper.pdf,
423,Method,Pose to Protect: Federated Skeleton-Based Anomaly Detection for Privacy-Conscious Video Surveillance,"Dina Famouri, Md Zarif Hossain, Ahmed Imteaj",WiCV,https://openaccess.thecvf.com/content/ICCV2025W/WiCV/html/Famouri_Pose_to_Protect_Federated_Skeleton-Based_Anomaly_Detection_for_Privacy-Conscious_Video_ICCVW_2025_paper.html,https://openaccess.thecvf.com/content/ICCV2025W/WiCV/papers/Famouri_Pose_to_Protect_Federated_Skeleton-Based_Anomaly_Detection_for_Privacy-Conscious_Video_ICCVW_2025_paper.pdf,
424,Method,Embedding Font Impression Word Tags Based on Co-occurrence,"Yugo Kubota, Seiichi Uchida",GDUG,https://openaccess.thecvf.com/content/ICCV2025W/GDUG/html/Kubota_Embedding_Font_Impression_Word_Tags_Based_on_Co-occurrence_ICCVW_2025_paper.html,https://openaccess.thecvf.com/content/ICCV2025W/GDUG/papers/Kubota_Embedding_Font_Impression_Word_Tags_Based_on_Co-occurrence_ICCVW_2025_paper.pdf,https://arxiv.org/abs/2508.18825
425,Method,MG-Gen: Single Image to Motion Graphics Generation,"Takahiro Shirakawa, Tomoyuki Suzuki, Takuto Narumoto, Daichi Haraguchi",GDUG,https://openaccess.thecvf.com/content/ICCV2025W/GDUG/html/Shirakawa_MG-Gen_Single_Image_to_Motion_Graphics_Generation_ICCVW_2025_paper.html,https://openaccess.thecvf.com/content/ICCV2025W/GDUG/papers/Shirakawa_MG-Gen_Single_Image_to_Motion_Graphics_Generation_ICCVW_2025_paper.pdf,https://arxiv.org/abs/2504.02361
426,Method,DinoAtten3D: Slice-Level Attention Aggregation of DinoV2 for 3D Brain MRI Anomaly Classification,"Fazle Rafsani, Jay Shah, Catherine D. Chong, Todd J. Schwedt, Teresa Wu",ADFM,https://openaccess.thecvf.com/content/ICCV2025W/ADFM/html/Rafsani_DinoAtten3D_Slice-Level_Attention_Aggregation_of_DinoV2_for_3D_Brain_MRI_ICCVW_2025_paper.html,https://openaccess.thecvf.com/content/ICCV2025W/ADFM/papers/Rafsani_DinoAtten3D_Slice-Level_Attention_Aggregation_of_DinoV2_for_3D_Brain_MRI_ICCVW_2025_paper.pdf,https://arxiv.org/abs/2509.12512
427,Method,Bridge Feature Matching and Cross-Modal Alignment with Mutual-filtering for Zero-shot Anomaly Detection,"Yuhu Bai, Jiangning Zhang, Yunkang Cao, Guangyuan Lu, Qingdong He, Xiangtai Li, Guanzhong Tian",ADFM,https://openaccess.thecvf.com/content/ICCV2025W/ADFM/html/Bai_Bridge_Feature_Matching_and_Cross-Modal_Alignment_with_Mutual-filtering_for_Zero-shot_ICCVW_2025_paper.html,https://openaccess.thecvf.com/content/ICCV2025W/ADFM/papers/Bai_Bridge_Feature_Matching_and_Cross-Modal_Alignment_with_Mutual-filtering_for_Zero-shot_ICCVW_2025_paper.pdf,https://arxiv.org/abs/2507.11003
428,Method,Zero-Shot Image Anomaly Detection Using Generative Foundation Models,"Lemar Abdi, Amaan Valiuddin, Francisco Caetano, Christiaan Viviers, Fons Van Der Sommen",ADFM,https://openaccess.thecvf.com/content/ICCV2025W/ADFM/html/Abdi_Zero-Shot_Image_Anomaly_Detection_Using_Generative_Foundation_Models_ICCVW_2025_paper.html,https://openaccess.thecvf.com/content/ICCV2025W/ADFM/papers/Abdi_Zero-Shot_Image_Anomaly_Detection_Using_Generative_Foundation_Models_ICCVW_2025_paper.pdf,https://arxiv.org/abs/2507.22692
429,Method,Unveiling Process-Structure Mapping with a Deep Variational Autoencoder,"Avanish Mishra, Brenden William Hamilton, Mashroor Shafat Nitol, Nithin Mathew, Kipton Marcos Barros, Timothy Clark Germann, Saryu Jindal Fensin",CV4MS,https://openaccess.thecvf.com/content/ICCV2025W/CV4MS/html/Mishra_Unveiling_Process-Structure_Mapping_with_a_Deep_Variational_Autoencoder_ICCVW_2025_paper.html,https://openaccess.thecvf.com/content/ICCV2025W/CV4MS/papers/Mishra_Unveiling_Process-Structure_Mapping_with_a_Deep_Variational_Autoencoder_ICCVW_2025_paper.pdf,
430,Method,"Improving U-Net Confidence on TEM Image Data with L2-Regularization, Transfer Learning, and Deep Fine-Tuning","Aiden Ochoa, Xinyuan Xu, Xing Wang",CV4MS,https://openaccess.thecvf.com/content/ICCV2025W/CV4MS/html/Ochoa_Improving_U-Net_Confidence_on_TEM_Image_Data_with_L2-Regularization_Transfer_ICCVW_2025_paper.html,https://openaccess.thecvf.com/content/ICCV2025W/CV4MS/papers/Ochoa_Improving_U-Net_Confidence_on_TEM_Image_Data_with_L2-Regularization_Transfer_ICCVW_2025_paper.pdf,https://arxiv.org/abs/2507.16779
431,Method,Neural Object Detection for 4D-STEM: High-Throughput Sub-Pixel Electron Diffraction Pattern Recognition,"Arda Genc, Ravit Silverstein",CV4MS,https://openaccess.thecvf.com/content/ICCV2025W/CV4MS/html/Genc_Neural_Object_Detection_for_4D-STEM_High-Throughput_Sub-Pixel_Electron_Diffraction_Pattern_ICCVW_2025_paper.html,https://openaccess.thecvf.com/content/ICCV2025W/CV4MS/papers/Genc_Neural_Object_Detection_for_4D-STEM_High-Throughput_Sub-Pixel_Electron_Diffraction_Pattern_ICCVW_2025_paper.pdf,https://arxiv.org/abs/2506.04477
432,Method,"AI-Driven Analysis of Fracture Types in Metallic Materials: Classification, Segmentation, and Quantification with Deep Neural Networks","Anna Wójcicka, Mateusz Wojtulewicz, Andrzej Brodzicki, Magdalena Leonkiewicz, Patryk Maciejewski, Joanna Jaworek-Korjakowska, Krzysztof Mroczka",CV4MS,https://openaccess.thecvf.com/content/ICCV2025W/CV4MS/html/Wojcicka_AI-Driven_Analysis_of_Fracture_Types_in_Metallic_Materials_Classification_Segmentation_ICCVW_2025_paper.html,https://openaccess.thecvf.com/content/ICCV2025W/CV4MS/papers/Wojcicka_AI-Driven_Analysis_of_Fracture_Types_in_Metallic_Materials_Classification_Segmentation_ICCVW_2025_paper.pdf,
433,Method,Improving Multislice Electron Ptychography with a Generative Prior,"Christian Belardi, Chia-Hao Lee, Yingheng Wang, Justin Lovelace, Kilian Weinberger, David Muller, Carla Gomes",CV4MS,https://openaccess.thecvf.com/content/ICCV2025W/CV4MS/html/Belardi_Improving_Multislice_Electron_Ptychography_with_a_Generative_Prior_ICCVW_2025_paper.html,https://openaccess.thecvf.com/content/ICCV2025W/CV4MS/papers/Belardi_Improving_Multislice_Electron_Ptychography_with_a_Generative_Prior_ICCVW_2025_paper.pdf,https://arxiv.org/abs/2507.17800
434,Method,SAM- and mSAM- Based Inference of Nuclear Materials Processing History from SEM Imagery,"Mayolo Valencia Mendoza, Alexei Skurikhin, Judith Cohn, Luther Mcdonald, Kari Sentz",CV4MS,https://openaccess.thecvf.com/content/ICCV2025W/CV4MS/html/Mendoza_SAM-_and_mSAM-_Based_Inference_of_Nuclear_Materials_Processing_History_ICCVW_2025_paper.html,https://openaccess.thecvf.com/content/ICCV2025W/CV4MS/papers/Mendoza_SAM-_and_mSAM-_Based_Inference_of_Nuclear_Materials_Processing_History_ICCVW_2025_paper.pdf,
435,Method,Automated Feature Tracking for Real-Time Kinematic Analysis and Shape Estimation of Carbon Nanotube Growth,"Kaveh Safavigerdini, Ramakrishna Surya, Jaired Collins, Prasad Calyam, Filiz Bunyak, Matthew Maschmann, Kannappan Palaniappan",CV4MS,https://openaccess.thecvf.com/content/ICCV2025W/CV4MS/html/Safavigerdini_Automated_Feature_Tracking_for_Real-Time_Kinematic_Analysis_and_Shape_Estimation_ICCVW_2025_paper.html,https://openaccess.thecvf.com/content/ICCV2025W/CV4MS/papers/Safavigerdini_Automated_Feature_Tracking_for_Real-Time_Kinematic_Analysis_and_Shape_Estimation_ICCVW_2025_paper.pdf,https://arxiv.org/abs/2508.19232
436,Method,AtomDiffuser: Time-Aware Degradation Modeling for Drift and Beam Damage in STEM Imaging,"Hao Wang, Hongkui Zheng, Kai He, Abolfazl Razi",CV4MS,https://openaccess.thecvf.com/content/ICCV2025W/CV4MS/html/Wang_AtomDiffuser_Time-Aware_Degradation_Modeling_for_Drift_and_Beam_Damage_in_ICCVW_2025_paper.html,https://openaccess.thecvf.com/content/ICCV2025W/CV4MS/papers/Wang_AtomDiffuser_Time-Aware_Degradation_Modeling_for_Drift_and_Beam_Damage_in_ICCVW_2025_paper.pdf,https://arxiv.org/abs/2508.10359
437,Method,Application of Semantic Segmentation on SEM Images of Rubber Composites and Verification of Correlation with Material Properties,"Sho Sakamoto, Wakana Miyoshi, Kentaro Oishi, Ryuta Asami, Akira Kobayashi, Hiroki Iwana, Taichi Tokunaga, Yosuke Motohashi",CV4MS,https://openaccess.thecvf.com/content/ICCV2025W/CV4MS/html/Sakamoto_Application_of_Semantic_Segmentation_on_SEM_Images_of_Rubber_Composites_ICCVW_2025_paper.html,https://openaccess.thecvf.com/content/ICCV2025W/CV4MS/papers/Sakamoto_Application_of_Semantic_Segmentation_on_SEM_Images_of_Rubber_Composites_ICCVW_2025_paper.pdf,
438,Method,A Transformer-Based GAN Architecture for Simulating Carbon Nanotube Structures in the Frequency Domain,"Trevor Bohl, Minasadat Attari, Matthew Maschmann, Filiz Bunyak",CV4MS,https://openaccess.thecvf.com/content/ICCV2025W/CV4MS/html/Bohl_A_Transformer-Based_GAN_Architecture_for_Simulating_Carbon_Nanotube_Structures_in_ICCVW_2025_paper.html,https://openaccess.thecvf.com/content/ICCV2025W/CV4MS/papers/Bohl_A_Transformer-Based_GAN_Architecture_for_Simulating_Carbon_Nanotube_Structures_in_ICCVW_2025_paper.pdf,
439,Method,A Multi-domain Image Translative Diffusion StyleGAN for Iris Presentation Attack Detection,"Shivangi Yadav, Arun Ross",FoundGen-Bio,https://openaccess.thecvf.com/content/ICCV2025W/FoundGen-Bio/html/Yadav_A_Multi-domain_Image_Translative_Diffusion_StyleGAN_for_Iris_Presentation_Attack_ICCVW_2025_paper.html,https://openaccess.thecvf.com/content/ICCV2025W/FoundGen-Bio/papers/Yadav_A_Multi-domain_Image_Translative_Diffusion_StyleGAN_for_Iris_Presentation_Attack_ICCVW_2025_paper.pdf,https://arxiv.org/abs/2510.14314
440,Method,GaitCrafter: Diffusion Model for Biometric Preserving Gait Synthesis,"Sirshapan Mitra, Yogesh Singh Rawat",FoundGen-Bio,https://openaccess.thecvf.com/content/ICCV2025W/FoundGen-Bio/html/Mitra_GaitCrafter_Diffusion_Model_for_Biometric_Preserving_Gait_Synthesis_ICCVW_2025_paper.html,https://openaccess.thecvf.com/content/ICCV2025W/FoundGen-Bio/papers/Mitra_GaitCrafter_Diffusion_Model_for_Biometric_Preserving_Gait_Synthesis_ICCVW_2025_paper.pdf,https://arxiv.org/abs/2508.13300
441,Method,FaceLLM: A Multimodal Large Language Model for Face Understanding,"Hatef Otroshi Shahreza, Sébastien Marcel",FoundGen-Bio,https://openaccess.thecvf.com/content/ICCV2025W/FoundGen-Bio/html/Shahreza_FaceLLM_A_Multimodal_Large_Language_Model_for_Face_Understanding_ICCVW_2025_paper.html,https://openaccess.thecvf.com/content/ICCV2025W/FoundGen-Bio/papers/Shahreza_FaceLLM_A_Multimodal_Large_Language_Model_for_Face_Understanding_ICCVW_2025_paper.pdf,https://arxiv.org/abs/2507.10300
442,Method,FLUXSynID: A Framework for Identity-Controlled Synthetic Face Generation with Document and Live Images,"Raul Ismayilov, Dzemila Sero, Luuk Spreeuwers",FoundGen-Bio,https://openaccess.thecvf.com/content/ICCV2025W/FoundGen-Bio/html/Ismayilov_FLUXSynID_A_Framework_for_Identity-Controlled_Synthetic_Face_Generation_with_Document_ICCVW_2025_paper.html,https://openaccess.thecvf.com/content/ICCV2025W/FoundGen-Bio/papers/Ismayilov_FLUXSynID_A_Framework_for_Identity-Controlled_Synthetic_Face_Generation_with_Document_ICCVW_2025_paper.pdf,https://arxiv.org/abs/2505.07530
443,Method,"Foundation versus Domain-specific Models: Performance Comparison, Fusion, and Explainability in Face Recognition","Redwan Sony, Parisa Farmanifard, Arun Ross, Anil K. Jain",FoundGen-Bio,https://openaccess.thecvf.com/content/ICCV2025W/FoundGen-Bio/html/Sony_Foundation_versus_Domain-specific_Models_Performance_Comparison_Fusion_and_Explainability_in_ICCVW_2025_paper.html,https://openaccess.thecvf.com/content/ICCV2025W/FoundGen-Bio/papers/Sony_Foundation_versus_Domain-specific_Models_Performance_Comparison_Fusion_and_Explainability_in_ICCVW_2025_paper.pdf,https://arxiv.org/abs/2507.03541
444,Method,MIRAGE: Unsupervised Single Image to Novel View Generation with Cross Attention Guidance,"Llukman Cerkezi, Aram Davtyan, Sepehr Sameni, Paolo Favaro",3D-VAST,https://openaccess.thecvf.com/content/ICCV2025W/3D-VAST/html/Cerkezi_MIRAGE_Unsupervised_Single_Image_to_Novel_View_Generation_with_Cross_ICCVW_2025_paper.html,https://openaccess.thecvf.com/content/ICCV2025W/3D-VAST/papers/Cerkezi_MIRAGE_Unsupervised_Single_Image_to_Novel_View_Generation_with_Cross_ICCVW_2025_paper.pdf,
445,Method,3DGS-to-PC: 3D Gaussian Splatting to Dense Point Clouds,"Lewis A G Stuart, Andrew Morton, Ian Stavness, Michael P Pound",3D-VAST,https://openaccess.thecvf.com/content/ICCV2025W/3D-VAST/html/Stuart_3DGS-to-PC_3D_Gaussian_Splatting_to_Dense_Point_Clouds_ICCVW_2025_paper.html,https://openaccess.thecvf.com/content/ICCV2025W/3D-VAST/papers/Stuart_3DGS-to-PC_3D_Gaussian_Splatting_to_Dense_Point_Clouds_ICCVW_2025_paper.pdf,
446,Method,Tile and Slide : A New Framework for Scaling NeRF from Local to Global 3D Earth Observation,"Camille Billouard, Dawa Derksen, Alexandre Constantin, Bruno Vallet",3D-VAST,https://openaccess.thecvf.com/content/ICCV2025W/3D-VAST/html/Billouard_Tile_and_Slide__A_New_Framework_for_Scaling_NeRF_ICCVW_2025_paper.html,https://openaccess.thecvf.com/content/ICCV2025W/3D-VAST/papers/Billouard_Tile_and_Slide__A_New_Framework_for_Scaling_NeRF_ICCVW_2025_paper.pdf,https://arxiv.org/abs/2507.01631
447,Method,Fusing Convolution and Vision Transformer Encoders for Object Height Estimation from Monocular Satellite and Aerial Images,"Furkan Gültekin, Alper Koz, Reza Bahmanyar, Seyed M. Azimi, Mehmet Lütfi Süzen",3D-VAST,https://openaccess.thecvf.com/content/ICCV2025W/3D-VAST/html/Gultekin_Fusing_Convolution_and_Vision_Transformer_Encoders_for_Object_Height_Estimation_ICCVW_2025_paper.html,https://openaccess.thecvf.com/content/ICCV2025W/3D-VAST/papers/Gultekin_Fusing_Convolution_and_Vision_Transformer_Encoders_for_Object_Height_Estimation_ICCVW_2025_paper.pdf,
448,Method,From Sound to Sight: Towards AI-authored Music Videos,"Leo Vitasovic, Stella Graßhof, Agnes Mercedes Kloft, Ville V. Lehtola, Martin Cunneen, Justyna Starostka, Glenn Mcgarry, Kun Li, Sami Sebastian Brandt",AISTORY,https://openaccess.thecvf.com/content/ICCV2025W/AISTORY/html/Vitasovic_From_Sound_to_Sight_Towards_AI-authored_Music_Videos_ICCVW_2025_paper.html,https://openaccess.thecvf.com/content/ICCV2025W/AISTORY/papers/Vitasovic_From_Sound_to_Sight_Towards_AI-authored_Music_Videos_ICCVW_2025_paper.pdf,
449,Method,Generative AI for Cel-Animation: A Survey,"Yunlong Tang, Junjia Guo, Pinxin Liu, Zhiyuan Wang, Hang Hua, Jia-Xing Zhong, Yunzhong Xiao, Chao Huang, Luchuan Song, Susan Liang, Yizhi Song, Liu He, Jing Bi, Mingqian Feng, Xinyang Li, Zeliang Zhang, Chenliang Xu",AISTORY,https://openaccess.thecvf.com/content/ICCV2025W/AISTORY/html/Tang_Generative_AI_for_Cel-Animation_A_Survey_ICCVW_2025_paper.html,https://openaccess.thecvf.com/content/ICCV2025W/AISTORY/papers/Tang_Generative_AI_for_Cel-Animation_A_Survey_ICCVW_2025_paper.pdf,https://arxiv.org/abs/2501.06250
450,Method,Re:Verse - Can your VLM read a Manga?,"Aaditya Baranwal, Madhav Kataria, Naitik Agrawal, Yogesh S Rawat, Shruti Vyas",AISTORY,https://openaccess.thecvf.com/content/ICCV2025W/AISTORY/html/Baranwal_ReVerse_-_Can_your_VLM_read_a_Manga_ICCVW_2025_paper.html,https://openaccess.thecvf.com/content/ICCV2025W/AISTORY/papers/Baranwal_ReVerse_-_Can_your_VLM_read_a_Manga_ICCVW_2025_paper.pdf,
451,Method,Generating Visually Consistent Images for Storytelling via Narrative Graph Prompting,"Andrew Shin, Kunitake Kaneko",AISTORY,https://openaccess.thecvf.com/content/ICCV2025W/AISTORY/html/Shin_Generating_Visually_Consistent_Images_for_Storytelling_via_Narrative_Graph_Prompting_ICCVW_2025_paper.html,https://openaccess.thecvf.com/content/ICCV2025W/AISTORY/papers/Shin_Generating_Visually_Consistent_Images_for_Storytelling_via_Narrative_Graph_Prompting_ICCVW_2025_paper.pdf,
452,Method,TransFlow: Motion Knowledge Transfer from Video Diffusion Models to Video Salient Object Detection,"Suhwan Cho, Minhyeok Lee, Jungho Lee, Sunghun Yang, Sangyoun Lee",LSVOS,https://openaccess.thecvf.com/content/ICCV2025W/LSVOS/html/Cho_TransFlow_Motion_Knowledge_Transfer_from_Video_Diffusion_Models_to_Video_ICCVW_2025_paper.html,https://openaccess.thecvf.com/content/ICCV2025W/LSVOS/papers/Cho_TransFlow_Motion_Knowledge_Transfer_from_Video_Diffusion_Models_to_Video_ICCVW_2025_paper.pdf,https://arxiv.org/abs/2507.19789
453,Method,DepthFlow: Exploiting Depth-Flow Structural Correlations for Unsupervised Video Object Segmentation,"Suhwan Cho, Minhyeok Lee, Jungho Lee, Donghyeong Kim, Sangyoun Lee",LSVOS,https://openaccess.thecvf.com/content/ICCV2025W/LSVOS/html/Cho_DepthFlow_Exploiting_Depth-Flow_Structural_Correlations_for_Unsupervised_Video_Object_Segmentation_ICCVW_2025_paper.html,https://openaccess.thecvf.com/content/ICCV2025W/LSVOS/papers/Cho_DepthFlow_Exploiting_Depth-Flow_Structural_Correlations_for_Unsupervised_Video_Object_Segmentation_ICCVW_2025_paper.pdf,https://arxiv.org/abs/2507.19790
454,Method,"Find First, Track Next: Decoupling Identification and Propagation in Referring Video Object Segmentation","Suhwan Cho, Seunghoon Lee, Minhyeok Lee, Jungho Lee, Sangyoun Lee",LSVOS,https://openaccess.thecvf.com/content/ICCV2025W/LSVOS/html/Cho_Find_First_Track_Next_Decoupling_Identification_and_Propagation_in_Referring_ICCVW_2025_paper.html,https://openaccess.thecvf.com/content/ICCV2025W/LSVOS/papers/Cho_Find_First_Track_Next_Decoupling_Identification_and_Propagation_in_Referring_ICCVW_2025_paper.pdf,https://arxiv.org/abs/2503.03492
455,Method,Local2Global query Alignment for Video Instance Segmentation,"Rajat Koner, Zhipeng Wang, Srinivas Parthasarathy, Chinghang Chen",LSVOS,https://openaccess.thecvf.com/content/ICCV2025W/LSVOS/html/Koner_Local2Global_query_Alignment_for_Video_Instance_Segmentation_ICCVW_2025_paper.html,https://openaccess.thecvf.com/content/ICCV2025W/LSVOS/papers/Koner_Local2Global_query_Alignment_for_Video_Instance_Segmentation_ICCVW_2025_paper.pdf,https://arxiv.org/abs/2507.20120
456,Method,AesCrop: Aesthetic-driven Cropping Guided by Composition,"Yen-Hong Wong, Lai-Kuan Wong",MIPI,https://openaccess.thecvf.com/content/ICCV2025W/MIPI/html/Wong_AesCrop_Aesthetic-driven_Cropping_Guided_by_Composition_ICCVW_2025_paper.html,https://openaccess.thecvf.com/content/ICCV2025W/MIPI/papers/Wong_AesCrop_Aesthetic-driven_Cropping_Guided_by_Composition_ICCVW_2025_paper.pdf,https://arxiv.org/abs/2510.22528
457,Method,MIPI 2025 Challenge on Detailed Image Quality Assessment : Methods and Results,"Wenjie Liao, Haotian Fan, Yifang Xu, Meijia Song, Qiufang Ma, Shuhao Han, Chunle Guo, Chongyi Li, Jianhui Sun, Xinli Yue, Yuhao Xie, Tao Shao, Zhaoran Zhao, Xinjun Ma, Lu Liu, Chunlei Cai, Qiang Hu, Shaocheng Shen, Huiyu Duan, Tianxiao Ye, Xiaoyun Zhang, Hong Yi, Yupeng Zhang, Linnan Zhao, Xinyi You, Ziang Li, Chenhao Qiu, Alireza Talebpour, Azadeh Mansouri, Ahmad Mahmoudi-Aznaveh, Hossein Motamednia",MIPI,https://openaccess.thecvf.com/content/ICCV2025W/MIPI/html/Liao_MIPI_2025_Challenge_on_Detailed_Image_Quality_Assessment__Methods_ICCVW_2025_paper.html,https://openaccess.thecvf.com/content/ICCV2025W/MIPI/papers/Liao_MIPI_2025_Challenge_on_Detailed_Image_Quality_Assessment__Methods_ICCVW_2025_paper.pdf,
458,Method,Learning Camera-Agnostic White-Balance Preferences,"Luxi Zhao, Mahmoud Afifi, Michael S. Brown",MIPI,https://openaccess.thecvf.com/content/ICCV2025W/MIPI/html/Zhao_Learning_Camera-Agnostic_White-Balance_Preferences_ICCVW_2025_paper.html,https://openaccess.thecvf.com/content/ICCV2025W/MIPI/papers/Zhao_Learning_Camera-Agnostic_White-Balance_Preferences_ICCVW_2025_paper.pdf,https://arxiv.org/abs/2507.01342
459,Method,Diffusion Autoencoders are Foundation Video Compressors,"Niccolò Niccoli, Leonardo Galteri, Lorenzo Seidenari",MIPI,https://openaccess.thecvf.com/content/ICCV2025W/MIPI/html/Niccoli_Diffusion_Autoencoders_are_Foundation_Video_Compressors_ICCVW_2025_paper.html,https://openaccess.thecvf.com/content/ICCV2025W/MIPI/papers/Niccoli_Diffusion_Autoencoders_are_Foundation_Video_Compressors_ICCVW_2025_paper.pdf,
460,Method,HiLLIE: Human-in-the-Loop Training for Low-Light Image Enhancement,"Xiaorui Zhao, Xinyue Zhou, Peibei Cao, Junyu Lou, Shuhang Gu",MIPI,https://openaccess.thecvf.com/content/ICCV2025W/MIPI/html/Zhao_HiLLIE_Human-in-the-Loop_Training_for_Low-Light_Image_Enhancement_ICCVW_2025_paper.html,https://openaccess.thecvf.com/content/ICCV2025W/MIPI/papers/Zhao_HiLLIE_Human-in-the-Loop_Training_for_Low-Light_Image_Enhancement_ICCVW_2025_paper.pdf,https://arxiv.org/abs/2505.02134
461,Method,Syncalize - Precise Automatic Timecodes for Video and Audio Devices Using Consumer Hardware,"Oliver Zendel, Matthias Schörghuber, Clemens Hofbauer",MIPI,https://openaccess.thecvf.com/content/ICCV2025W/MIPI/html/Zendel_Syncalize_-_Precise_Automatic_Timecodes_for_Video_and_Audio_Devices_ICCVW_2025_paper.html,https://openaccess.thecvf.com/content/ICCV2025W/MIPI/papers/Zendel_Syncalize_-_Precise_Automatic_Timecodes_for_Video_and_Audio_Devices_ICCVW_2025_paper.pdf,
462,Method,MIPI 2025 Challenge on Deblurring for Hybrid EVS Camera: Methods and Results,"Yaqi Wu, Zhihao Fan, Hirotaka Shinozaki, Frank Zhang, Xander Li, Alexis Baudron, Wenbin Feng, Shuang Zhao, Jin Han, Cheng Li, Yihui Shi, Dehua Song, Zheng Chen, Wenbo Li, Fenglong Song, Yihong Leng, Siming Zheng, Peng-Tao Jiang, Linxiao Shi, Jinwei Chen, Bo Li, Jiaojiao Li, Cheng Li, Jinao Song, Yan Chen, Yajing Wei, Yuqiang Yang, Jian Tang, Long Bao, Heng Sun, Yang Qiu, Kean Liu, Senyan Xu, Zhijing Sun, Jiaying Zhu, Chengjie Ge, Xingbo Wang, Yidi Liu, Xin Lu, Xueyang Fu, Zheng-Jun Zha, Qinglin Liu, Wei Yu, Yunfan Lu, Xiangming Wang, Shuqi Ren, Haijin Zeng, Jinchao Li, Shiyang Zhou, Yongyong Chen, Qichao Dong, Junqi Lu",MIPI,https://openaccess.thecvf.com/content/ICCV2025W/MIPI/html/Wu_MIPI_2025_Challenge_on_Deblurring_for_Hybrid_EVS_Camera_Methods_ICCVW_2025_paper.html,https://openaccess.thecvf.com/content/ICCV2025W/MIPI/papers/Wu_MIPI_2025_Challenge_on_Deblurring_for_Hybrid_EVS_Camera_Methods_ICCVW_2025_paper.pdf,
463,Method,GuideSR: Rethinking Guidance for One-Step High-Fidelity Diffusion-Based Super-Resolution,"Aditya Arora, Zhengzhong Tu, Yufei Wang, Ruizheng Bai, Jian Wang, Sizhuo Ma",MIPI,https://openaccess.thecvf.com/content/ICCV2025W/MIPI/html/Arora_GuideSR_Rethinking_Guidance_for_One-Step_High-Fidelity_Diffusion-Based_Super-Resolution_ICCVW_2025_paper.html,https://openaccess.thecvf.com/content/ICCV2025W/MIPI/papers/Arora_GuideSR_Rethinking_Guidance_for_One-Step_High-Fidelity_Diffusion-Based_Super-Resolution_ICCVW_2025_paper.pdf,https://arxiv.org/abs/2505.00687
464,Method,Enhancing Generalization in Data-free Quantization via Mixup-class Prompting,"Jiwoong Park, Chaeun Lee, Yongseok Choi, Sein Park, Deokki Hong, Jungwook Choi",BiVision,https://openaccess.thecvf.com/content/ICCV2025W/BiVision/html/Park_Enhancing_Generalization_in_Data-free_Quantization_via_Mixup-class_Prompting_ICCVW_2025_paper.html,https://openaccess.thecvf.com/content/ICCV2025W/BiVision/papers/Park_Enhancing_Generalization_in_Data-free_Quantization_via_Mixup-class_Prompting_ICCVW_2025_paper.pdf,https://arxiv.org/abs/2507.21947
465,Method,Extreme Compression of Adaptive Neural Images,"Leo Hoshikawa, Marcos V. Conde, Takeshi Ohashi, Atsushi Irie",BiVision,https://openaccess.thecvf.com/content/ICCV2025W/BiVision/html/Hoshikawa_Extreme_Compression_of_Adaptive_Neural_Images_ICCVW_2025_paper.html,https://openaccess.thecvf.com/content/ICCV2025W/BiVision/papers/Hoshikawa_Extreme_Compression_of_Adaptive_Neural_Images_ICCVW_2025_paper.pdf,https://arxiv.org/abs/2405.16807
466,Method,HC-PTQ: Poincare-Based Hyperbolic Clustering for Data-Free Quantization of Vision Transformers,"Raffaele Mineo, Simone Palazzo, Concetto Spampinato, Francesco Rundo",BiVision,https://openaccess.thecvf.com/content/ICCV2025W/BiVision/html/Mineo_HC-PTQ_Poincare-Based_Hyperbolic_Clustering_for_Data-Free_Quantization_of_Vision_Transformers_ICCVW_2025_paper.html,https://openaccess.thecvf.com/content/ICCV2025W/BiVision/papers/Mineo_HC-PTQ_Poincare-Based_Hyperbolic_Clustering_for_Data-Free_Quantization_of_Vision_Transformers_ICCVW_2025_paper.pdf,
467,Method,MoPEQ: Mixture of Mixed Precision Quantized Experts,"Krishna Teja Chitty-Venkata, Jie Ye, Murali Emani",BiVision,https://openaccess.thecvf.com/content/ICCV2025W/BiVision/html/Chitty-Venkata_MoPEQ_Mixture_of_Mixed_Precision_Quantized_Experts_ICCVW_2025_paper.html,https://openaccess.thecvf.com/content/ICCV2025W/BiVision/papers/Chitty-Venkata_MoPEQ_Mixture_of_Mixed_Precision_Quantized_Experts_ICCVW_2025_paper.pdf,
468,Method,PTQAT: A Hybrid Parameter-Efficient Quantization Algorithm for 3D Perception Tasks,"Xinhao Wang, Zhiwei Lin, Zhongyu Xia, Yongtao Wang",BiVision,https://openaccess.thecvf.com/content/ICCV2025W/BiVision/html/Wang_PTQAT_A_Hybrid_Parameter-Efficient_Quantization_Algorithm_for_3D_Perception_Tasks_ICCVW_2025_paper.html,https://openaccess.thecvf.com/content/ICCV2025W/BiVision/papers/Wang_PTQAT_A_Hybrid_Parameter-Efficient_Quantization_Algorithm_for_3D_Perception_Tasks_ICCVW_2025_paper.pdf,https://arxiv.org/abs/2508.10557
469,Method,Binary SqueezeNet: Enhancing Parameter Efficiency in Binary Neural Networks,"Salih Atabey, Erdem Akagündüz",BiVision,https://openaccess.thecvf.com/content/ICCV2025W/BiVision/html/Atabey_Binary_SqueezeNet_Enhancing_Parameter_Efficiency_in_Binary_Neural_Networks_ICCVW_2025_paper.html,https://openaccess.thecvf.com/content/ICCV2025W/BiVision/papers/Atabey_Binary_SqueezeNet_Enhancing_Parameter_Efficiency_in_Binary_Neural_Networks_ICCVW_2025_paper.pdf,
470,Method,Probabilistic dynamic quantization for memory constrained devices,"Gabriele Santini, Francesco Paissan, Elisabetta Farella",BiVision,https://openaccess.thecvf.com/content/ICCV2025W/BiVision/html/Santini_Probabilistic_dynamic_quantization_for_memory_constrained_devices_ICCVW_2025_paper.html,https://openaccess.thecvf.com/content/ICCV2025W/BiVision/papers/Santini_Probabilistic_dynamic_quantization_for_memory_constrained_devices_ICCVW_2025_paper.pdf,
471,Method,PREFILT: Prefiltering for Fully Quantized Image Restoration Neural Networks,"Denis Makhov, Ruslan Ostapets, Irina Zhelavskaya, Dehua Song",BiVision,https://openaccess.thecvf.com/content/ICCV2025W/BiVision/html/Makhov_PREFILT_Prefiltering_for_Fully_Quantized_Image_Restoration_Neural_Networks_ICCVW_2025_paper.html,https://openaccess.thecvf.com/content/ICCV2025W/BiVision/papers/Makhov_PREFILT_Prefiltering_for_Fully_Quantized_Image_Restoration_Neural_Networks_ICCVW_2025_paper.pdf,
472,Method,Exploiting Information Redundancy in Attention Maps for Extreme Quantization of Vision Transformers,"Lucas Maisonnave, Karim Haroun, Tom Pegeot",BiVision,https://openaccess.thecvf.com/content/ICCV2025W/BiVision/html/Maisonnave_Exploiting_Information_Redundancy_in_Attention_Maps_for_Extreme_Quantization_of_ICCVW_2025_paper.html,https://openaccess.thecvf.com/content/ICCV2025W/BiVision/papers/Maisonnave_Exploiting_Information_Redundancy_in_Attention_Maps_for_Extreme_Quantization_of_ICCVW_2025_paper.pdf,https://arxiv.org/abs/2508.16311
473,Method,Enhancing Circuit Diagram Understanding via Near Sight Correction Using VLMs,"Shreyas Kulkarni, Vivek Kumar, Remish Leonard Minz, Munender Varshney, Thiruvengadam Samon, Abhishek Mitra, Nikhil Kulkarni, Nilanjan Chakravortty, Prateek Mital, Kingshuk Banerjee",MMFM,https://openaccess.thecvf.com/content/ICCV2025W/MMFM/html/Kulkarni_Enhancing_Circuit_Diagram_Understanding_via_Near_Sight_Correction_Using_VLMs_ICCVW_2025_paper.html,https://openaccess.thecvf.com/content/ICCV2025W/MMFM/papers/Kulkarni_Enhancing_Circuit_Diagram_Understanding_via_Near_Sight_Correction_Using_VLMs_ICCVW_2025_paper.pdf,
474,Method,LLaVA-MORE: A Comparative Study of LLMs and Visual Backbones for Enhanced Visual Instruction Tuning,"Federico Cocchi, Nicholas Moratelli, Davide Caffagni, Sara Sarto, Lorenzo Baraldi, Marcella Cornia, Rita Cucchiara",MMFM,https://openaccess.thecvf.com/content/ICCV2025W/MMFM/html/Cocchi_LLaVA-MORE_A_Comparative_Study_of_LLMs_and_Visual_Backbones_for_ICCVW_2025_paper.html,https://openaccess.thecvf.com/content/ICCV2025W/MMFM/papers/Cocchi_LLaVA-MORE_A_Comparative_Study_of_LLMs_and_Visual_Backbones_for_ICCVW_2025_paper.pdf,https://arxiv.org/abs/2503.15621
475,Method,Low-Rank Prompt Adaptation for Open-Vocabulary Object Detection,"Zekun Zhang, Vu Quang Truong, Minh Hoai",MMFM,https://openaccess.thecvf.com/content/ICCV2025W/MMFM/html/Zhang_Low-Rank_Prompt_Adaptation_for_Open-Vocabulary_Object_Detection_ICCVW_2025_paper.html,https://openaccess.thecvf.com/content/ICCV2025W/MMFM/papers/Zhang_Low-Rank_Prompt_Adaptation_for_Open-Vocabulary_Object_Detection_ICCVW_2025_paper.pdf,
476,Method,CobraVPS: Code Template Optimization for Better Question Reasoning Accuracy with Visual Program Synthesis,"Jiajing Chen, Xiu Zhang, Yang Li, Renyu Zhang, Yujie Dong, Senem Velipasalar, Jing Zhang",MMFM,https://openaccess.thecvf.com/content/ICCV2025W/MMFM/html/Chen_CobraVPS_Code_Template_Optimization_for_Better_Question_Reasoning_Accuracy_with_ICCVW_2025_paper.html,https://openaccess.thecvf.com/content/ICCV2025W/MMFM/papers/Chen_CobraVPS_Code_Template_Optimization_for_Better_Question_Reasoning_Accuracy_with_ICCVW_2025_paper.pdf,
477,Method,A Plug-and-Play Approach for Robust Image Editing in Text-to-Image Diffusion Models,"Hyunwook Jo, Jiseung Maeng, Jun Hyung Park, Namhyuk Ahn, In Kyu Park",MMFM,https://openaccess.thecvf.com/content/ICCV2025W/MMFM/html/Jo_A_Plug-and-Play_Approach_for_Robust_Image_Editing_in_Text-to-Image_Diffusion_ICCVW_2025_paper.html,https://openaccess.thecvf.com/content/ICCV2025W/MMFM/papers/Jo_A_Plug-and-Play_Approach_for_Robust_Image_Editing_in_Text-to-Image_Diffusion_ICCVW_2025_paper.pdf,
478,Method,Strefer: Empowering Video LLMs with Space-Time Referring and Reasoning via Synthetic Instruction Data,"Honglu Zhou, Xiangyu Peng, Shrikant Kendre, Michael S Ryoo, Silvio Savarese, Caiming Xiong, Juan Carlos Niebles",MMFM,https://openaccess.thecvf.com/content/ICCV2025W/MMFM/html/Zhou_Strefer_Empowering_Video_LLMs_with_Space-Time_Referring_and_Reasoning_via_ICCVW_2025_paper.html,https://openaccess.thecvf.com/content/ICCV2025W/MMFM/papers/Zhou_Strefer_Empowering_Video_LLMs_with_Space-Time_Referring_and_Reasoning_via_ICCVW_2025_paper.pdf,https://arxiv.org/abs/2509.03501
479,Method,Uncertainty-Aware ControlNet: Bridging Domain Gaps with Synthetic Image Generation,"Joshua Niemeijer, Jan Ehrhardt, Heinz Handels, Hristina Uzunova",MMFM,https://openaccess.thecvf.com/content/ICCV2025W/MMFM/html/Niemeijer_Uncertainty-Aware_ControlNet_Bridging_Domain_Gaps_with_Synthetic_Image_Generation_ICCVW_2025_paper.html,https://openaccess.thecvf.com/content/ICCV2025W/MMFM/papers/Niemeijer_Uncertainty-Aware_ControlNet_Bridging_Domain_Gaps_with_Synthetic_Image_Generation_ICCVW_2025_paper.pdf,https://arxiv.org/abs/2510.11346
480,Method,Vocabulary-free Fine-grained Visual Recognition via Enriched Contextually Grounded Vision-Language Model,"Dmitry Demidov, Muhammad Zaigham Zaheer, Omkar Thawakar, Salman Khan, Fahad Shahbaz Khan",MMFM,https://openaccess.thecvf.com/content/ICCV2025W/MMFM/html/Demidov_Vocabulary-free_Fine-grained_Visual_Recognition_via_Enriched_Contextually_Grounded_Vision-Language_Model_ICCVW_2025_paper.html,https://openaccess.thecvf.com/content/ICCV2025W/MMFM/papers/Demidov_Vocabulary-free_Fine-grained_Visual_Recognition_via_Enriched_Contextually_Grounded_Vision-Language_Model_ICCVW_2025_paper.pdf,https://arxiv.org/abs/2507.23070
481,Method,Infusing fine-grained visual knowledge to Vision-Language Models,"Nikolaos-Antonios Ypsilantis, Kaifeng Chen, Andre Araujo, Ondrej Chum",MMFM,https://openaccess.thecvf.com/content/ICCV2025W/MMFM/html/Ypsilantis_Infusing_fine-grained_visual_knowledge_to_Vision-Language_Models_ICCVW_2025_paper.html,https://openaccess.thecvf.com/content/ICCV2025W/MMFM/papers/Ypsilantis_Infusing_fine-grained_visual_knowledge_to_Vision-Language_Models_ICCVW_2025_paper.pdf,https://arxiv.org/abs/2508.12137
482,Method,Learning by Taking Notes: Memory-Guided Continual Learning for Generative Multimodal Models,"Yanhui Guo, Chenghuan Guo, Yan Gao, Yi Sun",MMFM,https://openaccess.thecvf.com/content/ICCV2025W/MMFM/html/Guo_Learning_by_Taking_Notes_Memory-Guided_Continual_Learning_for_Generative_Multimodal_ICCVW_2025_paper.html,https://openaccess.thecvf.com/content/ICCV2025W/MMFM/papers/Guo_Learning_by_Taking_Notes_Memory-Guided_Continual_Learning_for_Generative_Multimodal_ICCVW_2025_paper.pdf,
483,Method,GLAD: Generalizable Tuning for Vision-Language Models,"Yuqi Peng, Pengfei Wang, Jianzhuang Liu, Shifeng Chen",MMFM,https://openaccess.thecvf.com/content/ICCV2025W/MMFM/html/Peng_GLAD_Generalizable_Tuning_for_Vision-Language_Models_ICCVW_2025_paper.html,https://openaccess.thecvf.com/content/ICCV2025W/MMFM/papers/Peng_GLAD_Generalizable_Tuning_for_Vision-Language_Models_ICCVW_2025_paper.pdf,https://arxiv.org/abs/2507.13089
484,Method,Mitigating Language Confusion for Multimodal Foundation Models via Confusion-Aware Preference Optimization Pipeline,"Seunghyun Hwang, Sungjun Lim, Soyeon Shin, Hyun-Geun Kim, Jungwon Lim, Juncheol Kim, Byungseok Kang, Daewoo Myoung",MMFM,https://openaccess.thecvf.com/content/ICCV2025W/MMFM/html/Hwang_Mitigating_Language_Confusion_for_Multimodal_Foundation_Models_via_Confusion-Aware_Preference_ICCVW_2025_paper.html,https://openaccess.thecvf.com/content/ICCV2025W/MMFM/papers/Hwang_Mitigating_Language_Confusion_for_Multimodal_Foundation_Models_via_Confusion-Aware_Preference_ICCVW_2025_paper.pdf,
485,Method,CoT-Pose: Chain-of-Thought Reasoning for 3D Pose Generation from Abstract Prompts,"Junuk Cha, Jihyeon Kim",MMFM,https://openaccess.thecvf.com/content/ICCV2025W/MMFM/html/Cha_CoT-Pose_Chain-of-Thought_Reasoning_for_3D_Pose_Generation_from_Abstract_Prompts_ICCVW_2025_paper.html,https://openaccess.thecvf.com/content/ICCV2025W/MMFM/papers/Cha_CoT-Pose_Chain-of-Thought_Reasoning_for_3D_Pose_Generation_from_Abstract_Prompts_ICCVW_2025_paper.pdf,https://arxiv.org/abs/2508.07540
486,Method,TULIP: Contrastive Image-Text Learning With Richer Vision Understanding,"Zineng Tang, Long Lian, Seun Eisape, Xudong Wang, Roei Herzig, Adam Yala, Alane Suhr, Trevor Darrell, David M. Chan",MMFM,https://openaccess.thecvf.com/content/ICCV2025W/MMFM/html/Tang_TULIP_Contrastive_Image-Text_Learning_With_Richer_Vision_Understanding_ICCVW_2025_paper.html,https://openaccess.thecvf.com/content/ICCV2025W/MMFM/papers/Tang_TULIP_Contrastive_Image-Text_Learning_With_Richer_Vision_Understanding_ICCVW_2025_paper.pdf,
487,Method,What Holds Back Open-Vocabulary Segmentation?,"Josip Šarić, Ivan Martinović, Matej Kristan, Siniša Šegvić",MMFM,https://openaccess.thecvf.com/content/ICCV2025W/MMFM/html/Saric_What_Holds_Back_Open-Vocabulary_Segmentation_ICCVW_2025_paper.html,https://openaccess.thecvf.com/content/ICCV2025W/MMFM/papers/Saric_What_Holds_Back_Open-Vocabulary_Segmentation_ICCVW_2025_paper.pdf,
488,Method,MORFI: Mutimodal Zero-Shot Reasoning for Financial Time-Series Inference,"Tina Khezresmaeilzadeh, Parsa Razmara, Mohammad Erfan Sadeghi, Seyedarmin Azizi, Erfan Baghaei Potraghloo",MMFM,https://openaccess.thecvf.com/content/ICCV2025W/MMFM/html/Khezresmaeilzadeh_MORFI_Mutimodal_Zero-Shot_Reasoning_for_Financial_Time-Series_Inference_ICCVW_2025_paper.html,https://openaccess.thecvf.com/content/ICCV2025W/MMFM/papers/Khezresmaeilzadeh_MORFI_Mutimodal_Zero-Shot_Reasoning_for_Financial_Time-Series_Inference_ICCVW_2025_paper.pdf,
489,Method,Automated C-Arm Positioning via Conformal Landmark Localization,"Ahmad Arrabi, Jay Hwasung Jung, Jax Luo, Nathan Franssen, Scott B. Raymond, Safwan Wshah",APAH,https://openaccess.thecvf.com/content/ICCV2025W/APAH/html/Arrabi_Automated_C-Arm_Positioning_via_Conformal_Landmark_Localization_ICCVW_2025_paper.html,https://openaccess.thecvf.com/content/ICCV2025W/APAH/papers/Arrabi_Automated_C-Arm_Positioning_via_Conformal_Landmark_Localization_ICCVW_2025_paper.pdf,https://arxiv.org/abs/2510.16160
490,Method,TAGS: 3D Tumor-Adaptive Guidance for SAM,"Sirui Li, Linkai Peng, Zheyuan Zhang, Gorkem Durak, Ulas Bagci",APAH,https://openaccess.thecvf.com/content/ICCV2025W/APAH/html/Li_TAGS_3D_Tumor-Adaptive_Guidance_for_SAM_ICCVW_2025_paper.html,https://openaccess.thecvf.com/content/ICCV2025W/APAH/papers/Li_TAGS_3D_Tumor-Adaptive_Guidance_for_SAM_ICCVW_2025_paper.pdf,https://arxiv.org/abs/2505.17096
491,Method,UltraNBA Neural Bundle Adjustment for Pose Refinement in 3D Freehand Ultrasound,"V. Bugra Yesilkaynak, Vanessa Gonzalez Duque, Magdalena Wysocki, Mohammad Farid Azampour, Nassir Navab, Diana Mateus",APAH,https://openaccess.thecvf.com/content/ICCV2025W/APAH/html/Yesilkaynak_UltraNBA_Neural_Bundle_Adjustment_for_Pose_Refinement_in_3D_Freehand_ICCVW_2025_paper.html,https://openaccess.thecvf.com/content/ICCV2025W/APAH/papers/Yesilkaynak_UltraNBA_Neural_Bundle_Adjustment_for_Pose_Refinement_in_3D_Freehand_ICCVW_2025_paper.pdf,
492,Method,Learning Generalizable Diabetic Retinopathy Grading by Decoupled State Space Decoding,"Jingjun Yi, Qi Bi, Hao Zheng, Haolan Zhan, Wei Ji, Huimin Huang, Yuexiang Li, Xian Wu, Yefeng Zheng",APAH,https://openaccess.thecvf.com/content/ICCV2025W/APAH/html/Yi_Learning_Generalizable_Diabetic_Retinopathy_Grading_by_Decoupled_State_Space_Decoding_ICCVW_2025_paper.html,https://openaccess.thecvf.com/content/ICCV2025W/APAH/papers/Yi_Learning_Generalizable_Diabetic_Retinopathy_Grading_by_Decoupled_State_Space_Decoding_ICCVW_2025_paper.pdf,
493,Method,Evaluating and Improving the Effectiveness of Synthetic Chest X-Rays for Medical Image Analysis,"Eva Prakash, Jeya Maria Jose Valanarasu, Zhihong Chen, Eduardo Pontes Reis, Andrew Johnston, Anuj Pareek, Christian Bluethgen, Sergios Gatidis, Cameron Olsen, Akshay S Chaudhari, Andrew Y. Ng, Curtis Langlotz",APAH,https://openaccess.thecvf.com/content/ICCV2025W/APAH/html/Prakash_Evaluating_and_Improving_the_Effectiveness_of_Synthetic_Chest_X-Rays_for_ICCVW_2025_paper.html,https://openaccess.thecvf.com/content/ICCV2025W/APAH/papers/Prakash_Evaluating_and_Improving_the_Effectiveness_of_Synthetic_Chest_X-Rays_for_ICCVW_2025_paper.pdf,https://arxiv.org/abs/2411.18602
494,Method,Best Foot Forward: Robust Foot Reconstruction in-the-wild,"Kyle Fogarty, Jing Yang, Chayan Kumar Patodi, Jack Foster, Aadi Bhanti, Steven Chacko, Cengiz Oztireli, Ujwal Bonde",APAH,https://openaccess.thecvf.com/content/ICCV2025W/APAH/html/Fogarty_Best_Foot_Forward_Robust_Foot_Reconstruction_in-the-wild_ICCVW_2025_paper.html,https://openaccess.thecvf.com/content/ICCV2025W/APAH/papers/Fogarty_Best_Foot_Forward_Robust_Foot_Reconstruction_in-the-wild_ICCVW_2025_paper.pdf,https://arxiv.org/abs/2502.20511
495,Method,Towards a New Copyright Paradigm for Generative AI: Bridging Human-Machine Creativity Through Legal and Policy Reform,"Daiwon Hyun, Sunho Park, Eutteum Kim",WCCA,https://openaccess.thecvf.com/content/ICCV2025W/WCCA/html/Hyun_Towards_a_New_Copyright_Paradigm_for_Generative_AI_Bridging_Human-Machine_ICCVW_2025_paper.html,https://openaccess.thecvf.com/content/ICCV2025W/WCCA/papers/Hyun_Towards_a_New_Copyright_Paradigm_for_Generative_AI_Bridging_Human-Machine_ICCVW_2025_paper.pdf,
496,Method,Style Composition within Distinct LoRA modules for Traditional Art - ICCVW 2025 Paper,"Jaehyun Lee, Wonhark Park, Wonsik Shin, Hyunho Lee, Hyoung Min Na, Nojun Kwak",WCCA,https://openaccess.thecvf.com/content/ICCV2025W/WCCA/html/Lee_Style_Composition_within_Distinct_LoRA_modules_for_Traditional_Art_-_ICCVW_2025_paper.html,https://openaccess.thecvf.com/content/ICCV2025W/WCCA/papers/Lee_Style_Composition_within_Distinct_LoRA_modules_for_Traditional_Art_-_ICCVW_2025_paper.pdf,
497,Method,Lost in Translation: A Position Paper on Probing Cultural Bias in Vision-Language Models via Hanbok VQA,"Hyeokjun Lee, Jeonghyo Song, Geonhui Jang, Youngjoon Yoo",WCCA,https://openaccess.thecvf.com/content/ICCV2025W/WCCA/html/Lee_Lost_in_Translation_A_Position_Paper_on_Probing_Cultural_Bias_ICCVW_2025_paper.html,https://openaccess.thecvf.com/content/ICCV2025W/WCCA/papers/Lee_Lost_in_Translation_A_Position_Paper_on_Probing_Cultural_Bias_ICCVW_2025_paper.pdf,
498,Method,"Preservation vs. Fabrication: An Ethical Framework of Consent, Transparency, and Integrity for Posthumous AI Art",Xiantao Zhang,WCCA,https://openaccess.thecvf.com/content/ICCV2025W/WCCA/html/Zhang_Preservation_vs._Fabrication_An_Ethical_Framework_of_Consent_Transparency_and_ICCVW_2025_paper.html,https://openaccess.thecvf.com/content/ICCV2025W/WCCA/papers/Zhang_Preservation_vs._Fabrication_An_Ethical_Framework_of_Consent_Transparency_and_ICCVW_2025_paper.pdf,
499,Method,Visual Design from Cultural Heritage through Inpainting-based Restoration,"Jungmin Lee, Jongwon Choi",WCCA,https://openaccess.thecvf.com/content/ICCV2025W/WCCA/html/Lee_Visual_Design_from_Cultural_Heritage_through_Inpainting-based_Restoration_ICCVW_2025_paper.html,https://openaccess.thecvf.com/content/ICCV2025W/WCCA/papers/Lee_Visual_Design_from_Cultural_Heritage_through_Inpainting-based_Restoration_ICCVW_2025_paper.pdf,
500,Method,FashionRNA: Interactive Reimagination of Fashion Heritage,"Haneol Kim, Jonghwan Bae, Seonwoo Shin, Sanghun Park",WCCA,https://openaccess.thecvf.com/content/ICCV2025W/WCCA/html/Kim_FashionRNA_Interactive_Reimagination_of_Fashion_Heritage_ICCVW_2025_paper.html,https://openaccess.thecvf.com/content/ICCV2025W/WCCA/papers/Kim_FashionRNA_Interactive_Reimagination_of_Fashion_Heritage_ICCVW_2025_paper.pdf,
501,Method,K-StyleLoRA: Information-Guided Image Generation via Selective Feature Learning,"Soyoung Lee, Hyoungseo Cho, Myungjoo Kang, YoungJoon Yoo",WCCA,https://openaccess.thecvf.com/content/ICCV2025W/WCCA/html/Lee_K-StyleLoRA_Information-Guided_Image_Generation_via_Selective_Feature_Learning_ICCVW_2025_paper.html,https://openaccess.thecvf.com/content/ICCV2025W/WCCA/papers/Lee_K-StyleLoRA_Information-Guided_Image_Generation_via_Selective_Feature_Learning_ICCVW_2025_paper.pdf,
502,Method,A Proposed XR-based Digital Framework for Nakhwa-nori: Preserving Regional Traditional Festivals and Addressing Safety and Environmental Barrier,"Hatnim Kim, Geonwoo Song, Seungryeol Eom, Seungkwan Choi",WCCA,https://openaccess.thecvf.com/content/ICCV2025W/WCCA/html/Kim_A_Proposed_XR-based_Digital_Framework_for_Nakhwa-nori_Preserving_Regional_Traditional_ICCVW_2025_paper.html,https://openaccess.thecvf.com/content/ICCV2025W/WCCA/papers/Kim_A_Proposed_XR-based_Digital_Framework_for_Nakhwa-nori_Preserving_Regional_Traditional_ICCVW_2025_paper.pdf,
503,Method,From Static to Dynamic: a Survey of Topology-Aware Perception \\ in Autonomous Driving,"Yixiao Chen, Ruining Yang, Xin Chen, Jia He, Dongliang Xu, Yue Yao",WDFM-AD,https://openaccess.thecvf.com/content/ICCV2025W/WDFM-AD/html/Chen_From_Static_to_Dynamic_a_Survey_of_Topology-Aware_Perception__ICCVW_2025_paper.html,https://openaccess.thecvf.com/content/ICCV2025W/WDFM-AD/papers/Chen_From_Static_to_Dynamic_a_Survey_of_Topology-Aware_Perception__ICCVW_2025_paper.pdf,https://arxiv.org/abs/2509.23641
504,Method,TinyBEV: Cross-Modal Knowledge Distillation for Efficient Multi-Task Bird's-Eye-View Perception and Planning,"Reeshad Khan, John Gauch",WDFM-AD,https://openaccess.thecvf.com/content/ICCV2025W/WDFM-AD/html/Khan_TinyBEV_Cross-Modal_Knowledge_Distillation_for_Efficient_Multi-Task_Birds-Eye-View_Perception_and_ICCVW_2025_paper.html,https://openaccess.thecvf.com/content/ICCV2025W/WDFM-AD/papers/Khan_TinyBEV_Cross-Modal_Knowledge_Distillation_for_Efficient_Multi-Task_Birds-Eye-View_Perception_and_ICCVW_2025_paper.pdf,
505,Method,VFM-UDA++: Improving Network Architectures and Data Strategies for Unsupervised Domain Adaptive Semantic Segmentation,"Bruno B. Englert, Gijs Dubbelman",WDFM-AD,https://openaccess.thecvf.com/content/ICCV2025W/WDFM-AD/html/Englert_VFM-UDA_Improving_Network_Architectures_and_Data_Strategies_for_Unsupervised_Domain_ICCVW_2025_paper.html,https://openaccess.thecvf.com/content/ICCV2025W/WDFM-AD/papers/Englert_VFM-UDA_Improving_Network_Architectures_and_Data_Strategies_for_Unsupervised_Domain_ICCVW_2025_paper.pdf,https://arxiv.org/abs/2503.10685
506,Method,Distillation Improves Visual Place Recognition for Low Quality Images,"Anbang Yang, Ge Jin, Junjie Huang, Yao Wang, John-Ross Rizzo, Chen Feng",WDFM-AD,https://openaccess.thecvf.com/content/ICCV2025W/WDFM-AD/html/Yang_Distillation_Improves_Visual_Place_Recognition_for_Low_Quality_Images_ICCVW_2025_paper.html,https://openaccess.thecvf.com/content/ICCV2025W/WDFM-AD/papers/Yang_Distillation_Improves_Visual_Place_Recognition_for_Low_Quality_Images_ICCVW_2025_paper.pdf,https://arxiv.org/abs/2310.06906
507,Method,A Survey on Vision-Language-Action Models for Autonomous Driving,"Sicong Jiang, Zilin Huang, Kangan Qian, Ziang Luo, Tianze Zhu, Yang Zhong, Yihong Tang, Menglin Kong, Yunlong Wang, Siwen Jiao, Hao Ye, Zihao Sheng, Xin Zhao, Tuopu Wen, Zheng Fu, Sikai Chen, Kun Jiang, Diange Yang, Seongjin Choi, Lijun Sun",WDFM-AD,https://openaccess.thecvf.com/content/ICCV2025W/WDFM-AD/html/Jiang_A_Survey_on_Vision-Language-Action_Models_for_Autonomous_Driving_ICCVW_2025_paper.html,https://openaccess.thecvf.com/content/ICCV2025W/WDFM-AD/papers/Jiang_A_Survey_on_Vision-Language-Action_Models_for_Autonomous_Driving_ICCVW_2025_paper.pdf,https://arxiv.org/abs/2506.24044
508,Method,SafeRoute: Enhancing Traffic Scene Understanding via a Unified Deep Learning and Multimodal LLM,"Ankit Kumar Shaw, Chandan Kumar Sah, Xiaoli Lian, Arsalan Shahid Baig, Tuopu Wen, Kun Jiang, Mengmeng Yang, Diange Yang, Li Zhang",WDFM-AD,https://openaccess.thecvf.com/content/ICCV2025W/WDFM-AD/html/Shaw_SafeRoute_Enhancing_Traffic_Scene_Understanding_via_a_Unified_Deep_Learning_ICCVW_2025_paper.html,https://openaccess.thecvf.com/content/ICCV2025W/WDFM-AD/papers/Shaw_SafeRoute_Enhancing_Traffic_Scene_Understanding_via_a_Unified_Deep_Learning_ICCVW_2025_paper.pdf,
509,Method,Analyzing Closed-loop Training Techniques for Realistic Traffic Agent Models in Autonomous Highway Driving Simulations,"Matthias Bitzer, Reinis Cimurs, Benjamin Coors, Johannes Goth, Sebastian Ziesche, Philipp Geiger, Maximilian Naumann",WDFM-AD,https://openaccess.thecvf.com/content/ICCV2025W/WDFM-AD/html/Bitzer_Analyzing_Closed-loop_Training_Techniques_for_Realistic_Traffic_Agent_Models_in_ICCVW_2025_paper.html,https://openaccess.thecvf.com/content/ICCV2025W/WDFM-AD/papers/Bitzer_Analyzing_Closed-loop_Training_Techniques_for_Realistic_Traffic_Agent_Models_in_ICCVW_2025_paper.pdf,https://arxiv.org/abs/2410.15987
510,Method,Lattice-allocated Real-time Line Segment Feature Detection and Tracking Using Only an Event-based Camera,"Mikihiro Ikura, Arren Glover, Masayoshi Mizuno, Chiara Bartolozzi",NeVi,https://openaccess.thecvf.com/content/ICCV2025W/NeVi/html/Ikura_Lattice-allocated_Real-time_Line_Segment_Feature_Detection_and_Tracking_Using_Only_ICCVW_2025_paper.html,https://openaccess.thecvf.com/content/ICCV2025W/NeVi/papers/Ikura_Lattice-allocated_Real-time_Line_Segment_Feature_Detection_and_Tracking_Using_Only_ICCVW_2025_paper.pdf,https://arxiv.org/abs/2510.06829
511,Method,Comparing Representations for Event Camera-based Visual Object Tracking,"Oussama Abdul Hay, Sara Alansari, Mohamad Alansari, Yahya Zweiri",NeVi,https://openaccess.thecvf.com/content/ICCV2025W/NeVi/html/Hay_Comparing_Representations_for_Event_Camera-based_Visual_Object_Tracking_ICCVW_2025_paper.html,https://openaccess.thecvf.com/content/ICCV2025W/NeVi/papers/Hay_Comparing_Representations_for_Event_Camera-based_Visual_Object_Tracking_ICCVW_2025_paper.pdf,
512,Method,Drone Detection with Event Cameras,"Gabriele Magrini, Lorenzo Berlincioni, Federico Becattini, Luca Cultrera, Pietro Pala",NeVi,https://openaccess.thecvf.com/content/ICCV2025W/NeVi/html/Magrini_Drone_Detection_with_Event_Cameras_ICCVW_2025_paper.html,https://openaccess.thecvf.com/content/ICCV2025W/NeVi/papers/Magrini_Drone_Detection_with_Event_Cameras_ICCVW_2025_paper.pdf,https://arxiv.org/abs/2508.04564
513,Method,Quantifying Accuracy of an Event-Based Star Tracker via Earth's Rotation,"Dennis Melamed, Connor Hashemi, Scott McCloskey",NeVi,https://openaccess.thecvf.com/content/ICCV2025W/NeVi/html/Melamed_Quantifying_Accuracy_of_an_Event-Based_Star_Tracker_via_Earths_Rotation_ICCVW_2025_paper.html,https://openaccess.thecvf.com/content/ICCV2025W/NeVi/papers/Melamed_Quantifying_Accuracy_of_an_Event-Based_Star_Tracker_via_Earths_Rotation_ICCVW_2025_paper.pdf,
514,Method,SIS-Challenge: Event-based Spatio-temporal Instance Segmentation Challenge at the CVPR 2025 Event-based Vision Workshop,"Friedhelm Hamann, Emil Mededovic, Fabian Gülhan, Yuli Wu, Johannes Stegmaier, Jing He, Yiqing Wang, Kexin Zhang, Lingling Li, Licheng Jiao, Mengru Ma, Honxiang Huang, Yuhao Yan, Hongwei Ren, Xiaopeng Lin, Yulong Huang, Bojun Cheng, Se Hyun Lee, Gyu Sung Ham, Kanghan Oh, Gi Hyun Lim, Boxuan Yang, Bowen Du, Guillermo Gallego",NeVi,https://openaccess.thecvf.com/content/ICCV2025W/NeVi/html/Hamann_SIS-Challenge_Event-based_Spatio-temporal_Instance_Segmentation_Challenge_at_the_CVPR_2025_ICCVW_2025_paper.html,https://openaccess.thecvf.com/content/ICCV2025W/NeVi/papers/Hamann_SIS-Challenge_Event-based_Spatio-temporal_Instance_Segmentation_Challenge_at_the_CVPR_2025_ICCVW_2025_paper.pdf,
515,Method,Neural Ganglion Sensors: Learning Task-specific Event Cameras Inspired by the Neural Circuit of the Human Retina,"Haley M. So, Gordon Wetzstein",NeVi,https://openaccess.thecvf.com/content/ICCV2025W/NeVi/html/So_Neural_Ganglion_Sensors_Learning_Task-specific_Event_Cameras_Inspired_by_the_ICCVW_2025_paper.html,https://openaccess.thecvf.com/content/ICCV2025W/NeVi/papers/So_Neural_Ganglion_Sensors_Learning_Task-specific_Event_Cameras_Inspired_by_the_ICCVW_2025_paper.pdf,https://arxiv.org/abs/2504.13457
516,Method,Multimodal Neuromorphic Event-Frame Fusion in Domain-Generalized Vision Transformer for Dynamic Object Tracking,"Taha Razzaq, Asim Iqbal",NeVi,https://openaccess.thecvf.com/content/ICCV2025W/NeVi/html/Razzaq_Multimodal_Neuromorphic_Event-Frame_Fusion_in_Domain-Generalized_Vision_Transformer_for_Dynamic_ICCVW_2025_paper.html,https://openaccess.thecvf.com/content/ICCV2025W/NeVi/papers/Razzaq_Multimodal_Neuromorphic_Event-Frame_Fusion_in_Domain-Generalized_Vision_Transformer_for_Dynamic_ICCVW_2025_paper.pdf,
517,Method,DEIO: Deep Event Inertial Odometry,"Weipeng Guan, Fuling Lin, Peiyu Chen, Peng Lu",NeVi,https://openaccess.thecvf.com/content/ICCV2025W/NeVi/html/Guan_DEIO_Deep_Event_Inertial_Odometry_ICCVW_2025_paper.html,https://openaccess.thecvf.com/content/ICCV2025W/NeVi/papers/Guan_DEIO_Deep_Event_Inertial_Odometry_ICCVW_2025_paper.pdf,https://arxiv.org/abs/2411.03928
518,Method,Toward Low-SWaP Cognitive Agents: Neuromorphic Intelligence and FPGA-Based Deployments of Event Neural Networks,"Trevor Bihl, Rajashree Majumder, Zhewei Wang, Avinash Karanth, Jundong Liu",NeVi,https://openaccess.thecvf.com/content/ICCV2025W/NeVi/html/Bihl_Toward_Low-SWaP_Cognitive_Agents_Neuromorphic_Intelligence_and_FPGA-Based_Deployments_of_ICCVW_2025_paper.html,https://openaccess.thecvf.com/content/ICCV2025W/NeVi/papers/Bihl_Toward_Low-SWaP_Cognitive_Agents_Neuromorphic_Intelligence_and_FPGA-Based_Deployments_of_ICCVW_2025_paper.pdf,
519,Method,GraphEnet: Event-driven Human Pose Estimation with a Graph Neural Network,"Gaurvi Goyal, Pham Cong Thuong, Arren Glover, Masayoshi Mizuno, Chiara Bartolozzi",NeVi,https://openaccess.thecvf.com/content/ICCV2025W/NeVi/html/Goyal_GraphEnet_Event-driven_Human_Pose_Estimation_with_a_Graph_Neural_Network_ICCVW_2025_paper.html,https://openaccess.thecvf.com/content/ICCV2025W/NeVi/papers/Goyal_GraphEnet_Event-driven_Human_Pose_Estimation_with_a_Graph_Neural_Network_ICCVW_2025_paper.pdf,https://arxiv.org/abs/2510.07990
520,Method,Enhancing Event-Based Optical Camera Communication Via Dynamic Timing Correction,"Matthew Howard, Keigo Hirakawa",NeVi,https://openaccess.thecvf.com/content/ICCV2025W/NeVi/html/Howard_Enhancing_Event-Based_Optical_Camera_Communication_Via_Dynamic_Timing_Correction_ICCVW_2025_paper.html,https://openaccess.thecvf.com/content/ICCV2025W/NeVi/papers/Howard_Enhancing_Event-Based_Optical_Camera_Communication_Via_Dynamic_Timing_Correction_ICCVW_2025_paper.pdf,
521,Method,Event-driven Robust Fitting on Neuromorphic Hardware,"Tam Ngoc-Bang Nguyen, Anh-Dzung Doan, Zhipeng Cai, Tat-Jun Chin",NeVi,https://openaccess.thecvf.com/content/ICCV2025W/NeVi/html/Nguyen_Event-driven_Robust_Fitting_on_Neuromorphic_Hardware_ICCVW_2025_paper.html,https://openaccess.thecvf.com/content/ICCV2025W/NeVi/papers/Nguyen_Event-driven_Robust_Fitting_on_Neuromorphic_Hardware_ICCVW_2025_paper.pdf,https://arxiv.org/abs/2508.09466
522,Method,Event-based Spinning Object SLAM,"Ethan Elms, Yasir Latif, Tat-Jun Chin",NeVi,https://openaccess.thecvf.com/content/ICCV2025W/NeVi/html/Elms_Event-based_Spinning_Object_SLAM_ICCVW_2025_paper.html,https://openaccess.thecvf.com/content/ICCV2025W/NeVi/papers/Elms_Event-based_Spinning_Object_SLAM_ICCVW_2025_paper.pdf,
523,Method,AttZoom: Attention Zoom for Better Visual Features,"Daniel DeAlcala, Aythami Morales, Julian Fierrez, Ruben Tolosana",HCV,https://openaccess.thecvf.com/content/ICCV2025W/HCV/html/DeAlcala_AttZoom_Attention_Zoom_for_Better_Visual_Features_ICCVW_2025_paper.html,https://openaccess.thecvf.com/content/ICCV2025W/HCV/papers/DeAlcala_AttZoom_Attention_Zoom_for_Better_Visual_Features_ICCVW_2025_paper.pdf,https://arxiv.org/abs/2508.03625
524,Method,Using Human Perception to Regularize Transfer Learning,"Steve Cruz, Justin Dulay, Walter Scheirer",HCV,https://openaccess.thecvf.com/content/ICCV2025W/HCV/html/Cruz_Using_Human_Perception_to_Regularize_Transfer_Learning_ICCVW_2025_paper.html,https://openaccess.thecvf.com/content/ICCV2025W/HCV/papers/Cruz_Using_Human_Perception_to_Regularize_Transfer_Learning_ICCVW_2025_paper.pdf,
525,Method,Long-Tailed Data Classification by Increasing and Decreasing Neurons During Training,"Taigo Sakai, Kazuhiro Hotta",HCV,https://openaccess.thecvf.com/content/ICCV2025W/HCV/html/Sakai_Long-Tailed_Data_Classification_by_Increasing_and_Decreasing_Neurons_During_Training_ICCVW_2025_paper.html,https://openaccess.thecvf.com/content/ICCV2025W/HCV/papers/Sakai_Long-Tailed_Data_Classification_by_Increasing_and_Decreasing_Neurons_During_Training_ICCVW_2025_paper.pdf,https://arxiv.org/abs/2507.09940
526,Method,Towards Human-Like Invariance: Self-Supervised Learning with Feature-Level Rotation Alignment,"Sangjun Han, Woojin Cheong, Chang Hoon Song, Myungjoo Kang",HCV,https://openaccess.thecvf.com/content/ICCV2025W/HCV/html/Han_Towards_Human-Like_Invariance_Self-Supervised_Learning_with_Feature-Level_Rotation_Alignment_ICCVW_2025_paper.html,https://openaccess.thecvf.com/content/ICCV2025W/HCV/papers/Han_Towards_Human-Like_Invariance_Self-Supervised_Learning_with_Feature-Level_Rotation_Alignment_ICCVW_2025_paper.pdf,
527,Method,OscNet v1.5: Energy Efficient Hopfield Network on CMOS Oscillators for Image Classification,"Wenxiao Cai, Zongru Li, Iris Wang, Yu-Neng Wang, Thomas H Lee",HCV,https://openaccess.thecvf.com/content/ICCV2025W/HCV/html/Cai_OscNet_v1.5_Energy_Efficient_Hopfield_Network_on_CMOS_Oscillators_for_ICCVW_2025_paper.html,https://openaccess.thecvf.com/content/ICCV2025W/HCV/papers/Cai_OscNet_v1.5_Energy_Efficient_Hopfield_Network_on_CMOS_Oscillators_for_ICCVW_2025_paper.pdf,
528,Method,Who Walks With You Matters: Perceiving Social Interactions with Groups for Pedestrian Trajectory Prediction,"Ziqian Zou, Conghao Wong, Beihao Xia, Xinge You",HCV,https://openaccess.thecvf.com/content/ICCV2025W/HCV/html/Zou_Who_Walks_With_You_Matters_Perceiving_Social_Interactions_with_Groups_ICCVW_2025_paper.html,https://openaccess.thecvf.com/content/ICCV2025W/HCV/papers/Zou_Who_Walks_With_You_Matters_Perceiving_Social_Interactions_with_Groups_ICCVW_2025_paper.pdf,https://arxiv.org/abs/2412.02395
529,Method,HiSS: Human-inspired Semantic Segmentation for Vehicle Interior Scene Understanding,"Aleksander Kostuch, Joanna Jaworek-Korjakowska",HCV,https://openaccess.thecvf.com/content/ICCV2025W/HCV/html/Kostuch_HiSS_Human-inspired_Semantic_Segmentation_for_Vehicle_Interior_Scene_Understanding_ICCVW_2025_paper.html,https://openaccess.thecvf.com/content/ICCV2025W/HCV/papers/Kostuch_HiSS_Human-inspired_Semantic_Segmentation_for_Vehicle_Interior_Scene_Understanding_ICCVW_2025_paper.pdf,
530,Method,Human-Inspired Summarization: Cluster Scene Videos into Diverse Frames,"Chao Chen, Mingzhi Zhu, Ankush Pratap Singh, Yu Yan, Felix Juefei-Xu, Chen Feng",HCV,https://openaccess.thecvf.com/content/ICCV2025W/HCV/html/Chen_Human-Inspired_Summarization_Cluster_Scene_Videos_into_Diverse_Frames_ICCVW_2025_paper.html,https://openaccess.thecvf.com/content/ICCV2025W/HCV/papers/Chen_Human-Inspired_Summarization_Cluster_Scene_Videos_into_Diverse_Frames_ICCVW_2025_paper.pdf,
531,Method,From Neural Activity to Computation: Biological Reservoirs for Pattern Recognition in Digit Classification,"Ludovico Iannello, Luca Ciampi, Fabrizio Tonelli, Gabriele Lagani, Lucio M. Calcagnile, Federico Cremisi, Angelo Di Garbo, Giuseppe Amato",HCV,https://openaccess.thecvf.com/content/ICCV2025W/HCV/html/Iannello_From_Neural_Activity_to_Computation_Biological_Reservoirs_for_Pattern_Recognition_ICCVW_2025_paper.html,https://openaccess.thecvf.com/content/ICCV2025W/HCV/papers/Iannello_From_Neural_Activity_to_Computation_Biological_Reservoirs_for_Pattern_Recognition_ICCVW_2025_paper.pdf,https://arxiv.org/abs/2510.05637
532,Method,Human Vision Constrained Super-Resolution,"Volodymyr Karpenko, Taimoor Tariq, Jorge Condor, Piotr Didyk",HCV,https://openaccess.thecvf.com/content/ICCV2025W/HCV/html/Karpenko_Human_Vision_Constrained_Super-Resolution_ICCVW_2025_paper.html,https://openaccess.thecvf.com/content/ICCV2025W/HCV/papers/Karpenko_Human_Vision_Constrained_Super-Resolution_ICCVW_2025_paper.pdf,https://arxiv.org/abs/2411.17513
533,Method,SeeEEG: Semantic-aware EEG-based Multi-Modal Retrieval-Augmented Generation for High-Fidelity Visual Brain Decoding,"Jun-Mo Kim, Woohyeok Choi, Sang-Jun Park, Keun-Soo Heo, Young-Han Son, Ji-Hye Oh, Dong-Hee Shin, Tae-Eui Kam",HCV,https://openaccess.thecvf.com/content/ICCV2025W/HCV/html/Kim_SeeEEG_Semantic-aware_EEG-based_Multi-Modal_Retrieval-Augmented_Generation_for_High-Fidelity_Visual_Brain_ICCVW_2025_paper.html,https://openaccess.thecvf.com/content/ICCV2025W/HCV/papers/Kim_SeeEEG_Semantic-aware_EEG-based_Multi-Modal_Retrieval-Augmented_Generation_for_High-Fidelity_Visual_Brain_ICCVW_2025_paper.pdf,
534,Method,RF-ChessSIGN: Radar-enabled Human-Computer Interaction in a Real-Time Sign Language-Controlled Game,"Kenneth Dehaan, Emre Kurtoglu, Sabyasachi Biswas, Caroline Kobek Pezzarossi, Darrin Griffin, Chris Crawford, Ali Gurbuz, Evie Malaia, Abraham Glasser, Raja Kushalnagar, Sevgi Zubeyde Gurbuz",MSLR,https://openaccess.thecvf.com/content/ICCV2025W/MSLR/html/Dehaan_RF-ChessSIGN_Radar-enabled_Human-Computer_Interaction_in_a_Real-Time_Sign_Language-Controlled_Game_ICCVW_2025_paper.html,https://openaccess.thecvf.com/content/ICCV2025W/MSLR/papers/Dehaan_RF-ChessSIGN_Radar-enabled_Human-Computer_Interaction_in_a_Real-Time_Sign_Language-Controlled_Game_ICCVW_2025_paper.pdf,
535,Method,Text-Aligned Radar-Based Sign Language Recognition for Healthcare Communication,"Raffaele Mineo, Amelia Sorrenti, Gaia Caligiore, Federica Proietto Salanitri, Giovanni Bellitto, Senya Polikovsky, Sabina Fontana, Egidio Ragonese, Concetto Spampinato, Simone Palazzo",MSLR,https://openaccess.thecvf.com/content/ICCV2025W/MSLR/html/Mineo_Text-Aligned_Radar-Based_Sign_Language_Recognition_for_Healthcare_Communication_ICCVW_2025_paper.html,https://openaccess.thecvf.com/content/ICCV2025W/MSLR/papers/Mineo_Text-Aligned_Radar-Based_Sign_Language_Recognition_for_Healthcare_Communication_ICCVW_2025_paper.pdf,
536,Method,Can a Lightweight Transformer Deliver a Robust Multimodal Sign Language Word Recognition?,"Eva O. Berepiki, Philip Ciunkiewicz, Svetlana Yanushkevich",MSLR,https://openaccess.thecvf.com/content/ICCV2025W/MSLR/html/Berepiki_Can_a_Lightweight_Transformer_Deliver_a_Robust_Multimodal_Sign_Language_ICCVW_2025_paper.html,https://openaccess.thecvf.com/content/ICCV2025W/MSLR/papers/Berepiki_Can_a_Lightweight_Transformer_Deliver_a_Robust_Multimodal_Sign_Language_ICCVW_2025_paper.pdf,
537,Method,Inclusive Sign Language AI: Towards Authentic Accessibility Through Community Collaboration,Abraham Glasser,MSLR,https://openaccess.thecvf.com/content/ICCV2025W/MSLR/html/Glasser_Inclusive_Sign_Language_AI_Towards_Authentic_Accessibility_Through_Community_Collaboration_ICCVW_2025_paper.html,https://openaccess.thecvf.com/content/ICCV2025W/MSLR/papers/Glasser_Inclusive_Sign_Language_AI_Towards_Authentic_Accessibility_Through_Community_Collaboration_ICCVW_2025_paper.pdf,
538,Method,Region-Aware Pose Modeling and Permutation Decoding for Signer-Independent Sign Language Recognition,"Sieu Tran, Duc Nguyen Minh, Truong Nguyen Thanh, Hao Vo, Thanh Duc Ngo, Tien Do, Khiem Le, Duy-Dinh Le",MSLR,https://openaccess.thecvf.com/content/ICCV2025W/MSLR/html/Tran_Region-Aware_Pose_Modeling_and_Permutation_Decoding_for_Signer-Independent_Sign_Language_ICCVW_2025_paper.html,https://openaccess.thecvf.com/content/ICCV2025W/MSLR/papers/Tran_Region-Aware_Pose_Modeling_and_Permutation_Decoding_for_Signer-Independent_Sign_Language_ICCVW_2025_paper.pdf,
539,Method,A Signer-Invariant Conformer and Multi-Scale Fusion Transformer for Continuous Sign Language Recognition,"Md Rezwanul Haque, Md. Milon Islam, S M Taslim Uddin Raju, Fakhri Karray",MSLR,https://openaccess.thecvf.com/content/ICCV2025W/MSLR/html/Haque_A_Signer-Invariant_Conformer_and_Multi-Scale_Fusion_Transformer_for_Continuous_Sign_ICCVW_2025_paper.html,https://openaccess.thecvf.com/content/ICCV2025W/MSLR/papers/Haque_A_Signer-Invariant_Conformer_and_Multi-Scale_Fusion_Transformer_for_Continuous_Sign_ICCVW_2025_paper.pdf,https://arxiv.org/abs/2508.09372
540,Method,AutoSign: Direct Pose-to-Text Translation for Continuous Sign Language Recognition,"Samuel Ebimobowei Johnny, Blessed Guda, Andrew Glayama Stephen, Assane Gueye",MSLR,https://openaccess.thecvf.com/content/ICCV2025W/MSLR/html/Johnny_AutoSign_Direct_Pose-to-Text_Translation_for_Continuous_Sign_Language_Recognition_ICCVW_2025_paper.html,https://openaccess.thecvf.com/content/ICCV2025W/MSLR/papers/Johnny_AutoSign_Direct_Pose-to-Text_Translation_for_Continuous_Sign_Language_Recognition_ICCVW_2025_paper.pdf,https://arxiv.org/abs/2507.19840
541,Method,A Multimodal Video and Radar Fusion Framework for High-Accuracy Isolated Sign Language Recognition,"Sultan Mohammad Manjur, Sabyasachi Biswas, Ali C. Gurbuz",MSLR,https://openaccess.thecvf.com/content/ICCV2025W/MSLR/html/Manjur_A_Multimodal_Video_and_Radar_Fusion_Framework_for_High-Accuracy_Isolated_ICCVW_2025_paper.html,https://openaccess.thecvf.com/content/ICCV2025W/MSLR/papers/Manjur_A_Multimodal_Video_and_Radar_Fusion_Framework_for_High-Accuracy_Isolated_ICCVW_2025_paper.pdf,
542,Method,SAGE: Segment-Aware Gloss-Free Encoding for Token-Efficient Sign Language Translation,"Jian He Low, Ozge Mercanoglu Sincan, Richard Bowden",MSLR,https://openaccess.thecvf.com/content/ICCV2025W/MSLR/html/Low_SAGE_Segment-Aware_Gloss-Free_Encoding_for_Token-Efficient_Sign_Language_Translation_ICCVW_2025_paper.html,https://openaccess.thecvf.com/content/ICCV2025W/MSLR/papers/Low_SAGE_Segment-Aware_Gloss-Free_Encoding_for_Token-Efficient_Sign_Language_Translation_ICCVW_2025_paper.pdf,https://arxiv.org/abs/2507.09266
543,Method,Iterative Latent Refinement for Robust Non-Autoregressive Sign Language Production,"Tuğçe Kızıltepe, Sümeyye Meryem Taşyürek, Hacer Yalim Keles",MSLR,https://openaccess.thecvf.com/content/ICCV2025W/MSLR/html/Kiziltepe_Iterative_Latent_Refinement_for_Robust_Non-Autoregressive_Sign_Language_Production_ICCVW_2025_paper.html,https://openaccess.thecvf.com/content/ICCV2025W/MSLR/papers/Kiziltepe_Iterative_Latent_Refinement_for_Robust_Non-Autoregressive_Sign_Language_Production_ICCVW_2025_paper.pdf,
544,Method,Point-Supervised Japanese Fingerspelling Localization via HR-Pro and Contrastive Learning,"Ryota Murai, Naoto Tsuta, Duk Shin, Yousun Kang",MSLR,https://openaccess.thecvf.com/content/ICCV2025W/MSLR/html/Murai_Point-Supervised_Japanese_Fingerspelling_Localization_via_HR-Pro_and_Contrastive_Learning_ICCVW_2025_paper.html,https://openaccess.thecvf.com/content/ICCV2025W/MSLR/papers/Murai_Point-Supervised_Japanese_Fingerspelling_Localization_via_HR-Pro_and_Contrastive_Learning_ICCVW_2025_paper.pdf,
545,Method,Development of an Intelligent System for Recognizing Islamic Religious Visual Signs in the Arabic Language,"Duaa Mhnaa, Yaroub Dayoub, Jafar Salman",MSLR,https://openaccess.thecvf.com/content/ICCV2025W/MSLR/html/Mhnaa_Development_of_an_Intelligent_System_for_Recognizing_Islamic_Religious_Visual_ICCVW_2025_paper.html,https://openaccess.thecvf.com/content/ICCV2025W/MSLR/papers/Mhnaa_Development_of_an_Intelligent_System_for_Recognizing_Islamic_Religious_Visual_ICCVW_2025_paper.pdf,
546,Method,A Smart Glove to Convert Gestures to Speech & Text to Assist Deaf & Mute People Using Machine Learning,"Manisha A, Tamilselvi S",MSLR,https://openaccess.thecvf.com/content/ICCV2025W/MSLR/html/A_A_Smart_Glove_to_Convert_Gestures_to_Speech__Text_ICCVW_2025_paper.html,https://openaccess.thecvf.com/content/ICCV2025W/MSLR/papers/A_A_Smart_Glove_to_Convert_Gestures_to_Speech__Text_ICCVW_2025_paper.pdf,
547,Method,A Comparative Study of Continuous Sign Language Recognition Techniques,"Sarah Alyami, Hamzah Luqman",MSLR,https://openaccess.thecvf.com/content/ICCV2025W/MSLR/html/Alyami_A_Comparative_Study_of_Continuous_Sign_Language_Recognition_Techniques_ICCVW_2025_paper.html,https://openaccess.thecvf.com/content/ICCV2025W/MSLR/papers/Alyami_A_Comparative_Study_of_Continuous_Sign_Language_Recognition_Techniques_ICCVW_2025_paper.pdf,https://arxiv.org/abs/2406.12369
548,Method,A Closer Look at Skeleton-based Continuous Sign Language Recognition,"Yuecong Min, Yifan Yang, Peiqi Jiao, Zixi Nan, Xilin Chen",MSLR,https://openaccess.thecvf.com/content/ICCV2025W/MSLR/html/Min_A_Closer_Look_at_Skeleton-based_Continuous_Sign_Language_Recognition_ICCVW_2025_paper.html,https://openaccess.thecvf.com/content/ICCV2025W/MSLR/papers/Min_A_Closer_Look_at_Skeleton-based_Continuous_Sign_Language_Recognition_ICCVW_2025_paper.pdf,
549,Method,LSSGen: Leveraging Latent Space Scaling in Flow and Diffusion for Efficient Text to Image Generation,"Jyun-Ze Tang, Chih-Fan Hsu, Jeng-Lin Li, Ming-Ching Chang, Wei-Chao Chen",AIGENS,https://openaccess.thecvf.com/content/ICCV2025W/AIGENS/html/Tang_LSSGen_Leveraging_Latent_Space_Scaling_in_Flow_and_Diffusion_for_ICCVW_2025_paper.html,https://openaccess.thecvf.com/content/ICCV2025W/AIGENS/papers/Tang_LSSGen_Leveraging_Latent_Space_Scaling_in_Flow_and_Diffusion_for_ICCVW_2025_paper.pdf,https://arxiv.org/abs/2507.16154
550,Method,C2D-ISR: Optimizing Attention-based Image Super-resolution from Continuous to Discrete Scales,"Yuxuan Jiang, Chengxi Zeng, Siyue Teng, Fan Zhang, Xiaoqing Zhu, Joel Sole, David Bull",AIGENS,https://openaccess.thecvf.com/content/ICCV2025W/AIGENS/html/Jiang_C2D-ISR_Optimizing_Attention-based_Image_Super-resolution_from_Continuous_to_Discrete_Scales_ICCVW_2025_paper.html,https://openaccess.thecvf.com/content/ICCV2025W/AIGENS/papers/Jiang_C2D-ISR_Optimizing_Attention-based_Image_Super-resolution_from_Continuous_to_Discrete_Scales_ICCVW_2025_paper.pdf,https://arxiv.org/abs/2503.13740
551,Method,High-Fidelity 4x Neural Reconstruction of Real-time Path Traced Videos,"Zhiqiang Lao, Zekai Chen, Jiali Cui, Marcos Conde, Radu Timofte, Heather Yu",AIGENS,https://openaccess.thecvf.com/content/ICCV2025W/AIGENS/html/Lao_High-Fidelity_4x_Neural_Reconstruction_of_Real-time_Path_Traced_Videos_ICCVW_2025_paper.html,https://openaccess.thecvf.com/content/ICCV2025W/AIGENS/papers/Lao_High-Fidelity_4x_Neural_Reconstruction_of_Real-time_Path_Traced_Videos_ICCVW_2025_paper.pdf,
552,Method,VidMP3: Video Editing by Representing Motion with Pose and Position Priors,"Sandeep Mishra, Oindrila Saha, Alan Bovik",AIGENS,https://openaccess.thecvf.com/content/ICCV2025W/AIGENS/html/Mishra_VidMP3_Video_Editing_by_Representing_Motion_with_Pose_and_Position_ICCVW_2025_paper.html,https://openaccess.thecvf.com/content/ICCV2025W/AIGENS/papers/Mishra_VidMP3_Video_Editing_by_Representing_Motion_with_Pose_and_Position_ICCVW_2025_paper.pdf,https://arxiv.org/abs/2510.12069
553,Method,Multi-Scale Contrastive-Adversarial Distillation for Super-Resolution,"Donggeun Ko, Youngsang Kwak, San Kim, Jaehwa Kwak, Jaekwang Kim",AIGENS,https://openaccess.thecvf.com/content/ICCV2025W/AIGENS/html/Ko_Multi-Scale_Contrastive-Adversarial_Distillation_for_Super-Resolution_ICCVW_2025_paper.html,https://openaccess.thecvf.com/content/ICCV2025W/AIGENS/papers/Ko_Multi-Scale_Contrastive-Adversarial_Distillation_for_Super-Resolution_ICCVW_2025_paper.pdf,
554,Method,Divide and Conquer: Structured Reranking for Expert-Level Ecological Image Retrieval,"Asmi Kumar, Edward Vendrow, Sara Beery",CV4E,https://openaccess.thecvf.com/content/ICCV2025W/CV4E/html/Kumar_Divide_and_Conquer_Structured_Reranking_for_Expert-Level_Ecological_Image_Retrieval_ICCVW_2025_paper.html,https://openaccess.thecvf.com/content/ICCV2025W/CV4E/papers/Kumar_Divide_and_Conquer_Structured_Reranking_for_Expert-Level_Ecological_Image_Retrieval_ICCVW_2025_paper.pdf,
555,Method,Species-level Detection and Tracking of Caribbean Coral Reef Fish,"Levi Cai, Austin Greene, Daniel Yang, Nadège Aoki, Sierra D. Jarriel, Jasper Ha, Nathan Formel, T. Aran Mooney, Yogesh Girdhar",CV4E,https://openaccess.thecvf.com/content/ICCV2025W/CV4E/html/Cai_Species-level_Detection_and_Tracking_of_Caribbean_Coral_Reef_Fish_ICCVW_2025_paper.html,https://openaccess.thecvf.com/content/ICCV2025W/CV4E/papers/Cai_Species-level_Detection_and_Tracking_of_Caribbean_Coral_Reef_Fish_ICCVW_2025_paper.pdf,
556,Method,Bridging Domain Gaps for Fine-Grained Moth Classification Through Expert-Informed Adaptation and Foundation Model Priors,"Ross J. Gardiner, Guillaume Mougeot, Sareh Rowlands, Benno I. Simmons, Flemming Helsing, Toke Thomas Høye",CV4E,https://openaccess.thecvf.com/content/ICCV2025W/CV4E/html/Gardiner_Bridging_Domain_Gaps_for_Fine-Grained_Moth_Classification_Through_Expert-Informed_Adaptation_ICCVW_2025_paper.html,https://openaccess.thecvf.com/content/ICCV2025W/CV4E/papers/Gardiner_Bridging_Domain_Gaps_for_Fine-Grained_Moth_Classification_Through_Expert-Informed_Adaptation_ICCVW_2025_paper.pdf,https://arxiv.org/abs/2508.20089
557,Method,B-cos Networks as an Architectural Inductive Bias for Mitigating Catastrophic Forgetting,"Amelia Sorrenti, Giovanni Bellitto, Salvatore Calcagno, Rutger Hendrix, Concetto Spampinato, Simone Palazzo",CLVision,https://openaccess.thecvf.com/content/ICCV2025W/CLVision/html/Sorrenti_B-cos_Networks_as_an_Architectural_Inductive_Bias_for_Mitigating_Catastrophic_ICCVW_2025_paper.html,https://openaccess.thecvf.com/content/ICCV2025W/CLVision/papers/Sorrenti_B-cos_Networks_as_an_Architectural_Inductive_Bias_for_Mitigating_Catastrophic_ICCVW_2025_paper.pdf,
558,Method,Core Tokensets for Data-efficient Sequential Training of Transformers,"Subarnaduti Paul, Manuel Brack, Patrick Schramowski, Kristian Kersting, Martin Mundt",CLVision,https://openaccess.thecvf.com/content/ICCV2025W/CLVision/html/Paul_Core_Tokensets_for_Data-efficient_Sequential_Training_of_Transformers_ICCVW_2025_paper.html,https://openaccess.thecvf.com/content/ICCV2025W/CLVision/papers/Paul_Core_Tokensets_for_Data-efficient_Sequential_Training_of_Transformers_ICCVW_2025_paper.pdf,https://arxiv.org/abs/2410.05800
559,Method,Accuracy Improvement of Prompt-based Continual Learning with Past Information,"Ikki Kato, Kazuhiro Hotta",CLVision,https://openaccess.thecvf.com/content/ICCV2025W/CLVision/html/Kato_Accuracy_Improvement_of_Prompt-based_Continual_Learning_with_Past_Information_ICCVW_2025_paper.html,https://openaccess.thecvf.com/content/ICCV2025W/CLVision/papers/Kato_Accuracy_Improvement_of_Prompt-based_Continual_Learning_with_Past_Information_ICCVW_2025_paper.pdf,
560,Method,MONET: Multi-Modal Online Continual Learning with Novelty Estimation,"Evelyn Chee, Wynne Hsu, Mong Li Lee",CLVision,https://openaccess.thecvf.com/content/ICCV2025W/CLVision/html/Chee_MONET_Multi-Modal_Online_Continual_Learning_with_Novelty_Estimation_ICCVW_2025_paper.html,https://openaccess.thecvf.com/content/ICCV2025W/CLVision/papers/Chee_MONET_Multi-Modal_Online_Continual_Learning_with_Novelty_Estimation_ICCVW_2025_paper.pdf,
561,Method,Incremental Object Detection with Prompt-based Methods,"Matthias Neuwirth-Trapp, Maarten Bieshaar, Danda Pani Paudel, Luc Van Gool",CLVision,https://openaccess.thecvf.com/content/ICCV2025W/CLVision/html/Neuwirth-Trapp_Incremental_Object_Detection_with_Prompt-based_Methods_ICCVW_2025_paper.html,https://openaccess.thecvf.com/content/ICCV2025W/CLVision/papers/Neuwirth-Trapp_Incremental_Object_Detection_with_Prompt-based_Methods_ICCVW_2025_paper.pdf,
562,Method,Can Synthetic Images Conquer Forgetting? Beyond Unexplored Doubts in Few-Shot Class-Incremental Learning,"Junsu Kim, Yunhoe Ku, Seungryul Baek",CLVision,https://openaccess.thecvf.com/content/ICCV2025W/CLVision/html/Kim_Can_Synthetic_Images_Conquer_Forgetting_Beyond_Unexplored_Doubts_in_Few-Shot_ICCVW_2025_paper.html,https://openaccess.thecvf.com/content/ICCV2025W/CLVision/papers/Kim_Can_Synthetic_Images_Conquer_Forgetting_Beyond_Unexplored_Doubts_in_Few-Shot_ICCVW_2025_paper.pdf,https://arxiv.org/abs/2507.13739
563,Method,Adapting curricula by tracking the gap between validation and training loss,Raghavendra Singh,CLVision,https://openaccess.thecvf.com/content/ICCV2025W/CLVision/html/Singh_Adapting_curricula_by_tracking_the_gap_between_validation_and_training_ICCVW_2025_paper.html,https://openaccess.thecvf.com/content/ICCV2025W/CLVision/papers/Singh_Adapting_curricula_by_tracking_the_gap_between_validation_and_training_ICCVW_2025_paper.pdf,
564,Method,TrafficVILA: Scaling Vision-Language Models to High-Resolution Video Understanding for Traffic Safety Analysis,"Zaid B. Pervaiz, Seunghwan Cha, Rohan Gulati, Monika Jhuria, Varun Praveen, Tomasz Kornuta, Yao Lu, Vidya Murali",AICity,https://openaccess.thecvf.com/content/ICCV2025W/AICity/html/Pervaiz_TrafficVILA_Scaling_Vision-Language_Models_to_High-Resolution_Video_Understanding_for_Traffic_ICCVW_2025_paper.html,https://openaccess.thecvf.com/content/ICCV2025W/AICity/papers/Pervaiz_TrafficVILA_Scaling_Vision-Language_Models_to_High-Resolution_Video_Understanding_for_Traffic_ICCVW_2025_paper.pdf,
565,Method,A Lightweight and Data-Centric Framework for Real-Time Object Detection in Fisheye Camera,"An To Vinh, Nguyen Mai Vinh, Nguyen Luong Si, Duy Do Quoc, Duy Tran Khanh, Nguyen Nguyen Hoang, Tien Do, Thanh Duc Ngo, Duy-Dinh Le, Shin'ichi Satoh",AICity,https://openaccess.thecvf.com/content/ICCV2025W/AICity/html/Vinh_A_Lightweight_and_Data-Centric_Framework_for_Real-Time_Object_Detection_in_ICCVW_2025_paper.html,https://openaccess.thecvf.com/content/ICCV2025W/AICity/papers/Vinh_A_Lightweight_and_Data-Centric_Framework_for_Real-Time_Object_Detection_in_ICCVW_2025_paper.pdf,
566,Method,TrafficInternVL: Understanding Traffic Scenarios with Vision-Language Models,"Hsiu-Fu Wu, Ya-Ting Yang, Yung-Ter Chen, I-Fan Chou",AICity,https://openaccess.thecvf.com/content/ICCV2025W/AICity/html/Wu_TrafficInternVL_Understanding_Traffic_Scenarios_with_Vision-Language_Models_ICCVW_2025_paper.html,https://openaccess.thecvf.com/content/ICCV2025W/AICity/papers/Wu_TrafficInternVL_Understanding_Traffic_Scenarios_with_Vision-Language_Models_ICCVW_2025_paper.pdf,
567,Method,Domain-Aware Enhancements to Vision-Language Models for Urban Traffic Safety Question Answering,"Vu Thanh Dat Ha, Tuan Huy Tran, Gang Thep Dong, Ngoc Chien Chu, Huan Vu, Tien Cuong Nguyen",AICity,https://openaccess.thecvf.com/content/ICCV2025W/AICity/html/Ha_Domain-Aware_Enhancements_to_Vision-Language_Models_for_Urban_Traffic_Safety_Question_ICCVW_2025_paper.html,https://openaccess.thecvf.com/content/ICCV2025W/AICity/papers/Ha_Domain-Aware_Enhancements_to_Vision-Language_Models_for_Urban_Traffic_Safety_Question_ICCVW_2025_paper.pdf,
568,Method,Efficient and Distortion-Aware Fisheye Object Detection for Edge Devices,"Bao Tran Gia, Tuong Bui Cong Khanh, Tam Le Thi Thanh, Hien Ho Trong, Tien Do, Thanh Duc Ngo, Duy-Dinh Le, Shin'ichi Satoh",AICity,https://openaccess.thecvf.com/content/ICCV2025W/AICity/html/Gia_Efficient_and_Distortion-Aware_Fisheye_Object_Detection_for_Edge_Devices_ICCVW_2025_paper.html,https://openaccess.thecvf.com/content/ICCV2025W/AICity/papers/Gia_Efficient_and_Distortion-Aware_Fisheye_Object_Detection_for_Edge_Devices_ICCVW_2025_paper.pdf,
569,Method,VGCRTrack: Multi-Camera 3D Tracking with View-Aware Geometric Center Refinement,"Trieu-Huy Phan, Duc-Duy Dinh, Thanh-Phong Huynh, Quoc-Thinh Le, Huy-Hoang Dang, Vu-Hoang Tran, Van-Tin Luu, Ching-Chun Huang",AICity,https://openaccess.thecvf.com/content/ICCV2025W/AICity/html/Phan_VGCRTrack_Multi-Camera_3D_Tracking_with_View-Aware_Geometric_Center_Refinement_ICCVW_2025_paper.html,https://openaccess.thecvf.com/content/ICCV2025W/AICity/papers/Phan_VGCRTrack_Multi-Camera_3D_Tracking_with_View-Aware_Geometric_Center_Refinement_ICCVW_2025_paper.pdf,
570,Method,A Unified Detection Pipeline for Robust Object Detection in Fisheye-Based Traffic Surveillance,"Neema Jakisa Owor, Joshua Kofi Asamoah, Tanner Wambui Muturi, Anneliese Jakisa Owor, Blessing Agyei Kyem, Andrews Danyo, Yaw Adu-Gyamfi, Armstrong Aboah",AICity,https://openaccess.thecvf.com/content/ICCV2025W/AICity/html/Owor_A_Unified_Detection_Pipeline_for_Robust_Object_Detection_in_Fisheye-Based_ICCVW_2025_paper.html,https://openaccess.thecvf.com/content/ICCV2025W/AICity/papers/Owor_A_Unified_Detection_Pipeline_for_Robust_Object_Detection_in_Fisheye-Based_ICCVW_2025_paper.pdf,https://arxiv.org/abs/2510.20016
571,Method,Hierarchical Multi-Modal Fusion for Roadside VRU Detection: Method Complementarity Under Sparse Label Constraints,"Chuheng Wei, Ziyan Zhang, Haishan Liu, Guoyuan Wu, Matthew Barth",AICity,https://openaccess.thecvf.com/content/ICCV2025W/AICity/html/Wei_Hierarchical_Multi-Modal_Fusion_for_Roadside_VRU_Detection_Method_Complementarity_Under_ICCVW_2025_paper.html,https://openaccess.thecvf.com/content/ICCV2025W/AICity/papers/Wei_Hierarchical_Multi-Modal_Fusion_for_Roadside_VRU_Detection_Method_Complementarity_Under_ICCVW_2025_paper.pdf,
572,Method,A Real-time Vehicle Detection Pipeline with Data-centric Enhancements and Multi-stage DETR Distillation,"Huy Minh Nhat Nguyen, Hieu Dinh Trung Pham, Khang Minh Le, Cuong Tuan Nguyen",AICity,https://openaccess.thecvf.com/content/ICCV2025W/AICity/html/Nguyen_A_Real-time_Vehicle_Detection_Pipeline_with_Data-centric_Enhancements_and_Multi-stage_ICCVW_2025_paper.html,https://openaccess.thecvf.com/content/ICCV2025W/AICity/papers/Nguyen_A_Real-time_Vehicle_Detection_Pipeline_with_Data-centric_Enhancements_and_Multi-stage_ICCVW_2025_paper.pdf,
573,Method,The 9th AI City Challenge,"Zheng Tang, Shuo Wang, David C. Anastasiu, Ming-Ching Chang, Anuj Sharma, Quan Kong, Norimasa Kobori, Munkhjargal Gochoo, Ganzorig Batnasan, Munkh-Erdene Otgonbold, Fady Alnajjar, Jun-Wei Hsieh, Tomasz Kornuta, Xiaolong Li, Yilin Zhao, Han Zhang, Subhashree Radhakrishnan, Arihant Jain, Ratnesh Kumar, Vidya N. Murali, Yuxing Wang, Sameer Satish Pusegaonkar, Yizhou Wang, Sujit Biswas, Xunlei Wu, Zhedong Zheng, Pranamesh Chakraborty, Rama Chellappa",AICity,https://openaccess.thecvf.com/content/ICCV2025W/AICity/html/Tang_The_9th_AI_City_Challenge_ICCVW_2025_paper.html,https://openaccess.thecvf.com/content/ICCV2025W/AICity/papers/Tang_The_9th_AI_City_Challenge_ICCVW_2025_paper.pdf,https://arxiv.org/abs/2508.13564
574,Method,Multimodal and Multi-task Fusion for Spatial Reasoning,"Van-Minh Dang, Thanh-Sach Le",AICity,https://openaccess.thecvf.com/content/ICCV2025W/AICity/html/Dang_Multimodal_and_Multi-task_Fusion_for_Spatial_Reasoning_ICCVW_2025_paper.html,https://openaccess.thecvf.com/content/ICCV2025W/AICity/papers/Dang_Multimodal_and_Multi-task_Fusion_for_Spatial_Reasoning_ICCVW_2025_paper.pdf,
575,Method,EKI-GAN: Context-Aware Vehicle Trajectory Forecasting with Vehicle Factors and Environmental Information at Signalized Intersections,"Chuheng Wei, Guoyuan Wu, Matthew Barth",AICity,https://openaccess.thecvf.com/content/ICCV2025W/AICity/html/Wei_EKI-GAN_Context-Aware_Vehicle_Trajectory_Forecasting_with_Vehicle_Factors_and_Environmental_ICCVW_2025_paper.html,https://openaccess.thecvf.com/content/ICCV2025W/AICity/papers/Wei_EKI-GAN_Context-Aware_Vehicle_Trajectory_Forecasting_with_Vehicle_Factors_and_Environmental_ICCVW_2025_paper.pdf,
576,Method,Online 3D Multi-Camera Perception through Robust 2D Tracking and Depth-based Late Aggregation,"Le Vu-Minh, Tran Thao-Anh, Do Duc Huy, Do Xuan Canh, Huong Ninh, Hai Tran",AICity,https://openaccess.thecvf.com/content/ICCV2025W/AICity/html/Vu-Minh_Online_3D_Multi-Camera_Perception_through_Robust_2D_Tracking_and_Depth-based_ICCVW_2025_paper.html,https://openaccess.thecvf.com/content/ICCV2025W/AICity/papers/Vu-Minh_Online_3D_Multi-Camera_Perception_through_Robust_2D_Tracking_and_Depth-based_ICCVW_2025_paper.pdf,
577,Method,Enhanced Fisheye Object Detection via YOLO Ensemble Learning and Weighted Box Fusion,"Chun-Ming Tsai, Li-Li Wu, Tsung-Yu Chen",AICity,https://openaccess.thecvf.com/content/ICCV2025W/AICity/html/Tsai_Enhanced_Fisheye_Object_Detection_via_YOLO_Ensemble_Learning_and_Weighted_ICCVW_2025_paper.html,https://openaccess.thecvf.com/content/ICCV2025W/AICity/papers/Tsai_Enhanced_Fisheye_Object_Detection_via_YOLO_Ensemble_Learning_and_Weighted_ICCVW_2025_paper.pdf,
578,Method,Task-Specific Dual-Model Framework for Comprehensive Traffic Safety Video Description and Analysis,"Blessing Agyei Kyem, Neema J. Owor, Andrews Danyo, Joshua K. Asamoah, Eugene Denteh, Tanner Muturi, Anthony Dontoh, Yaw Adu-Gyamfi, Armstrong Aboah",AICity,https://openaccess.thecvf.com/content/ICCV2025W/AICity/html/Kyem_Task-Specific_Dual-Model_Framework_for_Comprehensive_Traffic_Safety_Video_Description_and_ICCVW_2025_paper.html,https://openaccess.thecvf.com/content/ICCV2025W/AICity/papers/Kyem_Task-Specific_Dual-Model_Framework_for_Comprehensive_Traffic_Safety_Video_Description_and_ICCVW_2025_paper.pdf,https://arxiv.org/abs/2510.11907
579,Method,STER-VLM: Spatio-Temporal With Enhanced Reference Vision-Language Models,"Tinh-Anh Nguyen-Nhu, Triet Dao Hoang Minh, Dat To-Thanh, Phuc Le-Gia, Tuan Vo-Lan, Tien-Huy Nguyen",AICity,https://openaccess.thecvf.com/content/ICCV2025W/AICity/html/Nguyen-Nhu__STER-VLM_Spatio-Temporal_With_Enhanced_Reference_Vision-Language_Models_ICCVW_2025_paper.html,https://openaccess.thecvf.com/content/ICCV2025W/AICity/papers/Nguyen-Nhu__STER-VLM_Spatio-Temporal_With_Enhanced_Reference_Vision-Language_Models_ICCVW_2025_paper.pdf,
580,Method,SmolRGPT: Efficient Spatial Reasoning for Warehouse Environments with 600M Parameters,"Abadrahmane Traore, Eric Hervet, Andy Couturier",AICity,https://openaccess.thecvf.com/content/ICCV2025W/AICity/html/Traore_SmolRGPT_Efficient_Spatial_Reasoning_for_Warehouse_Environments_with_600M_Parameters_ICCVW_2025_paper.html,https://openaccess.thecvf.com/content/ICCV2025W/AICity/papers/Traore_SmolRGPT_Efficient_Spatial_Reasoning_for_Warehouse_Environments_with_600M_Parameters_ICCVW_2025_paper.pdf,https://arxiv.org/abs/2509.15490
581,Method,DepthTrack: Cluster Meets BEV for Multi-Camera Multi-Target 3D Tracking,"Tai Huu-Phuong Tran, Duong Nguyen-Ngoc Tran, Ngoc Doan-Minh Huynh, Chi Dai Tran, Long Hoang Pham, Quoc Pham-Nam Ho, Huy-Hung Nguyen, Duong Khac Vu, Hyung-Min Jeon, Hyung-Joon Jeon, Son Hong Phan, Trinh Le Ba Khanh, Jae Wook Jeon",AICity,https://openaccess.thecvf.com/content/ICCV2025W/AICity/html/Tran_DepthTrack_Cluster_Meets_BEV_for_Multi-Camera_Multi-Target_3D_Tracking_ICCVW_2025_paper.html,https://openaccess.thecvf.com/content/ICCV2025W/AICity/papers/Tran_DepthTrack_Cluster_Meets_BEV_for_Multi-Camera_Multi-Target_3D_Tracking_ICCVW_2025_paper.pdf,
582,Method,Multi-Camera 3D Object Tracking via 3D Point Clouds and Re-Identification,"Jaewon Lee, Heecheol Kim, Doohee Lee, Kanghee Lee",AICity,https://openaccess.thecvf.com/content/ICCV2025W/AICity/html/Lee_Multi-Camera_3D_Object_Tracking_via_3D_Point_Clouds_and_Re-Identification_ICCVW_2025_paper.html,https://openaccess.thecvf.com/content/ICCV2025W/AICity/papers/Lee_Multi-Camera_3D_Object_Tracking_via_3D_Point_Clouds_and_Re-Identification_ICCVW_2025_paper.pdf,
583,Method,TinyGiantVLM: A Lightweight Vision-Language Architecture for Spatial Reasoning under Resource Constraints,"Vinh-Thuan Ly, Hoang M. Truong, Xuan-Huong Nguyen",AICity,https://openaccess.thecvf.com/content/ICCV2025W/AICity/html/Ly_TinyGiantVLM_A_Lightweight_Vision-Language_Architecture_for_Spatial_Reasoning_under_Resource_ICCVW_2025_paper.html,https://openaccess.thecvf.com/content/ICCV2025W/AICity/papers/Ly_TinyGiantVLM_A_Lightweight_Vision-Language_Architecture_for_Spatial_Reasoning_under_Resource_ICCVW_2025_paper.pdf,https://arxiv.org/abs/2508.17595
584,Method,Multi-Agent Cooperation for Traffic Safety Description and Analysis,"Ridham Kachhadiya, Dhanishtha Patil, David C Anastasiu",AICity,https://openaccess.thecvf.com/content/ICCV2025W/AICity/html/Kachhadiya_Multi-Agent_Cooperation_for_Traffic_Safety_Description_and_Analysis_ICCVW_2025_paper.html,https://openaccess.thecvf.com/content/ICCV2025W/AICity/papers/Kachhadiya_Multi-Agent_Cooperation_for_Traffic_Safety_Description_and_Analysis_ICCVW_2025_paper.pdf,
585,Method,Prompt-Guided Spatial Understanding with RGB-D Transformers for Fine-Grained Object Relation Reasoning,"Tanner W. Muturi, Blessing Agyei Kyem, Joshua Kofi Asamoah, Neema Jakisa Owor, Richard Dzinyela, Andrews Danyo, Yaw Adu-Gyamfi, Armstrong Aboah",AICity,https://openaccess.thecvf.com/content/ICCV2025W/AICity/html/Muturi_Prompt-Guided_Spatial_Understanding_with_RGB-D_Transformers_for_Fine-Grained_Object_Relation_ICCVW_2025_paper.html,https://openaccess.thecvf.com/content/ICCV2025W/AICity/papers/Muturi_Prompt-Guided_Spatial_Understanding_with_RGB-D_Transformers_for_Fine-Grained_Object_Relation_ICCVW_2025_paper.pdf,https://arxiv.org/abs/2510.11996
586,Method,"Augmentation, Distillation and Optimization: A Practical Pipeline for Fisheye Object Detection on Edge Devices","Viet Hung Duong, Van Duy Truong, Duy Khanh Dinh, Huan Vu, Thien Van Luong, Tien Cuong Nguyen",AICity,https://openaccess.thecvf.com/content/ICCV2025W/AICity/html/Duong_Augmentation_Distillation_and_Optimization_A_Practical_Pipeline_for_Fisheye_Object_ICCVW_2025_paper.html,https://openaccess.thecvf.com/content/ICCV2025W/AICity/papers/Duong_Augmentation_Distillation_and_Optimization_A_Practical_Pipeline_for_Fisheye_Object_ICCVW_2025_paper.pdf,
587,Method,TrafficVILA: A Multimodal Framework for Traffic Safety Description and Analysis,"Beomseok Park, Wanzhao Yang, Sifan Yuan, Syed Muhammad Anwar, Ivan Marsic",AICity,https://openaccess.thecvf.com/content/ICCV2025W/AICity/html/Park_TrafficVILA_A_Multimodal_Framework_for_Traffic_Safety_Description_and_Analysis_ICCVW_2025_paper.html,https://openaccess.thecvf.com/content/ICCV2025W/AICity/papers/Park_TrafficVILA_A_Multimodal_Framework_for_Traffic_Safety_Description_and_Analysis_ICCVW_2025_paper.pdf,
588,Method,Data Augmentation Is All You Need For Robust Fisheye Object Detection,"Long Hoang Pham, Quoc Pham-Nam Ho, Duong Khac Vu, Huy-Hung Nguyen, Chi Dai Tran, Duong Nguyen-Ngoc Tran, Tai Huu-Phuong Tran, Ngoc Doan-Minh Huynh, Hyung Joon Jeon, Hyung-Min Jeon, Son Hong Phan, Trinh Le Kha Ba, Jae Wook Jeon",AICity,https://openaccess.thecvf.com/content/ICCV2025W/AICity/html/Pham_Data_Augmentation_Is_All_You_Need_For_Robust_Fisheye_Object_ICCVW_2025_paper.html,https://openaccess.thecvf.com/content/ICCV2025W/AICity/papers/Pham_Data_Augmentation_Is_All_You_Need_For_Robust_Fisheye_Object_ICCVW_2025_paper.pdf,
589,Method,Warehouse Spatial Question Answering with LLM Agent: 1st Place Solution of the 9th AI City Challenge Track 3,"Hsiang-Wei Huang, Pyongkun Kim, Jen-Hao Cheng, Kuang-Ming Chen, Cheng-Yen Yang, Bahaa Alattar, Yi-Ru Lin, Sangwon Kim, Kwangju Kim, Chung-I Huang, Jenq-Neng Hwang",AICity,https://openaccess.thecvf.com/content/ICCV2025W/AICity/html/Huang_Warehouse_Spatial_Question_Answering_with_LLM_Agent_1st_Place_Solution_ICCVW_2025_paper.html,https://openaccess.thecvf.com/content/ICCV2025W/AICity/papers/Huang_Warehouse_Spatial_Question_Answering_with_LLM_Agent_1st_Place_Solution_ICCVW_2025_paper.pdf,
590,Method,TrafficInternVL: Spatially-Guided Fine-Tuning with Caption Refinement for Fine-Grained Traffic Safety Captioning and Visual Question Answering,"Sasin Phimsiri, Sarut Sunpawatr, Riu Cherdchusakulchai, Pornprom Kiawjak, Teepakorn Tosawadi, Suchat Tungjitnob, Visarut Trairattanapa, Supawit Vatathanavaro, Wasu Kudisthalert, Chaitat Utintu, Worawit Saetan, Nathamon Kongsawat, Phawat Borisuitsawat, Kasisdis Mahakijdechachai, Nitipan Su-Inn, Ek Thamwiwatthana, Vasin Suttichaya",AICity,https://openaccess.thecvf.com/content/ICCV2025W/AICity/html/Phimsiri_TrafficInternVL_Spatially-Guided_Fine-Tuning_with_Caption_Refinement_for_Fine-Grained_Traffic_Safety_ICCVW_2025_paper.html,https://openaccess.thecvf.com/content/ICCV2025W/AICity/papers/Phimsiri_TrafficInternVL_Spatially-Guided_Fine-Tuning_with_Caption_Refinement_for_Fine-Grained_Traffic_Safety_ICCVW_2025_paper.pdf,
591,Method,Boosting Fisheye Detection with Augmentations and Ensembles,"Chengzhi Qian, Jing Li, Yangyang Huang, Zhixin Lin, Yue Yao, Jianping Wang",AICity,https://openaccess.thecvf.com/content/ICCV2025W/AICity/html/Qian_Boosting_Fisheye_Detection_with_Augmentations_and_Ensembles_ICCVW_2025_paper.html,https://openaccess.thecvf.com/content/ICCV2025W/AICity/papers/Qian_Boosting_Fisheye_Detection_with_Augmentations_and_Ensembles_ICCVW_2025_paper.pdf,
592,Method,Real-Time Object Detection on Edge Devices: A Fisheye Specific DFINE,"Jaewoo Park, Jihae Lee, Yunjeong Yong",AICity,https://openaccess.thecvf.com/content/ICCV2025W/AICity/html/Park_Real-Time_Object_Detection_on_Edge_Devices_A_Fisheye_Specific_DFINE_ICCVW_2025_paper.html,https://openaccess.thecvf.com/content/ICCV2025W/AICity/papers/Park_Real-Time_Object_Detection_on_Edge_Devices_A_Fisheye_Specific_DFINE_ICCVW_2025_paper.pdf,
593,Method,Practical Manipulation Model for Robust Deepfake Detection,"Benedikt Hopf, Radu Timofte",AIM,https://openaccess.thecvf.com/content/ICCV2025W/AIM/html/Hopf_Practical_Manipulation_Model_for_Robust_Deepfake_Detection_ICCVW_2025_paper.html,https://openaccess.thecvf.com/content/ICCV2025W/AIM/papers/Hopf_Practical_Manipulation_Model_for_Robust_Deepfake_Detection_ICCVW_2025_paper.pdf,https://arxiv.org/abs/2506.05119
594,Method,AIM 2025 Challenge on Screen-Content Video Quality Assessment: Methods and Results,"Nickolay Safonov, Mikhail Rakhmanov, Dmitriy Vatolin, Radu Timofte, Chunyu Wu, Kejing Wu, Kishor Patro, Pankaj Rathour, Sumohana Channappayya, Pravin Pardhi, Vipin Kamble, Kishor Bhurchandi, Biao Liu, Jin Hu, Jinyang Xu, Yang Dayu, Chen Yihua",AIM,https://openaccess.thecvf.com/content/ICCV2025W/AIM/html/Safonov_AIM_2025_Challenge_on_Screen-Content_Video_Quality_Assessment_Methods_and_ICCVW_2025_paper.html,https://openaccess.thecvf.com/content/ICCV2025W/AIM/papers/Safonov_AIM_2025_Challenge_on_Screen-Content_Video_Quality_Assessment_Methods_and_ICCVW_2025_paper.pdf,
595,Method,LMLT : Low-to-high Multi-Level Vision Transformer for Lightweight Image Super-Resolution,"Jeongsoo Kim, Jongho Nang, Junsuk Choe",AIM,https://openaccess.thecvf.com/content/ICCV2025W/AIM/html/Kim_LMLT__Low-to-high_Multi-Level_Vision_Transformer_for_Lightweight_Image_Super-Resolution_ICCVW_2025_paper.html,https://openaccess.thecvf.com/content/ICCV2025W/AIM/papers/Kim_LMLT__Low-to-high_Multi-Level_Vision_Transformer_for_Lightweight_Image_Super-Resolution_ICCVW_2025_paper.pdf,
596,Method,RCENet : Recursive Concatenation and Enhancement Network for Real-Time Super-Resolution,"Kihwan Yoon, Ganzorig Gankhuyag, Jinwoo Jeong",AIM,https://openaccess.thecvf.com/content/ICCV2025W/AIM/html/Yoon_RCENet__Recursive_Concatenation_and_Enhancement_Network_for_Real-Time_Super-Resolution_ICCVW_2025_paper.html,https://openaccess.thecvf.com/content/ICCV2025W/AIM/papers/Yoon_RCENet__Recursive_Concatenation_and_Enhancement_Network_for_Real-Time_Super-Resolution_ICCVW_2025_paper.pdf,
597,Method,Optuna vs Code Llama: Are LLMs a New Paradigm for Hyperparameter Tuning?,"Roman Kochnev, Arash Torabi Goodarzi, Zofia Antonina Bentyn, Dmitry Ignatov, Radu Timofte",AIM,https://openaccess.thecvf.com/content/ICCV2025W/AIM/html/Kochnev_Optuna_vs_Code_Llama_Are_LLMs_a_New_Paradigm_for_ICCVW_2025_paper.html,https://openaccess.thecvf.com/content/ICCV2025W/AIM/papers/Kochnev_Optuna_vs_Code_Llama_Are_LLMs_a_New_Paradigm_for_ICCVW_2025_paper.pdf,https://arxiv.org/abs/2504.06006
598,Method,DIFFRACT: Diffusion-based Restoration via Adaptive Control and Thresholding for Diffraction Imaging,"Nikolay Falaleev, Nikolai Orlov",AIM,https://openaccess.thecvf.com/content/ICCV2025W/AIM/html/Falaleev_DIFFRACT_Diffusion-based_Restoration_via_Adaptive_Control_and_Thresholding_for_Diffraction_ICCVW_2025_paper.html,https://openaccess.thecvf.com/content/ICCV2025W/AIM/papers/Falaleev_DIFFRACT_Diffusion-based_Restoration_via_Adaptive_Control_and_Thresholding_for_Diffraction_ICCVW_2025_paper.pdf,https://arxiv.org/abs/2504.16951
599,Method,Efficient Real-World Deblurring using Single Images: AIM 2025 Challenge Report,"Daniel Feijoo, Paula Garrido, Marcos V. Conde, Jaesung Rim, Alvaro Garcia, Sunghyun Cho, Radu Timofte",AIM,https://openaccess.thecvf.com/content/ICCV2025W/AIM/html/Feijoo_Efficient_Real-World_Deblurring_using_Single_Images_AIM_2025_Challenge_Report_ICCVW_2025_paper.html,https://openaccess.thecvf.com/content/ICCV2025W/AIM/papers/Feijoo_Efficient_Real-World_Deblurring_using_Single_Images_AIM_2025_Challenge_Report_ICCVW_2025_paper.pdf,
600,Method,Boosting Inverse Tone Mapping via Diffusion Regularization,"Xin Lu, Yufeng Peng, Chengjie Ge, Zhijing Sun, Ziang Zhou, Zishun Liao, Zihao Li, Dong Li, Qiyu Kang, Xueyang Fu, Zheng-Jun Zha",AIM,https://openaccess.thecvf.com/content/ICCV2025W/AIM/html/Lu_Boosting_Inverse_Tone_Mapping_via_Diffusion_Regularization_ICCVW_2025_paper.html,https://openaccess.thecvf.com/content/ICCV2025W/AIM/papers/Lu_Boosting_Inverse_Tone_Mapping_via_Diffusion_Regularization_ICCVW_2025_paper.pdf,
601,Method,Multi-Scale Tensorial Summation and Dimensional Reduction Guided Neural Network for Edge Detection,"Lei Xu, Mehmet Yamac, Mete Ahishali, Moncef Gabbouj",AIM,https://openaccess.thecvf.com/content/ICCV2025W/AIM/html/Xu_Multi-Scale_Tensorial_Summation_and_Dimensional_Reduction_Guided_Neural_Network_for_ICCVW_2025_paper.html,https://openaccess.thecvf.com/content/ICCV2025W/AIM/papers/Xu_Multi-Scale_Tensorial_Summation_and_Dimensional_Reduction_Guided_Neural_Network_for_ICCVW_2025_paper.pdf,https://arxiv.org/abs/2504.15770
602,Method,Efficient High FPS Non-Uniform Motion Deblurring via Progressive Learning,"Xin Lu, Zhijing Sun, Chengjie Ge, Yufeng Peng, Ziang Zhou, Zihao Li, Zishun Liao, Dong Li, Qiyu Kang, Xueyang Fu, Zheng-Jun Zha",AIM,https://openaccess.thecvf.com/content/ICCV2025W/AIM/html/Lu_Efficient_High_FPS_Non-Uniform_Motion_Deblurring_via_Progressive_Learning_ICCVW_2025_paper.html,https://openaccess.thecvf.com/content/ICCV2025W/AIM/papers/Lu_Efficient_High_FPS_Non-Uniform_Motion_Deblurring_via_Progressive_Learning_ICCVW_2025_paper.pdf,
603,Method,AIM 2025 Rip Current Segmentation (RipSeg) Challenge Report,"Andrei Dumitriu, Florin Miron, Florin Tatui, Radu Ionescu, Radu Timofte, Aakash Ralhan, Florin-Alexandru Vasluianu, Shenyang Qian, Mitchell Harley, Imran Razzak, Yang Song, Pu Luo, Yumei Li, Cong Xu, Jinming Chai, Kexin Zhang, Licheng Jiao, Lingling Li, Siqi Yu, Chao Zhang, Kehuan Song, Fang Liu, Puhua Chen, Xu Liu, Jin Hu, Jinyang Xu, Biao Liu",AIM,https://openaccess.thecvf.com/content/ICCV2025W/AIM/html/Dumitriu_AIM_2025_Rip_Current_Segmentation_RipSeg_Challenge_Report_ICCVW_2025_paper.html,https://openaccess.thecvf.com/content/ICCV2025W/AIM/papers/Dumitriu_AIM_2025_Rip_Current_Segmentation_RipSeg_Challenge_Report_ICCVW_2025_paper.pdf,https://arxiv.org/abs/2508.13401
604,Method,LiteRT-Optimized INT8 LLM for Raspberry Pi4 Deployment,"Kihwan Yoon, Hyeon-Cheol Moon, Aeri Kim, Sungjei Kim, Sang-Seol Lee, Sung-Joon Jang, Ganzorig Gankhuyag, Jinwoo Jeong",AIM,https://openaccess.thecvf.com/content/ICCV2025W/AIM/html/Yoon_LiteRT-Optimized_INT8_LLM_for_Raspberry_Pi4_Deployment_ICCVW_2025_paper.html,https://openaccess.thecvf.com/content/ICCV2025W/AIM/papers/Yoon_LiteRT-Optimized_INT8_LLM_for_Raspberry_Pi4_Deployment_ICCVW_2025_paper.pdf,
605,Method,DMS: Diffusion-Based Multi-Baseline Stereo Generation for Improving Self-Supervised Depth Estimation,"Zihua Liu, Yizhou Li, Songyan Zhang, Masatoshi Okutomi",AIM,https://openaccess.thecvf.com/content/ICCV2025W/AIM/html/Liu_DMS_Diffusion-Based_Multi-Baseline_Stereo_Generation_for_Improving_Self-Supervised_Depth_Estimation_ICCVW_2025_paper.html,https://openaccess.thecvf.com/content/ICCV2025W/AIM/papers/Liu_DMS_Diffusion-Based_Multi-Baseline_Stereo_Generation_for_Improving_Self-Supervised_Depth_Estimation_ICCVW_2025_paper.pdf,
606,Method,AIM 2025 challenge on Inverse Tone Mapping Report: Methods and Results,"Chao Wang, Francesco Banterle, Bin Ren, Radu Timofte, Xin Lu, Yufeng Peng, Chengjie Ge, Zhijing Sun, Ziang Zhou, Zihao Li, Zishun Liao, Qiyu Kang, Xueyang Fu, Zheng-Jun Zha, Zhijing Sun, Xingbo Wang, Kean Liu, Senyan Xu, Yang Qiu, Yifan Ding, Gabriel Eilertsen, Jonas Unger, Zihao Wang, Ke Wu, Jinshan Pan, Zhen Liu, Zhongyang Li, Shuaicheng Liu, S. M. Nadim Uddin Uddin",AIM,https://openaccess.thecvf.com/content/ICCV2025W/AIM/html/Wang_AIM_2025_challenge_on_Inverse_Tone_Mapping_Report_Methods_and_ICCVW_2025_paper.html,https://openaccess.thecvf.com/content/ICCV2025W/AIM/papers/Wang_AIM_2025_challenge_on_Inverse_Tone_Mapping_Report_Methods_and_ICCVW_2025_paper.pdf,https://arxiv.org/abs/2508.13479
607,Method,ReBaIR: Reference-Based Image Restoration,"Michael Bernasconi, Abdelaziz Djelouah, Yang Zhang, Markus Gross, Christopher Schroers",AIM,https://openaccess.thecvf.com/content/ICCV2025W/AIM/html/Bernasconi_ReBaIR_Reference-Based_Image_Restoration_ICCVW_2025_paper.html,https://openaccess.thecvf.com/content/ICCV2025W/AIM/papers/Bernasconi_ReBaIR_Reference-Based_Image_Restoration_ICCVW_2025_paper.pdf,
608,Method,Diffusion-based Compression Quality Tradeoffs without Retraining,"Jonas Brenig, Radu Timofte",AIM,https://openaccess.thecvf.com/content/ICCV2025W/AIM/html/Brenig_Diffusion-based_Compression_Quality_Tradeoffs_without_Retraining_ICCVW_2025_paper.html,https://openaccess.thecvf.com/content/ICCV2025W/AIM/papers/Brenig_Diffusion-based_Compression_Quality_Tradeoffs_without_Retraining_ICCVW_2025_paper.pdf,
609,Method,JFFRA : Joint Flow And Feature Refinement Using Attention For Video Restoration,"Ranjith Merugu, Mohammed Sameer Suhail, Akshay P Sarashetti, Venkata Bharath Reddy Reddem, Pankaj Kumar Bajpai, Amit Satish Unde",AIM,https://openaccess.thecvf.com/content/ICCV2025W/AIM/html/Merugu_JFFRA__Joint_Flow_And_Feature_Refinement_Using_Attention_For_ICCVW_2025_paper.html,https://openaccess.thecvf.com/content/ICCV2025W/AIM/papers/Merugu_JFFRA__Joint_Flow_And_Feature_Refinement_Using_Attention_For_ICCVW_2025_paper.pdf,
610,Method,A comparison of data-driven shape quantification methods for 2D microscopy images,"Anna Foix Romero, Alexander Krull, Virginie Uhlmann",BIC,https://openaccess.thecvf.com/content/ICCV2025W/BIC/html/Romero_A_comparison_of_data-driven_shape_quantification_methods_for_2D_microscopy_ICCVW_2025_paper.html,https://openaccess.thecvf.com/content/ICCV2025W/BIC/papers/Romero_A_comparison_of_data-driven_shape_quantification_methods_for_2D_microscopy_ICCVW_2025_paper.pdf,
611,Method,SelfAdapt: Unsupervised Domain Adaptation of Cell Segmentation Models,"Fabian Hubert Reith, Jannik Franzen, Josef Lorenz Rumberger, Dagmar Kainmueller",BIC,https://openaccess.thecvf.com/content/ICCV2025W/BIC/html/Reith_SelfAdapt_Unsupervised_Domain_Adaptation_of_Cell_Segmentation_Models_ICCVW_2025_paper.html,https://openaccess.thecvf.com/content/ICCV2025W/BIC/papers/Reith_SelfAdapt_Unsupervised_Domain_Adaptation_of_Cell_Segmentation_Models_ICCVW_2025_paper.pdf,https://arxiv.org/abs/2508.11411
612,Method,Preserving instance continuity and length in segmentation through connectivity-aware loss computation,"Karol Szustakowski, Luk Frank, Julia Esser, Jan Gründemann, Marie Piraud",BIC,https://openaccess.thecvf.com/content/ICCV2025W/BIC/html/Szustakowski_Preserving_instance_continuity_and_length_in_segmentation_through_connectivity-aware_loss_ICCVW_2025_paper.html,https://openaccess.thecvf.com/content/ICCV2025W/BIC/papers/Szustakowski_Preserving_instance_continuity_and_length_in_segmentation_through_connectivity-aware_loss_ICCVW_2025_paper.pdf,https://arxiv.org/abs/2509.03154
613,Method,SynapFlow: A Modular Framework Towards Large-Scale Analysis of Dendritic Spines,"Pamela Osuna-Vargas, Altug Kamacioglu, Dominik F. Aschauer, Petros E. Vlachos, Sercan Alipek, Jochen Triesch, Simon Rumpel, Matthias Kaschube",BIC,https://openaccess.thecvf.com/content/ICCV2025W/BIC/html/Osuna-Vargas_SynapFlow_A_Modular_Framework_Towards_Large-Scale_Analysis_of_Dendritic_Spines_ICCVW_2025_paper.html,https://openaccess.thecvf.com/content/ICCV2025W/BIC/papers/Osuna-Vargas_SynapFlow_A_Modular_Framework_Towards_Large-Scale_Analysis_of_Dendritic_Spines_ICCVW_2025_paper.pdf,
614,Method,From Natural to Nanoscale: Training ControlNet on Scarce FIB-SEM Data for Augmenting Semantic Segmentation Data,"Hannah Kniesel, Pascal Rapp, Pedro Hermosilla, Timo Ropinski",BIC,https://openaccess.thecvf.com/content/ICCV2025W/BIC/html/Kniesel_From_Natural_to_Nanoscale_Training_ControlNet_on_Scarce_FIB-SEM_Data_ICCVW_2025_paper.html,https://openaccess.thecvf.com/content/ICCV2025W/BIC/papers/Kniesel_From_Natural_to_Nanoscale_Training_ControlNet_on_Scarce_FIB-SEM_Data_ICCVW_2025_paper.pdf,
615,Method,cubic: CUDA-accelerated 3D BioImage Computing,"Alexandr A. Kalinin, Anne E. Carpenter, Shantanu Singh, Matthew J. O'Meara",BIC,https://openaccess.thecvf.com/content/ICCV2025W/BIC/html/Kalinin_cubic_CUDA-accelerated_3D_BioImage_Computing_ICCVW_2025_paper.html,https://openaccess.thecvf.com/content/ICCV2025W/BIC/papers/Kalinin_cubic_CUDA-accelerated_3D_BioImage_Computing_ICCVW_2025_paper.pdf,https://arxiv.org/abs/2510.14143
616,Method,Topology-Preserving Image Segmentation with Spatial-Aware Persistent Feature Matching,"Bo Wen, Haochen Zhang, Dirk-Uwe G Bartsch, William Freeman, Truong Nguyen, Cheolhong An",BIC,https://openaccess.thecvf.com/content/ICCV2025W/BIC/html/Wen_Topology-Preserving_Image_Segmentation_with_Spatial-Aware_Persistent_Feature_Matching_ICCVW_2025_paper.html,https://openaccess.thecvf.com/content/ICCV2025W/BIC/papers/Wen_Topology-Preserving_Image_Segmentation_with_Spatial-Aware_Persistent_Feature_Matching_ICCVW_2025_paper.pdf,https://arxiv.org/abs/2412.02076
617,Method,An Investigation of Unsupervised Cell Tracking and Interactive Fine-Tuning,"Manan Lalit, Jan Funke",BIC,https://openaccess.thecvf.com/content/ICCV2025W/BIC/html/Lalit_An_Investigation_of_Unsupervised_Cell_Tracking_and_Interactive_Fine-Tuning_ICCVW_2025_paper.html,https://openaccess.thecvf.com/content/ICCV2025W/BIC/papers/Lalit_An_Investigation_of_Unsupervised_Cell_Tracking_and_Interactive_Fine-Tuning_ICCVW_2025_paper.pdf,
618,Method,Probabilistic Domain Adaptation for Biomedical Image Segmentation,"Anwai Archit, Constantin Pape",BIC,https://openaccess.thecvf.com/content/ICCV2025W/BIC/html/Archit_Probabilistic_Domain_Adaptation_for_Biomedical_Image_Segmentation_ICCVW_2025_paper.html,https://openaccess.thecvf.com/content/ICCV2025W/BIC/papers/Archit_Probabilistic_Domain_Adaptation_for_Biomedical_Image_Segmentation_ICCVW_2025_paper.pdf,https://arxiv.org/abs/2303.11790
619,Method,STORM: Token-Efficient Long Video Understanding for Multimodal LLMs,"Jindong Jiang, Xiuyu Li, Zhijian Liu, Muyang Li, Guo Chen, Zhiqi Li, De-An Huang, Guilin Liu, Zhiding Yu, Kurt Keutzer, Sungjin Ahn, Jan Kautz, Hongxu Yin, Yao Lu, Song Han, Wonmin Byeon",CLVL,https://openaccess.thecvf.com/content/ICCV2025W/CLVL/html/Jiang_STORM_Token-Efficient_Long_Video_Understanding_for_Multimodal_LLMs_ICCVW_2025_paper.html,https://openaccess.thecvf.com/content/ICCV2025W/CLVL/papers/Jiang_STORM_Token-Efficient_Long_Video_Understanding_for_Multimodal_LLMs_ICCVW_2025_paper.pdf,https://arxiv.org/abs/2503.04130
620,Method,PLOT-TAL: Prompt-Learning with Optimal Transport for Few-Shot Temporal Action Localization,"Edward Fish, Andrew Gilbert",CLVL,https://openaccess.thecvf.com/content/ICCV2025W/CLVL/html/Fish_PLOT-TAL_Prompt-Learning_with_Optimal_Transport_for_Few-Shot_Temporal_Action_Localization_ICCVW_2025_paper.html,https://openaccess.thecvf.com/content/ICCV2025W/CLVL/papers/Fish_PLOT-TAL_Prompt-Learning_with_Optimal_Transport_for_Few-Shot_Temporal_Action_Localization_ICCVW_2025_paper.pdf,https://arxiv.org/abs/2403.18915
621,Method,AutoConcept: Unsupervised Extraction of Constituent Concepts from Single Image,"Pranav Singh Chib, Kirtankumar Vijaykumar Patel, Mudit Gupta, Pise Ashutosh Kalidas, Pravendra Singh",CLVL,https://openaccess.thecvf.com/content/ICCV2025W/CLVL/html/Chib_AutoConcept_Unsupervised_Extraction_of_Constituent_Concepts_from_Single_Image_ICCVW_2025_paper.html,https://openaccess.thecvf.com/content/ICCV2025W/CLVL/papers/Chib_AutoConcept_Unsupervised_Extraction_of_Constituent_Concepts_from_Single_Image_ICCVW_2025_paper.pdf,
622,Method,Noise is an Efficient Learner for Zero-Shot Vision-Language Models,"Raza Imam, Asif Hanif, Jian Zhang, Khaled Waleed Dawoud, Yova Kementchedjhieva, Mohammad Yaqub",CLVL,https://openaccess.thecvf.com/content/ICCV2025W/CLVL/html/Imam_Noise_is_an_Efficient_Learner_for_Zero-Shot_Vision-Language_Models_ICCVW_2025_paper.html,https://openaccess.thecvf.com/content/ICCV2025W/CLVL/papers/Imam_Noise_is_an_Efficient_Learner_for_Zero-Shot_Vision-Language_Models_ICCVW_2025_paper.pdf,https://arxiv.org/abs/2502.06019
623,Method,Demographic Differentials in Face Image Quality: Evaluation and Comparison on Real and Synthetic Data,"André Dörsch, Johannes Merkle, Benjamin Tams, Gerardo Gutierrez Alvarez, Peter Munch, Christoph Busch, Christian Rathgeb",CV4BIOM,https://openaccess.thecvf.com/content/ICCV2025W/CV4BIOM/html/Dorsch_Demographic_Differentials_in_Face_Image_Quality_Evaluation_and_Comparison_on_ICCVW_2025_paper.html,https://openaccess.thecvf.com/content/ICCV2025W/CV4BIOM/papers/Dorsch_Demographic_Differentials_in_Face_Image_Quality_Evaluation_and_Comparison_on_ICCVW_2025_paper.pdf,
624,Method,Are you In or Out (of gallery)? Wisdom from the Same-Identity Crowd,"Aman Bhatta, Maria Dhakal, Michael C. King, Kevin W. Bowyer",CV4BIOM,https://openaccess.thecvf.com/content/ICCV2025W/CV4BIOM/html/Bhatta_Are_you_In_or_Out_of_gallery_Wisdom_from_the_ICCVW_2025_paper.html,https://openaccess.thecvf.com/content/ICCV2025W/CV4BIOM/papers/Bhatta_Are_you_In_or_Out_of_gallery_Wisdom_from_the_ICCVW_2025_paper.pdf,https://arxiv.org/abs/2508.06357
625,Method,ViT-FIQA: Assessing Face Image Quality using Vision Transformers,"Andrea Atzori, Fadi Boutros, Naser Damer",CV4BIOM,https://openaccess.thecvf.com/content/ICCV2025W/CV4BIOM/html/Atzori_ViT-FIQA_Assessing_Face_Image_Quality_using_Vision_Transformers_ICCVW_2025_paper.html,https://openaccess.thecvf.com/content/ICCV2025W/CV4BIOM/papers/Atzori_ViT-FIQA_Assessing_Face_Image_Quality_using_Vision_Transformers_ICCVW_2025_paper.pdf,https://arxiv.org/abs/2508.13957
626,Method,Intrinsically-Interpretable Siamese Networks for Identity Recognition,"Marco A. Rocha, Jaime S. Cardoso, Helena Montenegro",CV4BIOM,https://openaccess.thecvf.com/content/ICCV2025W/CV4BIOM/html/Rocha_Intrinsically-Interpretable_Siamese_Networks_for_Identity_Recognition_ICCVW_2025_paper.html,https://openaccess.thecvf.com/content/ICCV2025W/CV4BIOM/papers/Rocha_Intrinsically-Interpretable_Siamese_Networks_for_Identity_Recognition_ICCVW_2025_paper.pdf,
627,Method,TAIGen: Training-Free Adversarial Image Generation via Diffusion Models,"Susim Roy, Anubhooti Jain, Mayank Vatsa, Richa Singh",CV4BIOM,https://openaccess.thecvf.com/content/ICCV2025W/CV4BIOM/html/Roy_TAIGen_Training-Free_Adversarial_Image_Generation_via_Diffusion_Models_ICCVW_2025_paper.html,https://openaccess.thecvf.com/content/ICCV2025W/CV4BIOM/papers/Roy_TAIGen_Training-Free_Adversarial_Image_Generation_via_Diffusion_Models_ICCVW_2025_paper.pdf,https://arxiv.org/abs/2508.15020
628,Method,"Now You See Me, Now You Don't: A Unified Framework for Expression Consistent Anonymization in Talking Head Videos","Anil Egin, Andrea Tangherloni, Antitza Dantcheva",CV4BIOM,https://openaccess.thecvf.com/content/ICCV2025W/CV4BIOM/html/Egin_Now_You_See_Me_Now_You_Dont_A_Unified_Framework_ICCVW_2025_paper.html,https://openaccess.thecvf.com/content/ICCV2025W/CV4BIOM/papers/Egin_Now_You_See_Me_Now_You_Dont_A_Unified_Framework_ICCVW_2025_paper.pdf,
629,Method,NegFaceDiff: The Power of Negative Context in Identity-Conditioned Diffusion for Synthetic Face Generation,"Eduarda Caldeira, Naser Damer, Fadi Boutros",CV4BIOM,https://openaccess.thecvf.com/content/ICCV2025W/CV4BIOM/html/Caldeira_NegFaceDiff_The_Power_of_Negative_Context_in_Identity-Conditioned_Diffusion_for_ICCVW_2025_paper.html,https://openaccess.thecvf.com/content/ICCV2025W/CV4BIOM/papers/Caldeira_NegFaceDiff_The_Power_of_Negative_Context_in_Identity-Conditioned_Diffusion_for_ICCVW_2025_paper.pdf,https://arxiv.org/abs/2508.09661
630,Method,On Adversarial Robustness of Face Presentation Attack Detection Algorithms,"Akshay Agarwal, Mayank Vatsa, Richa Singh",CV4BIOM,https://openaccess.thecvf.com/content/ICCV2025W/CV4BIOM/html/Agarwal_On_Adversarial_Robustness_of_Face_Presentation_Attack_Detection_Algorithms_ICCVW_2025_paper.html,https://openaccess.thecvf.com/content/ICCV2025W/CV4BIOM/papers/Agarwal_On_Adversarial_Robustness_of_Face_Presentation_Attack_Detection_Algorithms_ICCVW_2025_paper.pdf,
631,Method,MGT: Extending Virtual Try-Off to Multi-Garment Scenarios,"Riza Velioglu, Petra Bevandic, Robin Chan, Barbara Hammer",CVAM,https://openaccess.thecvf.com/content/ICCV2025W/CVAM/html/Velioglu_MGT_Extending_Virtual_Try-Off_to_Multi-Garment_Scenarios_ICCVW_2025_paper.html,https://openaccess.thecvf.com/content/ICCV2025W/CVAM/papers/Velioglu_MGT_Extending_Virtual_Try-Off_to_Multi-Garment_Scenarios_ICCVW_2025_paper.pdf,https://arxiv.org/abs/2504.13078
632,Method,A Multi-Stage Pipeline for Accurate Handwritten Information Extraction from Financial Forms,"Guanghui Wang, Jinze Yu, Xing Zhang, Tomal Deb, Xuefeng Liu, Peiyang He",CVAM,https://openaccess.thecvf.com/content/ICCV2025W/CVAM/html/Wang_A_Multi-Stage_Pipeline_for_Accurate_Handwritten_Information_Extraction_from_Financial_ICCVW_2025_paper.html,https://openaccess.thecvf.com/content/ICCV2025W/CVAM/papers/Wang_A_Multi-Stage_Pipeline_for_Accurate_Handwritten_Information_Extraction_from_Financial_ICCVW_2025_paper.pdf,
633,Method,Toward Scalable Video Narration: A Training-free Approach Using Multimodal Large Language Models,"Tz-Ying Wu, Tahani Trigui, Sharath Nittur Sridhar, Anand Bodas, Subarna Tripathi",CVAM,https://openaccess.thecvf.com/content/ICCV2025W/CVAM/html/Wu_Toward_Scalable_Video_Narration_A_Training-free_Approach_Using_Multimodal_Large_ICCVW_2025_paper.html,https://openaccess.thecvf.com/content/ICCV2025W/CVAM/papers/Wu_Toward_Scalable_Video_Narration_A_Training-free_Approach_Using_Multimodal_Large_ICCVW_2025_paper.pdf,https://arxiv.org/abs/2507.17050
634,Method,A Survey of Human Synergy in Influencer Marketing Through Authenticity-Preserving Content Generation Approaches,"Nafi Diallo, Pegah Ojaghi",CVAM,https://openaccess.thecvf.com/content/ICCV2025W/CVAM/html/Diallo_A_Survey_of_Human_Synergy_in_Influencer_Marketing_Through_Authenticity-Preserving_ICCVW_2025_paper.html,https://openaccess.thecvf.com/content/ICCV2025W/CVAM/papers/Diallo_A_Survey_of_Human_Synergy_in_Influencer_Marketing_Through_Authenticity-Preserving_ICCVW_2025_paper.pdf,
635,Method,From Pixels to Context: Adapting Generative Models for Advertising at Scale,"Hyunhee Chung, Taeyoung Na",CVAM,https://openaccess.thecvf.com/content/ICCV2025W/CVAM/html/Chung_From_Pixels_to_Context_Adapting_Generative_Models_for_Advertising_at_ICCVW_2025_paper.html,https://openaccess.thecvf.com/content/ICCV2025W/CVAM/papers/Chung_From_Pixels_to_Context_Adapting_Generative_Models_for_Advertising_at_ICCVW_2025_paper.pdf,
636,Method,Align Before You Recommend: Parameter Efficient Personalization via Cross-Attentive Fusion of Hierarchical Language Models,"Alicja Kwasniewska, Marcin Bednarz, Chad Neal",CVAM,https://openaccess.thecvf.com/content/ICCV2025W/CVAM/html/Kwasniewska_Align_Before_You_Recommend_Parameter_Efficient_Personalization_via_Cross-Attentive_Fusion_ICCVW_2025_paper.html,https://openaccess.thecvf.com/content/ICCV2025W/CVAM/papers/Kwasniewska_Align_Before_You_Recommend_Parameter_Efficient_Personalization_via_Cross-Attentive_Fusion_ICCVW_2025_paper.pdf,
637,Method,Cross-lingual Visual Text Stylization and Synthesis Incorporating Text Rendering and Diffusion Model,"Minmin Shen, Caren Chen",CVAM,https://openaccess.thecvf.com/content/ICCV2025W/CVAM/html/Shen_Cross-lingual_Visual_Text_Stylization_and_Synthesis_Incorporating_Text_Rendering_and_ICCVW_2025_paper.html,https://openaccess.thecvf.com/content/ICCV2025W/CVAM/papers/Shen_Cross-lingual_Visual_Text_Stylization_and_Synthesis_Incorporating_Text_Rendering_and_ICCVW_2025_paper.pdf,
638,Method,Training-Free Diffusion Framework for Stylized Image Generation with Identity Preservation,"Mohammad Ali Rezaei, Helia Hajikazem, Saeed Khanehgir, Mahdi Javanmardi",CVAM,https://openaccess.thecvf.com/content/ICCV2025W/CVAM/html/Rezaei_Training-Free_Diffusion_Framework_for_Stylized_Image_Generation_with_Identity_Preservation_ICCVW_2025_paper.html,https://openaccess.thecvf.com/content/ICCV2025W/CVAM/papers/Rezaei_Training-Free_Diffusion_Framework_for_Stylized_Image_Generation_with_Identity_Preservation_ICCVW_2025_paper.pdf,https://arxiv.org/abs/2506.06802
639,Method,Reasoning-Enhanced Prompt Strategies for Multi-Label Classification,"Jinze Yu, Guanghui Wang",CVAM,https://openaccess.thecvf.com/content/ICCV2025W/CVAM/html/Yu_Reasoning-Enhanced_Prompt_Strategies_for_Multi-Label_Classification_ICCVW_2025_paper.html,https://openaccess.thecvf.com/content/ICCV2025W/CVAM/papers/Yu_Reasoning-Enhanced_Prompt_Strategies_for_Multi-Label_Classification_ICCVW_2025_paper.pdf,
640,Method,Privacy-Preserving Audience Analytics: Lightweight Thermal Face Recognition for Real-Time Marketing Intelligence at the Edge,"Maciej Szankin, Jacek Ruminski",CVAM,https://openaccess.thecvf.com/content/ICCV2025W/CVAM/html/Szankin_Privacy-Preserving_Audience_Analytics_Lightweight_Thermal_Face_Recognition_for_Real-Time_Marketing_ICCVW_2025_paper.html,https://openaccess.thecvf.com/content/ICCV2025W/CVAM/papers/Szankin_Privacy-Preserving_Audience_Analytics_Lightweight_Thermal_Face_Recognition_for_Real-Time_Marketing_ICCVW_2025_paper.pdf,
641,Method,CLASP: Adaptive Spectral Clustering for Unsupervised Per-Image Segmentation,"Max Curie, Paulo da Costa",CVAM,https://openaccess.thecvf.com/content/ICCV2025W/CVAM/html/Curie_CLASP_Adaptive_Spectral_Clustering_for_Unsupervised_Per-Image_Segmentation_ICCVW_2025_paper.html,https://openaccess.thecvf.com/content/ICCV2025W/CVAM/papers/Curie_CLASP_Adaptive_Spectral_Clustering_for_Unsupervised_Per-Image_Segmentation_ICCVW_2025_paper.pdf,https://arxiv.org/abs/2509.25016
642,Method,ByDeWay: Boost Your multimodal LLM with DEpth prompting in a Training-Free Way,"Rajarshi Roy, Devleena Das, Ankesh Banerjee, Arjya Bhattacharjee, Kousik Dasgupta, Subarna Tripathi",CVAM,https://openaccess.thecvf.com/content/ICCV2025W/CVAM/html/Roy_ByDeWay_Boost_Your_multimodal_LLM_with_DEpth_prompting_in_a_ICCVW_2025_paper.html,https://openaccess.thecvf.com/content/ICCV2025W/CVAM/papers/Roy_ByDeWay_Boost_Your_multimodal_LLM_with_DEpth_prompting_in_a_ICCVW_2025_paper.pdf,https://arxiv.org/abs/2507.08679
643,Method,AdCorDA: Classifier Refinement via Adversarial Correction and Domain Adaptation,"Lulan Shen, Ali Edalati, Xiangyu Li, Brett H. Meyer, Warren Gross, James J. Clark",Findings,https://openaccess.thecvf.com/content/ICCV2025W/Findings/html/Shen_AdCorDA_Classifier_Refinement_via_Adversarial_Correction_and_Domain_Adaptation_ICCVW_2025_paper.html,https://openaccess.thecvf.com/content/ICCV2025W/Findings/papers/Shen_AdCorDA_Classifier_Refinement_via_Adversarial_Correction_and_Domain_Adaptation_ICCVW_2025_paper.pdf,
644,Method,NAS just once: Neural Architecture Search for joint Image-Video Recognition,"Sofia Casarin, Sergio Escalera, Oswald Lanz",Findings,https://openaccess.thecvf.com/content/ICCV2025W/Findings/html/Casarin_NAS_just_once_Neural_Architecture_Search_for_joint_Image-Video_Recognition_ICCVW_2025_paper.html,https://openaccess.thecvf.com/content/ICCV2025W/Findings/papers/Casarin_NAS_just_once_Neural_Architecture_Search_for_joint_Image-Video_Recognition_ICCVW_2025_paper.pdf,
645,Method,Zero-Shot Subject-Centric Generation for Creative Application Using Entropy Fusion,"Kaifeng Zou, Xiaoyi Feng, Tao Huang, Zizhou Huang, Haihang Zhang, Yuntao Zou, Dagang Li",Findings,https://openaccess.thecvf.com/content/ICCV2025W/Findings/html/Zou_Zero-Shot_Subject-Centric_Generation_for_Creative_Application_Using_Entropy_Fusion_ICCVW_2025_paper.html,https://openaccess.thecvf.com/content/ICCV2025W/Findings/papers/Zou_Zero-Shot_Subject-Centric_Generation_for_Creative_Application_Using_Entropy_Fusion_ICCVW_2025_paper.pdf,https://arxiv.org/abs/2503.10697
646,Method,DEARLi: Decoupled Enhancement of Recognition and Localization for Semi-supervised Panoptic Segmentation,"Ivan Martinović, Josip Šarić, Marin Oršić, Matej Kristan, Siniša Šegvić",Findings,https://openaccess.thecvf.com/content/ICCV2025W/Findings/html/Martinovic_DEARLi_Decoupled_Enhancement_of_Recognition_and_Localization_for_Semi-supervised_Panoptic_ICCVW_2025_paper.html,https://openaccess.thecvf.com/content/ICCV2025W/Findings/papers/Martinovic_DEARLi_Decoupled_Enhancement_of_Recognition_and_Localization_for_Semi-supervised_Panoptic_ICCVW_2025_paper.pdf,
647,Method,ORXE: Orchestrating Experts for Dynamically Configurable Efficiency,"Qingyuan Wang, Guoxin Wang, Barry Cardiff, Deepu John",Findings,https://openaccess.thecvf.com/content/ICCV2025W/Findings/html/Wang_ORXE_Orchestrating_Experts_for_Dynamically_Configurable_Efficiency_ICCVW_2025_paper.html,https://openaccess.thecvf.com/content/ICCV2025W/Findings/papers/Wang_ORXE_Orchestrating_Experts_for_Dynamically_Configurable_Efficiency_ICCVW_2025_paper.pdf,https://arxiv.org/abs/2505.04850
648,Method,GeoDiff: Geometry-Guided Diffusion for Metric Depth Estimation,"Tuan Pham, Thanh Tung Le, Xiaohui Xie, Stephan Mandt",Findings,https://openaccess.thecvf.com/content/ICCV2025W/Findings/html/Pham_GeoDiff_Geometry-Guided_Diffusion_for_Metric_Depth_Estimation_ICCVW_2025_paper.html,https://openaccess.thecvf.com/content/ICCV2025W/Findings/papers/Pham_GeoDiff_Geometry-Guided_Diffusion_for_Metric_Depth_Estimation_ICCVW_2025_paper.pdf,https://arxiv.org/abs/2510.18291
649,Method,BLIP-3: A Family of Open Large Multimodal Models,"Le Xue, Manli Shu, Anas Awadalla, Jun Wang, An Yan, Senthil Purushwalkam, Honglu Zhou, Viraj Prabhu, Yutong Dai, Michael S Ryoo, Shrikant Kendre, Jieyu Zhang, Shaoyen Tseng, Gustavo Adolfo Lujan-Moreno, Matthew Lyle Olson, Musashi Hinck, David Cobbley, Vasudev Lal, Can Qin, Shu Zhang, Chia-Chih Chen, Ning Yu, Juntao Tan, Tulika Manoj Awalgaonkar, Shelby Heinecke, Huan Wang, Yejin Choi, Ludwig Schmidt, Zeyuan Chen, Silvio Savarese, Juan Carlos Niebles, Caiming Xiong, Ran Xu",Findings,https://openaccess.thecvf.com/content/ICCV2025W/Findings/html/Xue_BLIP-3_A_Family_of_Open_Large_Multimodal_Models_ICCVW_2025_paper.html,https://openaccess.thecvf.com/content/ICCV2025W/Findings/papers/Xue_BLIP-3_A_Family_of_Open_Large_Multimodal_Models_ICCVW_2025_paper.pdf,https://arxiv.org/abs/2408.08872
650,Method,Zero-shot Customized Video Editing with Diffusion Feature Transfer,"Wei Chen, Huidong Liu, Yang Liu, Chien-Chih Wang, Moyan Li, Hongdong Li, Bryan Wang",Findings,https://openaccess.thecvf.com/content/ICCV2025W/Findings/html/Chen_Zero-shot_Customized_Video_Editing_with_Diffusion_Feature_Transfer_ICCVW_2025_paper.html,https://openaccess.thecvf.com/content/ICCV2025W/Findings/papers/Chen_Zero-shot_Customized_Video_Editing_with_Diffusion_Feature_Transfer_ICCVW_2025_paper.pdf,
651,Method,LOCAL: Latent Orthonormal Contrastive Learning for Paired Image Classification,"Fei Dou, Jin Lu, Tan Zhu, Jinbo Bi",Findings,https://openaccess.thecvf.com/content/ICCV2025W/Findings/html/Dou_LOCAL_Latent_Orthonormal_Contrastive_Learning_for_Paired_Image_Classification_ICCVW_2025_paper.html,https://openaccess.thecvf.com/content/ICCV2025W/Findings/papers/Dou_LOCAL_Latent_Orthonormal_Contrastive_Learning_for_Paired_Image_Classification_ICCVW_2025_paper.pdf,
652,Method,Tuning-Free Multi-Event Long Video Generation via Synchronized Coupled Sampling,"Subin Kim, Seoung Wug Oh, Jui-Hsien Wang, Joon-Young Lee, Jinwoo Shin",Findings,https://openaccess.thecvf.com/content/ICCV2025W/Findings/html/Kim_Tuning-Free_Multi-Event_Long_Video_Generation_via_Synchronized_Coupled_Sampling_ICCVW_2025_paper.html,https://openaccess.thecvf.com/content/ICCV2025W/Findings/papers/Kim_Tuning-Free_Multi-Event_Long_Video_Generation_via_Synchronized_Coupled_Sampling_ICCVW_2025_paper.pdf,https://arxiv.org/abs/2503.08605
653,Method,SynBalance: Harnessing Synthetic Data in Long-tailed Recognition,"Zhongyu Jiang, Jiarui Cai, Chang Liu, Dongsheng An, Jonathan Wu",Findings,https://openaccess.thecvf.com/content/ICCV2025W/Findings/html/Jiang_SynBalance_Harnessing_Synthetic_Data_in_Long-tailed_Recognition_ICCVW_2025_paper.html,https://openaccess.thecvf.com/content/ICCV2025W/Findings/papers/Jiang_SynBalance_Harnessing_Synthetic_Data_in_Long-tailed_Recognition_ICCVW_2025_paper.pdf,
654,Method,From Flat to Round: Redefining Brain Decoding with Surface-Based fMRI and Cortex Structure,"Sijin Yu, Zijiao Chen, Wenxuan Wu, Shengxian Chen, Zhongliang Liu, Jingxin Nie, Xiaofen Xing, Xiangmin Xu, Xin Zhang",Findings,https://openaccess.thecvf.com/content/ICCV2025W/Findings/html/Yu_From_Flat_to_Round_Redefining_Brain_Decoding_with_Surface-Based_fMRI_ICCVW_2025_paper.html,https://openaccess.thecvf.com/content/ICCV2025W/Findings/papers/Yu_From_Flat_to_Round_Redefining_Brain_Decoding_with_Surface-Based_fMRI_ICCVW_2025_paper.pdf,https://arxiv.org/abs/2507.16389
655,Method,DNF-Avatar: Distilling Neural Fields for Real-time Animatable Avatar Relighting,"Zeren Jiang, Shaofei Wang, Siyu Tang",Findings,https://openaccess.thecvf.com/content/ICCV2025W/Findings/html/Jiang_DNF-Avatar_Distilling_Neural_Fields_for_Real-time_Animatable_Avatar_Relighting_ICCVW_2025_paper.html,https://openaccess.thecvf.com/content/ICCV2025W/Findings/papers/Jiang_DNF-Avatar_Distilling_Neural_Fields_for_Real-time_Animatable_Avatar_Relighting_ICCVW_2025_paper.pdf,https://arxiv.org/abs/2504.10486
656,Method,Multi-Objective Optimization for Deep Neural Network Calibration,"Dexter Neo, Tsuhan Chen",Findings,https://openaccess.thecvf.com/content/ICCV2025W/Findings/html/Neo_Multi-Objective_Optimization_for_Deep_Neural_Network_Calibration_ICCVW_2025_paper.html,https://openaccess.thecvf.com/content/ICCV2025W/Findings/papers/Neo_Multi-Objective_Optimization_for_Deep_Neural_Network_Calibration_ICCVW_2025_paper.pdf,
657,Method,CAM-Seg: A Continuous-valued Embedding Approach for Semantic Image Generation,"Masud Ahmed, Zahid Hasan, Syed Arefinul Haque, Abu-Zaher Faridee, Sanjay Purushotham, Suya You, Nirmalya Roy",Findings,https://openaccess.thecvf.com/content/ICCV2025W/Findings/html/Ahmed_CAM-Seg_A_Continuous-valued_Embedding_Approach_for_Semantic_Image_Generation_ICCVW_2025_paper.html,https://openaccess.thecvf.com/content/ICCV2025W/Findings/papers/Ahmed_CAM-Seg_A_Continuous-valued_Embedding_Approach_for_Semantic_Image_Generation_ICCVW_2025_paper.pdf,https://arxiv.org/abs/2503.15617
658,Method,SCRAMBLe : Enhancing Multimodal LLM Compositionality with Synthetic Preference Data,"Samarth Mishra, Kate Saenko, Venkatesh Saligrama",Findings,https://openaccess.thecvf.com/content/ICCV2025W/Findings/html/Mishra_SCRAMBLe__Enhancing_Multimodal_LLM_Compositionality_with_Synthetic_Preference_Data_ICCVW_2025_paper.html,https://openaccess.thecvf.com/content/ICCV2025W/Findings/papers/Mishra_SCRAMBLe__Enhancing_Multimodal_LLM_Compositionality_with_Synthetic_Preference_Data_ICCVW_2025_paper.pdf,https://arxiv.org/abs/2504.04740
659,Method,Probing the Representational Power of Sparse Autoencoders in Vision Models,"Matthew Lyle Olson, Musashi Hinck, Neale Ratzlaff, Changbai Li, Phillip Howard, Vasudev Lal, Shao-Yen Tseng",Findings,https://openaccess.thecvf.com/content/ICCV2025W/Findings/html/Olson_Probing_the_Representational_Power_of_Sparse_Autoencoders_in_Vision_Models_ICCVW_2025_paper.html,https://openaccess.thecvf.com/content/ICCV2025W/Findings/papers/Olson_Probing_the_Representational_Power_of_Sparse_Autoencoders_in_Vision_Models_ICCVW_2025_paper.pdf,https://arxiv.org/abs/2508.11277
660,Method,Multimodal Representation Alignment for Image Generation: Text-Image Interleaved Control Is Easier Than You Think,"Liang Chen, Shuai Bai, Wenhao Chai, Weichu Xie, Haozhe Zhao, Leon Vinci, Junyang Lin, Baobao Chang",Findings,https://openaccess.thecvf.com/content/ICCV2025W/Findings/html/Chen_Multimodal_Representation_Alignment_for_Image_Generation_Text-Image_Interleaved_Control_Is_ICCVW_2025_paper.html,https://openaccess.thecvf.com/content/ICCV2025W/Findings/papers/Chen_Multimodal_Representation_Alignment_for_Image_Generation_Text-Image_Interleaved_Control_Is_ICCVW_2025_paper.pdf,https://arxiv.org/abs/2502.20172
661,Method,Debias your Large Multi-Modal Model at Test-Time with Non-Contrastive Visual Attribute Steering,"Neale Ratzlaff, Matthew Lyle Olson, Musashi Hinck, Shao-Yen Tseng, Vasudev Lal, Phillip Howard",Findings,https://openaccess.thecvf.com/content/ICCV2025W/Findings/html/Ratzlaff_Debias_your_Large_Multi-Modal_Model_at_Test-Time_with_Non-Contrastive_Visual_ICCVW_2025_paper.html,https://openaccess.thecvf.com/content/ICCV2025W/Findings/papers/Ratzlaff_Debias_your_Large_Multi-Modal_Model_at_Test-Time_with_Non-Contrastive_Visual_ICCVW_2025_paper.pdf,https://arxiv.org/abs/2411.12590
662,Method,CAFE: Unifying Representation and Generation with Contrastive-Autoregressive Finetuning,"Hao Yu, Zhuokai Zhao, Shen Yan, Lukasz Korycki, Jianyu Wang, Baosheng He, Jiayi Liu, Lizhu Zhang, Xiangjun Fan, Hanchao Yu",Findings,https://openaccess.thecvf.com/content/ICCV2025W/Findings/html/Yu_CAFE_Unifying_Representation_and_Generation_with_Contrastive-Autoregressive_Finetuning_ICCVW_2025_paper.html,https://openaccess.thecvf.com/content/ICCV2025W/Findings/papers/Yu_CAFE_Unifying_Representation_and_Generation_with_Contrastive-Autoregressive_Finetuning_ICCVW_2025_paper.pdf,https://arxiv.org/abs/2503.19900
663,Method,IDMR: Towards Instance-Driven Precise Visual Correspondence in Multimodal Retrieval,"Bangwei Liu, Yicheng Bao, Shaohui Lin, Xuhong Wang, Xin Tan, Yingchun Wang, Yuan Xie, Chaochao Lu",Findings,https://openaccess.thecvf.com/content/ICCV2025W/Findings/html/Liu_IDMR_Towards_Instance-Driven_Precise_Visual_Correspondence_in_Multimodal_Retrieval_ICCVW_2025_paper.html,https://openaccess.thecvf.com/content/ICCV2025W/Findings/papers/Liu_IDMR_Towards_Instance-Driven_Precise_Visual_Correspondence_in_Multimodal_Retrieval_ICCVW_2025_paper.pdf,https://arxiv.org/abs/2504.00954
664,Method,Similarity-Aware Selective State-Space Modeling for Semantic Correspondence,"Seungwook Kim, Minsu Cho",Findings,https://openaccess.thecvf.com/content/ICCV2025W/Findings/html/Kim_Similarity-Aware_Selective_State-Space_Modeling_for_Semantic_Correspondence_ICCVW_2025_paper.html,https://openaccess.thecvf.com/content/ICCV2025W/Findings/papers/Kim_Similarity-Aware_Selective_State-Space_Modeling_for_Semantic_Correspondence_ICCVW_2025_paper.pdf,https://arxiv.org/abs/2509.24318
665,Method,MIDAS: Modeling Ground-Truth Distributions with Dark Knowledge for Domain Generalized Stereo Matching,"Peng Xu, Zhiyu Xiang, Jingyun Fu, Tianyu Pu, Hanzhi Zhong, Eryun Liu",Findings,https://openaccess.thecvf.com/content/ICCV2025W/Findings/html/Xu_MIDAS_Modeling_Ground-Truth_Distributions_with_Dark_Knowledge_for_Domain_Generalized_ICCVW_2025_paper.html,https://openaccess.thecvf.com/content/ICCV2025W/Findings/papers/Xu_MIDAS_Modeling_Ground-Truth_Distributions_with_Dark_Knowledge_for_Domain_Generalized_ICCVW_2025_paper.pdf,https://arxiv.org/abs/2503.04376
666,Method,OpenInsGaussian: Open-vocabulary Instance Gaussian Segmentation with Context-aware Cross-view Fusion,"Tianyu Huang, Runnan Chen, Dongting Hu, Fengming Huang, Mingming Gong, Tongliang Liu",Findings,https://openaccess.thecvf.com/content/ICCV2025W/Findings/html/Huang_OpenInsGaussian_Open-vocabulary_Instance_Gaussian_Segmentation_with_Context-aware_Cross-view_Fusion_ICCVW_2025_paper.html,https://openaccess.thecvf.com/content/ICCV2025W/Findings/papers/Huang_OpenInsGaussian_Open-vocabulary_Instance_Gaussian_Segmentation_with_Context-aware_Cross-view_Fusion_ICCVW_2025_paper.pdf,https://arxiv.org/abs/2510.18253
667,Method,SPIE: Semantic and Structural Post-Training of Image Editing Diffusion Models with AI feedback,"Elior Benarous, Yilun Du, Heng Yang",Findings,https://openaccess.thecvf.com/content/ICCV2025W/Findings/html/Benarous_SPIE_Semantic_and_Structural_Post-Training_of_Image_Editing_Diffusion_Models_ICCVW_2025_paper.html,https://openaccess.thecvf.com/content/ICCV2025W/Findings/papers/Benarous_SPIE_Semantic_and_Structural_Post-Training_of_Image_Editing_Diffusion_Models_ICCVW_2025_paper.pdf,https://arxiv.org/abs/2504.12833
668,Method,Improving Viewpoint Consistency in 3D Generation via Structure Feature and CLIP Guidance,"Qing Zhang, Jinguang Tong, Jing Zhang, Jie Hong, Xuesong Li",gDT-IV,https://openaccess.thecvf.com/content/ICCV2025W/gDT-IV/html/Zhang_Improving_Viewpoint_Consistency_in_3D_Generation_via_Structure_Feature_and_ICCVW_2025_paper.html,https://openaccess.thecvf.com/content/ICCV2025W/gDT-IV/papers/Zhang_Improving_Viewpoint_Consistency_in_3D_Generation_via_Structure_Feature_and_ICCVW_2025_paper.pdf,https://arxiv.org/abs/2412.02287
669,Method,Articulated Object Understanding from a Single Video Sequence,"Arslan Artykov, Clémentin Boittiaux, Vincent Lepetit",gDT-IV,https://openaccess.thecvf.com/content/ICCV2025W/gDT-IV/html/Artykov_Articulated_Object_Understanding_from_a_Single_Video_Sequence_ICCVW_2025_paper.html,https://openaccess.thecvf.com/content/ICCV2025W/gDT-IV/papers/Artykov_Articulated_Object_Understanding_from_a_Single_Video_Sequence_ICCVW_2025_paper.pdf,
670,Method,3D Gaussian Representations with Motion Trajectory Field for Monocular Dynamic Scene Reconstruction,"Xuesong Li, Lars Petersson, Vivien Rolland",gDT-IV,https://openaccess.thecvf.com/content/ICCV2025W/gDT-IV/html/Li_3D_Gaussian_Representations_with_Motion_Trajectory_Field_for_Monocular_Dynamic_ICCVW_2025_paper.html,https://openaccess.thecvf.com/content/ICCV2025W/gDT-IV/papers/Li_3D_Gaussian_Representations_with_Motion_Trajectory_Field_for_Monocular_Dynamic_ICCVW_2025_paper.pdf,
671,Method,Temporal Multimodal Memory Banks for Agentic Reasoning,Prasanth Yadla,MMRAgI,https://openaccess.thecvf.com/content/ICCV2025W/MMRAgI/html/Yadla_Temporal_Multimodal_Memory_Banks_for_Agentic_Reasoning_ICCVW_2025_paper.html,https://openaccess.thecvf.com/content/ICCV2025W/MMRAgI/papers/Yadla_Temporal_Multimodal_Memory_Banks_for_Agentic_Reasoning_ICCVW_2025_paper.pdf,
672,Method,Collaborative Multimodal Agent Networks: Dynamic Specialization and Emergent Communication for Complex Scene Understanding,Prasanth Yadla,MMRAgI,https://openaccess.thecvf.com/content/ICCV2025W/MMRAgI/html/Yadla_Collaborative_Multimodal_Agent_Networks_Dynamic_Specialization_and_Emergent_Communication_for_ICCVW_2025_paper.html,https://openaccess.thecvf.com/content/ICCV2025W/MMRAgI/papers/Yadla_Collaborative_Multimodal_Agent_Networks_Dynamic_Specialization_and_Emergent_Communication_for_ICCVW_2025_paper.pdf,
673,Method,Multimodal Monocular Geometric Clues-Informed Multi-View Stereo Network,"Wanjuan Su, Shili Xiong",MARS2,https://openaccess.thecvf.com/content/ICCV2025W/MARS2/html/Su_Multimodal_Monocular_Geometric_Clues-Informed_Multi-View_Stereo_Network_ICCVW_2025_paper.html,https://openaccess.thecvf.com/content/ICCV2025W/MARS2/papers/Su_Multimodal_Monocular_Geometric_Clues-Informed_Multi-View_Stereo_Network_ICCVW_2025_paper.pdf,
674,Method,Multimodal Dual-domain Learning for Image Fusion,"Heng Wang, Mingxin Jin, Cong Wang, Yuan Yuan",MARS2,https://openaccess.thecvf.com/content/ICCV2025W/MARS2/html/Wang_Multimodal_Dual-domain_Learning_for_Image_Fusion_ICCVW_2025_paper.html,https://openaccess.thecvf.com/content/ICCV2025W/MARS2/papers/Wang_Multimodal_Dual-domain_Learning_for_Image_Fusion_ICCVW_2025_paper.pdf,
675,Method,Test-time Prompt Refinement for Text-to-Image Models,"Mohammed Abdul Hafeez Khan, Yash Jain, Siddhartha Bhattacharyya, Vibhav Vineet",MARS2,https://openaccess.thecvf.com/content/ICCV2025W/MARS2/html/Khan_Test-time_Prompt_Refinement_for_Text-to-Image_Models_ICCVW_2025_paper.html,https://openaccess.thecvf.com/content/ICCV2025W/MARS2/papers/Khan_Test-time_Prompt_Refinement_for_Text-to-Image_Models_ICCVW_2025_paper.pdf,https://arxiv.org/abs/2507.22076
676,Method,A Multimodal Physics-Informed Neural Network Approach for Mean Radiant Temperature Modeling,"Pouya Shaeri, Saud Alkhaled, Ariane Middel",RIWM,https://openaccess.thecvf.com/content/ICCV2025W/RIWM/html/Shaeri_A_Multimodal_Physics-Informed_Neural_Network_Approach_for_Mean_Radiant_Temperature_ICCVW_2025_paper.html,https://openaccess.thecvf.com/content/ICCV2025W/RIWM/papers/Shaeri_A_Multimodal_Physics-Informed_Neural_Network_Approach_for_Mean_Radiant_Temperature_ICCVW_2025_paper.pdf,https://arxiv.org/abs/2503.08482
677,Method,Attend and Replay: Efficient Action Understanding in Long Videos via Mechanistic Interpretability,"Puyue Hou, Jinjin Zhang, Di Huang",AMFG,https://openaccess.thecvf.com/content/ICCV2025W/AMFG/html/Hou_Attend_and_Replay_Efficient_Action_Understanding_in_Long_Videos_via_ICCVW_2025_paper.html,https://openaccess.thecvf.com/content/ICCV2025W/AMFG/papers/Hou_Attend_and_Replay_Efficient_Action_Understanding_in_Long_Videos_via_ICCVW_2025_paper.pdf,
678,Method,Foundational Multi-Task Multimodal Model for Upper GI Endoscopy,"Yuxuan He, Qilei Chen, Benyuan Liu, Yu Cao",AMFG,https://openaccess.thecvf.com/content/ICCV2025W/AMFG/html/He_Foundational_Multi-Task_Multimodal_Model_for_Upper_GI_Endoscopy_ICCVW_2025_paper.html,https://openaccess.thecvf.com/content/ICCV2025W/AMFG/papers/He_Foundational_Multi-Task_Multimodal_Model_for_Upper_GI_Endoscopy_ICCVW_2025_paper.pdf,
679,Method,High-Fidelity Character Animation: Generating Coherent and Controllable Motion Videos from Static Images,"Yongming Huang, Zhuojun Xia, Can Bu",AMFG,https://openaccess.thecvf.com/content/ICCV2025W/AMFG/html/Huang_High-Fidelity_Character_Animation_Generating_Coherent_and_Controllable_Motion_Videos_from_ICCVW_2025_paper.html,https://openaccess.thecvf.com/content/ICCV2025W/AMFG/papers/Huang_High-Fidelity_Character_Animation_Generating_Coherent_and_Controllable_Motion_Videos_from_ICCVW_2025_paper.pdf,
680,Method,A Generalized Two-stage Approach to Motion Style Transfer,"Tong Guo, Zhiqian Xia, Feng Yu, Haifeng Xia, Siyu Xia",AMFG,https://openaccess.thecvf.com/content/ICCV2025W/AMFG/html/Guo_A_Generalized_Two-stage_Approach_to_Motion_Style_Transfer_ICCVW_2025_paper.html,https://openaccess.thecvf.com/content/ICCV2025W/AMFG/papers/Guo_A_Generalized_Two-stage_Approach_to_Motion_Style_Transfer_ICCVW_2025_paper.pdf,
681,Method,FreqCross: A Multi-Modal Frequency-Spatial Fusion Network for Robust Detection of Stable Diffusion 3.5 Generated Images,Guang Yang,AMFG,https://openaccess.thecvf.com/content/ICCV2025W/AMFG/html/Yang_FreqCross_A_Multi-Modal_Frequency-Spatial_Fusion_Network_for_Robust_Detection_of_ICCVW_2025_paper.html,https://openaccess.thecvf.com/content/ICCV2025W/AMFG/papers/Yang_FreqCross_A_Multi-Modal_Frequency-Spatial_Fusion_Network_for_Robust_Detection_of_ICCVW_2025_paper.pdf,
682,Method,VisualSpeaker: Visually-Guided 3D Avatar Lip Synthesis,"Alexandre Symeonidis-Herzig, Ozge Mercanoglu Sincan, Richard Bowden",CV4A11y,https://openaccess.thecvf.com/content/ICCV2025W/CV4A11y/html/Symeonidis-Herzig_VisualSpeaker_Visually-Guided_3D_Avatar_Lip_Synthesis_ICCVW_2025_paper.html,https://openaccess.thecvf.com/content/ICCV2025W/CV4A11y/papers/Symeonidis-Herzig_VisualSpeaker_Visually-Guided_3D_Avatar_Lip_Synthesis_ICCVW_2025_paper.pdf,
683,Method,"Seeing in 2D, Thinking in 3D: 3D Hand Mesh-Guided Feature Learning for Continuous Fingerspelling","Katerina Papadimitriou, Panagiotis Filntisis, George Retsinas, Gerasimos Potamianos, Petros Maragos",CV4A11y,https://openaccess.thecvf.com/content/ICCV2025W/CV4A11y/html/Papadimitriou_Seeing_in_2D_Thinking_in_3D_3D_Hand_Mesh-Guided_Feature_ICCVW_2025_paper.html,https://openaccess.thecvf.com/content/ICCV2025W/CV4A11y/papers/Papadimitriou_Seeing_in_2D_Thinking_in_3D_3D_Hand_Mesh-Guided_Feature_ICCVW_2025_paper.pdf,
684,Method,Who's Asking? Investigating Bias Through the Lens of Disability-Framed Queries in LLMs,"Vishnu Hari, Kalpana Panda, Srikant Panda, Amit Agarwal, Hitesh Laxmichand Patel",CV4A11y,https://openaccess.thecvf.com/content/ICCV2025W/CV4A11y/html/Hari_Whos_Asking_Investigating_Bias_Through_the_Lens_of_Disability-Framed_Queries_ICCVW_2025_paper.html,https://openaccess.thecvf.com/content/ICCV2025W/CV4A11y/papers/Hari_Whos_Asking_Investigating_Bias_Through_the_Lens_of_Disability-Framed_Queries_ICCVW_2025_paper.pdf,
685,Method,Automated Context-Aware Navigation Support for Individuals with Visual Impairment Using Multimodal Language Models in Urban Environments,"Alton Chao, Erika Maquiling, Edmund Chao, Roshan Sanjeev, Tonko Bossen, Ross Greer",CV4A11y,https://openaccess.thecvf.com/content/ICCV2025W/CV4A11y/html/Chao_Automated_Context-Aware_Navigation_Support_for_Individuals_with_Visual_Impairment_Using_ICCVW_2025_paper.html,https://openaccess.thecvf.com/content/ICCV2025W/CV4A11y/papers/Chao_Automated_Context-Aware_Navigation_Support_for_Individuals_with_Visual_Impairment_Using_ICCVW_2025_paper.pdf,
686,Method,The Escalator Problem: Identifying Implicit Motion Blindness in AI for Accessibility,Xiantao Zhang,CV4A11y,https://openaccess.thecvf.com/content/ICCV2025W/CV4A11y/html/Zhang_The_Escalator_Problem_Identifying_Implicit_Motion_Blindness_in_AI_for_ICCVW_2025_paper.html,https://openaccess.thecvf.com/content/ICCV2025W/CV4A11y/papers/Zhang_The_Escalator_Problem_Identifying_Implicit_Motion_Blindness_in_AI_for_ICCVW_2025_paper.pdf,https://arxiv.org/abs/2508.07989
687,Method,Introduction to the First Workshop on Vision Foundation Models and Generative AI for Accessibility,"Yapeng Tian, Yuhang Zhao, Jon E. Froehlich, Chu Li, Yuheng Wu",CV4A11y,https://openaccess.thecvf.com/content/ICCV2025W/CV4A11y/html/Tian_Introduction_to_the_First_Workshop_on_Vision_Foundation_Models_and_ICCVW_2025_paper.html,https://openaccess.thecvf.com/content/ICCV2025W/CV4A11y/papers/Tian_Introduction_to_the_First_Workshop_on_Vision_Foundation_Models_and_ICCVW_2025_paper.pdf,
688,Method,Prediction Degeneracy in Medical Vision-Language Models: Implications for Robustness and Interpretability,"Martin Goetze, Dennis Eschweiler, Brendan Huang, Gustav Müller-Franzes, Carolina Ramirez, Madeline Hess, Lavinia Goldermann, Sharmila Majumdar, Daniel Truhn",VLM3D,https://openaccess.thecvf.com/content/ICCV2025W/VLM3D/html/Goetze_Prediction_Degeneracy_in_Medical_Vision-Language_Models_Implications_for_Robustness_and_ICCVW_2025_paper.html,https://openaccess.thecvf.com/content/ICCV2025W/VLM3D/papers/Goetze_Prediction_Degeneracy_in_Medical_Vision-Language_Models_Implications_for_Robustness_and_ICCVW_2025_paper.pdf,
689,Method,Unified Supervision For Vision-Language Modeling in 3D Computed Tomography,"Hao-Chih Lee, Zelong Liu, Hamza Ahmed, Spencer Kim, Sean Huver, Vishwesh Nath, Zahi A. Fayad, Timothy Deyer, Xueyan Mei",VLM3D,https://openaccess.thecvf.com/content/ICCV2025W/VLM3D/html/Lee_Unified_Supervision_For_Vision-Language_Modeling_in_3D_Computed_Tomography_ICCVW_2025_paper.html,https://openaccess.thecvf.com/content/ICCV2025W/VLM3D/papers/Lee_Unified_Supervision_For_Vision-Language_Modeling_in_3D_Computed_Tomography_ICCVW_2025_paper.pdf,https://arxiv.org/abs/2509.01554
690,Method,CTFlow: Video-Inspired Latent Flow Matching for 3D CT Synthesis,"Jiayi Wang, Hadrien Reynaud, Franciskus Xaverius Erick, Bernhard Kainz",VLM3D,https://openaccess.thecvf.com/content/ICCV2025W/VLM3D/html/Wang_CTFlow_Video-Inspired_Latent_Flow_Matching_for_3D_CT_Synthesis_ICCVW_2025_paper.html,https://openaccess.thecvf.com/content/ICCV2025W/VLM3D/papers/Wang_CTFlow_Video-Inspired_Latent_Flow_Matching_for_3D_CT_Synthesis_ICCVW_2025_paper.pdf,https://arxiv.org/abs/2508.12900
691,Method,RadZero3D: Bridging Self-Supervised Video Models and Medical Vision-Language Alignment for Zero-Shot Chest CT Interpretation,"Jonggwon Park, Kyoyun Choi, Byungmu Yoon, Hong Geun Cho, Bumcheol Hwang",VLM3D,https://openaccess.thecvf.com/content/ICCV2025W/VLM3D/html/Park_RadZero3D_Bridging_Self-Supervised_Video_Models_and_Medical_Vision-Language_Alignment_for_ICCVW_2025_paper.html,https://openaccess.thecvf.com/content/ICCV2025W/VLM3D/papers/Park_RadZero3D_Bridging_Self-Supervised_Video_Models_and_Medical_Vision-Language_Alignment_for_ICCVW_2025_paper.pdf,
692,Method,Preprocessing-Architecture Co-Design for Multi-Label Classification in 3D Chest CT Scans,"Jung Jun Ah, Juhui Lee, Jihye Heo, Dongheon Lee",VLM3D,https://openaccess.thecvf.com/content/ICCV2025W/VLM3D/html/Ah_Preprocessing-Architecture_Co-Design_for_Multi-Label_Classification_in_3D_Chest_CT_Scans_ICCVW_2025_paper.html,https://openaccess.thecvf.com/content/ICCV2025W/VLM3D/papers/Ah_Preprocessing-Architecture_Co-Design_for_Multi-Label_Classification_in_3D_Chest_CT_Scans_ICCVW_2025_paper.pdf,
693,Method,Patch-wise Intensity Mapping for Individualized Brain Abnormality Detection in Alzheimer's Disease,"Yangshuang Xu, Rongjie Liu, Chao Huang",VLM3D,https://openaccess.thecvf.com/content/ICCV2025W/VLM3D/html/Xu_Patch-wise_Intensity_Mapping_for_Individualized_Brain_Abnormality_Detection_in_Alzheimers_ICCVW_2025_paper.html,https://openaccess.thecvf.com/content/ICCV2025W/VLM3D/papers/Xu_Patch-wise_Intensity_Mapping_for_Individualized_Brain_Abnormality_Detection_in_Alzheimers_ICCVW_2025_paper.pdf,
694,Method,GTGM: Generative Text-Guided 3D Vision-Language Pretraining for Medical Image Segmentation,"Yinda Chen, Che Liu, Wei Huang, Xiaoyu Liu, Haoyuan Shi, Sibo Cheng, Rossella Arcucci, Zhiwei Xiong",VLM3D,https://openaccess.thecvf.com/content/ICCV2025W/VLM3D/html/Chen_GTGM_Generative_Text-Guided_3D_Vision-Language_Pretraining_for_Medical_Image_Segmentation_ICCVW_2025_paper.html,https://openaccess.thecvf.com/content/ICCV2025W/VLM3D/papers/Chen_GTGM_Generative_Text-Guided_3D_Vision-Language_Pretraining_for_Medical_Image_Segmentation_ICCVW_2025_paper.pdf,
695,Method,OmViD: Omni-supervised active learning for video action detection,"Aayush Rana, Akash Kumar, Vibhav Vineet, Yogesh S Rawat",CDEL,https://openaccess.thecvf.com/content/ICCV2025W/CDEL/html/Rana_OmViD_Omni-supervised_active_learning_for_video_action_detection_ICCVW_2025_paper.html,https://openaccess.thecvf.com/content/ICCV2025W/CDEL/papers/Rana_OmViD_Omni-supervised_active_learning_for_video_action_detection_ICCVW_2025_paper.pdf,https://arxiv.org/abs/2508.13983
696,Method,Class-Proportional Coreset Selection for Difficulty-Separable Data,"Elisa Tsai, Haizhong Zheng, Atul Prakash",CDEL,https://openaccess.thecvf.com/content/ICCV2025W/CDEL/html/Tsai_Class-Proportional_Coreset_Selection_for_Difficulty-Separable_Data_ICCVW_2025_paper.html,https://openaccess.thecvf.com/content/ICCV2025W/CDEL/papers/Tsai_Class-Proportional_Coreset_Selection_for_Difficulty-Separable_Data_ICCVW_2025_paper.pdf,https://arxiv.org/abs/2507.10904
697,Method,DISC-GAN: Disentangling Style and Content for Cluster-Specific Synthetic Underwater Image Generation,"Sneha Varur, Anirudh R Hanchinamani, Tarun S Bagewadi, Uma Mudenagudi, Chaitra D Desai, Sujatha C, Padmashree Desai, Sumit Meharwade",CDEL,https://openaccess.thecvf.com/content/ICCV2025W/CDEL/html/Varur_DISC-GAN_Disentangling_Style_and_Content_for_Cluster-Specific_Synthetic_Underwater_Image_ICCVW_2025_paper.html,https://openaccess.thecvf.com/content/ICCV2025W/CDEL/papers/Varur_DISC-GAN_Disentangling_Style_and_Content_for_Cluster-Specific_Synthetic_Underwater_Image_ICCVW_2025_paper.pdf,https://arxiv.org/abs/2510.10782
698,Method,LG-Traj: LLM Guided Pedestrian Trajectory Prediction,"Pranav Singh Chib, Pravendra Singh",CDEL,https://openaccess.thecvf.com/content/ICCV2025W/CDEL/html/Chib_LG-Traj_LLM_Guided_Pedestrian_Trajectory_Prediction_ICCVW_2025_paper.html,https://openaccess.thecvf.com/content/ICCV2025W/CDEL/papers/Chib_LG-Traj_LLM_Guided_Pedestrian_Trajectory_Prediction_ICCVW_2025_paper.pdf,https://arxiv.org/abs/2403.08032
699,Method,Efficient Learning for Product Attributes with Compact Multimodal Models,Mandar Kulkarni,CDEL,https://openaccess.thecvf.com/content/ICCV2025W/CDEL/html/Kulkarni_Efficient_Learning_for_Product_Attributes_with_Compact_Multimodal_Models_ICCVW_2025_paper.html,https://openaccess.thecvf.com/content/ICCV2025W/CDEL/papers/Kulkarni_Efficient_Learning_for_Product_Attributes_with_Compact_Multimodal_Models_ICCVW_2025_paper.pdf,https://arxiv.org/abs/2507.19679
700,Method,SYM3D: Canonicalizing Triplanes via Symmetry for Single-View 3D Learning,"Jing Yang, Kyle Fogarty, Fangcheng Zhong, Cengiz Oztireli",CDEL,https://openaccess.thecvf.com/content/ICCV2025W/CDEL/html/Yang_SYM3D_Canonicalizing_Triplanes_via_Symmetry_for_Single-View_3D_Learning_ICCVW_2025_paper.html,https://openaccess.thecvf.com/content/ICCV2025W/CDEL/papers/Yang_SYM3D_Canonicalizing_Triplanes_via_Symmetry_for_Single-View_3D_Learning_ICCVW_2025_paper.pdf,
701,Method,Federated Active Learning for Target Domain Generalisation,"Razvan Caramalau, Binod Bhattarai, Danail Stoyanov",CDEL,https://openaccess.thecvf.com/content/ICCV2025W/CDEL/html/Caramalau_Federated_Active_Learning_for_Target_Domain_Generalisation_ICCVW_2025_paper.html,https://openaccess.thecvf.com/content/ICCV2025W/CDEL/papers/Caramalau_Federated_Active_Learning_for_Target_Domain_Generalisation_ICCVW_2025_paper.pdf,https://arxiv.org/abs/2312.02247
702,Method,How to Train your Text-to-Image Model: Evaluating Design Choices for Synthetic Training Captions,"Manuel Brack, Sudeep Katakol, Felix Friedrich, Patrick Schramowski, Hareesh Ravi, Kristian Kersting, Ajinkya Kale",CDEL,https://openaccess.thecvf.com/content/ICCV2025W/CDEL/html/Brack_How_to_Train_your_Text-to-Image_Model_Evaluating_Design_Choices_for_ICCVW_2025_paper.html,https://openaccess.thecvf.com/content/ICCV2025W/CDEL/papers/Brack_How_to_Train_your_Text-to-Image_Model_Evaluating_Design_Choices_for_ICCVW_2025_paper.pdf,https://arxiv.org/abs/2506.16679
703,Method,Few-Shot Vision-Language Reasoning for Satellite Imagery via Verifiable Rewards,"Aybora Köksal, A. Aydın Alatan",CDEL,https://openaccess.thecvf.com/content/ICCV2025W/CDEL/html/Koksal_Few-Shot_Vision-Language_Reasoning_for_Satellite_Imagery_via_Verifiable_Rewards_ICCVW_2025_paper.html,https://openaccess.thecvf.com/content/ICCV2025W/CDEL/papers/Koksal_Few-Shot_Vision-Language_Reasoning_for_Satellite_Imagery_via_Verifiable_Rewards_ICCVW_2025_paper.pdf,
704,Method,Synthetic Captions for Open-Vocabulary Zero-Shot Segmentation,"Tim Lebailly, Vijay Veerabadran, Satwik Kottur, Karl Ridgeway, Michael Louis Iuzzolino",CDEL,https://openaccess.thecvf.com/content/ICCV2025W/CDEL/html/Lebailly_Synthetic_Captions_for_Open-Vocabulary_Zero-Shot_Segmentation_ICCVW_2025_paper.html,https://openaccess.thecvf.com/content/ICCV2025W/CDEL/papers/Lebailly_Synthetic_Captions_for_Open-Vocabulary_Zero-Shot_Segmentation_ICCVW_2025_paper.pdf,https://arxiv.org/abs/2509.11840
705,Method,Only-Style: Stylistic Consistency in Image Generation without Content Leakage,"Tilemachos Aravanis, Panagiotis Filntisis, Petros Maragos, George Retsinas",P13N,https://openaccess.thecvf.com/content/ICCV2025W/P13N/html/Aravanis_Only-Style_Stylistic_Consistency_in_Image_Generation_without_Content_Leakage_ICCVW_2025_paper.html,https://openaccess.thecvf.com/content/ICCV2025W/P13N/papers/Aravanis_Only-Style_Stylistic_Consistency_in_Image_Generation_without_Content_Leakage_ICCVW_2025_paper.pdf,https://arxiv.org/abs/2506.09916
706,Method,MINDiff: Mask-Integrated Negative Attention for Controlling Overfitting in Text-to-Image Personalization,"Seulgi Jeong, Jaeil Kim",P13N,https://openaccess.thecvf.com/content/ICCV2025W/P13N/html/Jeong_MINDiff_Mask-Integrated_Negative_Attention_for_Controlling_Overfitting_in_Text-to-Image_Personalization_ICCVW_2025_paper.html,https://openaccess.thecvf.com/content/ICCV2025W/P13N/papers/Jeong_MINDiff_Mask-Integrated_Negative_Attention_for_Controlling_Overfitting_in_Text-to-Image_Personalization_ICCVW_2025_paper.pdf,https://arxiv.org/abs/2511.17888
707,Method,Tight Inversion: Image Conditioned Inversion for Real Image Editing,"Edo Kadosh, Nir Goren, Or Patashnik, Daniel Garibi, Daniel Cohen-Or",P13N,https://openaccess.thecvf.com/content/ICCV2025W/P13N/html/Kadosh_Tight_Inversion_Image_Conditioned_Inversion_for_Real_Image_Editing_ICCVW_2025_paper.html,https://openaccess.thecvf.com/content/ICCV2025W/P13N/papers/Kadosh_Tight_Inversion_Image_Conditioned_Inversion_for_Real_Image_Editing_ICCVW_2025_paper.pdf,https://arxiv.org/abs/2502.20376
708,Method,"UP-VTON: A Unified Virtual Try-On Framework Supporting Mask, Mask-Free, and Prompt-Driven Guidance","Youngjoo Jo, Minho Park, Dong-oh Kang",P13N,https://openaccess.thecvf.com/content/ICCV2025W/P13N/html/Jo_UP-VTON_A_Unified_Virtual_Try-On_Framework_Supporting_Mask_Mask-Free_and_ICCVW_2025_paper.html,https://openaccess.thecvf.com/content/ICCV2025W/P13N/papers/Jo_UP-VTON_A_Unified_Virtual_Try-On_Framework_Supporting_Mask_Mask-Free_and_ICCVW_2025_paper.pdf,
709,Method,Dual Orthogonal Guidance for Robust Diffusion-based Handwritten Text Generation,"Konstantina Nikolaidou, George Retsinas, Giorgos Sfikas, Silvia Cascianelli, Rita Cucchiara, Marcus Liwicki",P13N,https://openaccess.thecvf.com/content/ICCV2025W/P13N/html/Nikolaidou_Dual_Orthogonal_Guidance_for_Robust_Diffusion-based_Handwritten_Text_Generation_ICCVW_2025_paper.html,https://openaccess.thecvf.com/content/ICCV2025W/P13N/papers/Nikolaidou_Dual_Orthogonal_Guidance_for_Robust_Diffusion-based_Handwritten_Text_Generation_ICCVW_2025_paper.pdf,https://arxiv.org/abs/2508.17017
710,Method,MotionMatcher: Cinematic Motion Customization of Text-to-Video Diffusion Models via Motion Feature Matching,"Yen-Siang Wu, Chi-Pin Huang, Fu-En Yang, Yu-Chiang Frank Wang",P13N,https://openaccess.thecvf.com/content/ICCV2025W/P13N/html/Wu_MotionMatcher_Cinematic_Motion_Customization_of_Text-to-Video_Diffusion_Models_via_Motion_ICCVW_2025_paper.html,https://openaccess.thecvf.com/content/ICCV2025W/P13N/papers/Wu_MotionMatcher_Cinematic_Motion_Customization_of_Text-to-Video_Diffusion_Models_via_Motion_ICCVW_2025_paper.pdf,
711,Method,Locally Controlled Face Aging with Latent Diffusion Models,"Lais Isabelle Alves Dos Santos, Julien Despois, Thibaut Chauffier, Sileye O. Ba, Giovanni Palma",P13N,https://openaccess.thecvf.com/content/ICCV2025W/P13N/html/Dos_Santos_Locally_Controlled_Face_Aging_with_Latent_Diffusion_Models_ICCVW_2025_paper.html,https://openaccess.thecvf.com/content/ICCV2025W/P13N/papers/Dos_Santos_Locally_Controlled_Face_Aging_with_Latent_Diffusion_Models_ICCVW_2025_paper.pdf,https://arxiv.org/abs/2507.21600
712,Method,Target Attribute Diffusion Models,"William Loh, Yanting Miao, Pascal Poupart, Suraj Kothawade",P13N,https://openaccess.thecvf.com/content/ICCV2025W/P13N/html/Loh_Target_Attribute_Diffusion_Models_ICCVW_2025_paper.html,https://openaccess.thecvf.com/content/ICCV2025W/P13N/papers/Loh_Target_Attribute_Diffusion_Models_ICCVW_2025_paper.pdf,
713,Method,"A Survey on Long-Video Storytelling Generation: Architectures, Consistency, and Cinematic Quality","Mohamed Elmoghany, Ryan Rossi, Seunghyun Yoon, Subhojyoti Mukherjee, Eslam Mohamed Bakr, Puneet Mathur, Gang Wu, Viet Dac Lai, Nedim Lipka, Ruiyi Zhang, Varun Manjunatha, Chien Van Nguyen, Daksh Dangi, Abel Salinas, Hongjie Chen, Xiaolei Huang, Joe Barrow, Nesreen Ahmed, Hoda Eldardiry, Namyong Park, Yu Wang, Zhengzhong Tu, Thien Huu Nguyen, Dinesh Manocha, Mohamed Elhoseiny, Franck Dernoncourt",LongVid-Foundation,https://openaccess.thecvf.com/content/ICCV2025W/LongVid-Foundation/html/Elmoghany_A_Survey_on_Long-Video_Storytelling_Generation_Architectures_Consistency_and_Cinematic_ICCVW_2025_paper.html,https://openaccess.thecvf.com/content/ICCV2025W/LongVid-Foundation/papers/Elmoghany_A_Survey_on_Long-Video_Storytelling_Generation_Architectures_Consistency_and_Cinematic_ICCVW_2025_paper.pdf,https://arxiv.org/abs/2507.07202
714,Method,Reinforcement Learning meets Masked Video Modeling : Trajectory-Guided Adaptive Token Selection,"Ayush K. Rai, Kyle Min, Tarun Krishna, Feiyan Hu, Alan F. Smeaton, Noel O'connor",LongVid-Foundation,https://openaccess.thecvf.com/content/ICCV2025W/LongVid-Foundation/html/K._Reinforcement_Learning_meets_Masked_Video_Modeling__Trajectory-Guided_Adaptive_Token_ICCVW_2025_paper.html,https://openaccess.thecvf.com/content/ICCV2025W/LongVid-Foundation/papers/K._Reinforcement_Learning_meets_Masked_Video_Modeling__Trajectory-Guided_Adaptive_Token_ICCVW_2025_paper.pdf,https://arxiv.org/abs/2505.08561
715,Method,SELDOM: Scene Editing via Latent Diffusion with Object-centric Modifications,"Richard Higgins, David Fouhey",S3DSGR,https://openaccess.thecvf.com/content/ICCV2025W/S3DSGR/html/Higgins_SELDOM_Scene_Editing_via_Latent_Diffusion_with_Object-centric_Modifications_ICCVW_2025_paper.html,https://openaccess.thecvf.com/content/ICCV2025W/S3DSGR/papers/Higgins_SELDOM_Scene_Editing_via_Latent_Diffusion_with_Object-centric_Modifications_ICCVW_2025_paper.pdf,
716,Method,Globally Optimal Registration of Dense Terrestrial Laser Scans From Coarse Sampling,"Dorian Kempf, Guillaume Caron, El Mustapha Mouaddib, Fumio Kanehiro",S3DSGR,https://openaccess.thecvf.com/content/ICCV2025W/S3DSGR/html/Kempf_Globally_Optimal_Registration_of_Dense_Terrestrial_Laser_Scans_From_Coarse_ICCVW_2025_paper.html,https://openaccess.thecvf.com/content/ICCV2025W/S3DSGR/papers/Kempf_Globally_Optimal_Registration_of_Dense_Terrestrial_Laser_Scans_From_Coarse_ICCVW_2025_paper.pdf,
717,Method,Forgetting-Free Incremental Panoptic Lifting by Maximum-Visibility Viewpoint Selection,"Akira Kohjin, Motoharu Sonogashira, Masaaki Iiyama, Yasutomo Kawanishi",S3DSGR,https://openaccess.thecvf.com/content/ICCV2025W/S3DSGR/html/Kohjin_Forgetting-Free_Incremental_Panoptic_Lifting_by_Maximum-Visibility_Viewpoint_Selection_ICCVW_2025_paper.html,https://openaccess.thecvf.com/content/ICCV2025W/S3DSGR/papers/Kohjin_Forgetting-Free_Incremental_Panoptic_Lifting_by_Maximum-Visibility_Viewpoint_Selection_ICCVW_2025_paper.pdf,
718,Method,First Place Solution to the MLCAS 2025 GWFSS Challenge: The Devil is in the Detail and Minority,"Songliang Cao, Tianqi Hu, Hao Lu",CVPPA,https://openaccess.thecvf.com/content/ICCV2025W/CVPPA/html/Cao_First_Place_Solution_to_the_MLCAS_2025_GWFSS_Challenge_The_ICCVW_2025_paper.html,https://openaccess.thecvf.com/content/ICCV2025W/CVPPA/papers/Cao_First_Place_Solution_to_the_MLCAS_2025_GWFSS_Challenge_The_ICCVW_2025_paper.pdf,https://arxiv.org/abs/2508.17305
719,Method,Comparative Analysis of Image-Based Deep Learning and Genomic Models for Yield and Protein Content Prediction in Winter Wheat,"Xiaoran Chen, Paraskevi Nousi, Mike Boss, Michele Volpi, Lukas Roth",CVPPA,https://openaccess.thecvf.com/content/ICCV2025W/CVPPA/html/Chen_Comparative_Analysis_of_Image-Based_Deep_Learning_and_Genomic_Models_for_ICCVW_2025_paper.html,https://openaccess.thecvf.com/content/ICCV2025W/CVPPA/papers/Chen_Comparative_Analysis_of_Image-Based_Deep_Learning_and_Genomic_Models_for_ICCVW_2025_paper.pdf,
720,Method,Improving Lightweight Weed Detection via Knowledge Distillation,"Ahmet Oğuz Saltık, Max Voigt, Sourav Modak, Mike Beckworth, Anthony Stein",CVPPA,https://openaccess.thecvf.com/content/ICCV2025W/CVPPA/html/Saltik_Improving_Lightweight_Weed_Detection_via_Knowledge_Distillation_ICCVW_2025_paper.html,https://openaccess.thecvf.com/content/ICCV2025W/CVPPA/papers/Saltik_Improving_Lightweight_Weed_Detection_via_Knowledge_Distillation_ICCVW_2025_paper.pdf,
721,Method,Decoder-aware Self-Supervised Continual Pretraining and Uncertainty-Guided Pseudo-Labeling for Wheat Organ Segmentation,"Tapotosh Ghosh, Md Jaber Al Nahian, Farnaz Sheikhi, Farhad Maleki",CVPPA,https://openaccess.thecvf.com/content/ICCV2025W/CVPPA/html/Ghosh_Decoder-aware_Self-Supervised_Continual_Pretraining_and_Uncertainty-Guided_Pseudo-Labeling_for_Wheat_Organ_ICCVW_2025_paper.html,https://openaccess.thecvf.com/content/ICCV2025W/CVPPA/papers/Ghosh_Decoder-aware_Self-Supervised_Continual_Pretraining_and_Uncertainty-Guided_Pseudo-Labeling_for_Wheat_Organ_ICCVW_2025_paper.pdf,
722,Method,High-Throughput Estimation of Photosynthetic Phenotypic Parameters Using Hyperspectral Data,"Mengqi Zhang, Jiaren Zhou, Man Zhang, Minjuan Wang",CVPPA,https://openaccess.thecvf.com/content/ICCV2025W/CVPPA/html/Zhang_High-Throughput_Estimation_of_Photosynthetic_Phenotypic_Parameters_Using_Hyperspectral_Data_ICCVW_2025_paper.html,https://openaccess.thecvf.com/content/ICCV2025W/CVPPA/papers/Zhang_High-Throughput_Estimation_of_Photosynthetic_Phenotypic_Parameters_Using_Hyperspectral_Data_ICCVW_2025_paper.pdf,
723,Method,A Case for the Use of Chroma Cartesian Colour Representations for Image Classification on Plant-Based Domains,"Alexis J S Payne, Gail Hopkins, Shreyank N Gowda, Isaac Triguero, Michael P Pound",CVPPA,https://openaccess.thecvf.com/content/ICCV2025W/CVPPA/html/Payne_A_Case_for_the_Use_of_Chroma_Cartesian_Colour_Representations_ICCVW_2025_paper.html,https://openaccess.thecvf.com/content/ICCV2025W/CVPPA/papers/Payne_A_Case_for_the_Use_of_Chroma_Cartesian_Colour_Representations_ICCVW_2025_paper.pdf,
724,Method,Multimodal Fusion of X-Ray Transmission and Dark Field Imaging for Apple Internal Disorders Detection,"Jiaqi He, Astrid Tempelaere, Janne Vignero, Pieter Verboven, Bart Nicolai",CVPPA,https://openaccess.thecvf.com/content/ICCV2025W/CVPPA/html/He_Multimodal_Fusion_of_X-Ray_Transmission_and_Dark_Field_Imaging_for_ICCVW_2025_paper.html,https://openaccess.thecvf.com/content/ICCV2025W/CVPPA/papers/He_Multimodal_Fusion_of_X-Ray_Transmission_and_Dark_Field_Imaging_for_ICCVW_2025_paper.pdf,
725,Method,AgMIC: Agricultural Masked Image Consistency for Cross-Domain Segmentation,"Muhib Ullah, Nisar Ali, Numair Nadeem, Abdul Bais",CVPPA,https://openaccess.thecvf.com/content/ICCV2025W/CVPPA/html/Ullah_AgMIC_Agricultural_Masked_Image_Consistency_for_Cross-Domain_Segmentation_ICCVW_2025_paper.html,https://openaccess.thecvf.com/content/ICCV2025W/CVPPA/papers/Ullah_AgMIC_Agricultural_Masked_Image_Consistency_for_Cross-Domain_Segmentation_ICCVW_2025_paper.pdf,
726,Method,Dynamic Monitoring of Crop Canopies Using Time-Series Point Clouds: Insights into Phenotypic Variation and Leaf-Level Photosynthetic Performance,"Jiaren Zhou, Mengqi Zhang, Shulin Sun, Man Zhang, Minjuan Wang",CVPPA,https://openaccess.thecvf.com/content/ICCV2025W/CVPPA/html/Zhou_Dynamic_Monitoring_of_Crop_Canopies_Using_Time-Series_Point_Clouds_Insights_ICCVW_2025_paper.html,https://openaccess.thecvf.com/content/ICCV2025W/CVPPA/papers/Zhou_Dynamic_Monitoring_of_Crop_Canopies_Using_Time-Series_Point_Clouds_Insights_ICCVW_2025_paper.pdf,
727,Method,DyTact: Capturing Dynamic Contacts in Hand-Object Manipulation,"Xiaoyan Cong, Angela Xing, Chandradeep Pokhariya, Rao Fu, Srinath Sridhar",HANDS,https://openaccess.thecvf.com/content/ICCV2025W/HANDS/html/Cong_DyTact_Capturing_Dynamic_Contacts_in_Hand-Object_Manipulation_ICCVW_2025_paper.html,https://openaccess.thecvf.com/content/ICCV2025W/HANDS/papers/Cong_DyTact_Capturing_Dynamic_Contacts_in_Hand-Object_Manipulation_ICCVW_2025_paper.pdf,https://arxiv.org/abs/2506.03103
728,Method,WACU: Multi-Modal Wristband Assistant for Contextual Understanding,"Constantin Patsch, Jaden Goter, Joseph Greer, Lingni Ma, Raj Sodhi",HANDS,https://openaccess.thecvf.com/content/ICCV2025W/HANDS/html/Patsch_WACU_Multi-Modal_Wristband_Assistant_for_Contextual_Understanding_ICCVW_2025_paper.html,https://openaccess.thecvf.com/content/ICCV2025W/HANDS/papers/Patsch_WACU_Multi-Modal_Wristband_Assistant_for_Contextual_Understanding_ICCVW_2025_paper.pdf,
729,Method,Host3R: Keypoint-free Hand-Object 3D Reconstruction from RGB images,"Anilkumar Swamy, Vincent Leroy, Philippe Weinzaepfel, Jean-Sebastien Franco, Grégory Rogez",HANDS,https://openaccess.thecvf.com/content/ICCV2025W/HANDS/html/Swamy_Host3R_Keypoint-free_Hand-Object_3D_Reconstruction_from_RGB_images_ICCVW_2025_paper.html,https://openaccess.thecvf.com/content/ICCV2025W/HANDS/papers/Swamy_Host3R_Keypoint-free_Hand-Object_3D_Reconstruction_from_RGB_images_ICCVW_2025_paper.pdf,https://arxiv.org/abs/2508.16465
730,Method,The Overlooked Value of Test-time Reference Sets in Visual Place Recognition,"Mubariz Zaffar, Liangliang Nan, Sebastian Scherer, Julian F. P. Kooij",CroCoDL,https://openaccess.thecvf.com/content/ICCV2025W/CroCoDL/html/Zaffar_The_Overlooked_Value_of_Test-time_Reference_Sets_in_Visual_Place_ICCVW_2025_paper.html,https://openaccess.thecvf.com/content/ICCV2025W/CroCoDL/papers/Zaffar_The_Overlooked_Value_of_Test-time_Reference_Sets_in_Visual_Place_ICCVW_2025_paper.pdf,https://arxiv.org/abs/2510.03751
731,Method,PixCuboid: Room Layout Estimation from Multi-view Featuremetric Alignment,"Gustav Hanning, Kalle Åström, Viktor Larsson",CroCoDL,https://openaccess.thecvf.com/content/ICCV2025W/CroCoDL/html/Hanning_PixCuboid_Room_Layout_Estimation_from_Multi-view_Featuremetric_Alignment_ICCVW_2025_paper.html,https://openaccess.thecvf.com/content/ICCV2025W/CroCoDL/papers/Hanning_PixCuboid_Room_Layout_Estimation_from_Multi-view_Featuremetric_Alignment_ICCVW_2025_paper.pdf,
732,Method,Triangulation of 3D target points from radar range and bearing data,Magnus Oskarsson,CroCoDL,https://openaccess.thecvf.com/content/ICCV2025W/CroCoDL/html/Oskarsson_Triangulation_of_3D_target_points_from_radar_range_and_bearing_ICCVW_2025_paper.html,https://openaccess.thecvf.com/content/ICCV2025W/CroCoDL/papers/Oskarsson_Triangulation_of_3D_target_points_from_radar_range_and_bearing_ICCVW_2025_paper.pdf,
733,Method,LightGlueStick: a Fast and Robust Glue for Joint Point-Line Matching,"Aidyn Ubingazhibov, Rémi Pautrat, Iago Suárez, Shaohui Liu, Marc Pollefeys, Viktor Larsson",CroCoDL,https://openaccess.thecvf.com/content/ICCV2025W/CroCoDL/html/Ubingazhibov_LightGlueStick_a_Fast_and_Robust_Glue_for_Joint_Point-Line_Matching_ICCVW_2025_paper.html,https://openaccess.thecvf.com/content/ICCV2025W/CroCoDL/papers/Ubingazhibov_LightGlueStick_a_Fast_and_Robust_Glue_for_Joint_Point-Line_Matching_ICCVW_2025_paper.pdf,
734,Method,Taming Domain Shift in Multi-source CT-Scan Classification via Input-Space Standardization,"Chia-Ming Lee, Bo-Cheng Qiu, Ting-Yao Chen, Ming-Han Sun, Yu-Fan Lin, Fang-Ying Lin, Jung-Tse Tsai, I-An Tsai, Chih-Chung Hsu",PHAROS-AFE-AIMI,https://openaccess.thecvf.com/content/ICCV2025W/PHAROS-AFE-AIMI/html/Lee_Taming_Domain_Shift_in_Multi-source_CT-Scan_Classification_via_Input-Space_Standardization_ICCVW_2025_paper.html,https://openaccess.thecvf.com/content/ICCV2025W/PHAROS-AFE-AIMI/papers/Lee_Taming_Domain_Shift_in_Multi-source_CT-Scan_Classification_via_Input-Space_Standardization_ICCVW_2025_paper.pdf,https://arxiv.org/abs/2507.19858
735,Method,Med-VLM: Enhancing Medical Image Segmentation Accuracy through Vision-Language Model,"Yihao Zhao, Enhao Zhong, Cuiyun Yuan, Yang Li, Man Zhao, Chunxia Li, Jun Hu, Wei Liu, Chenbin Liu",PHAROS-AFE-AIMI,https://openaccess.thecvf.com/content/ICCV2025W/PHAROS-AFE-AIMI/html/Zhao_Med-VLM_Enhancing_Medical_Image_Segmentation_Accuracy_through_Vision-Language_Model_ICCVW_2025_paper.html,https://openaccess.thecvf.com/content/ICCV2025W/PHAROS-AFE-AIMI/papers/Zhao_Med-VLM_Enhancing_Medical_Image_Segmentation_Accuracy_through_Vision-Language_Model_ICCVW_2025_paper.pdf,
736,Method,Quantifying Inter-Operator Variability and its Causes for Medical Semantic Segmentation,"Sophie Fischer, Irina Voiculescu",PHAROS-AFE-AIMI,https://openaccess.thecvf.com/content/ICCV2025W/PHAROS-AFE-AIMI/html/Fischer_Quantifying_Inter-Operator_Variability_and_its_Causes_for_Medical_Semantic_Segmentation_ICCVW_2025_paper.html,https://openaccess.thecvf.com/content/ICCV2025W/PHAROS-AFE-AIMI/papers/Fischer_Quantifying_Inter-Operator_Variability_and_its_Causes_for_Medical_Semantic_Segmentation_ICCVW_2025_paper.pdf,
737,Method,Fairness in Breast Cancer Diagnosis with Deep Learning,"Laura Mata Le Bot, Sze Chai Kwok, Emmanuel Amankwa-Frempong, Kofi Appiah",PHAROS-AFE-AIMI,https://openaccess.thecvf.com/content/ICCV2025W/PHAROS-AFE-AIMI/html/Le_Bot_Fairness_in_Breast_Cancer_Diagnosis_with_Deep_Learning_ICCVW_2025_paper.html,https://openaccess.thecvf.com/content/ICCV2025W/PHAROS-AFE-AIMI/papers/Le_Bot_Fairness_in_Breast_Cancer_Diagnosis_with_Deep_Learning_ICCVW_2025_paper.pdf,
738,Method,Dopamine-Inspired Neuro-Modulated Radiomic Pipeline for Computed-Tomography-Driven Prediction of Immunotherapy Response in Metastatic Cancer Treatment,"Francesco Rundo, Massimo Orazio Spata, Carmelo Pino, Sebastiano Battiato",PHAROS-AFE-AIMI,https://openaccess.thecvf.com/content/ICCV2025W/PHAROS-AFE-AIMI/html/Rundo_Dopamine-Inspired_Neuro-Modulated_Radiomic_Pipeline_for_Computed-Tomography-Driven_Prediction_of_Immunotherapy_Response_ICCVW_2025_paper.html,https://openaccess.thecvf.com/content/ICCV2025W/PHAROS-AFE-AIMI/papers/Rundo_Dopamine-Inspired_Neuro-Modulated_Radiomic_Pipeline_for_Computed-Tomography-Driven_Prediction_of_Immunotherapy_Response_ICCVW_2025_paper.pdf,
739,Method,In-hoc Concept Representations to Regularise Deep Learning in Medical Imaging,"Valentina Corbetta, Floris Six Dijkstra, Regina Beets-Tan, Hoel Kervadec, Kristoffer Wickstrøm, Wilson Silva",PHAROS-AFE-AIMI,https://openaccess.thecvf.com/content/ICCV2025W/PHAROS-AFE-AIMI/html/Corbetta_In-hoc_Concept_Representations_to_Regularise_Deep_Learning_in_Medical_Imaging_ICCVW_2025_paper.html,https://openaccess.thecvf.com/content/ICCV2025W/PHAROS-AFE-AIMI/papers/Corbetta_In-hoc_Concept_Representations_to_Regularise_Deep_Learning_in_Medical_Imaging_ICCVW_2025_paper.pdf,
740,Method,Multi-Source Covid-19 Detection via Variance Risk Extrapolation,"Runtian Yuan, Qingqiu Li, Junlin Hou, Jilan Xu, Yuejie Zhang, Rui Feng, Hao Chen",PHAROS-AFE-AIMI,https://openaccess.thecvf.com/content/ICCV2025W/PHAROS-AFE-AIMI/html/Yuan_Multi-Source_Covid-19_Detection_via_Variance_Risk_Extrapolation_ICCVW_2025_paper.html,https://openaccess.thecvf.com/content/ICCV2025W/PHAROS-AFE-AIMI/papers/Yuan_Multi-Source_Covid-19_Detection_via_Variance_Risk_Extrapolation_ICCVW_2025_paper.pdf,https://arxiv.org/abs/2506.23208
741,Method,Advancing Lung Disease Diagnosis in 3D CT Scans,"Qingqiu Li, Runtian Yuan, Junlin Hou, Jilan Xu, Yuejie Zhang, Rui Feng, Hao Chen",PHAROS-AFE-AIMI,https://openaccess.thecvf.com/content/ICCV2025W/PHAROS-AFE-AIMI/html/Li_Advancing_Lung_Disease_Diagnosis_in_3D_CT_Scans_ICCVW_2025_paper.html,https://openaccess.thecvf.com/content/ICCV2025W/PHAROS-AFE-AIMI/papers/Li_Advancing_Lung_Disease_Diagnosis_in_3D_CT_Scans_ICCVW_2025_paper.pdf,https://arxiv.org/abs/2507.00993
742,Method,DeepSeg-MS: A 3D network based on hierarchical multi-scale learning for MRI multiple sclerosis lesion segmentation,"Alessia Rondinella, Francesco Guarnera, Francesco Rundo, Sebastiano Battiato",PHAROS-AFE-AIMI,https://openaccess.thecvf.com/content/ICCV2025W/PHAROS-AFE-AIMI/html/Rondinella_DeepSeg-MS_A_3D_network_based_on_hierarchical_multi-scale_learning_for_ICCVW_2025_paper.html,https://openaccess.thecvf.com/content/ICCV2025W/PHAROS-AFE-AIMI/papers/Rondinella_DeepSeg-MS_A_3D_network_based_on_hierarchical_multi-scale_learning_for_ICCVW_2025_paper.pdf,
743,Method,Proactive HIV Care: AI-Based Comorbidity Prediction from Routine EHR Data,"Solomon Russom, Dimitrios Kollias, Qianni Zhang",PHAROS-AFE-AIMI,https://openaccess.thecvf.com/content/ICCV2025W/PHAROS-AFE-AIMI/html/Russom_Proactive_HIV_Care_AI-Based_Comorbidity_Prediction_from_Routine_EHR_Data_ICCVW_2025_paper.html,https://openaccess.thecvf.com/content/ICCV2025W/PHAROS-AFE-AIMI/papers/Russom_Proactive_HIV_Care_AI-Based_Comorbidity_Prediction_from_Routine_EHR_Data_ICCVW_2025_paper.pdf,https://arxiv.org/abs/2508.20133
744,Method,PHAROS-AFE-AIMI: Multi-source & Fair Disease Diagnosis,"Dimitrios Kollias, Anastasios Arsenos, Stefanos Kollias",PHAROS-AFE-AIMI,https://openaccess.thecvf.com/content/ICCV2025W/PHAROS-AFE-AIMI/html/Kollias_PHAROS-AFE-AIMI_Multi-source__Fair_Disease_Diagnosis_ICCVW_2025_paper.html,https://openaccess.thecvf.com/content/ICCV2025W/PHAROS-AFE-AIMI/papers/Kollias_PHAROS-AFE-AIMI_Multi-source__Fair_Disease_Diagnosis_ICCVW_2025_paper.pdf,
745,Method,Stable-Drift: A Patient-Aware Latent Drift Replay Method for Stabilizing Representations in Continual Learning,"Paraskevi-Antonia Theofilou, Anuhya Thota, Stefanos Kollias, Mamatha Thota",PHAROS-AFE-AIMI,https://openaccess.thecvf.com/content/ICCV2025W/PHAROS-AFE-AIMI/html/Theofilou_Stable-Drift_A_Patient-Aware_Latent_Drift_Replay_Method_for_Stabilizing_Representations_ICCVW_2025_paper.html,https://openaccess.thecvf.com/content/ICCV2025W/PHAROS-AFE-AIMI/papers/Theofilou_Stable-Drift_A_Patient-Aware_Latent_Drift_Replay_Method_for_Stabilizing_Representations_ICCVW_2025_paper.pdf,https://arxiv.org/abs/2511.22615
746,Method,ProtoMedX: Towards Explainable Multi-Modal Prototype Learning for Bone Health Classification,"Alvaro Lopez Pellicer, Andre Mariucci, Plamen Angelov, Marwan Bukhari, Jemma G. Kerns",PHAROS-AFE-AIMI,https://openaccess.thecvf.com/content/ICCV2025W/PHAROS-AFE-AIMI/html/Pellicer_ProtoMedX_Towards_Explainable_Multi-Modal_Prototype_Learning_for_Bone_Health_Classification_ICCVW_2025_paper.html,https://openaccess.thecvf.com/content/ICCV2025W/PHAROS-AFE-AIMI/papers/Pellicer_ProtoMedX_Towards_Explainable_Multi-Modal_Prototype_Learning_for_Bone_Health_Classification_ICCVW_2025_paper.pdf,https://arxiv.org/abs/2509.14830
747,Method,Boosting Diffusion-Based Text Image Super-Resolution Model Towards Generalized Real-World Scenarios,"Chenglu Pan, Xiaogang Xu, Ganggui Ding, Yunke Zhang, Wenbo Li, Jiarong Xu, Qingbiao Wu",Responsible-Imaging,https://openaccess.thecvf.com/content/ICCV2025W/Responsible-Imaging/html/Pan_Boosting_Diffusion-Based_Text_Image_Super-Resolution_Model_Towards_Generalized_Real-World_Scenarios_ICCVW_2025_paper.html,https://openaccess.thecvf.com/content/ICCV2025W/Responsible-Imaging/papers/Pan_Boosting_Diffusion-Based_Text_Image_Super-Resolution_Model_Towards_Generalized_Real-World_Scenarios_ICCVW_2025_paper.pdf,https://arxiv.org/abs/2503.07232
748,Method,Learning to See Through Flare,"Xiaopeng Peng, Heath Gemar, Erin Fleet, Kyle Novak, Abbie T Watnik, Grover Swartzlander",Responsible-Imaging,https://openaccess.thecvf.com/content/ICCV2025W/Responsible-Imaging/html/Peng_Learning_to_See_Through_Flare_ICCVW_2025_paper.html,https://openaccess.thecvf.com/content/ICCV2025W/Responsible-Imaging/papers/Peng_Learning_to_See_Through_Flare_ICCVW_2025_paper.pdf,https://arxiv.org/abs/2508.13907
749,Method,See the Invisible with SWIR: Learning to Enhance via Synthetic Noise Modeling,"Haiyang Jiang, Hongjun Wang, Yinqiang Zheng",Responsible-Imaging,https://openaccess.thecvf.com/content/ICCV2025W/Responsible-Imaging/html/Jiang_See_the_Invisible_with_SWIR_Learning_to_Enhance_via_Synthetic_ICCVW_2025_paper.html,https://openaccess.thecvf.com/content/ICCV2025W/Responsible-Imaging/papers/Jiang_See_the_Invisible_with_SWIR_Learning_to_Enhance_via_Synthetic_ICCVW_2025_paper.pdf,
750,Method,The Third Visual Object Tracking Segmentation VOTS2025 Challenge Results,"Matej Kristan, Jiří Matas, Pavel Tokmakov, Alan Lukežič, Michael Felsberg, Luka Čehovin Zajc, Khanh-Tung Tran, Xuan-Son Vu, Johanna Björklund, Michal Neoral, Hyung Jin Chang, Gustavo Fernández, Minasadat Attari, Matteo Dunnhofer, Wei Feng, Zhenhua Feng, Jin Gao, Yameng Gu, Ruize Han, Jiawei He, Zhenyu He, Junhui Hou, Weiming Hu, Xiantao Hu, Xingsen Huang, Yuqing Huang, Gleb Kirichenko, Josef Kittler, Yutong Kou, Simiao Lai, Bing Li, Xin Li, Shubo Lin, Huchuan Lu, Deshui Miao, Christian Micheloni, Juan Mogollon, Moritz Nottebaum, Kannappan Palaniappan, Ziqi Pang, Zekun Qian, Gani Rahmon, Aleksandr Romanov, Liangtao Shi, Roman Solovyev, Elham Soltani Kazemi, Imad Eddine Toubal, Jovana Videnovic, Dong Wang, Yaowei Wang, Yu-Xiong Wang, Zhixiang Wang, Xiaojun Wu, Jinxia Xie, Tianyang Xu, Chaocan Xue, Yuanliang Xue, Ming-Hsuan Yang, Dmitriy Yurtov, Chunui Zhang, Xiangqun Zhang, Yunfei Zhang, Qingfang Zheng, Bineng Zhong, Fuan Zhong, Jinglin Zhou, Jingmeng Zhou, Junbao Zhou, Yong Zhou, Xuefeng Zhu",VOTS2025,https://openaccess.thecvf.com/content/ICCV2025W/VOTS2025/html/Kristan_The_Third_Visual_Object_Tracking_Segmentation_VOTS2025_Challenge_Results_ICCVW_2025_paper.html,https://openaccess.thecvf.com/content/ICCV2025W/VOTS2025/papers/Kristan_The_Third_Visual_Object_Tracking_Segmentation_VOTS2025_Challenge_Results_ICCVW_2025_paper.pdf,
751,Method,Improved Information Extraction by Leveraging Multi-Hypothesis OCR at Inference Time,"Arthur Hemmer, Nicola Bartolo, Mickaël Coustaty, Jean-Marc Ogier",VisionDocs,https://openaccess.thecvf.com/content/ICCV2025W/VisionDocs/html/Hemmer_Improved_Information_Extraction_by_Leveraging_Multi-Hypothesis_OCR_at_Inference_Time_ICCVW_2025_paper.html,https://openaccess.thecvf.com/content/ICCV2025W/VisionDocs/papers/Hemmer_Improved_Information_Extraction_by_Leveraging_Multi-Hypothesis_OCR_at_Inference_Time_ICCVW_2025_paper.pdf,
752,Method,DIVE-Doc: Downscaling foundational Image Visual Encoder into hierarchical architecture for DocVQA,"Rayane Bencharef, Abderrahmane Rahiche, Mohamed Cheriet",VisionDocs,https://openaccess.thecvf.com/content/ICCV2025W/VisionDocs/html/Bencharef_DIVE-Doc_Downscaling_foundational_Image_Visual_Encoder_into_hierarchical_architecture_for_ICCVW_2025_paper.html,https://openaccess.thecvf.com/content/ICCV2025W/VisionDocs/papers/Bencharef_DIVE-Doc_Downscaling_foundational_Image_Visual_Encoder_into_hierarchical_architecture_for_ICCVW_2025_paper.pdf,
753,Method,DocSemi: Efficient Document Layout Analysis with Guided Queries,"Tahira Shehzadi, Ifza Ifza, Didier Stricker, Muhammad Zeshan Afzal",VisionDocs,https://openaccess.thecvf.com/content/ICCV2025W/VisionDocs/html/Shehzadi_DocSemi_Efficient_Document_Layout_Analysis_with_Guided_Queries_ICCVW_2025_paper.html,https://openaccess.thecvf.com/content/ICCV2025W/VisionDocs/papers/Shehzadi_DocSemi_Efficient_Document_Layout_Analysis_with_Guided_Queries_ICCVW_2025_paper.pdf,
754,Method,TAP-VL: Text Layout Aware Pretraining for Enriched Vision-Language Models,"Jonathan Fhima, Elad Ben, Oren Nuriel, Yair Kittenplon, Roy Ganz, Aviad Aberdam, Ron Litman",VisionDocs,https://openaccess.thecvf.com/content/ICCV2025W/VisionDocs/html/Fhima_TAP-VL_Text_Layout_Aware_Pretraining_for_Enriched_Vision-Language_Models_ICCVW_2025_paper.html,https://openaccess.thecvf.com/content/ICCV2025W/VisionDocs/papers/Fhima_TAP-VL_Text_Layout_Aware_Pretraining_for_Enriched_Vision-Language_Models_ICCVW_2025_paper.pdf,
755,Method,Text Image Generation for Low-Resource Languages with Dual Translation Learning,"Chihiro Noguchi, Shun Fukuda, Shoichiro Mihara, Masao Yamanaka",VisionDocs,https://openaccess.thecvf.com/content/ICCV2025W/VisionDocs/html/Noguchi_Text_Image_Generation_for_Low-Resource_Languages_with_Dual_Translation_Learning_ICCVW_2025_paper.html,https://openaccess.thecvf.com/content/ICCV2025W/VisionDocs/papers/Noguchi_Text_Image_Generation_for_Low-Resource_Languages_with_Dual_Translation_Learning_ICCVW_2025_paper.pdf,https://arxiv.org/abs/2409.17747
756,Method,ChemMiner: A Large Language Model Agent System for Chemical Literature Data Mining,"Kexin Chen, Yuyang Du, Junyou Li, Hanqun Cao, Menghao Guo, Xilin Dang, Lanqing Li, Jiezhong Qiu, Guangyong Chen, Pheng Ann Heng",VisionDocs,https://openaccess.thecvf.com/content/ICCV2025W/VisionDocs/html/Chen_ChemMiner_A_Large_Language_Model_Agent_System_for_Chemical_Literature_ICCVW_2025_paper.html,https://openaccess.thecvf.com/content/ICCV2025W/VisionDocs/papers/Chen_ChemMiner_A_Large_Language_Model_Agent_System_for_Chemical_Literature_ICCVW_2025_paper.pdf,https://arxiv.org/abs/2402.12993
757,Method,Scanned documents forensics: detecting inserted characters through noise and chromatic artifacts,"Marina Gardella, Julieta Umpierrez, Antoine Tadros, Seginus Mowlavi, Natalia Bottaioli, Diego Belzarena, Gabriele Facciolo, Roy He, Jean-Michel Morel, Rafael Grompone Von Gioi",VisionDocs,https://openaccess.thecvf.com/content/ICCV2025W/VisionDocs/html/Gardella_Scanned_documents_forensics_detecting_inserted_characters_through_noise_and_chromatic_ICCVW_2025_paper.html,https://openaccess.thecvf.com/content/ICCV2025W/VisionDocs/papers/Gardella_Scanned_documents_forensics_detecting_inserted_characters_through_noise_and_chromatic_ICCVW_2025_paper.pdf,
758,Method,Describe Anything Model for Visual Question Answering on Text-rich Images,"Yen-Linh Vu, Dinh-Thang Duong, Truong-Binh Duong, Anh-Khoi Nguyen, Thanh-Huy Nguyen, Le Thien Phuc Nguyen, Jianhua Xing, Xingjian Li, Tianyang Wang, Ulas Bagci, Min Xu",VisionDocs,https://openaccess.thecvf.com/content/ICCV2025W/VisionDocs/html/Vu_Describe_Anything_Model_for_Visual_Question_Answering_on_Text-rich_Images_ICCVW_2025_paper.html,https://openaccess.thecvf.com/content/ICCV2025W/VisionDocs/papers/Vu_Describe_Anything_Model_for_Visual_Question_Answering_on_Text-rich_Images_ICCVW_2025_paper.pdf,https://arxiv.org/abs/2507.12441
759,Method,Quo Vadis Handwritten Text Generation for Handwritten Text Recognition?,"Vittorio Pippi, Konstantina Nikolaidou, Silvia Cascianelli, George Retsinas, Giorgos Sfikas, Rita Cucchiara, Marcus Liwicki",VisionDocs,https://openaccess.thecvf.com/content/ICCV2025W/VisionDocs/html/Pippi_Quo_Vadis_Handwritten_Text_Generation_for_Handwritten_Text_Recognition_ICCVW_2025_paper.html,https://openaccess.thecvf.com/content/ICCV2025W/VisionDocs/papers/Pippi_Quo_Vadis_Handwritten_Text_Generation_for_Handwritten_Text_Recognition_ICCVW_2025_paper.pdf,https://arxiv.org/abs/2508.09936
760,Method,Deep Learning-Based Intrusion Detection Systems for Phishing Email Detection: A Short Survey,"Axel De Nardin, Silvia Zottin, Claudio Piciarelli, Gian Luca Foresti",VisionDocs,https://openaccess.thecvf.com/content/ICCV2025W/VisionDocs/html/De_Nardin_Deep_Learning-Based_Intrusion_Detection_Systems_for_Phishing_Email_Detection_A_ICCVW_2025_paper.html,https://openaccess.thecvf.com/content/ICCV2025W/VisionDocs/papers/De_Nardin_Deep_Learning-Based_Intrusion_Detection_Systems_for_Phishing_Email_Detection_A_ICCVW_2025_paper.pdf,
761,Method,Structure-aware Contrastive Learning for Diagram Understanding of Multimodal Models,Hiroshi Sasaki,VisionDocs,https://openaccess.thecvf.com/content/ICCV2025W/VisionDocs/html/Sasaki_Structure-aware_Contrastive_Learning_for_Diagram_Understanding_of_Multimodal_Models_ICCVW_2025_paper.html,https://openaccess.thecvf.com/content/ICCV2025W/VisionDocs/papers/Sasaki_Structure-aware_Contrastive_Learning_for_Diagram_Understanding_of_Multimodal_Models_ICCVW_2025_paper.pdf,https://arxiv.org/abs/2509.01959
762,Method,"A Survey on Reading Order, Table of Contents, and Structure Extraction in Document Analysis","Simone Giovannini, Simone Marinai",VisionDocs,https://openaccess.thecvf.com/content/ICCV2025W/VisionDocs/html/Giovannini_A_Survey_on_Reading_Order_Table_of_Contents_and_Structure_ICCVW_2025_paper.html,https://openaccess.thecvf.com/content/ICCV2025W/VisionDocs/papers/Giovannini_A_Survey_on_Reading_Order_Table_of_Contents_and_Structure_ICCVW_2025_paper.pdf,
763,Method,PRISM: Pruning for Rank-adaptive Interpretable Segmentation Model with Application to Historical Document Multiband Images,"Kilian Declercq, Abderrahmane Rahiche, Mohamed Cheriet",VisionDocs,https://openaccess.thecvf.com/content/ICCV2025W/VisionDocs/html/Declercq_PRISM_Pruning_for_Rank-adaptive_Interpretable_Segmentation_Model_with_Application_to_ICCVW_2025_paper.html,https://openaccess.thecvf.com/content/ICCV2025W/VisionDocs/papers/Declercq_PRISM_Pruning_for_Rank-adaptive_Interpretable_Segmentation_Model_with_Application_to_ICCVW_2025_paper.pdf,
764,Method,Long-form Reasoning for Keystep Recognition using Graph Neural Networks,"Julia Romero, Kyle Min, Subarna Tripathi, Morteza Karimzadeh",SG2RL,https://openaccess.thecvf.com/content/ICCV2025W/SG2RL/html/Romero_Long-form_Reasoning_for_Keystep_Recognition_using_Graph_Neural_Networks_ICCVW_2025_paper.html,https://openaccess.thecvf.com/content/ICCV2025W/SG2RL/papers/Romero_Long-form_Reasoning_for_Keystep_Recognition_using_Graph_Neural_Networks_ICCVW_2025_paper.pdf,
765,Method,Measuring Image-Relation Alignment: Reference-Free Evaluation of VLMs and Synthetic Pre-training for Open-Vocabulary Scene Graph Generation,"Maëlic Neau, Zoe Falomir, Cédric Buche, Akihiro Sugimoto",SG2RL,https://openaccess.thecvf.com/content/ICCV2025W/SG2RL/html/Neau_Measuring_Image-Relation_Alignment_Reference-Free_Evaluation_of_VLMs_and_Synthetic_Pre-training_ICCVW_2025_paper.html,https://openaccess.thecvf.com/content/ICCV2025W/SG2RL/papers/Neau_Measuring_Image-Relation_Alignment_Reference-Free_Evaluation_of_VLMs_and_Synthetic_Pre-training_ICCVW_2025_paper.pdf,https://arxiv.org/abs/2509.01209
766,Method,On the Distributed Evaluation of Generative Models,"Zixiao Wang, Farnia Farzan, Zhenghao Lin, Yunheng Shen, Bei Yu",CEGIS,https://openaccess.thecvf.com/content/ICCV2025W/CEGIS/html/Wang_On_the_Distributed_Evaluation_of_Generative_Models_ICCVW_2025_paper.html,https://openaccess.thecvf.com/content/ICCV2025W/CEGIS/papers/Wang_On_the_Distributed_Evaluation_of_Generative_Models_ICCVW_2025_paper.pdf,https://arxiv.org/abs/2310.11714
767,Method,An Information-Theoretic Approach to Diversity Evaluation of Prompt-based Generative Models,"Mohammad Jalali, Azim Ospanov, Amin Gohari, Farzan Farnia",CEGIS,https://openaccess.thecvf.com/content/ICCV2025W/CEGIS/html/Jalali_An_Information-Theoretic_Approach_to_Diversity_Evaluation_of_Prompt-based_Generative_Models_ICCVW_2025_paper.html,https://openaccess.thecvf.com/content/ICCV2025W/CEGIS/papers/Jalali_An_Information-Theoretic_Approach_to_Diversity_Evaluation_of_Prompt-based_Generative_Models_ICCVW_2025_paper.pdf,https://arxiv.org/abs/2411.02817
768,Method,Evaluating the Impact of Racial Cues on MLLMs Judgements of Politeness and Offensiveness,"Mahammed Kamruzzaman, Gene Louis Kim",FAILED,https://openaccess.thecvf.com/content/ICCV2025W/FAILED/html/Kamruzzaman_Evaluating_the_Impact_of_Racial_Cues_on_MLLMs_Judgements_of_ICCVW_2025_paper.html,https://openaccess.thecvf.com/content/ICCV2025W/FAILED/papers/Kamruzzaman_Evaluating_the_Impact_of_Racial_Cues_on_MLLMs_Judgements_of_ICCVW_2025_paper.pdf,
769,Method,Fairness Without Labels: Pseudo-Balancing for Bias Mitigation in Face Gender Classification,"Haohua Dong, Ana Manzano Rodríguez, Camille Guinaudeau, Shin'ichi Satoh",FAILED,https://openaccess.thecvf.com/content/ICCV2025W/FAILED/html/Dong_Fairness_Without_Labels_Pseudo-Balancing_for_Bias_Mitigation_in_Face_Gender_ICCVW_2025_paper.html,https://openaccess.thecvf.com/content/ICCV2025W/FAILED/papers/Dong_Fairness_Without_Labels_Pseudo-Balancing_for_Bias_Mitigation_in_Face_Gender_ICCVW_2025_paper.pdf,
770,Method,BAdd: Bias Mitigation through Bias Addition,"Ioannis Sarridis, Christos Koutlis, Symeon Papadopoulos, Christos Diou",FAILED,https://openaccess.thecvf.com/content/ICCV2025W/FAILED/html/Sarridis_BAdd_Bias_Mitigation_through_Bias_Addition_ICCVW_2025_paper.html,https://openaccess.thecvf.com/content/ICCV2025W/FAILED/papers/Sarridis_BAdd_Bias_Mitigation_through_Bias_Addition_ICCVW_2025_paper.pdf,https://arxiv.org/abs/2408.11439
771,Method,Modeling Cognitive and Implicit Biases in Multi-Agent Medical Systems for Clinical Diagnoses,"Niyel Hassan, Benjamin Liu, Raghav Thallapragada, Ryan Bui, Nishant Chinta, Ayushman Bisht, Dev J. Chaliha, Kevin Zhu",FAILED,https://openaccess.thecvf.com/content/ICCV2025W/FAILED/html/Hassan_Modeling_Cognitive_and_Implicit_Biases_in_Multi-Agent_Medical_Systems_for_ICCVW_2025_paper.html,https://openaccess.thecvf.com/content/ICCV2025W/FAILED/papers/Hassan_Modeling_Cognitive_and_Implicit_Biases_in_Multi-Agent_Medical_Systems_for_ICCVW_2025_paper.pdf,
