No,Type,Title,Authors,Kind,Part,DOI,Paper_Link
1,Dataset,IDAL: Improved Domain Adaptive Learning for Natural Images Dataset,"Ravi Kant Gupta, Shounak Das, Amit Sethi",Paper,Part I,10.1007/978-3-031-78107-0_18,https://doi.org/10.1007/978-3-031-78107-0_18
2,Dataset,GenFormer – Generated Images Are All You Need to Improve Robustness of Transformers on Small Datasets,"Sven Oehri, Nikolas Ebert, Ahmed Abdullah, Didier Stricker, Oliver Wasenmüller",Paper,Part II,10.1007/978-3-031-78166-7_12,https://doi.org/10.1007/978-3-031-78166-7_12
3,Dataset,EGOFALLS: A Visual-Audio Dataset and Benchmark for Fall Detection Using Egocentric Cameras,Xueyi Wang,Paper,Part II,10.1007/978-3-031-78166-7_16,https://doi.org/10.1007/978-3-031-78166-7_16
4,Dataset,Incorporating Spatial Locality Into Self-attention for Training Vision Transformer on Small-Scale Datasets,"Yuki Igaue, Takio Kurita, Hiroaki Aizawa",Paper,Part III,10.1007/978-3-031-78122-3_17,https://doi.org/10.1007/978-3-031-78122-3_17
5,Dataset,TinyConv-PVT: A Deeper Fusion Model of CNN and Transformer for Tiny Dataset,"Yi Zhang, Bowei Zhang, Kai Yi",Paper,Part IV,10.1007/978-3-031-78128-5_20,https://doi.org/10.1007/978-3-031-78128-5_20
6,Dataset,Multi-modal Deep Emotion-Cause Pair Extraction for Video Corpus,"Qianli Zhao, Linlin Zong, Bo Xu, Xianchao Zhang, Xinyue Liu",Paper,Part IV,10.1007/978-3-031-78128-5_29,https://doi.org/10.1007/978-3-031-78128-5_29
7,Dataset,TVT: Training-Free Vision Transformer Search on Tiny Datasets,"Zimian Wei, Hengyue Pan, Lujun Li, Peijie Dong, Dongsheng Li",Paper,Part V,10.1007/978-3-031-78169-8_24,https://doi.org/10.1007/978-3-031-78169-8_24
8,Dataset,A Lightweight Measure of Classification Difficulty from Application Dataset Characteristics,"Bryan Bo Cao, Abhinav Sharma, Lawrence O’Gorman, Michael Coss, Shubham Jain",Paper,Part V,10.1007/978-3-031-78169-8_29,https://doi.org/10.1007/978-3-031-78169-8_29
9,Dataset,TMCSpeech: A Chinese TV and Movie Speech Dataset with Character Descriptions and a Character-Based Voice Generation Model,"Dong Liu, Yueqian Lin, Yunfei Xu, Ming Li",Paper,Part VI,10.1007/978-3-031-78172-8_12,https://doi.org/10.1007/978-3-031-78172-8_12
10,Dataset,Visible-Infrared Person Search: A Novel Benchmark and Solution,"Hongxu Chen, Jianghao Xiong, Yuheng Huang, Xiaohua Xie, Jian-Huang Lai",Paper,Part XIV,10.1007/978-3-031-78341-8_5,https://doi.org/10.1007/978-3-031-78341-8_5
11,Dataset,Merging Multiple Datasets for Improved Appearance-Based Gaze Estimation,"Liang Wu, Bertram E. Shi",Paper,Part XIV,10.1007/978-3-031-78341-8_6,https://doi.org/10.1007/978-3-031-78341-8_6
12,Dataset,"An Unconstrained Dataset for Face Recognition Across Distance, Pose, and Resolution","Udaybhan Rathore, Akshay Agarwal",Paper,Part XIV,10.1007/978-3-031-78341-8_9,https://doi.org/10.1007/978-3-031-78341-8_9
13,Dataset,UAV-Enhanced Combination to Application: Comprehensive Analysis and Benchmarking of a Human Detection Dataset for Disaster Scenarios,"Ragib Amin Nihal, Benjamin Yen, Katsutoshi Itoyama, Kazuhiro Nakadai",Paper,Part XIV,10.1007/978-3-031-78341-8_10,https://doi.org/10.1007/978-3-031-78341-8_10
14,Dataset,DREAMS: Diverse Reactions of Engagement and Attention Mind States Dataset,"Monisha Singh, Gulshan Sharma, Ximi Hoque, Abhinav Dhall",Paper,Part XIV,10.1007/978-3-031-78341-8_11,https://doi.org/10.1007/978-3-031-78341-8_11
15,Dataset,PolyGlotFake: A Novel Multilingual and Multimodal DeepFake Dataset,"Yang Hou, Haitao Fu, Chunkai Chen, Zida Li, Haoyu Zhang, Jianjun Zhao",Paper,Part XIV,10.1007/978-3-031-78341-8_12,https://doi.org/10.1007/978-3-031-78341-8_12
16,Dataset,AnnChor: A Video Dataset for Temporal Action Localization in Classical Ballet Choreography,"Margaux Bowditch, Dustin van der Haar",Paper,Part XIV,10.1007/978-3-031-78341-8_13,https://doi.org/10.1007/978-3-031-78341-8_13
17,Dataset,Vascular Biometrics Experiments on Candy – A New Contactless Finger-Vein Dataset,"Sushil Bhattacharjee, David Geissbuehler, Guillaume Clivaz, Ketan Kotwal, Sébastien Marcel",Paper,Part XIV,10.1007/978-3-031-78341-8_19,https://doi.org/10.1007/978-3-031-78341-8_19
18,Dataset,Geometric Deep Learning in Industrial Scenes: A Large-Scale 3D Synthetic Dataset,"Igor P. Maurell, Pedro L. Corçaque, Cris L. Froes, João Francisco S. S. Lemos, Felipe G. Oliveira, Paulo L. J. Drews-Jr",Paper,Part XIX,10.1007/978-3-031-78495-8_1,https://doi.org/10.1007/978-3-031-78495-8_1
19,Dataset,CHART-Info 2024: A Dataset for Chart Analysis and Recognition,"Kenny Davila, Rupak Lazarus, Fei Xu, Nicole Rodríguez Alcántara, Srirangaraj Setlur, Venu Govindaraju, Ajoy Mondal, C. V. Jawahar",Paper,Part XIX,10.1007/978-3-031-78495-8_19,https://doi.org/10.1007/978-3-031-78495-8_19
20,Dataset,AIO-HB: A Handwritten Text Image Dataset of Hindi and Bengali Indian Scripts for Handwritten Text Recognition,"Piyush Kanti Samanta, Samit Biswas",Paper,Part XIX,10.1007/978-3-031-78495-8_20,https://doi.org/10.1007/978-3-031-78495-8_20
21,Dataset,Unconstrained Camera Captured Indic Offline Handwritten Dataset,"Ajoy Mondal, C. V. Jawahar",Paper,Part XIX,10.1007/978-3-031-78495-8_21,https://doi.org/10.1007/978-3-031-78495-8_21
22,Dataset,Robust Leaf Detection using Shape Priors within Smaller Datasets,"Debojyoti Misra, Tushar Sandhan",Paper,Part XV,10.1007/978-3-031-78354-8_28,https://doi.org/10.1007/978-3-031-78354-8_28
23,Dataset,S3Simulator: A Benchmarking Side Scan Sonar Simulator Dataset for Underwater Image Analysis,"S. Kamal Basha, Athira Nambiar",Paper,Part XVI,10.1007/978-3-031-78444-6_15,https://doi.org/10.1007/978-3-031-78444-6_15
24,Dataset,VA-OCC : Enhancing Occupancy Dataset Based on Visible Area for Autonomous Driving,"Yang Li, Weng Feng, Ge Gao, Jun Chang, Ming Li",Paper,Part XVII,10.1007/978-3-031-78447-7_24,https://doi.org/10.1007/978-3-031-78447-7_24
25,Dataset,A Benchmark and Chain-of-Thought Prompting Strategy for Large Multimodal Models with Multiple Image Inputs,"Daoan Zhang, Junming Yang, Hanjia Lyu, Zijian Jin, Yuan Yao, Mingkai Chen, Jiebo Luo",Paper,Part XVIII,10.1007/978-3-031-78456-9_15,https://doi.org/10.1007/978-3-031-78456-9_15
26,Dataset,: A New Dataset for pularity diction of manian Reddit Posts,"Ana-Cristina Rogoz, Maria Ilinca Nechita, Radu Tudor Ionescu",Paper,Part XX,10.1007/978-3-031-78498-9_2,https://doi.org/10.1007/978-3-031-78498-9_2
27,Dataset,EDM10: A Polyphonic Stereo Dataset with Identical BGM for Musical Instrument Identification,"Himadri Mukherjee, Matteo Marciano, Ankita Dhar, Kaushik Roy",Paper,Part XX,10.1007/978-3-031-78498-9_19,https://doi.org/10.1007/978-3-031-78498-9_19
28,Dataset,Unsupervised Metric Learning for Expressing Color and Shape Information to Uncover Abstract Connections within Image Datasets,"Shun Obikane, Haruna Tagawa, Yoshimitsu Aoki",Paper,Part XXI,10.1007/978-3-031-78305-0_2,https://doi.org/10.1007/978-3-031-78305-0_2
29,Dataset,SocialFaceEmoNet: A Deep Architecture for Social Media Face Recognition and Emotion Detection Using Customized Datasets,"Jayanta Paul, Abhijit Mitra, Somak Sanyal, Jaya Sil",Paper,Part XXIV,10.1007/978-3-031-78383-8_21,https://doi.org/10.1007/978-3-031-78383-8_21
30,Dataset,Uni4DAL: A Unified Baseline for Multi-dataset 4D Auto-Labeling,"Zhiyuan Yang, Xuekuan Wang, Wei Zhang, Xiao Tan, Jinchen Lu, Jingdong Wang, Errui Ding, Zhihui Lai, Cairong Zhao",Paper,Part XXX,10.1007/978-3-031-78113-1_12,https://doi.org/10.1007/978-3-031-78113-1_12
31,Dataset,SNOBERT: A Benchmark for Clinical Notes Entity Linking in the SNOMED CT Clinical Terminology,"Mikhail Kulyabin, Gleb Sokolov, Aleksandr Galaida, Andreas Maier, Tomas Arias-Vergara",Paper,Part XXXI,10.1007/978-3-031-78119-3_11,https://doi.org/10.1007/978-3-031-78119-3_11
32,Dataset,Primary Key Free Watermarking for Numerical Tabular Datasets in Machine Learning,"Xin Che, Mohammad Akbari, Shaoxin Li, David Yue, Yong Zhang, Lingyang Chu",Paper,Part XXXI,10.1007/978-3-031-78119-3_18,https://doi.org/10.1007/978-3-031-78119-3_18
33,Dataset,ICPR 2024 Competition on Multiple Sclerosis Lesion Segmentation—Methods and Results,"Alessia Rondinella, Francesco Guarnera, Elena Crispino, Giulia Russo, Clara Di Lorenzo, Davide Maimone, Francesco Pappalardo, Sebastiano Battiato",Competition,Part XXXIV,10.1007/978-3-031-80139-6_1,https://doi.org/10.1007/978-3-031-80139-6_1
34,Dataset,ICPR 2024 Competition on Multi-line Mathematical Expressions Recognition,"Tianrui Zong, Lin Yang, Wei Luo, Wenhao Yu, Borui Cai, He Zhang, Fenghong Liu, Qinqin Yan, Liangcai Gao",Competition,Part XXXIV,10.1007/978-3-031-80139-6_2,https://doi.org/10.1007/978-3-031-80139-6_2
35,Dataset,ICPR 2024 Competition on Rider Intention Prediction,"Shankar Gangisetty, Abdul Wasi, Shyam Nandan Rai, C. V. Jawahar, Sajay Raj, Manish Prajapati, Ayesha Choudhary, Aaryadev Chandra, Dev Chandan, Shireen Chand, Suvaditya Mukherjee",Competition,Part XXXIV,10.1007/978-3-031-80139-6_3,https://doi.org/10.1007/978-3-031-80139-6_3
36,Dataset,ICPR 2024 Competition on Beyond Visible Spectrum: AI for Agriculture,"Liangxiu Han, Wenjiang Huang, Xin Zhang, Yingying Dong, Tam Sobeih, Yufan Lin",Competition,Part XXXIV,10.1007/978-3-031-80139-6_4,https://doi.org/10.1007/978-3-031-80139-6_4
37,Dataset,ICPR 2024 Competition on Resource-Limited Infrared Small Target Detection Challenge: Methods and Results,"Boyang Li, Xinyi Ying, Ruojing Li, Yongxian Liu, Yangsi Shi, Miao Li, Xin Zhang, Mingyuan Hu, Chenyang Wu, Yukai Zhang, Hui Wei, Dongli Tang, Jian Zhao, Lei Jin, Chao Xiao, Qiang Ling, Zaiping Lin, Weidong Sheng, Weixing Li, Chenxu Peng, Wei Ke, Yuhang He, Huoren Yang, Lingjie Liu, Ziqi Liu, Zelin Shi, Yunpeng Liu, Chuang Yu, Jinmiao Zhao, Shan Yang, Heng Xiang, You Li, Guoqing Wang, Tianyu Li, Minghang Zhou, Chenxi Lan, Dongyu Xi, Chaofan Qiao, Yupeng Gao, Yongxu Liu, Wei Feng, Zhihao Ma, Deping Chen, Xiaopeng Song, Jiuping Yang, Zhaobing Qiu, Rixiang Ni, Changhai Luo, Ye Lin, Shuyuan Zheng, Baojin Huang, Xiaoqi Zhou, Qingshan Guo, Xuyang Zhang, Xiuhong Li, Dangxuan Wu, Jian Ma, Haodong Zeng, Luyao Wang, Qiang Fu, Yimian Dai, Renke Kou, Jian Song, Changfeng Feng, Zihao Xiong, Mengxuan Xiao, Hong Huang, Yingxu Liu, Quanyi Zhao",Competition,Part XXXIV,10.1007/978-3-031-80139-6_5,https://doi.org/10.1007/978-3-031-80139-6_5
38,Dataset,ICPR 2024 Competition on Moving Object Detection and Tracking in Satellite Videos: Methods and Results,"Qian Yin, Yulan Guo, Qingyong Hu, Feng Zhang, Yuting Xie, Ye Zhang, Huaiyu Chen, Hanyun Wang, Han Wang, Furui Chen, Rong Yang, Silei Liu, Yuxuan Liu, Xiaomin Huang, Yang Jiao, Qi Dong, Shining Wang, Ying Li, Peng Wang, Lin Tang, Shiyong Peng, Xiaokai Bi, Renbin Zou, Cong Xu, Wenjing Deng, Wenhua Zhang, Zhen Cui",Competition,Part XXXIV,10.1007/978-3-031-80139-6_6,https://doi.org/10.1007/978-3-031-80139-6_6
39,Dataset,ICPR 2024 Competition on VISual Tracking in Adverse Conditions (VISTAC),"Asfak Ali, Arya Pandit, Shirshendu Mandal, Srinjan Bhattacharjee, Sauptik Maiti, Suvojit Acharjee, Ram Sarkar, Sheli Sinha Chaudhuri, Sos S. Agaian, Khalifa Djemal",Competition,Part XXXIV,10.1007/978-3-031-80139-6_7,https://doi.org/10.1007/978-3-031-80139-6_7
40,Dataset,ICPR 2024 Leaf Inspect Competition: Leaf Instance Segmentation and Counting,"Swati Bhugra, Prerana Mukherjee, Vinay Kaushik, Siddharth Srivastava, Manoj Sharma, Viswanathan Chinnusamy, Brejesh Lall, Santanu Chaudhary",Competition,Part XXXIV,10.1007/978-3-031-80139-6_8,https://doi.org/10.1007/978-3-031-80139-6_8
41,Dataset,ICPR 2024 Competition on Word Image Recognition from Indic Scene Images,"Harsh Lunia, Ajoy Mondal, C. V. Jawahar",Competition,Part XXXIV,10.1007/978-3-031-80139-6_9,https://doi.org/10.1007/978-3-031-80139-6_9
42,Dataset,ICPR 2024 Competition on Multilingual Claim-Span Identification,"Soham Poddar, Biswajit Paul, Moumita Basu, Saptarshi Ghosh",Competition,Part XXXIV,10.1007/978-3-031-80139-6_10,https://doi.org/10.1007/978-3-031-80139-6_10
43,Dataset,ICPR 2024 Competition on Safe Segmentation of Drive Scenes in Unstructured Traffic and Adverse Weather Conditions,"Furqan Ahmed Shaik, Sandeep Nagar, Aiswarya Maturi, Harshit Kumar Sankhla, Dibyendu Ghosh, Anshuman Majumdar, Srikanth Vidapanakal, Kunal Chaudhary, Sunny Manchanda, Girish Varma",Competition,Part XXXIV,10.1007/978-3-031-80139-6_11,https://doi.org/10.1007/978-3-031-80139-6_11
44,Dataset,ICPR 2024 Competition on Domain Adaptation and GEneralization for Character Classification (DAGECC),"Sofia Marino, Jennifer Vandoni, Emanuel Aldea, Ichraq Lemghari, Sylvie Le Hégarat-Mascle, Frédéric Jurie",Competition,Part XXXIV,10.1007/978-3-031-80139-6_12,https://doi.org/10.1007/978-3-031-80139-6_12
45,Method,Semi-Supervised Variational Adversarial Active Learning via Learning to Rank and Agreement-Based Pseudo Labeling,"Zongyao Lyu, William J. Beksi",Paper,Part I,10.1007/978-3-031-78107-0_1,https://doi.org/10.1007/978-3-031-78107-0_1
46,Method,Deep Evidential Active Learning with Uncertainty-Aware Determinantal Point Process,"Yuxian Zhou, Xiaodong Yue, Yufei Chen, Shaorong Xie",Paper,Part I,10.1007/978-3-031-78107-0_2,https://doi.org/10.1007/978-3-031-78107-0_2
47,Method,Knowledge Distillation in Deep Networks Under a Constrained Query Budget,"Ankita Singh, Shayok Chakraborty",Paper,Part I,10.1007/978-3-031-78107-0_3,https://doi.org/10.1007/978-3-031-78107-0_3
48,Method,Adabot: An Adaptive Trading Bot Using an Ensemble of Phase-Specific Few-Shot Learners to Adapt to the Changing Market Dynamics,"Vishvajeet Upadhyay, Angshuman Paul",Paper,Part I,10.1007/978-3-031-78107-0_4,https://doi.org/10.1007/978-3-031-78107-0_4
49,Method,Uncertainty in Ambiguity of Data,Hoang-Hiep Trinh,Paper,Part I,10.1007/978-3-031-78107-0_5,https://doi.org/10.1007/978-3-031-78107-0_5
50,Method,When Uncertainty-Based Active Learning May Fail?,"Amir Hossein Rahmati, Mingzhou Fan, Ruida Zhou, Nathan M. Urban, Byung-Jun Yoon, Xiaoning Qian",Paper,Part I,10.1007/978-3-031-78107-0_6,https://doi.org/10.1007/978-3-031-78107-0_6
51,Method,Customizable and Programmable Deep Learning,"Ratnabali Pal, Samarjit Kar, Arif Ahmed Sekh",Paper,Part I,10.1007/978-3-031-78107-0_7,https://doi.org/10.1007/978-3-031-78107-0_7
52,Method,SegXAL: Explainable Active Learning for Semantic Segmentation in Driving Scene Scenarios,"Sriram Mandalika, Athira Nambiar",Paper,Part I,10.1007/978-3-031-78107-0_8,https://doi.org/10.1007/978-3-031-78107-0_8
53,Method,AMC-OA: Adaptive Multi-Scale Convolutional Networks with Optimized Attention for Temporal Action Localization,"Rui Yuan, Chun Yuan",Paper,Part I,10.1007/978-3-031-78107-0_9,https://doi.org/10.1007/978-3-031-78107-0_9
54,Method,"Comparative Analysis of Pretrained Models for Text Classification, Generation and Summarization: A Detailed Analysis","Prakrit Pathak, Prashant Singh Rana",Paper,Part I,10.1007/978-3-031-78107-0_10,https://doi.org/10.1007/978-3-031-78107-0_10
55,Method,Predicting Judgement Outcomes from Legal Case File Summaries with Explainable Approach,"Hima Varshini Surisetty, Sarayu Varma Gottimukkala, Priyanka Prabhakar, Peeta Basa Pati",Paper,Part I,10.1007/978-3-031-78107-0_11,https://doi.org/10.1007/978-3-031-78107-0_11
56,Method,Multi-view Ensemble Clustering-Based Podcast Recommendation in Indian Regional Setting,"Yashwant Pravinrao Bangde, Naveen Saini",Paper,Part I,10.1007/978-3-031-78107-0_12,https://doi.org/10.1007/978-3-031-78107-0_12
57,Method,Privacy-Preserving Ensemble Learning Using Fully Homomorphic Encryption,"Tilak Sharma, Nalini Ratha, Charanjit Jutla",Paper,Part I,10.1007/978-3-031-78107-0_13,https://doi.org/10.1007/978-3-031-78107-0_13
58,Method,Capturing Temporal Components for Time Series Classification,"Venkata Ragavendra Vavilthota, Ranjith Ramanathan, Sathyanarayanan N. Aakur",Paper,Part I,10.1007/978-3-031-78107-0_14,https://doi.org/10.1007/978-3-031-78107-0_14
59,Method,Hierarchical Transfer Multi-task Learning Approach for Scene Classification,"Reza Khoshkangini, Mohsen Tajgardan, Mahtab Jamali, Martin Georg Ljungqvist, Radu-Casian Mihailescu, Paul Davidsson",Paper,Part I,10.1007/978-3-031-78107-0_15,https://doi.org/10.1007/978-3-031-78107-0_15
60,Method,Deep Prompt Multi-task Network for Abuse Language Detection,"Jian Zhu, Yuping Ruan, Jingfei Chang, Wenhui Sun, Hui Wan, Jian Long, Cheng Luo",Paper,Part I,10.1007/978-3-031-78107-0_16,https://doi.org/10.1007/978-3-031-78107-0_16
61,Method,All Mistakes are not Equal: Comprehensive Hierarchy Aware Multilabel Predictions (CHAMP),"Ashwin Vaswani, Yashas Samaga, Gaurav Aggarwal, Praneeth Netrapalli, Narayan Hegde",Paper,Part I,10.1007/978-3-031-78107-0_17,https://doi.org/10.1007/978-3-031-78107-0_17
62,Method,Large Multimodal Models Thrive with Little Data for Image Emotion Prediction,"Peng He, Mohamed Hussein, Wael Abd Almageed",Paper,Part I,10.1007/978-3-031-78107-0_19,https://doi.org/10.1007/978-3-031-78107-0_19
63,Method,Flatter Minima of Loss Landscapes Correspond with Strong Corruption Robustness,"Liqun Zhong, Kaijie Zhu, Ge Yang",Paper,Part I,10.1007/978-3-031-78107-0_20,https://doi.org/10.1007/978-3-031-78107-0_20
64,Method,Restoring Noisy Images Using Dual-Tail Encoder-Decoder Signal Separation Network,"Akshay Agarwal, Mayank Vatsa, Richa Singh, Nalini Ratha",Paper,Part I,10.1007/978-3-031-78107-0_21,https://doi.org/10.1007/978-3-031-78107-0_21
65,Method,Utilizing Deep Incomplete Classifiers to Implement Semantic Clustering for Killer Whale Photo Identification Data,"Alexander Barnhill, Jared R. Towers, Elmar Nöth, Andreas Maier, Christian Bergler",Paper,Part I,10.1007/978-3-031-78107-0_22,https://doi.org/10.1007/978-3-031-78107-0_22
66,Method,FPMT: Enhanced Semi-supervised Model for Traffic Incident Detection,"Xinying Lu, Jianli Xiao",Paper,Part I,10.1007/978-3-031-78107-0_23,https://doi.org/10.1007/978-3-031-78107-0_23
67,Method,C2F-CHART: A Curriculum Learning Approach to Chart Classification,"Nour Shaheen, Tamer Elsharnouby, Marwan Torki",Paper,Part I,10.1007/978-3-031-78107-0_24,https://doi.org/10.1007/978-3-031-78107-0_24
68,Method,Vision DualGNN: Semantic Graph Is Not Only You Need,"Xiaolong Zheng, Jianming Wang, Zhitao Xiao, Yukuan Sun",Paper,Part I,10.1007/978-3-031-78107-0_25,https://doi.org/10.1007/978-3-031-78107-0_25
69,Method,Enhancing Graph-Based Clustering with the Regularity Lemma,"Jian Hou, Juntao Ge, Huaqiang Yuan, Marcello Pelillo",Paper,Part I,10.1007/978-3-031-78107-0_26,https://doi.org/10.1007/978-3-031-78107-0_26
70,Method,IPD: Scalable Clustering with Incremental Prototypes,"Jayasree Saha, Jayanta Mukhopadhyay",Paper,Part I,10.1007/978-3-031-78107-0_27,https://doi.org/10.1007/978-3-031-78107-0_27
71,Method,Mitigating the Impact of Noisy Edges on Graph-Based Algorithms via Adversarial Robustness Evaluation,"Yongyu Wang, Xiaotian Zhuang",Paper,Part I,10.1007/978-3-031-78107-0_28,https://doi.org/10.1007/978-3-031-78107-0_28
72,Method,Adaptive Graph-Based Manifold Learning for Gene Selection,"Reshma Rastogi, Mamta Bhattarai Lamsal",Paper,Part I,10.1007/978-3-031-78107-0_29,https://doi.org/10.1007/978-3-031-78107-0_29
73,Method,Adversarial Transport Terms for Unsupervised Domain Adaptation,"P. Chirag, Mukta Wagle, Ravi Kant Gupta, Jeevan P. Pranav, Amit Sethi",Paper,Part II,10.1007/978-3-031-78166-7_1,https://doi.org/10.1007/978-3-031-78166-7_1
74,Method,FedSOKD-TFA: Federated Learning with Stage-Optimal Knowledge Distillation and Three-Factor Aggregation,"Jianhao Liu, Wenjuan Gong, Tingbo Shi, Kechen Li, Yi Jin, Jordi Gonzàlez",Paper,Part II,10.1007/978-3-031-78166-7_2,https://doi.org/10.1007/978-3-031-78166-7_2
75,Method,DualViT: A Hierarchical Vision Transformer for Broad and Fine Class Embeddings,"Ankita Chatterjee, Sandip Dutta, Jayanta Mukhopadhyay, Partha Pratim Das",Paper,Part II,10.1007/978-3-031-78166-7_3,https://doi.org/10.1007/978-3-031-78166-7_3
76,Method,Establishing Interconnections of Similarity-Based Classifiers for Multi-label Learning with Missing Labels,"Sambhav Jain, Reshma Rastogi",Paper,Part II,10.1007/978-3-031-78166-7_4,https://doi.org/10.1007/978-3-031-78166-7_4
77,Method,GL-TSVM: A Robust and Smooth Twin Support Vector Machine with Guardian Loss Function,"Mushir Akhtar, M. Tanveer, Mohd. Arshad",Paper,Part II,10.1007/978-3-031-78166-7_5,https://doi.org/10.1007/978-3-031-78166-7_5
78,Method,An Approach Towards Learning K-Means-Friendly Deep Latent Representation,Debapriya Roy,Paper,Part II,10.1007/978-3-031-78166-7_6,https://doi.org/10.1007/978-3-031-78166-7_6
79,Method,PulmoNetX: A Hybrid Vision Transformer Approach for Multi-scale Spatial Feature Reduction in Pneumonia Classification,"Asifuzzaman Lasker, Mridul Ghosh, Sk Md Obaidullah, Chandan Chakraborty, Kaushik Roy, Umapada Pal",Paper,Part II,10.1007/978-3-031-78166-7_7,https://doi.org/10.1007/978-3-031-78166-7_7
80,Method,Federated K-Means Clustering,"Swier Garst, Marcel Reinders",Paper,Part II,10.1007/978-3-031-78166-7_8,https://doi.org/10.1007/978-3-031-78166-7_8
81,Method,Feature Selection Voting Strategies and Hyperparameter Tuning in a Boosting Classification,"Nicole Dalia Cilia, Giovanni Fanara, Vincenzo Conti",Paper,Part II,10.1007/978-3-031-78166-7_9,https://doi.org/10.1007/978-3-031-78166-7_9
82,Method,Advancing 3D Mesh Analysis: A Graph Learning Approach for Intersecting 3D Geometry Classification,"Stefan Andreas Böhm, Martin Neumayer, Bare Luka Zagar, Fabian Riß, Christian Kortüm, Alois Knoll",Paper,Part II,10.1007/978-3-031-78166-7_10,https://doi.org/10.1007/978-3-031-78166-7_10
83,Method,Efficient Classification of Histopathology Images Using Highly Imbalanced Data,"Mohammad Iqbal Nouyed, Mary-Anne Hartley, Gianfranco Doretto, Donald A. Adjeroh",Paper,Part II,10.1007/978-3-031-78166-7_11,https://doi.org/10.1007/978-3-031-78166-7_11
84,Method,Recognizing Patterns of Parkinson’s Disease Using Online Trail Making Test and Response Dynamics – Preliminary Study,"Artur Chudzik, Jerzy P. Nowacki, Andrzej W. Przybyszewski",Paper,Part II,10.1007/978-3-031-78166-7_13,https://doi.org/10.1007/978-3-031-78166-7_13
85,Method,Regularization of Interpolation Kernel Machines,"Jiaqi Zhang, Xiaoyi Jiang",Paper,Part II,10.1007/978-3-031-78166-7_14,https://doi.org/10.1007/978-3-031-78166-7_14
86,Method,Task Success Classification with Final State of Future Prediction for Robot Control Planning,"Taku Fujitomi, Naoya Sogi, Takashi Shibata, Makoto Terao",Paper,Part II,10.1007/978-3-031-78166-7_15,https://doi.org/10.1007/978-3-031-78166-7_15
87,Method,Towards Unbiased Minimal Cluster Analysis of Categorical-and-Numerical Attribute Data,"Yunfan Zhang, Xiaopeng Luo, Qingsheng Chen, Rong Zou, Yiqun Zhang, Yiu-ming Cheung",Paper,Part II,10.1007/978-3-031-78166-7_17,https://doi.org/10.1007/978-3-031-78166-7_17
88,Method,PolSAR Image Classification Using Complex-Valued Squeeze and Excitation Network,"Shradha Makhija, Srimanta Mandal, Utkarsh Pandya, Sanid Chirakkal, Deepak Putrevu",Paper,Part II,10.1007/978-3-031-78166-7_18,https://doi.org/10.1007/978-3-031-78166-7_18
89,Method,Probabilistic Fusion Framework Combining CNNs and Graphical Models for Multiresolution Satellite and UAV Image Classification,"Martina Pastorino, Gabriele Moser, Fabien Guerra, Sebastiano B. Serpico, Josiane Zerubia",Paper,Part II,10.1007/978-3-031-78166-7_19,https://doi.org/10.1007/978-3-031-78166-7_19
90,Method,Multiscale Color Guided Attention Ensemble Classifier for Age-Related Macular Degeneration Using Concurrent Fundus and Optical Coherence Tomography Images,"Pragya Gupta, Subhamoy Mandal, Debashree Guha, Debjani Chakraborty",Paper,Part II,10.1007/978-3-031-78166-7_20,https://doi.org/10.1007/978-3-031-78166-7_20
91,Method,PolSAR Image Classification Using Superpixel Profile and CNN,"Nabajyoti Das, Swarnajyoti Patra, Amos Bortiew",Paper,Part II,10.1007/978-3-031-78166-7_21,https://doi.org/10.1007/978-3-031-78166-7_21
92,Method,Know How Much Sensitive Precision and Recall Validity Measures Are?,"Sumit Mishra, Srinibas Swain, Ved Prakash",Paper,Part II,10.1007/978-3-031-78166-7_22,https://doi.org/10.1007/978-3-031-78166-7_22
93,Method,Optimizing Software Release Management with GPT-Enabled Log Anomaly Detection,"Jahanggir Hossain Setu, Md. Shazzad Hossain, Nabarun Halder, Ashraful Islam, M. Ashraful Amin",Paper,Part II,10.1007/978-3-031-78166-7_23,https://doi.org/10.1007/978-3-031-78166-7_23
94,Method,Patch-Based Prototypical Cross-Scale Attention Network for Anomaly Detection,"Tung-Lin Wang, Jun-Wei Hsieh, Yi-Kuan Hsieh",Paper,Part II,10.1007/978-3-031-78166-7_24,https://doi.org/10.1007/978-3-031-78166-7_24
95,Method,Semi-structured Pruning of Graph Convolutional Networks for Skeleton-Based Recognition,Hichem Sahbi,Paper,Part II,10.1007/978-3-031-78166-7_25,https://doi.org/10.1007/978-3-031-78166-7_25
96,Method,"Data Pruning via Separability, Integrity, and Model Uncertainty-Aware Importance Sampling","Steven Grosz, Rui Zhao, Rajeev Ranjan, Hongcheng Wang, Manoj Aggarwal, Gerard Medioni, Anil Jain",Paper,Part II,10.1007/978-3-031-78166-7_26,https://doi.org/10.1007/978-3-031-78166-7_26
97,Method,Label-Specific Multi-label Classification with Entropy Guided Clustering,"Jiaxuan Li, Tong Zhu, Xiaoyan Zhu, Jiayin Wang",Paper,Part II,10.1007/978-3-031-78166-7_27,https://doi.org/10.1007/978-3-031-78166-7_27
98,Method,FAT-LSTM: A Multimodal Data Fusion Model with Gating and Attention-Based LSTM for Time-Series Classification,"Pouya Hosseinzadeh, Omar Bahri, Soukaina Filali Boubrahimi, Shah Muhammad Hamdi",Paper,Part II,10.1007/978-3-031-78166-7_28,https://doi.org/10.1007/978-3-031-78166-7_28
99,Method,Fusing Image and Text Features for Scene Sentiment Analysis Using Whale-Honey Badger Optimization Algorithm (WHBOA),"Prem Shanker Yadav, Dinesh Kumar Tyagi, Santosh Kumar Vipparthi",Paper,Part II,10.1007/978-3-031-78166-7_29,https://doi.org/10.1007/978-3-031-78166-7_29
100,Method,EncodeNet: A Framework for Boosting DNN Accuracy with Entropy-Driven Generalized Converting Autoencoder,"Hasanul Mahmud, Palden Lama, Kevin Desai, Sushil K. Prasad",Paper,Part II,10.1007/978-3-031-78166-7_30,https://doi.org/10.1007/978-3-031-78166-7_30
101,Method,Deep Multi-order Context-Aware Kernel Network for Multi-label Classification,"Mingyuan Jiu, Hailong Zhu, Hichem Sahbi",Paper,Part III,10.1007/978-3-031-78122-3_1,https://doi.org/10.1007/978-3-031-78122-3_1
102,Method,Classifier Enhanced Deep Learning Model for Erythroblast Differentiation with Limited Data,"Buddhadev Goswami, Adithya B. Somaraj, Prantar Chakrabarti, Ravindra Gudi, Nirmal Punjabi",Paper,Part III,10.1007/978-3-031-78122-3_2,https://doi.org/10.1007/978-3-031-78122-3_2
103,Method,PiExtract: An End-to-End Data Extraction Pipeline for Pie-Charts,"Muhammad Suhaib Kanroo, Hadia Showkat Kawoosa, Joy Dhar, Puneet Goyal",Paper,Part III,10.1007/978-3-031-78122-3_3,https://doi.org/10.1007/978-3-031-78122-3_3
104,Method,Machine Learning Solutions for Predicting Bankruptcy in Indian Firms,"Chaithra, Priyanshu Sharma, Biju R. Mohan",Paper,Part III,10.1007/978-3-031-78122-3_4,https://doi.org/10.1007/978-3-031-78122-3_4
105,Method,Efficient Object Detection via Fine-Grained Regularization with Global Initialization,"Binhan Chen, Qiaojun Wu, Song Chen, Yi Kang",Paper,Part III,10.1007/978-3-031-78122-3_5,https://doi.org/10.1007/978-3-031-78122-3_5
106,Method,On Trace of PGD-Like Adversarial Attacks,"Mo Zhou, Vishal M. Patel",Paper,Part III,10.1007/978-3-031-78122-3_6,https://doi.org/10.1007/978-3-031-78122-3_6
107,Method,CAB-KWS : Contrastive Augmentation: An Unsupervised Learning Approach for Keyword Spotting in Speech Technology,"Weinan Dai, Yifeng Jiang, Yuanjing Liu, Jinkun Chen, Xin Sun, Jinglei Tao",Paper,Part III,10.1007/978-3-031-78122-3_7,https://doi.org/10.1007/978-3-031-78122-3_7
108,Method,Deep Learning in Automated Worm Identification and Tracking for C. Elegan Mating Behaviour Analysis,"Chukwuma Hilary Akpu, Hong Wei, Xia Hong",Paper,Part III,10.1007/978-3-031-78122-3_8,https://doi.org/10.1007/978-3-031-78122-3_8
109,Method,Interactive-Time Text-Guided Editing of 3D Face,"Yeon-Jeong Lee, Yeong-Hun Song, Sang Wook Yoo, Joon-Kyung Seong",Paper,Part III,10.1007/978-3-031-78122-3_9,https://doi.org/10.1007/978-3-031-78122-3_9
110,Method,Unlearning Vision Transformers Without Retaining Data via Low-Rank Decompositions,"Samuele Poppi, Sara Sarto, Marcella Cornia, Lorenzo Baraldi, Rita Cucchiara",Paper,Part III,10.1007/978-3-031-78122-3_10,https://doi.org/10.1007/978-3-031-78122-3_10
111,Method,gWaveNet: Classification of Gravity Waves from Noisy Satellite Data Using Custom Kernel Integrated Deep Learning Method,"Seraj Al Mahmud Mostafa, Omar Faruque, Chenxi Wang, Jia Yue, Sanjay Purushotham, Jianwu Wang",Paper,Part III,10.1007/978-3-031-78122-3_11,https://doi.org/10.1007/978-3-031-78122-3_11
112,Method,Neural-Code PIFu: High-Fidelity Single Image 3D Human Reconstruction via Neural Code Integration,"Ruizhi Liu, Paolo Remagnino, Hubert P. H. Shum",Paper,Part III,10.1007/978-3-031-78122-3_12,https://doi.org/10.1007/978-3-031-78122-3_12
113,Method,Sea-ShipNet: Detect Any Ship in SAR Images,"Qinglin Zhang, Donghai Guan, Weiwei Yuan, Mingqiang Wei",Paper,Part III,10.1007/978-3-031-78122-3_13,https://doi.org/10.1007/978-3-031-78122-3_13
114,Method,Semantic Correlation Adaptation for Union-Set Multi-label Image Recognition,"Xinyu Wang, Tao Pu, Dongyu Zhang, Liang Lin",Paper,Part III,10.1007/978-3-031-78122-3_14,https://doi.org/10.1007/978-3-031-78122-3_14
115,Method,FedSC: Federated Generalized Face Anti-Spoofing via Shuffled Codebook,"Shuai Yang, Mei Wang, Weihong Deng, Jiani Hu",Paper,Part III,10.1007/978-3-031-78122-3_15,https://doi.org/10.1007/978-3-031-78122-3_15
116,Method,LoHoSC: Low Order High Order Style Consistency for Syn-to-Real Domain Generalized Semantic Segmentation,"Sudhakar Kumawat, Hajime Nagahara",Paper,Part III,10.1007/978-3-031-78122-3_16,https://doi.org/10.1007/978-3-031-78122-3_16
117,Method,Cross-Domain Calibration and Boundary Denoising Network for Weakly Supervised Semantic Segmentation,"Zhoufeng Liu, Bingrui Li, Shumin Ding, Jiangtao Xi, Chunlei Li",Paper,Part III,10.1007/978-3-031-78122-3_18,https://doi.org/10.1007/978-3-031-78122-3_18
118,Method,EFLLD-NET: Enhancing Few-Shot Learning with Local Descriptors,"Guangtong Lu, Weidong Du, Fanzhang Li",Paper,Part III,10.1007/978-3-031-78122-3_19,https://doi.org/10.1007/978-3-031-78122-3_19
119,Method,Using Multiscale Information for Improved Optimization-Based Image Attribution,"Aniket Singh, Anoop Namboodiri",Paper,Part III,10.1007/978-3-031-78122-3_20,https://doi.org/10.1007/978-3-031-78122-3_20
120,Method,Split-DNN Computing for Video Analytics,"Nagabhushan Eswara, Jaroslaw Sydir, V. Srinivasa Somayazulu, Parual Datta, Nilesh Ahuja, Omesh Tickoo",Paper,Part III,10.1007/978-3-031-78122-3_21,https://doi.org/10.1007/978-3-031-78122-3_21
121,Method,Task-Aware Local Descriptors Reconstruction Network for Few-Shot Find-Grained Image Classification,"Jianchang Tan, Xiangqian Ding, Shusong Yu",Paper,Part III,10.1007/978-3-031-78122-3_22,https://doi.org/10.1007/978-3-031-78122-3_22
122,Method,TRIGS: Trojan Identification from Gradient-Based Signatures,"Mohamed Hussein, Sudharshan Subramaniam Janakiraman, Wael AbdAlmageed",Paper,Part III,10.1007/978-3-031-78122-3_23,https://doi.org/10.1007/978-3-031-78122-3_23
123,Method,Multifaceted Anchor Nodes Attack on Graph Neural Networks: A Budget-Efficient Approach,"Huanzhang Zhu, Shaoxin Li, Lingyang Chu",Paper,Part III,10.1007/978-3-031-78122-3_24,https://doi.org/10.1007/978-3-031-78122-3_24
124,Method,Causal Attentive Group Recommendation,"Liancheng Xu, Xiaoqi Wu, Xiaoxiang Wang, Xinhua Wang",Paper,Part III,10.1007/978-3-031-78122-3_25,https://doi.org/10.1007/978-3-031-78122-3_25
125,Method,$$E^2DAS$$: An Efficient Equivariant Dynamic Aggregation Saliency Model for Omnidirectional Images,"Nana Zhang, Qian Liu, Dandan Zhu, Kun Zhu, Guangtao Zhai, Xiaokang Yang",Paper,Part III,10.1007/978-3-031-78122-3_26,https://doi.org/10.1007/978-3-031-78122-3_26
126,Method,FewConv: Efficient Variant Convolution for Few-Shot Image Generation,"Si-Hao Liu, Cong Hu, Xiao-Ning Song, Jia-Sheng Chen, Xiao-Jun Wu",Paper,Part III,10.1007/978-3-031-78122-3_27,https://doi.org/10.1007/978-3-031-78122-3_27
127,Method,FixPix: Fixing Bad Pixels using Deep Learning,"Sreetama Sarkar, Xinan Ye, Gourav Datta, Peter A. Beerel",Paper,Part III,10.1007/978-3-031-78122-3_28,https://doi.org/10.1007/978-3-031-78122-3_28
128,Method,Real-World Coarse to Fine-Grained Source-Free Multidomain Adaptation,"Anoushka Banerjee, Ananth Ganesh",Paper,Part III,10.1007/978-3-031-78122-3_29,https://doi.org/10.1007/978-3-031-78122-3_29
129,Method,DeepEMD: A Transformer-Based Fast Estimation of the Earth Mover’s Distance,"Atul Kumar Sinha, François Fleuret",Paper,Part IV,10.1007/978-3-031-78128-5_1,https://doi.org/10.1007/978-3-031-78128-5_1
130,Method,Equivariant Neural Networks for TEM Virus Images Improves Data Efficiency,"Karl Bylander, Ingela Nyström, Karl Bengtsson Bernander",Paper,Part IV,10.1007/978-3-031-78128-5_2,https://doi.org/10.1007/978-3-031-78128-5_2
131,Method,AI Based Story Generation,"Neha Sharma, Prashant Karwasra, Paritosh Sharma, Md Arbaz Tahir",Paper,Part IV,10.1007/978-3-031-78128-5_3,https://doi.org/10.1007/978-3-031-78128-5_3
132,Method,Deep Learning Models for Inference on Compressed Signals with Known or Unknown Measurement Matrix,"Huiyuan Yu, Maggie Cheng",Paper,Part IV,10.1007/978-3-031-78128-5_4,https://doi.org/10.1007/978-3-031-78128-5_4
133,Method,Training Point-Based Deep Learning Networks for Forest Segmentation with Synthetic Data,"Francisco Raverta Capua, Juan Schandin, Pablo De Cristóforis",Paper,Part IV,10.1007/978-3-031-78128-5_5,https://doi.org/10.1007/978-3-031-78128-5_5
134,Method,Brain Age Estimation of Alzheimer’s and Parkinson’s Affected Individuals Using Self-Attention Based Convolutional Neural Network,"Raveendra Pilli, Tripti Goel, R. Murugan, M. Tanveer",Paper,Part IV,10.1007/978-3-031-78128-5_6,https://doi.org/10.1007/978-3-031-78128-5_6
135,Method,IFSENet: Harnessing Sparse Iterations for Interactive Few-Shot Segmentation Excellence,"Shreyas Chandgothia, Ardhendu Sekhar, Amit Sethi",Paper,Part IV,10.1007/978-3-031-78128-5_7,https://doi.org/10.1007/978-3-031-78128-5_7
136,Method,Interpretable Deep Graph-Level Clustering: A Prototype-Based Approach,"Jianbin Cui, Lingyang Chu",Paper,Part IV,10.1007/978-3-031-78128-5_8,https://doi.org/10.1007/978-3-031-78128-5_8
137,Method,A Saliency-Aware NR-IQA Method by Fusing Distortion Class Information,"Menglong Chen, Jianming Wang, Zhitao Xiao, Yukuan Sun",Paper,Part IV,10.1007/978-3-031-78128-5_9,https://doi.org/10.1007/978-3-031-78128-5_9
138,Method,A Guided Input Sampling-Based Perturbative Approach for Explainable AI in Image-Based Application,"Arju Bano, Monidipa Das",Paper,Part IV,10.1007/978-3-031-78128-5_10,https://doi.org/10.1007/978-3-031-78128-5_10
139,Method,Multi-target Attention Dispersion Adversarial Attack Against Aerial Object Detector,"Panpan Wang, Shujuan Wang, Zhichao Lian, Shuohao Li",Paper,Part IV,10.1007/978-3-031-78128-5_11,https://doi.org/10.1007/978-3-031-78128-5_11
140,Method,Mask-TS Net: Mask Temperature Scaling Uncertainty Calibration for Polyp Segmentation,"Yudian Zhang, Chenhao Xu, Kaiye Xu, Haijiang Zhu",Paper,Part IV,10.1007/978-3-031-78128-5_12,https://doi.org/10.1007/978-3-031-78128-5_12
141,Method,Label-Expanded Feature Debiasing for Single Domain Generalization,"Jie Yang, Liwei Jing, Yuanzhuo Xu, Shaowu Wu, Steve Drew, Xiaoguang Niu",Paper,Part IV,10.1007/978-3-031-78128-5_13,https://doi.org/10.1007/978-3-031-78128-5_13
142,Method,Infrared and Visible Image Fusion Based on CNN and Transformer Cross-Interaction with Semantic Modulations,"Yusu Zhang, Xiao-Jun Wu, Tianyang Xu",Paper,Part IV,10.1007/978-3-031-78128-5_14,https://doi.org/10.1007/978-3-031-78128-5_14
143,Method,Mining Long Short-Term Evolution Patterns for Temporal Knowledge Graph Reasoning,"Fengyi Wang, Guanghui Zhu, Haojun Hou, Chunfeng Yuan, Yihua Huang",Paper,Part IV,10.1007/978-3-031-78128-5_15,https://doi.org/10.1007/978-3-031-78128-5_15
144,Method,Rethinking Attention Gated with Hybrid Dual Pyramid Transformer-CNN for Generalized Segmentation in Medical Imaging,"Fares Bougourzi, Fadi Dornaika, Abdelmalik Taleb-Ahmed, Vinh Truong Hoang",Paper,Part IV,10.1007/978-3-031-78128-5_16,https://doi.org/10.1007/978-3-031-78128-5_16
145,Method,A Weighted Discrete Wavelet Transform-Based Capsule Network for Malware Classification,"Tonghua Qiao, Chunjie Cao, Binghui Zou, Fangjian Tao, Yinan Cheng, Qi Zhang, Jingzhang Sun",Paper,Part IV,10.1007/978-3-031-78128-5_17,https://doi.org/10.1007/978-3-031-78128-5_17
146,Method,Data-Driven Spatiotemporal Aware Graph Hybrid-hop Transformer Network for Traffic Flow Forecasting,"Lin Hang, Qianqian Ren, Xingfeng Lv",Paper,Part IV,10.1007/978-3-031-78128-5_18,https://doi.org/10.1007/978-3-031-78128-5_18
147,Method,Automatic Diagnosis Model of Gastrointestinal Diseases Based on Tongue Images,"Baochen Fu, Miao Duan, Zhen Li, Xiuli Zuo, Xu Qiao",Paper,Part IV,10.1007/978-3-031-78128-5_19,https://doi.org/10.1007/978-3-031-78128-5_19
148,Method,SCAD-Net: Spatial-Channel Attention and Depth-Map Analysis Network for Face Anti-spoofing,"Nguyen Quoc Viet, Le Minh Tri, Nguyen Thi Yen, Nguyen Minh Giang",Paper,Part IV,10.1007/978-3-031-78128-5_21,https://doi.org/10.1007/978-3-031-78128-5_21
149,Method,Next Generation Loss Function for Image Classification,"Shakhnaz Akhmedova, Nils Körber",Paper,Part IV,10.1007/978-3-031-78128-5_22,https://doi.org/10.1007/978-3-031-78128-5_22
150,Method,NAOL: NeRF-Assisted Omnidirectional Localization,"Muzhou Yu, Zhihan Cai, Kailu Wu, Dapeng Cao, Kaisheng Ma",Paper,Part IV,10.1007/978-3-031-78128-5_23,https://doi.org/10.1007/978-3-031-78128-5_23
151,Method,EdgeConvFormer: An Unsupervised Anomaly Detection Method for Multivariate Time Series,"Jie Liu, Qilin Li, Senjian An, Bradley Ezard, Ling Li",Paper,Part IV,10.1007/978-3-031-78128-5_24,https://doi.org/10.1007/978-3-031-78128-5_24
152,Method,Lighten CARAFE: Dynamic Lightweight Upsampling with Guided Reassemble Kernels,"Ruigang Fu, Qingyong Hu, Xiaohu Dong, Yinghui Gao, Biao Li, Ping Zhong",Paper,Part IV,10.1007/978-3-031-78128-5_25,https://doi.org/10.1007/978-3-031-78128-5_25
153,Method,Hand over Face Gesture Classification with Feature Driven Vision Transformer and Supervised Contrastive Learning,"Kankana Roy, Aparna Mohanty, Rajiv Ranjan Sahay",Paper,Part IV,10.1007/978-3-031-78128-5_26,https://doi.org/10.1007/978-3-031-78128-5_26
154,Method,TabSeq: A Framework for Deep Learning on Tabular Data via Sequential Ordering,"Al Zadid Sultan Bin Habib, Kesheng Wang, Mary-Anne Hartley, Gianfranco Doretto, Donald A. Adjeroh",Paper,Part IV,10.1007/978-3-031-78128-5_27,https://doi.org/10.1007/978-3-031-78128-5_27
155,Method,GraFix: A Graph Transformer with Fixed Attention Based on the WL Kernel,"Lingfeng Zhang, Luca Cosmo, Giorgia Minello, Andrea Torsello, Luca Rossi",Paper,Part IV,10.1007/978-3-031-78128-5_28,https://doi.org/10.1007/978-3-031-78128-5_28
156,Method,Mask and Compress: Efficient Skeleton-Based Action Recognition in Continual Learning,"Matteo Mosconi, Andriy Sorokin, Aniello Panariello, Angelo Porrello, Jacopo Bonato, Marco Cotogni, Luigi Sabetta, Simone Calderara, Rita Cucchiara",Paper,Part IX,10.1007/978-3-031-78189-6_1,https://doi.org/10.1007/978-3-031-78189-6_1
157,Method,Text-Driven Prototype Learning for Few-Shot Class-Incremental Learning,"Seongbeom Park, Haeji Jung, Daewon Chae, Hyunju Yun, Sungyoon Kim, Suhong Moon, Jinkyu Kim, Seunghyun Park",Paper,Part IX,10.1007/978-3-031-78189-6_2,https://doi.org/10.1007/978-3-031-78189-6_2
158,Method,Dual Supervised Contrastive Learning Based on Perturbation Uncertainty for Online Class Incremental Learning,"Shibin Su, Zhaojie Chen, Guoqiang Liang, Shizhou Zhang, Yanning Zhang",Paper,Part IX,10.1007/978-3-031-78189-6_3,https://doi.org/10.1007/978-3-031-78189-6_3
159,Method,Breaking Information Silos: Global Guided Task Prediction for Class-Incremental Learning,"Chaoshun Hu, Biaohua Ye, Zixuan Chen, Jian-Huang Lai",Paper,Part IX,10.1007/978-3-031-78189-6_4,https://doi.org/10.1007/978-3-031-78189-6_4
160,Method,Conditioned Prompt-Optimization for Continual Deepfake Detection,"Francesco Laiti, Benedetta Liberatori, Thomas De Min, Elisa Ricci",Paper,Part IX,10.1007/978-3-031-78189-6_5,https://doi.org/10.1007/978-3-031-78189-6_5
161,Method,Plasticity Driven Knowledge Transfer for Continual Deep Reinforcement Learning in Financial Trading,"Dimitrios Katsikas, Nikolaos Passalis, Anastasios Tefas",Paper,Part IX,10.1007/978-3-031-78189-6_6,https://doi.org/10.1007/978-3-031-78189-6_6
162,Method,Orthogonal Latent Compression for Streaming Anomaly Detection in Industrial Vision,"Han Gao, Huiyuan Luo, Fei Shen, Zhengtao Zhang",Paper,Part IX,10.1007/978-3-031-78189-6_7,https://doi.org/10.1007/978-3-031-78189-6_7
163,Method,Out-of-Distribution Forgetting: Vulnerability of Continual Learning to Intra-class Distribution Shift,"Liangxuan Guo, Yang Chen, Shan Yu",Paper,Part IX,10.1007/978-3-031-78189-6_8,https://doi.org/10.1007/978-3-031-78189-6_8
164,Method,Generating Multi-objective Fronts from Streamed Data Using Nested List,"Arnabi Mukherjee, Sourab Mandal, Paramartha Dutta",Paper,Part IX,10.1007/978-3-031-78189-6_9,https://doi.org/10.1007/978-3-031-78189-6_9
165,Method,Mapping the Unknown: A New Approach to Open-World Video Recognition,"César D. Parga, Xosé M. Pardo, Carlos V. Regueiro",Paper,Part IX,10.1007/978-3-031-78189-6_10,https://doi.org/10.1007/978-3-031-78189-6_10
166,Method,ESL: Explain to Improve Streaming Learning for Transformers,"Meghna P. Ayyar, Jenny Benois-Pineau, Akka Zemmari",Paper,Part IX,10.1007/978-3-031-78189-6_11,https://doi.org/10.1007/978-3-031-78189-6_11
167,Method,Detection of Unknown Errors in Human-Centered Systems,"Aranyak Maity, Ayan Banerjee, Sandeep K. S. Gupta",Paper,Part IX,10.1007/978-3-031-78189-6_12,https://doi.org/10.1007/978-3-031-78189-6_12
168,Method,Source-Free Test-Time Adaptation For Online Surface-Defect Detection,"Yiran Song, Qianyu Zhou, Lizhuang Ma",Paper,Part IX,10.1007/978-3-031-78189-6_13,https://doi.org/10.1007/978-3-031-78189-6_13
169,Method,Alleviating Catastrophic Forgetting in Facial Expression Recognition with Emotion-Centered Models,"Israel A. Laurensi, Alceu de Souza Britto, Jean Paul Barddal, Alessandro Lameiras Koerich",Paper,Part IX,10.1007/978-3-031-78189-6_14,https://doi.org/10.1007/978-3-031-78189-6_14
170,Method,Satellite State Prediction and Maneuver Detection Analysis Using NCDEs,"Kangjun Lee, Simon S. Woo",Paper,Part IX,10.1007/978-3-031-78189-6_15,https://doi.org/10.1007/978-3-031-78189-6_15
171,Method,MIXAD: Memory-Induced Explainable Time Series Anomaly Detection,"Minha Kim, Kishor Kumar Bhaumik, Amin Ahsan Ali, Simon S. Woo",Paper,Part IX,10.1007/978-3-031-78189-6_16,https://doi.org/10.1007/978-3-031-78189-6_16
172,Method,Rough Set Theoretic Approach for Solving the Multi-Armed Bandit Problems,"Avinash Paidi, Istapriya Jagravi, Pabitra Mitra",Paper,Part IX,10.1007/978-3-031-78189-6_17,https://doi.org/10.1007/978-3-031-78189-6_17
173,Method,Hybrid Graph Representation Learning: Integrating Euclidean and Hyperbolic Space,"Lening Li, Lei Luo, Yanguang Sun",Paper,Part IX,10.1007/978-3-031-78189-6_18,https://doi.org/10.1007/978-3-031-78189-6_18
174,Method,Learning Object Focused Attention,"Vivek Trivedy, Amani Almalki, Longin Jan Latecki",Paper,Part IX,10.1007/978-3-031-78189-6_19,https://doi.org/10.1007/978-3-031-78189-6_19
175,Method,Stereographic Projection for Embedding Hierarchical Structures in Hyperbolic Space,"Shangyu Chen, Xiaohao Yang, Pengfei Fang, Mehrtash Tafazzoli Harandi, Dinh Phung, Jianfei Cai",Paper,Part IX,10.1007/978-3-031-78189-6_20,https://doi.org/10.1007/978-3-031-78189-6_20
176,Method,SPCSE: Soft Positive Enhanced Contrastive Learning for Sentence Embeddings,"Lingen Liu, Zixin Chen, Guang Chen",Paper,Part IX,10.1007/978-3-031-78189-6_21,https://doi.org/10.1007/978-3-031-78189-6_21
177,Method,Neural Topic Model with Distance Awareness,"Shangyu Chen, He Zhao, Viet Huynh, Dinh Phung, Jianfei Cai",Paper,Part IX,10.1007/978-3-031-78189-6_22,https://doi.org/10.1007/978-3-031-78189-6_22
178,Method,Ontology-Guided Deep Metric Learning and Applications to Obstetrics,"Jules Bonnard, Arnaud Dapogny, Ferdinand Dhombres, Kévin Bailly",Paper,Part IX,10.1007/978-3-031-78189-6_23,https://doi.org/10.1007/978-3-031-78189-6_23
179,Method,CoFE: Consistency-Driven Feature Elimination for eXplainable AI,"Revoti Prasad Bora, Philipp Terhörst, Raymond Veldhuis, Raghavendra Ramachandra, Kiran Raja",Paper,Part IX,10.1007/978-3-031-78189-6_24,https://doi.org/10.1007/978-3-031-78189-6_24
180,Method,From One to Many Lorikeets: Discovering Image Analogies in the CLIP Space,"Songlong Xing, Elia Peruzzo, Enver Sangineto, Nicu Sebe",Paper,Part IX,10.1007/978-3-031-78189-6_25,https://doi.org/10.1007/978-3-031-78189-6_25
181,Method,A Framework for Mining Collectively-Behaving Bots in MMORPGs,"Hyunsoo Kim, Jun Hee Kim, Jaeman Son, Jihoon Song, Eunjo Lee",Paper,Part IX,10.1007/978-3-031-78189-6_26,https://doi.org/10.1007/978-3-031-78189-6_26
182,Method,Causal Deep Learning,M. Alex O. Vasilescu,Paper,Part IX,10.1007/978-3-031-78189-6_27,https://doi.org/10.1007/978-3-031-78189-6_27
183,Method,Non-symmetrical Confidence Interval of AUC Measure Based on Cross-Validation,"Yu Wang, Xiaoyan Zhao, Xingli Yang",Paper,Part IX,10.1007/978-3-031-78189-6_28,https://doi.org/10.1007/978-3-031-78189-6_28
184,Method,Visualizing and Generalizing Integrated Attributions,"Ethan Payne, David Patrick, Amanda S. Fernandez",Paper,Part IX,10.1007/978-3-031-78189-6_29,https://doi.org/10.1007/978-3-031-78189-6_29
185,Method,Multi-views Enhanced Spatio-Temporal Adaptive Transformer for Urban Traffic Prediction,"Jiaqi Lin, Qianqian Ren, Hui Xu",Paper,Part V,10.1007/978-3-031-78169-8_1,https://doi.org/10.1007/978-3-031-78169-8_1
186,Method,QPDet: Queuing People Detector for Aerial Images Based on Adaptive Soft Label Assignment Strategy,"Yi Zhang, Yi Su, Siying Li, Kai Yi",Paper,Part V,10.1007/978-3-031-78169-8_2,https://doi.org/10.1007/978-3-031-78169-8_2
187,Method,Supervised Mixup: Protecting the Likely Classes for Adversarial Robustness,"Akshay Agarwal, Mayank Vatsa, Richa Singh, Nalini Ratha",Paper,Part V,10.1007/978-3-031-78169-8_3,https://doi.org/10.1007/978-3-031-78169-8_3
188,Method,IFFusion: Illumination-Free Fusion Network for Infrared and Visible Images,"Chengcheng Song, Hui Li, Tianyang Xu, Zeyang Zhang, Xiao-Jun Wu",Paper,Part V,10.1007/978-3-031-78169-8_4,https://doi.org/10.1007/978-3-031-78169-8_4
189,Method,Infrared and Visible Image Fusion Method Based on Learnable Joint Sparse Low-Rank Decomposition,"Wenfeng Song, Naiyun Huang, Xiaoqing Luo, Zhancheng Zhang, Tianyang Xu, Xiao-Jun Wu",Paper,Part V,10.1007/978-3-031-78169-8_5,https://doi.org/10.1007/978-3-031-78169-8_5
190,Method,Glare-SNet: Unsupervised Glare Suppression Balance Network,"Pei Li, Chengyu Zuo, Wangjuan Wei, Xiaoying Pan, Zhanhao Wang",Paper,Part V,10.1007/978-3-031-78169-8_6,https://doi.org/10.1007/978-3-031-78169-8_6
191,Method,Learning to Detect Lithography Defects in SEM Images,"Hu Lu, Botong Zhao, Jiwei Shen, Hongjian Zhan, Shujing Lyu, Yue Lu",Paper,Part V,10.1007/978-3-031-78169-8_7,https://doi.org/10.1007/978-3-031-78169-8_7
192,Method,Time-Aware Intent Contrastive Learning with Rare-Class Sample Generator for Sequential Recommendation,"Yichen Liu, Qianqian Ren, Xingfeng Lv",Paper,Part V,10.1007/978-3-031-78169-8_8,https://doi.org/10.1007/978-3-031-78169-8_8
193,Method,UAD-DPL: An Unknown Encrypted Attack Detection Method Based on Deep Prototype Learning,"Liang-Chen Chen, Shu Gao, Bao-Xu Liu, Xu-Yao Zhang",Paper,Part V,10.1007/978-3-031-78169-8_9,https://doi.org/10.1007/978-3-031-78169-8_9
194,Method,Effects of Primary Capsule Shapes and Sizes in Capsule Networks,"William Tapper, Gustavo Carneiro, Mohammad Hussein, Phillip Evans, Spencer A. Thomas",Paper,Part V,10.1007/978-3-031-78169-8_10,https://doi.org/10.1007/978-3-031-78169-8_10
195,Method,ASwin-YOLO: Attention – Swin Transformers in YOLOv7 for Air-to-Air Unmanned Aerial Vehicle Detection,"Dapinder Kaur, Neeraj Battish, Akanksha, Shashi Poddar",Paper,Part V,10.1007/978-3-031-78169-8_11,https://doi.org/10.1007/978-3-031-78169-8_11
196,Method,"Quaternion Squeeze and Excitation Networks: Mean, Variance, Skewness, Kurtosis As One Entity","Mohamed Amine Mezghich, Dorsaf Hmida, Slim Mhiri, Taha Mustapha Nahdi",Paper,Part V,10.1007/978-3-031-78169-8_12,https://doi.org/10.1007/978-3-031-78169-8_12
197,Method,Dualswin-Ynet: A Novel Bimodal Fusion Network for Ship Detection in Remote Sensing Images,"Dongdong Chen, Rusheng Ju, Xiaoyang Liu, Jiyuan Liu, Jun Zhang, Sihang Qiu",Paper,Part V,10.1007/978-3-031-78169-8_13,https://doi.org/10.1007/978-3-031-78169-8_13
198,Method,STMAE: Spatial Temporal Masked Auto-Encoder for Traffic Forecasting,"Xing Wu, Chengyou Cai, Xiaoxiao Wang, Jianjia Wang, Junfeng Yao, Quan Qian, Jun Song",Paper,Part V,10.1007/978-3-031-78169-8_14,https://doi.org/10.1007/978-3-031-78169-8_14
199,Method,BF-UNet: Bi-level Routing Attention U-shaped Network Based on Explicit Visual Prompt,"Yuanfei Xu, Zhihui Lai, Tao Wang, Shihuan He, Cairong Zhao, Heng Kong",Paper,Part V,10.1007/978-3-031-78169-8_15,https://doi.org/10.1007/978-3-031-78169-8_15
200,Method,Learning Dynamic Representations in Large Language Models for Evolving Data Streams,"Ashish Srivastava, Shalabh Bhatnagar, M. Narasimha Murty, J. Aravinda Raman",Paper,Part V,10.1007/978-3-031-78169-8_16,https://doi.org/10.1007/978-3-031-78169-8_16
201,Method,"Attend, Distill, Detect: Attention-Aware Entropy Distillation for Anomaly Detection","Sushovan Jena, Vishwas Saini, Ujjwal Shaw, Pavitra Jain, Abhay Singh Raihal, Anoushka Banerjee, Sharad Joshi, Ananth Ganesh, Arnav Bhavsar",Paper,Part V,10.1007/978-3-031-78169-8_17,https://doi.org/10.1007/978-3-031-78169-8_17
202,Method,Pneumonia Classification in Chest X-Ray Images Using Explainable Slot-Attention Mechanism,"Shipra Madan, Santanu Chaudhury, Tapan Kumar Gandhi",Paper,Part V,10.1007/978-3-031-78169-8_18,https://doi.org/10.1007/978-3-031-78169-8_18
203,Method,SegNet-ATT: Cross-Channel and Spatial Attention-Enhanced U-Net for Semantic Segmentation of Flood Affected Areas,"Pranav Sunil, Soumen Sinha, Rahul Roy",Paper,Part V,10.1007/978-3-031-78169-8_19,https://doi.org/10.1007/978-3-031-78169-8_19
204,Method,WaterMAS: Sharpness-Aware Maximization for Neural Network Watermarking,"Carl De Sousa Trias, Mihai Mitrea, Attilio Fiandrotti, Marco Cagnazzo, Sumanta Chaudhuri, Enzo Tartaglione",Paper,Part V,10.1007/978-3-031-78169-8_20,https://doi.org/10.1007/978-3-031-78169-8_20
205,Method,Detection of Oral Potentially Malignant Lesions Through Transformer-Based Segmentation Models,"Buddhadev Goswami, Shubham Hazra, Sandipan Das, Saurabh R. Nagar, Ravindra Gudi, Nirmal Punjabi",Paper,Part V,10.1007/978-3-031-78169-8_21,https://doi.org/10.1007/978-3-031-78169-8_21
206,Method,ROI-Aware Dynamic Network Quantization for Neural Video Compression,"Jiamin Liu, Baochang Zhang, Xianbin Cao",Paper,Part V,10.1007/978-3-031-78169-8_22,https://doi.org/10.1007/978-3-031-78169-8_22
207,Method,SecureCut: Federated Gradient Boosting Decision Trees with Efficient Machine Unlearning,"Bowen Li, Jian Zhang, Jie Li, Chentao Wu",Paper,Part V,10.1007/978-3-031-78169-8_23,https://doi.org/10.1007/978-3-031-78169-8_23
208,Method,One-Shot Classification Is Enough for Automatic Label Mapping,"Xiaowen Lin, Alimjan Aysa, Kurban Ubul",Paper,Part V,10.1007/978-3-031-78169-8_25,https://doi.org/10.1007/978-3-031-78169-8_25
209,Method,Sustainable and Explainable Neural Network for Real-Time Time Series Classification,"Hao Huang, Tapan Shah, Shinjae Yoo, Scott Evans",Paper,Part V,10.1007/978-3-031-78169-8_26,https://doi.org/10.1007/978-3-031-78169-8_26
210,Method,StressViT: Splitting and Compressing Vision Transformer Through Edge-Cloud Collaboration,"Changyao Lin, Yi Liu, Xiangyu Li, Chengxiang Li, Hao Zhang, Jing Jin, Jie Liu",Paper,Part V,10.1007/978-3-031-78169-8_27,https://doi.org/10.1007/978-3-031-78169-8_27
211,Method,Effective Layer Pruning Through Similarity Metric Perspective,"Ian Pons, Bruno Yamamoto, Anna H. Reali Costa, Artur Jordao",Paper,Part V,10.1007/978-3-031-78169-8_28,https://doi.org/10.1007/978-3-031-78169-8_28
212,Method,Constant Time Decision Trees and Random Forest,"Maddimsetti Srinivas, Debdoot Sheet",Paper,Part V,10.1007/978-3-031-78169-8_30,https://doi.org/10.1007/978-3-031-78169-8_30
213,Method,TaylorShift: Shifting the Complexity of Self-attention from Squared to Linear (and Back) Using Taylor-Softmax,"Tobias Christian Nauen, Sebastian Palacio, Andreas Dengel",Paper,Part VI,10.1007/978-3-031-78172-8_1,https://doi.org/10.1007/978-3-031-78172-8_1
214,Method,Balancing Accuracy and Efficiency in Budget-Aware Early-Exiting Neural Networks,"Youva Addad, Alexis Lechervy, Frédéric Jurie",Paper,Part VI,10.1007/978-3-031-78172-8_2,https://doi.org/10.1007/978-3-031-78172-8_2
215,Method,An Evolutionary Search-Based Operator Fusion Method with Binary Representation for Deep Learning Inference Acceleration,"Yu Yang, Boyu Diao, Hangda Liu, Qiyun Chen, Qi Wang, Yongjun Xu",Paper,Part VI,10.1007/978-3-031-78172-8_3,https://doi.org/10.1007/978-3-031-78172-8_3
216,Method,SemFaceEdit: Semantic Face Editing on Generative Radiance Manifolds,"Shashikant Verma, Shanmuganathan Raman",Paper,Part VI,10.1007/978-3-031-78172-8_4,https://doi.org/10.1007/978-3-031-78172-8_4
217,Method,D$$^2$$Styler: Advancing Arbitrary Style Transfer with Discrete Diffusion Methods,"Onkar Susladkar, Gayatri Deshmukh, Sparsh Mittal, Parth Shastri",Paper,Part VI,10.1007/978-3-031-78172-8_5,https://doi.org/10.1007/978-3-031-78172-8_5
218,Method,Mask-ControlNet: Higher-Quality Image Generation with an Additional Mask Prompt,"Zhiqi Huang, Huixin Xiong, Haoyu Wang, Longguang Wang, Zhiheng Li",Paper,Part VI,10.1007/978-3-031-78172-8_6,https://doi.org/10.1007/978-3-031-78172-8_6
219,Method,Freestyle 3D-Aware Portrait Synthesis Based on Compositional Generative Priors,"Tianxiang Ma, Kang Zhao, Jianxin Sun, Yingya Zhang, Jing Dong",Paper,Part VI,10.1007/978-3-031-78172-8_7,https://doi.org/10.1007/978-3-031-78172-8_7
220,Method,FUGAN: A GAN Based Facial Reconstructor for Accurate Unveiling of Hidden Faces,"Mrinmoy Sadhukhan, Indrajit Bhattacharya, Paramartha Dutta",Paper,Part VI,10.1007/978-3-031-78172-8_8,https://doi.org/10.1007/978-3-031-78172-8_8
221,Method,Text2Street: Controllable Text-to-Image Generation for Street Views,"Songen Gu, Jinming Su, Yiting Duan, Xingyue Chen, Junfeng Luo, Hao Zhao",Paper,Part VI,10.1007/978-3-031-78172-8_9,https://doi.org/10.1007/978-3-031-78172-8_9
222,Method,Make an Image Move: Few-Shot Based Video Generation Guided by CLIP,"Yonglong Huang, Cheng Yu, Nannan Li, Fuqin Deng, Ruiquan Ge, Changmiao Wang",Paper,Part VI,10.1007/978-3-031-78172-8_10,https://doi.org/10.1007/978-3-031-78172-8_10
223,Method,A Framework for Image Synthesis Using Supervised Contrastive Learning,"Yibin Liu, Jianyu Zhang, Li Zhang, Shijian Li, Gang Pan",Paper,Part VI,10.1007/978-3-031-78172-8_11,https://doi.org/10.1007/978-3-031-78172-8_11
224,Method,Deterministic Synthesis of Defect Images Using Null Optimization,"Hyunwook Jo, Marcellino Sahadewa, William Gazali, In Kyu Park",Paper,Part VI,10.1007/978-3-031-78172-8_13,https://doi.org/10.1007/978-3-031-78172-8_13
225,Method,Adaptive Refiner Based Few-Shot Font Generation,"Pratikhya Ranjit, Mohit Gupta, Jon von Gillern, Venkat Yetrintala, Vipul Arora",Paper,Part VI,10.1007/978-3-031-78172-8_14,https://doi.org/10.1007/978-3-031-78172-8_14
226,Method,Controllable 3D Object Generation with Single Image Prompt,"Jaeseok Lee, Jaekoo Lee",Paper,Part VI,10.1007/978-3-031-78172-8_15,https://doi.org/10.1007/978-3-031-78172-8_15
227,Method,Beyond Labels: Aligning Large Language Models with Human-Like Reasoning,"Muhammad Rafsan Kabir, Rafeed Mohammad Sultan, Ihsanul Haque Asif, Jawad Ibn Ahad, Fuad Rahman, Mohammad Ruhul Amin, Nabeel Mohammed, Shafin Rahman",Paper,Part VI,10.1007/978-3-031-78172-8_16,https://doi.org/10.1007/978-3-031-78172-8_16
228,Method,HindiLLM: Large Language Model for Hindi,"Sanjay Chouhan, Shubha Brata Nath, Aparajita Dutta",Paper,Part VI,10.1007/978-3-031-78172-8_17,https://doi.org/10.1007/978-3-031-78172-8_17
229,Method,StableTalk: Advancing Audio-to-Talking Face Generation with Stable Diffusion and Vision Transformer,"Fatemeh Nazarieh, Josef Kittler, Muhammad Awais Rana, Diptesh Kanojia, Zhenhua Feng",Paper,Part VI,10.1007/978-3-031-78172-8_18,https://doi.org/10.1007/978-3-031-78172-8_18
230,Method,Can LLMs Perform Structured Graph Reasoning Tasks?,"Palaash Agrawal, Shavak Vasania, Cheston Tan",Paper,Part VI,10.1007/978-3-031-78172-8_19,https://doi.org/10.1007/978-3-031-78172-8_19
231,Method,Improved Zero-Shot Image Editing via Null-Toon and Directed Delta Denoising Score,"Masud An Nur Islam Fahim, Jani Boutellier",Paper,Part VI,10.1007/978-3-031-78172-8_20,https://doi.org/10.1007/978-3-031-78172-8_20
232,Method,Texture Spectral Decorrelation Criteria,"Michal Haindl, Michal Havlíček",Paper,Part VI,10.1007/978-3-031-78172-8_21,https://doi.org/10.1007/978-3-031-78172-8_21
233,Method,A Low Rank Gaussian Mixture Latent Model for Face Generation,"Benjamin Samuth, Julien Rabin, Fréderic Jurie, David Tschumperlé",Paper,Part VI,10.1007/978-3-031-78172-8_22,https://doi.org/10.1007/978-3-031-78172-8_22
234,Method,Domain Adaptation for Machinery Fault Diagnosis Based on Critic Classifier GAN,"Tso-Sung Hung, Shang-Hong Lai",Paper,Part VI,10.1007/978-3-031-78172-8_23,https://doi.org/10.1007/978-3-031-78172-8_23
235,Method,Data Augmentation Pipeline for Enhanced UAV Surveillance,"Solmaz Arezoomandan, John Klohoker, David K. Han",Paper,Part VI,10.1007/978-3-031-78172-8_24,https://doi.org/10.1007/978-3-031-78172-8_24
236,Method,Generative Adversarial Networks for Imputing Sparse Learning Performance,"Liang Zhang, Mohammed Yeasin, Jionghao Lin, Felix Havugimana, Xiangen Hu",Paper,Part VI,10.1007/978-3-031-78172-8_25,https://doi.org/10.1007/978-3-031-78172-8_25
237,Method,SWave: Improving Vocoder Efficiency by Straightening the Waveform Generation Path,"Pan Liu, Jianping Zhou, Xiaohua Tian, Zhouhan Lin",Paper,Part VI,10.1007/978-3-031-78172-8_26,https://doi.org/10.1007/978-3-031-78172-8_26
238,Method,Outdoor Scene Relighting with Diffusion Models,"Jinlin Lai, Anustup Choudhury, Guan-Ming Su",Paper,Part VI,10.1007/978-3-031-78172-8_27,https://doi.org/10.1007/978-3-031-78172-8_27
239,Method,Matching Aggregate Posteriors in the Variational Autoencoder,"Surojit Saha, Sarang Joshi, Ross Whitaker",Paper,Part VI,10.1007/978-3-031-78172-8_28,https://doi.org/10.1007/978-3-031-78172-8_28
240,Method,Efficient Nonlinear DAG Learning Under Projection Framework,"Naiyu Yin, Yue Yu, Tian Gao, Qiang Ji",Paper,Part VI,10.1007/978-3-031-78172-8_29,https://doi.org/10.1007/978-3-031-78172-8_29
241,Method,GCompletor: A Graph-Based Deep Learning Method for Traffic State Imputation on Urban Road Networks,"Kaijie Li, Juanjuan Zhao, Li Yan, Xitong Gao, Ye Li, Kejiang Ye",Paper,Part VI,10.1007/978-3-031-78172-8_30,https://doi.org/10.1007/978-3-031-78172-8_30
242,Method,Graph Matching Networks Meet Optimum-Path Forest: How to Prune Ensembles Efficiently,"Danilo Jodas, Leandro A. Passos, Douglas Rodrigues, Kelton Costa, João Paulo Papa",Paper,Part VII,10.1007/978-3-031-78183-4_1,https://doi.org/10.1007/978-3-031-78183-4_1
243,Method,Understanding the Influence of Extremely High-Degree Nodes on Graph Anomaly Detection,"Xun Sun, Xi Xiao, Zhaoguo Wang, Guangwu Hu, Xuhui Jiang, Bin Zhang, Hao Li",Paper,Part VII,10.1007/978-3-031-78183-4_2,https://doi.org/10.1007/978-3-031-78183-4_2
244,Method,Spatio-Temporal Heterogeneous Graph Neural Network With Multi-view Learning For Traffic Prediction,"Liting Song, Qianqian Ren, Ying Zhou",Paper,Part VII,10.1007/978-3-031-78183-4_3,https://doi.org/10.1007/978-3-031-78183-4_3
245,Method,BotSCL: Heterophily-Aware Social Bot Detection with Supervised Contrastive Learning,"Qi Wu, Yingguang Yang, Buyun He, Hao Liu, Renyu Yang, Yong Liao",Paper,Part VII,10.1007/978-3-031-78183-4_4,https://doi.org/10.1007/978-3-031-78183-4_4
246,Method,SimDrop: Towards Deep Graph Convolutional Networks,"Gongjunjian Zhang, Lu Bai",Paper,Part VII,10.1007/978-3-031-78183-4_5,https://doi.org/10.1007/978-3-031-78183-4_5
247,Method,A Quantum-inspired Approach to Estimate Optimum-Path Forest Prototypes based on the Traveling Salesman Problem,"Maria Angélica Krüger Miranda, Felipe Fernandes Fanchini, Leandro Aparecido Passos, Douglas Rodrigues, Kelton Augusto Pontara da Costa, Rafał Sherer, João Paulo Papa",Paper,Part VII,10.1007/978-3-031-78183-4_6,https://doi.org/10.1007/978-3-031-78183-4_6
248,Method,Face to Cartoon Incremental Super-Resolution Using Knowledge Distillation,"Trinetra Devkatte, Shiv Ram Dubey, Satish Kumar Singh, Abdenour Hadid",Paper,Part VII,10.1007/978-3-031-78183-4_7,https://doi.org/10.1007/978-3-031-78183-4_7
249,Method,Copula Entropy Based Causal Network Discovery from Non-stationary Time Series,"Jing Yang, Xinzhi Rao",Paper,Part VII,10.1007/978-3-031-78183-4_8,https://doi.org/10.1007/978-3-031-78183-4_8
250,Method,DSparsE: Dynamic Sparse Embedding for Knowledge Graph Completion,"Chuhong Yang, Bin Li, Nan Wu",Paper,Part VII,10.1007/978-3-031-78183-4_9,https://doi.org/10.1007/978-3-031-78183-4_9
251,Method,Interpreting Convolutional Neural Network Decision via Pixel-Wise Interaction Hierarchy Graph,"Keyang Cheng, Hao Zhou, Hao Wan",Paper,Part VII,10.1007/978-3-031-78183-4_10,https://doi.org/10.1007/978-3-031-78183-4_10
252,Method,Denoising Optimization-Based Counterfactual Explanations for Time Series Classification,"Omar Bahri, Peiyu Li, Pouya Hosseinzadeh, Soukaina Filali Boubrahimi, Shah Muhammad Hamdi",Paper,Part VII,10.1007/978-3-031-78183-4_11,https://doi.org/10.1007/978-3-031-78183-4_11
253,Method,Improving Adaptive Runoff Forecasts in Data-Scarce Watersheds Through Personalized Federated Learning,"Zaipeng Xie, Xiangqin Zhang, Yunfei Wang, Xuanyao Jie, Wenhao Fang, Yanping Cai",Paper,Part VII,10.1007/978-3-031-78183-4_12,https://doi.org/10.1007/978-3-031-78183-4_12
254,Method,Stagger-Cache MITM: A Privacy-Preserving Hierarchical Model Aggregation Framework,"Anupam Gupta, Pabitra Mitra, Sudip Misra",Paper,Part VII,10.1007/978-3-031-78183-4_13,https://doi.org/10.1007/978-3-031-78183-4_13
255,Method,ViT$$^{2}$$ - Pre-training Vision Transformers for Visual Times Series Forecasting,"Vasileios Kochliaridis, Ioannis Pierros, Georgios Romanos, Ioannis Vlahavas",Paper,Part VII,10.1007/978-3-031-78183-4_14,https://doi.org/10.1007/978-3-031-78183-4_14
256,Method,"waLLMartCache: A Distributed, Multi-tenant and Enhanced Semantic Caching System for LLMs","Soumik Dasgupta, Anurag Wagh, Lalitdutt Parsai, Binay Gupta, Geet Vudata, Shally Sangal, Sohom Majumdar, Hema Rajesh, Kunal Banerjee, Anirban Chatterjee",Paper,Part VII,10.1007/978-3-031-78183-4_15,https://doi.org/10.1007/978-3-031-78183-4_15
257,Method,ReeSPOT: Reeb Graph Models Semantic Patterns of Normalcy in Human Trajectories,"Bowen Zhang, S. Shailja, Chandrakanth Gudavalli, Connor Levenson, Amil Khan, B. S. Manjunath",Paper,Part VII,10.1007/978-3-031-78183-4_16,https://doi.org/10.1007/978-3-031-78183-4_16
258,Method,Label Disambiguation-Based Feature Selection for Partial Multi-label Learning,"Fankang Xu, Wenbin Qian, Xingxing Cai, Wenhao Shu, Jintao Huang, Yiu-Ming Cheung, Weiping Ding",Paper,Part VII,10.1007/978-3-031-78183-4_17,https://doi.org/10.1007/978-3-031-78183-4_17
259,Method,Neural Encoding of Odors: Translating Odors into Unique Digital Representation with EEG Signals,"Archana Yadav, Vishakha Pareek, Akshay Agarwal, Santanu Chaudhury",Paper,Part VII,10.1007/978-3-031-78183-4_18,https://doi.org/10.1007/978-3-031-78183-4_18
260,Method,Robust Feature Space Organization with Distillation for Few-Shot Object Detection,"Vineet R. Shenoy, Rama Chellappa",Paper,Part VII,10.1007/978-3-031-78183-4_19,https://doi.org/10.1007/978-3-031-78183-4_19
261,Method,Image Domain Translation for Few-Shot Learning,"Liangyuan Chen, Zhenan He, Hai Zhang",Paper,Part VII,10.1007/978-3-031-78183-4_20,https://doi.org/10.1007/978-3-031-78183-4_20
262,Method,Towards Adversarial Robustness and Reducing Uncertainty Bias through Expert Regularized Pseudo-Bidirectional Alignment in Transductive Zero Shot Learning,"Abhishek Kumar Sinha, Deepak Mishra, S. Manthira Moorthi",Paper,Part VII,10.1007/978-3-031-78183-4_21,https://doi.org/10.1007/978-3-031-78183-4_21
263,Method,Zero-Shot Underwater Gesture Recognition,"Sandipan Sarma, Gundameedi Sai Ram Mohan, Hariansh Sehgal, Arijit Sur",Paper,Part VII,10.1007/978-3-031-78183-4_22,https://doi.org/10.1007/978-3-031-78183-4_22
264,Method,Optic Atrophy Classification from Fundus Images with Few-Shot Learning,"Anirban Dasgupta, Anwesha Sengupta, Shubhobrata Bhattacharya",Paper,Part VII,10.1007/978-3-031-78183-4_23,https://doi.org/10.1007/978-3-031-78183-4_23
265,Method,Recognition of Online Handwritten Chinese Texts in Any Writing Direction via Stroke Classification Based Over-Segmentation,"Yi Chen, Heng Zhang, Min-Si Ren, Cheng-Lin Liu",Paper,Part VII,10.1007/978-3-031-78183-4_24,https://doi.org/10.1007/978-3-031-78183-4_24
266,Method,ProFONet: Prototypical Feature Space Optimized Network for Few Shot Classification,"Abhijit Das, Vandan Gorade, Debesh Jha, Koushik Biswas, Pethuru Raj, Ulas Bagci",Paper,Part VII,10.1007/978-3-031-78183-4_25,https://doi.org/10.1007/978-3-031-78183-4_25
267,Method,Few-Shot Copycat: Improving Performance of Black-Box Attack with Random Natural Images and Few Examples of Problem Domain,"Jhonatan Machado Leão, Jacson Rodrigues Correia-Silva, Alberto Ferreira de Souza, Claudine Santos Badue, Thiago Oliveira-Santos",Paper,Part VII,10.1007/978-3-031-78183-4_26,https://doi.org/10.1007/978-3-031-78183-4_26
268,Method,Learning Using Generated Privileged Information by Text-to-Image Diffusion Models,"Rafael-Edy Menadil, Mariana-Iuliana Georgescu, Radu Tudor Ionescu",Paper,Part VII,10.1007/978-3-031-78183-4_27,https://doi.org/10.1007/978-3-031-78183-4_27
269,Method,Deep Hardware Modality Fusion for Image Segmentation,"Yi Liu, Sudhakar Kumawat, Hajime Nagahara",Paper,Part VII,10.1007/978-3-031-78183-4_28,https://doi.org/10.1007/978-3-031-78183-4_28
270,Method,Temporal Insight Enhancement: Mitigating Temporal Hallucination in Video Understanding by Multimodal Large Language Models,"Li Sun, Liuan Wang, Jun Sun, Takayuki Okatani",Paper,Part VII,10.1007/978-3-031-78183-4_29,https://doi.org/10.1007/978-3-031-78183-4_29
271,Method,MC-DBN: A Deep Belief Network-Based Model for Modality Completion,"Zihong Luo, Chengzhi Liu, Zheng Tao, Kexin He, Yitao Xu",Paper,Part VII,10.1007/978-3-031-78183-4_30,https://doi.org/10.1007/978-3-031-78183-4_30
272,Method,Image-Text Sarcasm Detection for Enhanced Understanding,Haiyang Li,Paper,Part VIII,10.1007/978-3-031-78186-5_1,https://doi.org/10.1007/978-3-031-78186-5_1
273,Method,TDiffSal: Text-Guided Diffusion Saliency Prediction Model for Images,"Nana Zhang, Min Xiong, Dandan Zhu, Kun Zhu, Guangtao Zhai",Paper,Part VIII,10.1007/978-3-031-78186-5_2,https://doi.org/10.1007/978-3-031-78186-5_2
274,Method,A New Impressive and Expressive Features Based Model for Personality Traits Identification,"Kunal Biswas, Shivakumara Palaiahnakote, Umapada Pal, Sukalpa Chanda, Xiao-Jun Wu",Paper,Part VIII,10.1007/978-3-031-78186-5_3,https://doi.org/10.1007/978-3-031-78186-5_3
275,Method,Missing Customized Distillation Network for Incomplete Multimodal Sentiment Analysis,"Zhangfeng Hu, Wenming Zheng, Mengting Wei, Mengxin Shi, Yuan Zong",Paper,Part VIII,10.1007/978-3-031-78186-5_4,https://doi.org/10.1007/978-3-031-78186-5_4
276,Method,Feature Balance Method for Multi-modal Entity Alignment,"Wei Chen, Xiaofei Li, Sheng Long, Jun Lei, Shuohao Li, Jun Zhang",Paper,Part VIII,10.1007/978-3-031-78186-5_5,https://doi.org/10.1007/978-3-031-78186-5_5
277,Method,Candidate Evaluation with Multimodal Data-Driven for Recruitment,"Xing Wu, Kehong Liu, Jianjia Wang, Junfeng Yao, Bin Deng, Rongqi Lv, Jun Song",Paper,Part VIII,10.1007/978-3-031-78186-5_6,https://doi.org/10.1007/978-3-031-78186-5_6
278,Method,Dif4FF: Leveraging Multimodal Diffusion Models and Graph Neural Networks for Accurate New Fashion Product Performance Forecasting,"Andrea Avogaro, Luigi Capogrosso, Franco Fummi, Marco Cristani",Paper,Part VIII,10.1007/978-3-031-78186-5_7,https://doi.org/10.1007/978-3-031-78186-5_7
279,Method,Multi-scale Dilated Attention Enhanced Multi-modal Self-supervised GANs for Recommendation,"Yi Xue, Qianqian Ren, Hu Jin",Paper,Part VIII,10.1007/978-3-031-78186-5_8,https://doi.org/10.1007/978-3-031-78186-5_8
280,Method,Text-Guided Zero-Shot 3D Style Transfer of Neural Radiance Fields,"Wendong Li, Wei-Shi Zheng",Paper,Part VIII,10.1007/978-3-031-78186-5_9,https://doi.org/10.1007/978-3-031-78186-5_9
281,Method,3D-EffiViTCaps: 3D Efficient Vision Transformer with Capsule for Medical Image Segmentation,"Dongwei Gan, Ming Chang, Juan Chen",Paper,Part VIII,10.1007/978-3-031-78186-5_10,https://doi.org/10.1007/978-3-031-78186-5_10
282,Method,DoubleViT: Pushing Transformers Towards the End Because of Convolutions,Mahendran Narayanan,Paper,Part VIII,10.1007/978-3-031-78186-5_11,https://doi.org/10.1007/978-3-031-78186-5_11
283,Method,WHDY: A Wheat Ear Detection and Counting Method Based on Improved Convolutional Neural Network,"Shuai Cao, Rui Wang, Ruijie Fu, Tianhao Wu, Linhui Peng, Jianjun Wang",Paper,Part VIII,10.1007/978-3-031-78186-5_12,https://doi.org/10.1007/978-3-031-78186-5_12
284,Method,Learning Proposal Distributions in Simulated Annealing via Template Networks: A Case Study in Nanophotonic Inverse Design,"Marlon Becker, Marco Butz, David Lemli, Carsten Schuck, Benjamin Risse",Paper,Part VIII,10.1007/978-3-031-78186-5_13,https://doi.org/10.1007/978-3-031-78186-5_13
285,Method,GeoCC-ConvLSTM: A Model for Nationwide Air Quality Forecasting,"Marc Semper, Manuel Curado, Jose F. Vicent",Paper,Part VIII,10.1007/978-3-031-78186-5_14,https://doi.org/10.1007/978-3-031-78186-5_14
286,Method,Dynamic Inference and Top-down Attention in a Hierarchical Classification Network,"André Peter Kelm, Niels Hannemann, Bruno Heberle, Lucas Schmidt, Tim Rolff, Christian Wilms, Ehsan Yaghoubi, Simone Frintrop",Paper,Part VIII,10.1007/978-3-031-78186-5_15,https://doi.org/10.1007/978-3-031-78186-5_15
287,Method,SCP: A Structure Combination Pruning Method via Structured Sparse for Deep Convolutional Neural Networks,"Qiyun Chen, Boyu Diao, Yu Yang, Yongjun Xu",Paper,Part VIII,10.1007/978-3-031-78186-5_16,https://doi.org/10.1007/978-3-031-78186-5_16
288,Method,On Divergence-Free Neural ODE for Classification,"Zakaria Jarraya, Lucas Drumetz, Simon Benaïchouche, Douraied Ben Salem, François Rousseau",Paper,Part VIII,10.1007/978-3-031-78186-5_17,https://doi.org/10.1007/978-3-031-78186-5_17
289,Method,SUMMNet: Using Transformer as a Summary of ConvNet for Image Classification,"Yaqi Li, Qingbei Guo, Zhongtao Li",Paper,Part VIII,10.1007/978-3-031-78186-5_18,https://doi.org/10.1007/978-3-031-78186-5_18
290,Method,Multi-scale Enhanced Convolutional Intermediary Attention Networks for Multivariate Long-Term Time Series Forecasting,"Lei Yang, Pinjie Zhao, Kaixin Wang, Yuhan Jiang, Kangshun Li",Paper,Part VIII,10.1007/978-3-031-78186-5_19,https://doi.org/10.1007/978-3-031-78186-5_19
291,Method,Conformer-Based Audio Visual Speech Recognition with Taylor Attention,"Yewei Xiao, Jian Huang, Xuanming Liu, Aosu Zhu",Paper,Part VIII,10.1007/978-3-031-78186-5_20,https://doi.org/10.1007/978-3-031-78186-5_20
292,Method,EB-SNN: An Ensemble Binary Spiking Neural Network for Visual Recognition,"Xinjie Li, Jianxiong Tang, Jianhuang Lai",Paper,Part VIII,10.1007/978-3-031-78186-5_21,https://doi.org/10.1007/978-3-031-78186-5_21
293,Method,STAFNet: Spatiotemporal-Aware Fusion Network for Air Quality Prediction,"Hang Yin, Yan-ming Zhang, Ji-Hua Tan, Cheng-Lin Liu",Paper,Part VIII,10.1007/978-3-031-78186-5_22,https://doi.org/10.1007/978-3-031-78186-5_22
294,Method,PotC2Vox: A Point Cloud Data-Driven 3D Reconstruction Method for Single-View Images,"Jianqiang Sheng, Siwei Chen, Fei Wang, Yongsheng Zhao, Zhineng Zhang, Kai Jiang, Xunan Pan, Jingwen Yan",Paper,Part VIII,10.1007/978-3-031-78186-5_23,https://doi.org/10.1007/978-3-031-78186-5_23
295,Method,swCNN: A Small World Convolutional Neural Network for Efficient Training,"Shubham Dwivedi, Tushar Sandhan, Om Jee Pandey, Rajesh M. Hegde",Paper,Part VIII,10.1007/978-3-031-78186-5_24,https://doi.org/10.1007/978-3-031-78186-5_24
296,Method,Localized Data Representation with NCA-Based Autoencoders,"Niklas Ihm, John Kalkhof, Anirban Mukhopadhyay",Paper,Part VIII,10.1007/978-3-031-78186-5_25,https://doi.org/10.1007/978-3-031-78186-5_25
297,Method,PushPull-Net: Inhibition-Driven ResNet Robust to Image Corruptions,"Guru Swaroop Bennabhaktula, Enrique Alegre, Nicola Strisciuglio, George Azzopardi",Paper,Part VIII,10.1007/978-3-031-78186-5_26,https://doi.org/10.1007/978-3-031-78186-5_26
298,Method,Global Versus Local: Evaluating AlexNet Architectures for Tropical Cyclone Intensity Estimation,Vikas Dwivedi,Paper,Part VIII,10.1007/978-3-031-78186-5_27,https://doi.org/10.1007/978-3-031-78186-5_27
299,Method,What Makes Vision Transformers Robust Towards Bit-Flip Attack?,"Xuan Zhou, Souvik Kundu, Dake Chen, Jie Huang, Peter Beerel",Paper,Part VIII,10.1007/978-3-031-78186-5_28,https://doi.org/10.1007/978-3-031-78186-5_28
300,Method,Ensemble Multi-task Learning Approach for Explainable EEG-Based Stroke Prediction,"Salma Nbili, Samar Bouazizi, Hela Ltifi",Paper,Part VIII,10.1007/978-3-031-78186-5_29,https://doi.org/10.1007/978-3-031-78186-5_29
301,Method,A Robust Person Shape Representation via Grassmann Channel Pooling,"Tetsu Matsukawa, Einoshin Suzuki",Paper,Part VIII,10.1007/978-3-031-78186-5_30,https://doi.org/10.1007/978-3-031-78186-5_30
302,Method,Explaining Model Parameters Using the Product Space,"Ethan Payne, David Patrick, Amanda S. Fernandez",Paper,Part X,10.1007/978-3-031-78192-6_1,https://doi.org/10.1007/978-3-031-78192-6_1
303,Method,Correlation Weighted Prototype-Based Self-supervised One-Shot Segmentation of Medical Images,"Siladittya Manna, Saumik Bhattacharya, Umapada Pal",Paper,Part X,10.1007/978-3-031-78192-6_2,https://doi.org/10.1007/978-3-031-78192-6_2
304,Method,Quantitative Structure-Activity Relationship Modeling for the Prediction of Fish Toxicity Lethal Concentration on Fathead Minnow,"R. Kavitha, D. S. Guru",Paper,Part X,10.1007/978-3-031-78192-6_3,https://doi.org/10.1007/978-3-031-78192-6_3
305,Method,SuperSimpleNet: Unifying Unsupervised and Supervised Learning for Fast and Reliable Surface Defect Detection,"Blaž Rolih, Matic Fučka, Danijel Skočaj",Paper,Part X,10.1007/978-3-031-78192-6_4,https://doi.org/10.1007/978-3-031-78192-6_4
306,Method,"Augmentation of Human Activity Data: Convert, Generate, Transform","Nilah Ravi Nair, Arthur Matei, Dennis Krön, Fernando Moya Rueda, Christopher Reining, Gernot A. Fink",Paper,Part X,10.1007/978-3-031-78192-6_5,https://doi.org/10.1007/978-3-031-78192-6_5
307,Method,PostAugment: Adversarial Data Augmentation with Hard Sample Suppression by Incorrect Class Likelihood,"Azusa Sawada, Takashi Shibata, Keiko Yokoyama, Shoji Yachida, Toshinori Hosoi",Paper,Part X,10.1007/978-3-031-78192-6_6,https://doi.org/10.1007/978-3-031-78192-6_6
308,Method,Generating Pseudo-Strong Labels from Weak Labels for Distributed Multi-Microphone Sound Event Detection,"Vijay John, Yasutomo Kawanishi",Paper,Part X,10.1007/978-3-031-78192-6_7,https://doi.org/10.1007/978-3-031-78192-6_7
309,Method,SITAR: Semi-supervised Image Transformer for Action Recognition,"Owais Iqbal, Omprakash Chakraborty, Aftab Hussain, Rameswar Panda, Abir Das",Paper,Part X,10.1007/978-3-031-78192-6_8,https://doi.org/10.1007/978-3-031-78192-6_8
310,Method,Enhancing Graph Topology and Clustering Quality: A Modularity-Guided Approach,"Xiaotian Zhuang, Yongyu Wang, Shiqi Hao, Xiaoyang Wang",Paper,Part X,10.1007/978-3-031-78192-6_9,https://doi.org/10.1007/978-3-031-78192-6_9
311,Method,Leveraging Data from Vast Unexplored Seas: Positive Unlabeled Learning for Refining Prediction Area in Good Fishing Ground Prediction,"Haruki Konii, Teppei Nakano, Yasumasa Miyazawa, Tetsuji Ogawa",Paper,Part X,10.1007/978-3-031-78192-6_10,https://doi.org/10.1007/978-3-031-78192-6_10
312,Method,SAda-Net: A Self-supervised Adaptive Stereo Estimation CNN For Remote Sensing Image Data,"Dominik Hirner, Friedrich Fraundorfer",Paper,Part X,10.1007/978-3-031-78192-6_11,https://doi.org/10.1007/978-3-031-78192-6_11
313,Method,Enhancing the Quality of Pseudo Labels in 2D Human Pose Estimation via a Debiasing-Teacher Approach,"Naihao Wang, Shushi Hong, Kexin Meng, Ruirui Li",Paper,Part X,10.1007/978-3-031-78192-6_12,https://doi.org/10.1007/978-3-031-78192-6_12
314,Method,GraPix: Exploring Graph Modularity Optimization for Unsupervised Pixel Clustering,"Sonal Kumar, Arijit Sur, Rashmi Dutta Baruah",Paper,Part X,10.1007/978-3-031-78192-6_13,https://doi.org/10.1007/978-3-031-78192-6_13
315,Method,SODAWideNet++: Combining Attention and Convolutions for Salient Object Detection,"Rohit Venkata Sai Dulam, Chandra Kambhamettu",Paper,Part X,10.1007/978-3-031-78192-6_14,https://doi.org/10.1007/978-3-031-78192-6_14
316,Method,FL-PSeC: Federated Learning-Pseudo Labeled Medical Image Segmentation with Personalized Class Balancing Semi-supervised Approach,"Ishu Priya, C. Krishna Mohan",Paper,Part X,10.1007/978-3-031-78192-6_15,https://doi.org/10.1007/978-3-031-78192-6_15
317,Method,Improved Hypergraph Laplacian Based Semi-supervised Support Vector Machine,"Reshma Rastogi, Dev Nirwal",Paper,Part X,10.1007/978-3-031-78192-6_16,https://doi.org/10.1007/978-3-031-78192-6_16
318,Method,Context Mutual Evolution Network for Weakly Supervised Surface Defect Detection,"Xiaoheng Jiang, Penghui Xiao, Feng Yan, Yang Lu, Shaohui Jin, Mingliang Xu",Paper,Part X,10.1007/978-3-031-78192-6_17,https://doi.org/10.1007/978-3-031-78192-6_17
319,Method,Binary-Tree Based Mean-Averaging Estimation for Multi-label Classification,"Reshma Rastogi, Sayanta Chowdhury",Paper,Part X,10.1007/978-3-031-78192-6_18,https://doi.org/10.1007/978-3-031-78192-6_18
320,Method,FAT: Fusion-Attention Transformer for Remaining Useful Life Prediction,"Trung Hieu Vu, Eyad Elyan, Will Vorley, Joe Goodlad, Truong Dang, Tien Thanh Nguyen",Paper,Part X,10.1007/978-3-031-78192-6_19,https://doi.org/10.1007/978-3-031-78192-6_19
321,Method,Conditional Probability-Based Feature Embedding for Genomic Sequence Data,"Parashjyoti Borah, Aparajita Dutta",Paper,Part X,10.1007/978-3-031-78192-6_20,https://doi.org/10.1007/978-3-031-78192-6_20
322,Method,RADA: Reconstruction Assisted Domain Adaptation for Nighttime Aerial Tracking,"Avinash Chouhan, Mayank Chandak, Arijit Sur, Dibyajyoti Chutia, Shiv Prasad Aggarwal",Paper,Part X,10.1007/978-3-031-78192-6_21,https://doi.org/10.1007/978-3-031-78192-6_21
323,Method,A Novel Outlier Detection Algorithm Based on Symmetry and Distance Ratio,"Haoyu Zhai, Zexuan Fei, Yan Ma",Paper,Part X,10.1007/978-3-031-78192-6_22,https://doi.org/10.1007/978-3-031-78192-6_22
324,Method,Graph Regression Based on Autoencoders and Graph Autoencoders,Francesc Serratosa,Paper,Part X,10.1007/978-3-031-78192-6_23,https://doi.org/10.1007/978-3-031-78192-6_23
325,Method,Dissimilarity-Based Graph Embedding: An Efficient GAT-based Approach,"Francesco Leonardi, Kaspar Riesen",Paper,Part X,10.1007/978-3-031-78192-6_24,https://doi.org/10.1007/978-3-031-78192-6_24
326,Method,Quantifying Racial Segregation Through Continuous-Time Quantum Walks,"Yutong Jiang, Xing Wu, Jianjia Wang",Paper,Part X,10.1007/978-3-031-78192-6_25,https://doi.org/10.1007/978-3-031-78192-6_25
327,Method,Clustering-based Image-Text Graph Matching for Domain Generalization,"Nokyung Park, Daewon Chae, Jeongyong Shim, Sangpil Kim, Eun-Sol Kim, Jinkyu Kim",Paper,Part X,10.1007/978-3-031-78192-6_26,https://doi.org/10.1007/978-3-031-78192-6_26
328,Method,Knowledge from Large-Scale Protein Contact Prediction Models Can Be Transferred to the Data-Scarce RNA Contact Prediction Task,"Yiren Jian, Chongyang Gao, Chen Zeng, Yunjie Zhao, Soroush Vosoughi",Paper,Part X,10.1007/978-3-031-78192-6_27,https://doi.org/10.1007/978-3-031-78192-6_27
329,Method,Improving Multi-label Recognition using Class Co-Occurrence Probabilities,"Samyak Rawlekar, Shubhang Bhatnagar, Vishnuvardhan Pogunulu Srinivasulu, Narendra Ahuja",Paper,Part X,10.1007/978-3-031-78192-6_28,https://doi.org/10.1007/978-3-031-78192-6_28
330,Method,SARCOVID: A Framework for Sarcasm Detection in Tweets Using Hybrid Transfer Learning Techniques,"T. K. Balaji, Annushree Bablani, S. R. Sreeja, Hemant Misra",Paper,Part XI,10.1007/978-3-031-78195-7_1,https://doi.org/10.1007/978-3-031-78195-7_1
331,Method,Contrastive Conditional Alignment Based on Label Shift Calibration for Imbalanced Domain Adaptation,"Xiaona Sun, Zhenyu Wu, Zhiqiang Zhan, Yang Ji",Paper,Part XI,10.1007/978-3-031-78195-7_2,https://doi.org/10.1007/978-3-031-78195-7_2
332,Method,A New StyleGAN Latent Space Based Model for Image Style Transfer,"Rakesh Dey, Shivakumara Palaiahnakote, Saumik Bhattacharya, Sukalpa Chanda, Umapada Pal",Paper,Part XI,10.1007/978-3-031-78195-7_3,https://doi.org/10.1007/978-3-031-78195-7_3
333,Method,SSMT: Few-Shot Traffic Forecasting with Single Source Meta-transfer,"Kishor Kumar Bhaumik, Minha Kim, Fahim Faisal Niloy, Amin Ahsan Ali, Simon S. Woo",Paper,Part XI,10.1007/978-3-031-78195-7_4,https://doi.org/10.1007/978-3-031-78195-7_4
334,Method,Advanced Endoscopy Imaging with Automatic Feedback,"D. M. Bappy, Donghwa Kang, Jinkyu Lee, Youngmoon Lee, Minsuk Koo, Hyeongboo Baek",Paper,Part XI,10.1007/978-3-031-78195-7_5,https://doi.org/10.1007/978-3-031-78195-7_5
335,Method,Deep Prior Based Limited-Angle Tomography,"D. M. Bappy, Donghwa Kang, Jinkyu Lee, Youngmoon Lee, Hyeongboo Baek",Paper,Part XI,10.1007/978-3-031-78195-7_6,https://doi.org/10.1007/978-3-031-78195-7_6
336,Method,CTextureFusion: Advanced Texture Transfer with Multi-head Attention for Improving Lung CT Super Resolution,"Mario Amoros, Manuel Curado, Jose F. Vicent",Paper,Part XI,10.1007/978-3-031-78195-7_7,https://doi.org/10.1007/978-3-031-78195-7_7
337,Method,Cross-Modality Medical Image Registration with Local-Global Spatial Correlation,"Souraja Kundu, Yuji Iwahori, M. K. Bhuyan, Manish Bhatt, Boonserm Kijsirikul, Aili Wang, Akira Ouchi, Yasuhiro Shimizu",Paper,Part XI,10.1007/978-3-031-78195-7_8,https://doi.org/10.1007/978-3-031-78195-7_8
338,Method,A Hybrid Domain Encoder-Decoder Network for Progressive k-space Extrapolation in Super-Resolution MRI,"Vazim Ibrahim, Joseph Suresh Paul",Paper,Part XI,10.1007/978-3-031-78195-7_9,https://doi.org/10.1007/978-3-031-78195-7_9
339,Method,MAR-DTN: Metal Artifact Reduction Using Domain Transformation Network for Radiotherapy Planning,"Belén Serrano-Antón, Mubashara Rehman, Niki Martinel, Michele Avanzo, Riccardo Spizzo, Giuseppe Fanetti, Alberto P. Muñuzuri, Christian Micheloni",Paper,Part XI,10.1007/978-3-031-78195-7_10,https://doi.org/10.1007/978-3-031-78195-7_10
340,Method,Self-prior Guided Mamba-UNet Networks for Medical Image Super-Resolution,"Zexin Ji, Beiji Zou, Xiaoyan Kui, Pierre Vera, Su Ruan",Paper,Part XI,10.1007/978-3-031-78195-7_11,https://doi.org/10.1007/978-3-031-78195-7_11
341,Method,MU-Net: Modified U-Net for Precise Localization and Segmentation of Lumber-Spine Regions from Sagittal Views,"Md. Kaisar Ahmed, Felix Havugimana, Kazi Ashraf Moinudin, Mohammed Yeasin",Paper,Part XI,10.1007/978-3-031-78195-7_12,https://doi.org/10.1007/978-3-031-78195-7_12
342,Method,Harnessing Vision Transformers for Precise and Explainable Breast Cancer Diagnosis,"Hossam Magdy Balaha, Khadiga M. Ali, Dibson Gondim, Mohammed Ghazal, Ayman El-Baz",Paper,Part XI,10.1007/978-3-031-78195-7_13,https://doi.org/10.1007/978-3-031-78195-7_13
343,Method,Directed Brain Network Transformer for Psychiatric Diagnosis,"Xu Zhu, Zhiwei Qi, Kun Yue, Yunshan Su, Liang Duan",Paper,Part XI,10.1007/978-3-031-78195-7_14,https://doi.org/10.1007/978-3-031-78195-7_14
344,Method,Learning to Estimate Motion Between Non-adjacent Frames in Cardiac Cine MRI Data: A Fusion Approach,"Nicolas Portal, Thomas Dietenbeck, Saud Khan, Vincent Nguyen, Mikael Prigent, Mohamed Zarai, Khaoula Bouazizi, Johanne Sylvain, Alban Redheuil, Gilles Montalescot, Nadjia Kachenoura, Catherine Achard",Paper,Part XI,10.1007/978-3-031-78195-7_15,https://doi.org/10.1007/978-3-031-78195-7_15
345,Method,EEG Data Augmentation Using Generative Adversarial Network for Improved Emotion Recognition,"Raktim Acharjee, Shaik Rafi Ahamed",Paper,Part XI,10.1007/978-3-031-78195-7_16,https://doi.org/10.1007/978-3-031-78195-7_16
346,Method,Automated Maternal Fetal Ultrasound Image Identification Using a Hybrid Vision Transformer Model,"Thunakala Bala Krishna, Ajay Kumar Reddy Poreddy, Kolla Gnapika Sindhu, Priyanka Kokil",Paper,Part XI,10.1007/978-3-031-78195-7_17,https://doi.org/10.1007/978-3-031-78195-7_17
347,Method,Attention Dynamics: Estimating Attention Levels of ADHD using Swin Transformer,"Debashis Das Chakladar, Anand Shankar, Foteini Liwicki, Shovan Barma, Rajkumar Saini",Paper,Part XI,10.1007/978-3-031-78195-7_18,https://doi.org/10.1007/978-3-031-78195-7_18
348,Method,CycleGAN Based Bone Suppression Techniques for Standard CXR Images,"V. Santhosh Kumar Tangudu, Jagadeesh Kakarla, A. Sam Prabhu, Bala Vikranth Kumar",Paper,Part XI,10.1007/978-3-031-78195-7_19,https://doi.org/10.1007/978-3-031-78195-7_19
349,Method,BCN: Batch Channel Normalization for Image Classification,Afifa Khaled,Paper,Part XI,10.1007/978-3-031-78195-7_20,https://doi.org/10.1007/978-3-031-78195-7_20
350,Method,EEG-Based Mental Imagery Task Adaptation via Ensemble of Weight-Decomposed Low-Rank Adapters,"Taveena Lotey, Aman Verma, Partha Pratim Roy",Paper,Part XI,10.1007/978-3-031-78195-7_21,https://doi.org/10.1007/978-3-031-78195-7_21
351,Method,Neural Networks Meet Neural Activity: Utilizing EEG for Mental Workload Estimation,"Gourav Siddhad, Partha Pratim Roy, Byung-Gyu Kim",Paper,Part XI,10.1007/978-3-031-78195-7_22,https://doi.org/10.1007/978-3-031-78195-7_22
352,Method,Awake at the Wheel: Enhancing Automotive Safety Through EEG-Based Fatigue Detection,"Gourav Siddhad, Sayantan Dey, Partha Pratim Roy, Masakazu Iwamura",Paper,Part XI,10.1007/978-3-031-78195-7_23,https://doi.org/10.1007/978-3-031-78195-7_23
353,Method,Enhanced Cross-Task EEG Classification: Domain Adaptation with EEGNet,"Vishal Pandey, Nikhil Panwar, Atharva Kumbhar, Partha Pratim Roy, Masakazu Iwamura",Paper,Part XI,10.1007/978-3-031-78195-7_24,https://doi.org/10.1007/978-3-031-78195-7_24
354,Method,Advanced Framework for Early Congestive Heart Failure Detection Using Electrocardiogram Data and Ensemble Learning Models,"Aditya Oza, Sanskriti Patel, Abhishek Shrivastava, Santosh Kumar",Paper,Part XI,10.1007/978-3-031-78195-7_25,https://doi.org/10.1007/978-3-031-78195-7_25
355,Method,Hierarchical Classification of Frontotemporal Dementia Subtypes Utilizing Tabular-to-Image Data Conversion with Deep Learning Methods,"Km Poonam, Venkata Sathwik Kotra, Rajlakshmi Guha, Partha P. Chakrabarti",Paper,Part XI,10.1007/978-3-031-78195-7_26,https://doi.org/10.1007/978-3-031-78195-7_26
356,Method,Identifying Alzheimer’s Disease Across Cognitive Impairment Spectrum Using Acoustic Features Only,"Hyo Jin Jon, Hyuntaek Jung, Longbin Jin, Eun Yi Kim",Paper,Part XI,10.1007/978-3-031-78195-7_27,https://doi.org/10.1007/978-3-031-78195-7_27
357,Method,Policy Gradient-Driven Noise Mask,"Mehmet Can Yavuz, Yang Yang",Paper,Part XI,10.1007/978-3-031-78195-7_28,https://doi.org/10.1007/978-3-031-78195-7_28
358,Method,Improved Alzheimer’s Disease Detection with Dynamic Attention Guided Multi-modal Fusion,"Arkaprabha Basu, Sourav Raha, Avisek Gupta, Swagatam Das",Paper,Part XI,10.1007/978-3-031-78195-7_29,https://doi.org/10.1007/978-3-031-78195-7_29
359,Method,Transformers and CNNs in Neurodiagnostics: Handwriting Analysis for Alzheimer’s Diagnosis,"Gabriele Lozupone, Emanuele Nardone, Cesare Davide Pace, Tiziana D’Alessandro",Paper,Part XI,10.1007/978-3-031-78195-7_30,https://doi.org/10.1007/978-3-031-78195-7_30
360,Method,AD-Lite Net: A Lightweight and Concatenated CNN Model for Alzheimer’s Detection from MRI Images,"Santanu Roy, Archit Gupta, Shubhi Tiwari, Palak Sahu",Paper,Part XII,10.1007/978-3-031-78198-8_1,https://doi.org/10.1007/978-3-031-78198-8_1
361,Method,Leveraging Persistent Homology for Differential Diagnosis of Mild Cognitive Impairment,"Ninad Aithal, Debanjali Bhattacharya, Neelam Sinha, Thomas Gregor Issac",Paper,Part XII,10.1007/978-3-031-78198-8_2,https://doi.org/10.1007/978-3-031-78198-8_2
362,Method,Medical Image Classification Attack Based on Texture Manipulation,"Yunrui Gu, Cong Kong, Zhaoxia Yin, Yan Wang, Qingli Li",Paper,Part XII,10.1007/978-3-031-78198-8_3,https://doi.org/10.1007/978-3-031-78198-8_3
363,Method,An Attention Transformer-Based Method for the Modelling of Functional Connectivity and the Diagnosis of Autism Spectrum Disorder,"Ge Yang, Linbo Qing, Yanteng Zhang, Feng Gao, Li Gao, Xiaohai He, Yonghong Peng",Paper,Part XII,10.1007/978-3-031-78198-8_4,https://doi.org/10.1007/978-3-031-78198-8_4
364,Method,A Fast Domain-Inspired Unsupervised Method to Compute COVID-19 Severity Scores from Lung CT,"Samiran Dey, Bijon Kundu, Partha Basuchowdhuri, Sanjoy Kumar Saha, Tapabrata Chakraborti",Paper,Part XII,10.1007/978-3-031-78198-8_5,https://doi.org/10.1007/978-3-031-78198-8_5
365,Method,Privacy-Preserving Tabular Data Generation: Application to Sepsis Detection,"Eric Macias-Fassio, Aythami Morales, Cristina Pruenza, Julian Fierrez",Paper,Part XII,10.1007/978-3-031-78198-8_6,https://doi.org/10.1007/978-3-031-78198-8_6
366,Method,SVD-Grad-CAM: Singular Value Decomposition filtered Gradient Weighted Class Activation Map,"Gokaramaiah Thota, K. Nagaraju, Sathya Babu Korra",Paper,Part XII,10.1007/978-3-031-78198-8_7,https://doi.org/10.1007/978-3-031-78198-8_7
367,Method,Applying Layer-Wise Relevance Propagation on U-Net Architectures,"Patrick Weinberger, Bernhard Fröhler, Anja Heim, Alexander Gall, Ulrich Bodenhofer, Sascha Senck",Paper,Part XII,10.1007/978-3-031-78198-8_8,https://doi.org/10.1007/978-3-031-78198-8_8
368,Method,Visualizing Dynamics of Federated Medical Models via Conversational Memory Elements,"Sanidhya Kumar, Varun Vilvadrinath, Jignesh S. Bhatt, Ashish Phophalia",Paper,Part XII,10.1007/978-3-031-78198-8_9,https://doi.org/10.1007/978-3-031-78198-8_9
369,Method,Generating Counterfactual Trajectories with Latent Diffusion Models for Concept Discovery,"Payal Varshney, Adriano Lucieri, Christoph Balada, Andreas Dengel, Sheraz Ahmed",Paper,Part XII,10.1007/978-3-031-78198-8_10,https://doi.org/10.1007/978-3-031-78198-8_10
370,Method,Fusing Forces: Deep-Human-Guided Refinement of Segmentation Masks,"Rafael Sterzinger, Christian Stippel, Robert Sablatnig",Paper,Part XII,10.1007/978-3-031-78198-8_11,https://doi.org/10.1007/978-3-031-78198-8_11
371,Method,Specular Region Detection and Covariant Feature Extraction,"D. M. Bappy, Donghwa Kang, Jinkyu Lee, Youngmoon Lee, Minsuk Koo, Hyeongboo Baek",Paper,Part XII,10.1007/978-3-031-78198-8_12,https://doi.org/10.1007/978-3-031-78198-8_12
372,Method,Low-Rank Adaptation of Segment Anything Model for Surgical Scene Segmentation,"Jay N. Paranjape, Shameema Sikder, S. Swaroop Vedula, Vishal M. Patel",Paper,Part XII,10.1007/978-3-031-78198-8_13,https://doi.org/10.1007/978-3-031-78198-8_13
373,Method,DRIVPocket: A Dual-stream Rotation Invariance in Feature Sampling and Voxel Fusion Approach for Protein Binding Site Prediction,"Bowen Deng, Yang Hua, Wenjie Zhang, Xiaoning Song, Xiao-jun Wu",Paper,Part XII,10.1007/978-3-031-78198-8_14,https://doi.org/10.1007/978-3-031-78198-8_14
374,Method,TotalCT-SAM: A Whole-Body CT Segment Anything Model with Memorizing Transformer,"Zhiwei Zhang, Yiqing Shen",Paper,Part XII,10.1007/978-3-031-78198-8_15,https://doi.org/10.1007/978-3-031-78198-8_15
375,Method,Multi-modal Multitask Learning Model for Simultaneous Classification of Two Epilepsy Biomarkers,"Nawara Mahmood Broti, Masaki Sawada, Yutaro Takayama, Keiya Iijima, Masaki Iwasaki, Yumie Ono",Paper,Part XII,10.1007/978-3-031-78198-8_16,https://doi.org/10.1007/978-3-031-78198-8_16
376,Method,Learning Neural Networks for Multi-label Medical Image Retrieval Using Hamming Distance Fabricated with Jaccard Similarity Coefficient,"Asim Manna, Debdoot Sheet",Paper,Part XII,10.1007/978-3-031-78198-8_17,https://doi.org/10.1007/978-3-031-78198-8_17
377,Method,Adaptive Cross-Modal Representation Learning for Heterogeneous Data Types in Alzheimer Disease Progression Prediction with Missing Time Point and Modalities,"S. P. Dhivyaa, Duy-Phuong Dao, Hyung-Jeong Yang, Jahae Kim",Paper,Part XII,10.1007/978-3-031-78198-8_18,https://doi.org/10.1007/978-3-031-78198-8_18
378,Method,Enhancing Medical Image Analysis with MA-DTNet: A Dual Task Network Guided by Morphological Attention,"Susmita Ghosh, Swagatam Das",Paper,Part XII,10.1007/978-3-031-78198-8_19,https://doi.org/10.1007/978-3-031-78198-8_19
379,Method,TransNetOCT: An Efficient Transformer-Based Model for 3D-OCT Segmentation Using Prior Shape,"Mohamed Elsharkawy, Ibrahim Abdelhalim, Mohammed Ghazal, Mohammad Z. Haq, Rayan Haq, Ali Mahmoud, Harpal S. Sandhu, Aristomenis Thanos, Ayman El-Baz",Paper,Part XII,10.1007/978-3-031-78198-8_20,https://doi.org/10.1007/978-3-031-78198-8_20
380,Method,On the Importance of Local and Global Feature Learning for Automated Measurable Residual Disease Detection in Flow Cytometry Data,"Lisa Weijler, Michael Reiter, Pedro Hermosilla, Margarita Maurer-Granofszky, Michael Dworzak",Paper,Part XII,10.1007/978-3-031-78198-8_21,https://doi.org/10.1007/978-3-031-78198-8_21
381,Method,Self-supervised Siamese Network Using Vision Transformer for Depth Estimation in Endoscopic Surgeries,"Snigdha Agarwal, Neelam Sinha",Paper,Part XII,10.1007/978-3-031-78198-8_22,https://doi.org/10.1007/978-3-031-78198-8_22
382,Method,Enhanced 3D Dense U-Net with Two Independent Teachers for Infant Brain Image Segmentation,"Afifa Khaled, Ahmed Elazab",Paper,Part XII,10.1007/978-3-031-78198-8_23,https://doi.org/10.1007/978-3-031-78198-8_23
383,Method,IDQCE: Instance Discrimination Learning Through Quantized Contextual Embeddings for Medical Images,"Azad Singh, Deepak Mishra",Paper,Part XII,10.1007/978-3-031-78198-8_24,https://doi.org/10.1007/978-3-031-78198-8_24
384,Method,Superpixel-Based Sparse Labeling for Efficient and Certain Medical Image Annotation,"Somayeh Rezaei, Xiaoyi Jiang",Paper,Part XII,10.1007/978-3-031-78198-8_25,https://doi.org/10.1007/978-3-031-78198-8_25
385,Method,Attention Seekers U-Net with Mamba for Sub-cellular Segmentation,"Pratik Sinha, Arif Ahmed Sekh",Paper,Part XII,10.1007/978-3-031-78198-8_26,https://doi.org/10.1007/978-3-031-78198-8_26
386,Method,Cross-Domain Multi-contrast MR Image Synthesis via Generative Adversarial Network,"Guowen Wang, Silei Wang, Lu Wang, Congbo Cai, Shuhui Cai, Zhong Chen",Paper,Part XII,10.1007/978-3-031-78198-8_27,https://doi.org/10.1007/978-3-031-78198-8_27
387,Method,Fusion of Machine Learning and Deep Neural Networks for Pulmonary Arteries and Veins Segmentation in Lung Cancer Surgery Planning,"Hongyu Cheng, Limin Zheng, Zeyu Yan, Haoran Zhang, Bo Meng, Xiaowei Xu",Paper,Part XII,10.1007/978-3-031-78198-8_28,https://doi.org/10.1007/978-3-031-78198-8_28
388,Method,SEANet: Rethinking Skip-Connections Design in Encoder-Decoder Networks via Synergistic Spatial-Spectral Fusion for LDCT Denoising,"Abhijit Das, Vandan Gorade, Dwarikanath Mahapatra, Sudipta Roy",Paper,Part XII,10.1007/978-3-031-78198-8_29,https://doi.org/10.1007/978-3-031-78198-8_29
389,Method,Extracting Vitals from ICU Monitor Images: An Insight from Analysis of 10K Patient Data,"Akshat Rampuria, Kushagra Khare, Ayush Soni, Debi Prosad Dogra",Paper,Part XII,10.1007/978-3-031-78198-8_30,https://doi.org/10.1007/978-3-031-78198-8_30
390,Method,A Single Source Generalization Model via Spatial Amplitude Perturbation and Sensitivity Guidance for Colored Medical Image Segmentation,"Zeyuan Yang, Chunyan Yu",Paper,Part XIII,10.1007/978-3-031-78201-5_1,https://doi.org/10.1007/978-3-031-78201-5_1
391,Method,Transformer Models for Enhanced Calcifications Detection in Mammography,"Marco Cantone, Claudio Marrocco, Francesco Tortorella, Alessandro Bria",Paper,Part XIII,10.1007/978-3-031-78201-5_2,https://doi.org/10.1007/978-3-031-78201-5_2
392,Method,Unsupervised Feature Matching for Affine Histological Image Registration,"Vladislav A. Pyatov, Dmitry V. Sorokin",Paper,Part XIII,10.1007/978-3-031-78201-5_3,https://doi.org/10.1007/978-3-031-78201-5_3
393,Method,Towards Out-of-Distribution Detection for Breast Cancer Classification in Point-of-Care Ultrasound Imaging,"Jennie Karlsson, Marisa Wodrich, Niels Christian Overgaard, Freja Sahlin, Kristina Lång, Anders Heyden, Ida Arvidsson",Paper,Part XIII,10.1007/978-3-031-78201-5_4,https://doi.org/10.1007/978-3-031-78201-5_4
394,Method,Colon Segmentation Using Guided Sequential Episodic Training and Contrastive Learning,"Samir Harb, Asem Ali, Mohamed Yousuf, Salwa Elshazly, Aly Farag",Paper,Part XIII,10.1007/978-3-031-78201-5_5,https://doi.org/10.1007/978-3-031-78201-5_5
395,Method,Differential Diagnosis of Thyroid Tumors Through Information Fusion from Multiphoton Microscopy Images Using Fusion Autoencoder,"Harshith Reddy Kethireddy, A. Tejaswee, Lucian G. Eftimie, Radu Hristu, George A. Stanciu, Angshuman Paul",Paper,Part XIII,10.1007/978-3-031-78201-5_6,https://doi.org/10.1007/978-3-031-78201-5_6
396,Method,Investigating the ABCDE Rule in Convolutional Neural Networks,"Federico Bolelli, Luca Lumetti, Kevin Marchesini, Ettore Candeloro, Costantino Grana",Paper,Part XIII,10.1007/978-3-031-78201-5_7,https://doi.org/10.1007/978-3-031-78201-5_7
397,Method,Breast Cancer Segmentation Using UNet and Global Convolutional Networks,"Anand Thyagachandran, Yeruru Asrar Ahmed",Paper,Part XIII,10.1007/978-3-031-78201-5_8,https://doi.org/10.1007/978-3-031-78201-5_8
398,Method,SFRSeg-Net: Synovial Fluid Region Segmentation from Rheumatoid Arthritis Affected Small Joints Using USG for Early Detection,"Puja Das, Sourav Dey Roy, Kaberi Sangma, Asim De, Mrinal Kanti Bhowmik",Paper,Part XIII,10.1007/978-3-031-78201-5_9,https://doi.org/10.1007/978-3-031-78201-5_9
399,Method,Classification of Cutaneous Diseases: A Systematic Study on Real-Time Captured Images Using Deep Learning,"Bhavik Kanekar, Jay Sawant, Niti Chikhale, Paras Dhotre, Sushil Savant, Gajanan Nagare, Kshitij Jadhav",Paper,Part XIII,10.1007/978-3-031-78201-5_10,https://doi.org/10.1007/978-3-031-78201-5_10
400,Method,FNOReg: Resolution-Robust Medical Image Registration Method Based on Fourier Neural Operator,"Nikita A. Drozdov, Dmitry V. Sorokin",Paper,Part XIII,10.1007/978-3-031-78201-5_11,https://doi.org/10.1007/978-3-031-78201-5_11
401,Method,Harmonized Spatial and Spectral Learning for Generalized Medical Image Segmentation,"Vandan Gorade, Sparsh Mittal, Debesh Jha, Rekha Singhal, Ulas Bagci",Paper,Part XIII,10.1007/978-3-031-78201-5_12,https://doi.org/10.1007/978-3-031-78201-5_12
402,Method,Leveraging Point Annotations in Segmentation Learning with Boundary Loss,"Eva Breznik, Hoel Kervadec, Filip Malmberg, Joel Kullberg, Håkan Ahlström, Marleen de Bruijne, Robin Strand",Paper,Part XIII,10.1007/978-3-031-78201-5_13,https://doi.org/10.1007/978-3-031-78201-5_13
403,Method,SpecSlice-ConvLSTM:Medical Hyperspectral Image Segmentation Using Spectral Slicing and ConvLSTM,"Ming Hu, Jianfu Yin, Jing Wang, Yuqi Wang, Bingliang Hu, Quan Wang",Paper,Part XIII,10.1007/978-3-031-78201-5_14,https://doi.org/10.1007/978-3-031-78201-5_14
404,Method,Advancing Brain Tumor Diagnosis: A Hybrid Approach Using Edge Detection and Deep Learning,"Ha Anh Vu, Szilárd Vajda",Paper,Part XIII,10.1007/978-3-031-78201-5_15,https://doi.org/10.1007/978-3-031-78201-5_15
405,Method,Shape Induced Multi-class Deep Graph Cut for Hippocampus Subfield Segmentation,"Arijit De, Ananda S. Chowdhury",Paper,Part XIII,10.1007/978-3-031-78201-5_16,https://doi.org/10.1007/978-3-031-78201-5_16
406,Method,Tract-RLFormer: A Tract-Specific RL Policy Based Decoder-Only Transformer Network,"Ankita Joshi, Ashutosh Sharma, Anoushkrit Goel, Ranjeet Ranjan Jha, Chirag Kamal Ahuja, Arnav Bhavsar, Aditya Nigam",Paper,Part XIII,10.1007/978-3-031-78201-5_17,https://doi.org/10.1007/978-3-031-78201-5_17
407,Method,Detecting Concept Shifts Under Different Levels of Self-awareness on Emotion Labeling,"HyoSeon Choi, Dahoon Choi, Netiwit Kaongoen, Byung Hyung Kim",Paper,Part XIII,10.1007/978-3-031-78201-5_18,https://doi.org/10.1007/978-3-031-78201-5_18
408,Method,A Trainable Feature Extractor Module for Deep Neural Networks and Scanpath Classification,Wolfgang Fuhl,Paper,Part XIII,10.1007/978-3-031-78201-5_19,https://doi.org/10.1007/978-3-031-78201-5_19
409,Method,Cascading Global and Sequential Temporal Representations with Local Context Modeling for EEG-Based Emotion Recognition,"Hyunwook Kang, Jin Woo Choi, Byung Hyung Kim",Paper,Part XIII,10.1007/978-3-031-78201-5_20,https://doi.org/10.1007/978-3-031-78201-5_20
410,Method,Engagement Measurement Based on Facial Landmarks and Spatial-Temporal Graph Convolutional Networks,"Ali Abedi, Shehroz S. Khan",Paper,Part XIII,10.1007/978-3-031-78201-5_21,https://doi.org/10.1007/978-3-031-78201-5_21
411,Method,A Spatial-Temporal Graph Convolutional Network for Video-Based Group Emotion Recognition,"Xingzhi Wang, Tao Chen, Dong Zhang",Paper,Part XIII,10.1007/978-3-031-78201-5_22,https://doi.org/10.1007/978-3-031-78201-5_22
412,Method,Micro-expression Recognition Based on Dual-Stream Spatiotemporal Transformer,"Yan Zhao, Xiaohua Huang, Chuangao Tang",Paper,Part XIII,10.1007/978-3-031-78201-5_23,https://doi.org/10.1007/978-3-031-78201-5_23
413,Method,HR-TRACK: An rPPG Method for Heartrate Monitoring Using Temporal Convolution Networks,"Lokendra Birla, Sneha Shukla, Trishna Saikia, Puneet Gupta",Paper,Part XIII,10.1007/978-3-031-78201-5_24,https://doi.org/10.1007/978-3-031-78201-5_24
414,Method,LLDif: Diffusion Models for Low-Light Facial Expression Recognition,"Zhifeng Wang, Kaihao Zhang, Ramesh Sankaranarayana",Paper,Part XIII,10.1007/978-3-031-78201-5_25,https://doi.org/10.1007/978-3-031-78201-5_25
415,Method,Dense Coordinate Channel Attention Network for Depression Level Estimation from Speech,"Ziping Zhao, Shizhao Liu, Mingyue Niu, Haishuai Wang, Björn W. Schuller",Paper,Part XIII,10.1007/978-3-031-78201-5_26,https://doi.org/10.1007/978-3-031-78201-5_26
416,Method,Interpreting Emotions Through the Grad-CAM Lens: Insights and Implications in CNN-Based Facial Emotion Recognition,"Jens Gebele, Philipp Brune, Frank Schwab, Sebastian von Mammen",Paper,Part XIII,10.1007/978-3-031-78201-5_27,https://doi.org/10.1007/978-3-031-78201-5_27
417,Method,Securing Faces: A GAN-Powered Defense Against Spoofing with MSRCR and CBAM,"Aashania Antil, Chhavi Dhiman",Paper,Part XIII,10.1007/978-3-031-78201-5_28,https://doi.org/10.1007/978-3-031-78201-5_28
418,Method,Parallel Attention Based Network for Human Activity Recognition Using Wearable Devices,"Chenyang Xu, Feiyi Fan, Guanzhou Ke, Changru Guo, Qingyu Wu, Jianfei Shen",Paper,Part XIII,10.1007/978-3-031-78201-5_29,https://doi.org/10.1007/978-3-031-78201-5_29
419,Method,Detection of Intracranial Hemorrhage for Trauma Patients,"Antoine P. Sanner, Nils F. Grauhan, Merle Meyer, Laura Leukert, Marc A. Brockmann, Ahmed E. Othman, Anirban Mukhopadhyay",Paper,Part XIV,10.1007/978-3-031-78341-8_1,https://doi.org/10.1007/978-3-031-78341-8_1
420,Method,Improving the Robustness of Time Series Neural Networks from Adversarial Attacks Using Time Warping,"Yoh Yamashita, Brian Kenji Iwana",Paper,Part XIV,10.1007/978-3-031-78341-8_2,https://doi.org/10.1007/978-3-031-78341-8_2
421,Method,SIGN-Diffusion: Generating User Specific Online Signature for Digital Verification,"Anurag Pandey, Pushap Deep Singh, Arnav Bhavsar, Aditya Nigam, Divya Acharya, Basu Verma",Paper,Part XIV,10.1007/978-3-031-78341-8_3,https://doi.org/10.1007/978-3-031-78341-8_3
422,Method,C-PPT: A Channel-Wise Prototypical Part Transformer for Interpretable Perioperative Complication Prediction with Blood Pressure,"Jingwei Zhang, Xiaodong Yang, Yiqiang Chen, Ruizhe Sun",Paper,Part XIV,10.1007/978-3-031-78341-8_4,https://doi.org/10.1007/978-3-031-78341-8_4
423,Method,A Dual Adaptation Approach for EEG-Based Biometric Authentication Using the Ensemble of Riemannian Geometry and NSGA-II,"Aashish Khilnani, Jyoti Singh Kirar, Ganga Ram Gautam",Paper,Part XIV,10.1007/978-3-031-78341-8_7,https://doi.org/10.1007/978-3-031-78341-8_7
424,Method,Comprehensive Equity Index (CEI): Definition and Application to Bias Evaluation in Biometrics,"Imanol Solano, Alejandro Peña, Aythami Morales, Julian Fierrez, Ruben Tolosana, Francisco Zamora-Martinez, Javier San Agustin",Paper,Part XIV,10.1007/978-3-031-78341-8_8,https://doi.org/10.1007/978-3-031-78341-8_8
425,Method,Privacy-Preserving Face Recognition with Adaptive Generative Perturbations,"Delong Zhang, Yixing Peng, Ancong Wu, Wei-shi Zheng",Paper,Part XIV,10.1007/978-3-031-78341-8_14,https://doi.org/10.1007/978-3-031-78341-8_14
426,Method,PhySU-Net: Long Temporal Context Transformer for rPPG with Self-supervised Pre-training,"Marko Savic, Guoying Zhao",Paper,Part XIV,10.1007/978-3-031-78341-8_15,https://doi.org/10.1007/978-3-031-78341-8_15
427,Method,SwiftFaceFormer: An Efficient and Lightweight Hybrid Architecture for Accurate Face Recognition Applications,"Luis S. Luevano, Yoanna Martínez-Díaz, Heydi Méndez-Vázquez, Miguel González-Mendoza, Davide Frey",Paper,Part XIV,10.1007/978-3-031-78341-8_16,https://doi.org/10.1007/978-3-031-78341-8_16
428,Method,MIHNet: Multi-scale Intra-layer Fusion with Hybrid Structure for Low-Quality 3D Face Recognition,"Yuting Hu, Yue Ming, Panzi Zhao, Jiangwan Zhou",Paper,Part XIV,10.1007/978-3-031-78341-8_17,https://doi.org/10.1007/978-3-031-78341-8_17
429,Method,Infant Cry Classification Using Modified Group Delay Cepstral Coefficients,"Arth J. Shah, Hiya Chaudhari, Hemant A. Patil",Paper,Part XIV,10.1007/978-3-031-78341-8_18,https://doi.org/10.1007/978-3-031-78341-8_18
430,Method,FedFVIQA: Personalized Federated Learning for Two-Stage Finger Vein Image Quality Assessment,"Xingli Liu, Jian Guo, Hengyu Mu, Chong Han, Lijuan Sun",Paper,Part XIV,10.1007/978-3-031-78341-8_20,https://doi.org/10.1007/978-3-031-78341-8_20
431,Method,Infrared Database for Gait Recognition in Dynamic Outdoor Environment,"Sonam Nahar, Sasan Mahmoodi",Paper,Part XIV,10.1007/978-3-031-78341-8_21,https://doi.org/10.1007/978-3-031-78341-8_21
432,Method,Recurrent Graph Convolutional Network for Sequential Pose Prediction from 3D Human Skeleton Sequence,"Tomohiro Fujita, Yasutomo Kawanishi",Paper,Part XIV,10.1007/978-3-031-78341-8_22,https://doi.org/10.1007/978-3-031-78341-8_22
433,Method,Conversation Activity Recognition Using Interaction Video Sequences in Pedestrian Groups,"Wataru Ganaha, Takumi Ozaki, Michiko Inoue, Masashi Nishiyama",Paper,Part XIV,10.1007/978-3-031-78341-8_23,https://doi.org/10.1007/978-3-031-78341-8_23
434,Method,Efficient Multi-Band Temporal Video Filter for Reducing Human-Robot Interaction,Lawrence O’Gorman,Paper,Part XIV,10.1007/978-3-031-78341-8_24,https://doi.org/10.1007/978-3-031-78341-8_24
435,Method,ForceGNN: A Force-Based Hypergraph Neural Network for Multi-agent Pedestrian Trajectory Forecasting,"Jiaqian Zhou, Jichao Jiao, Ning Li",Paper,Part XIV,10.1007/978-3-031-78341-8_25,https://doi.org/10.1007/978-3-031-78341-8_25
436,Method,NeuralMultiling: A Novel Neural Architecture Search for Smartphone Based Multilingual Speaker Verification,"P. N. Aravinda Reddy, Raghavendra Ramachandra, K. Sreenivasa Rao, Pabitra Mitra",Paper,Part XIV,10.1007/978-3-031-78341-8_26,https://doi.org/10.1007/978-3-031-78341-8_26
437,Method,MTSA-SNN: A Multi-modal Time Series Analysis Model Based on Spiking Neural Network,"Chengzhi Liu, Zihong Luo, Zheng Tao, Chenghao Liu, Yitao Xu, Zile Huang",Paper,Part XIV,10.1007/978-3-031-78341-8_27,https://doi.org/10.1007/978-3-031-78341-8_27
438,Method,PDET: Progressive Diversity Expansion Transformer for Cross-Modality Visible-Infrared Person Re-identification,"Mingfu Xiong, Jingbang Liang, Yifei Guo, Ik Hyun Lee, Sambit Bakshi, Khan Muhammad",Paper,Part XIV,10.1007/978-3-031-78341-8_28,https://doi.org/10.1007/978-3-031-78341-8_28
439,Method,DTMIReID: Person Re-identification Based on Deformable Transformer to Incorporate Mutual Information Between Images,"Han Yang, Haodi Feng, Xuefeng Cui",Paper,Part XIV,10.1007/978-3-031-78341-8_29,https://doi.org/10.1007/978-3-031-78341-8_29
440,Method,Integral Probability Metrics for Perceptual Learning in Generative Cross-Modal Person Re-Identification,"Nirmala Murali, Deepak Mishra",Paper,Part XIV,10.1007/978-3-031-78341-8_30,https://doi.org/10.1007/978-3-031-78341-8_30
441,Method,Visual Question Answering with Cascade of Self- and Co-Attention Blocks,"Aakansha Mishra, Ashish Anand, Prithwijit Guha",Paper,Part XIX,10.1007/978-3-031-78495-8_2,https://doi.org/10.1007/978-3-031-78495-8_2
442,Method,Facet-Aware Multimodal Summarization via Cross-Modal Alignment,"Yu Weng, Xuming Ye, Tianjiao Xing, Zheng Liu, Chaomurilige, Xuan Liu",Paper,Part XIX,10.1007/978-3-031-78495-8_3,https://doi.org/10.1007/978-3-031-78495-8_3
443,Method,Word-Diffusion: Diffusion-Based Handwritten Text Word Image Generation,"Aniket Gurav, Narayanan C. Krishnan, Sukalpa Chanda",Paper,Part XIX,10.1007/978-3-031-78495-8_4,https://doi.org/10.1007/978-3-031-78495-8_4
444,Method,KaiRacters: Character-Level-Based Writer Retrieval for Greek Papyri,"Marco Peer, Robert Sablatnig, Olga Serbaeva, Isabelle Marthot-Santaniello",Paper,Part XIX,10.1007/978-3-031-78495-8_5,https://doi.org/10.1007/978-3-031-78495-8_5
445,Method,Beyond Relevant Documents: A Knowledge-Intensive Approach for Query-Focused Summarization Using Large Language Models,"Weijia Zhang, Jia-Hong Huang, Svitlana Vakulenko, Yumo Xu, Thilina Rajapakse, Evangelos Kanoulas",Paper,Part XIX,10.1007/978-3-031-78495-8_6,https://doi.org/10.1007/978-3-031-78495-8_6
446,Method,Font Style Translation in Scene Text Images with CLIPstyler,"Honghui Yuan, Keiji Yanai",Paper,Part XIX,10.1007/978-3-031-78495-8_7,https://doi.org/10.1007/978-3-031-78495-8_7
447,Method,Advancing Handwritten Text Detection by Synthetic Text,"Markus Muth, Marco Peer, Florian Kleber, Robert Sablatnig",Paper,Part XIX,10.1007/978-3-031-78495-8_8,https://doi.org/10.1007/978-3-031-78495-8_8
448,Method,Learning-Based Sub-image Retrieval in Historical Document Images,"Joseph Assaker, Stéphane Nicolas, Laurent Heutte",Paper,Part XIX,10.1007/978-3-031-78495-8_9,https://doi.org/10.1007/978-3-031-78495-8_9
449,Method,Zero-Shot Prompting and Few-Shot Fine-Tuning: Revisiting Document Image Classification Using Large Language Models,"Anna Scius-Bertrand, Michael Jungo, Lars Vögtlin, Jean-Marc Spat, Andreas Fischer",Paper,Part XIX,10.1007/978-3-031-78495-8_10,https://doi.org/10.1007/978-3-031-78495-8_10
450,Method,Towards Deployable OCR Models for Indic Languages,"Minesh Mathew, Ajoy Mondal, C. V. Jawahar",Paper,Part XIX,10.1007/978-3-031-78495-8_11,https://doi.org/10.1007/978-3-031-78495-8_11
451,Method,XLSI: A New Xception and Log Polar Transform Based Approach for Scene Text Script Identification,"Ayush Roy, Shivakumara Palaiahnakote, Umapada Pal, Apostolos Antonacopoulos, Michael Blumenstein",Paper,Part XIX,10.1007/978-3-031-78495-8_12,https://doi.org/10.1007/978-3-031-78495-8_12
452,Method,DITS: A New Domain Independent Text Spotter,"Kunal Purkayastha, Shashwat Sarkar, Palaiahnakote Shivakumara, Umapada Pal, Palash Ghosal, Xiao-Jun Wu",Paper,Part XIX,10.1007/978-3-031-78495-8_13,https://doi.org/10.1007/978-3-031-78495-8_13
453,Method,LineTR: Unified Text Line Segmentation for Challenging Palm Leaf Manuscripts,"Vaibhav Agrawal, Niharika Vadlamudi, Muhammad Waseem, Amal Joseph, Sreenya Chitluri, Ravi Kiran Sarvadevabhatla",Paper,Part XIX,10.1007/978-3-031-78495-8_14,https://doi.org/10.1007/978-3-031-78495-8_14
454,Method,Region-Level Layout Generation for Multi-level Pre-trained Model Based Visual Information Extraction,"Shuai Li, Xiao-Hui Li, Fei Yin, Lin-Lin Huang",Paper,Part XIX,10.1007/978-3-031-78495-8_15,https://doi.org/10.1007/978-3-031-78495-8_15
455,Method,Detecting Spiral Text Lines in Aramaic Incantation Bowls,"Said Nammneh, Boraq Madi, Nour Atamni, Shoshana Boardman, Daria Vasyutinsky-Shapira, Irina Rabaev, Raid Saabni, Jihad El-Sana",Paper,Part XIX,10.1007/978-3-031-78495-8_16,https://doi.org/10.1007/978-3-031-78495-8_16
456,Method,Incorporating Domain Knowledge in Multi-objective Optimization Framework for Automating Indian Legal Case Summarization,"Shreya Goswami, Naveen Saini, Saurabh Shukla",Paper,Part XIX,10.1007/978-3-031-78495-8_17,https://doi.org/10.1007/978-3-031-78495-8_17
457,Method,VisEmoComic: Visual Emotion Recognition in Comics Image,"Ruddy Théodose, Jean-Christophe Burie",Paper,Part XIX,10.1007/978-3-031-78495-8_18,https://doi.org/10.1007/978-3-031-78495-8_18
458,Method,FTC: A Novel Triplet Classification Model for Joint Entity and Relation Extraction,"Bin Zhang, Chaofan Zou, Wenwen Song",Paper,Part XIX,10.1007/978-3-031-78495-8_22,https://doi.org/10.1007/978-3-031-78495-8_22
459,Method,H2O2Net: A Novel Entity-Relation Linking Network for Joint Relational Triple Extraction,"Liang Zhang, Nan Zheng",Paper,Part XIX,10.1007/978-3-031-78495-8_23,https://doi.org/10.1007/978-3-031-78495-8_23
460,Method,BADA-LAT: Efficient Local Attention Transformer for Chinese Named Entity Recognition with Boundary and LLM-Based Data Augmentation,"Xiaoping Qiu, Ke Yang, Shiling Du",Paper,Part XIX,10.1007/978-3-031-78495-8_24,https://doi.org/10.1007/978-3-031-78495-8_24
461,Method,LTNER: Large Language Model Tagging for Named Entity Recognition with Contextualized Entity Marking,"Faren Yan, Peng Yu, Xin Chen",Paper,Part XIX,10.1007/978-3-031-78495-8_25,https://doi.org/10.1007/978-3-031-78495-8_25
462,Method,Learning to Generalize Unseen Domains via Multi-source Meta Learning for Text Classification,"Yuxuan Hu, Chenwei Zhang, Min Yang, Xiaodan Liang, Chengming Li, Xiping Hu",Paper,Part XIX,10.1007/978-3-031-78495-8_26,https://doi.org/10.1007/978-3-031-78495-8_26
463,Method,Enhancing Bengali Text-to-Speech Synthesis Through Transformer-Driven Text Normalization,"Krishnendu Ghosh, Munmun Patra, Eshita Dey",Paper,Part XIX,10.1007/978-3-031-78495-8_27,https://doi.org/10.1007/978-3-031-78495-8_27
464,Method,Improving Sampling Methods for Fine-Tuning SentenceBERT in Text Streams,"Cristiano Mesquita Garcia, Alessandro Lameiras Koerich, Alceu de Souza Britto, Jean Paul Barddal",Paper,Part XIX,10.1007/978-3-031-78495-8_28,https://doi.org/10.1007/978-3-031-78495-8_28
465,Method,Enhancing Authorship Attribution Through Embedding Fusion: A Novel Approach with Masked and Encoder-Decoder Language Models,"Arjun Ramesh Kaushik, R. P. Sunil Rufus, Nalini Ratha",Paper,Part XIX,10.1007/978-3-031-78495-8_29,https://doi.org/10.1007/978-3-031-78495-8_29
466,Method,TinyLLM Efficacy in Low-Resource Language: An Experiment on Bangla Text Classification Task,"Farhan Noor Dehan, Md Fahim, A. K. M. Mahabubur Rahman, M. Ashraful Amin, Amin Ahsan Ali",Paper,Part XIX,10.1007/978-3-031-78495-8_30,https://doi.org/10.1007/978-3-031-78495-8_30
467,Method,Supervised Domain Adaptation for Data-Efficient Visible-Infrared Person Re-identification,"Mihir Sahu, Arjun Singh, Maheshkumar Kolekar",Paper,Part XV,10.1007/978-3-031-78354-8_1,https://doi.org/10.1007/978-3-031-78354-8_1
468,Method,Anonymisation for Time-Series Human Activity Data,"Tim Hallyburton, Nilah Ravi Nair, Fernando Moya Rueda, René Grzeszick, Gernot A. Fink",Paper,Part XV,10.1007/978-3-031-78354-8_2,https://doi.org/10.1007/978-3-031-78354-8_2
469,Method,Representation Biases in Time-Series Human Activity Recognition with Small Sample Sizes,"Nilah Ravi Nair, Lena Schmid, Christopher Reining, Fernando Moya Rueda, Markus Pauly, Gernot A. Fink",Paper,Part XV,10.1007/978-3-031-78354-8_3,https://doi.org/10.1007/978-3-031-78354-8_3
470,Method,Secure Sleep Apnea Detection with FHE and Deep Learning on ECG Signals,"Bharat Yalavarthi, Arjun Ramesh Kaushik, Tilak Sharma, Charanjit Jutla, Nalini Ratha",Paper,Part XV,10.1007/978-3-031-78354-8_4,https://doi.org/10.1007/978-3-031-78354-8_4
471,Method,Efficient Convolution Operator in FHE Using Summed Area Table,"Bharat Yalavarthi, Charanjit Jutla, Nalini Ratha",Paper,Part XV,10.1007/978-3-031-78354-8_5,https://doi.org/10.1007/978-3-031-78354-8_5
472,Method,R-LIME: Rectangular Constraints and Optimization for Local Interpretable Model-agnostic Explanation Methods,"Genji Ohara, Keigo Kimura, Mineichi Kudo",Paper,Part XV,10.1007/978-3-031-78354-8_6,https://doi.org/10.1007/978-3-031-78354-8_6
473,Method,Differentially Private Spiking Variational Autoencoder,"Srishti Yadav, Anshul Pundhir, Tanish Goyal, Balasubramanian Raman, Sanjeev Kumar",Paper,Part XV,10.1007/978-3-031-78354-8_7,https://doi.org/10.1007/978-3-031-78354-8_7
474,Method,Balancing the Scales: Enhancing Fairness in Facial Emotion Recognition with Latent Alignment,"Syed Sameen Ahmad Rizvi, Aryan Seth, Pratik Narang",Paper,Part XV,10.1007/978-3-031-78354-8_8,https://doi.org/10.1007/978-3-031-78354-8_8
475,Method,DDCTrack： Dynamic Token Sampling for Efficient UAV Transformer Tracking,"Guocai Du, Peiyong Zhou, Nurbiya Yadikar, Alimjan Aysa, Kurban Ubul",Paper,Part XV,10.1007/978-3-031-78354-8_9,https://doi.org/10.1007/978-3-031-78354-8_9
476,Method,HAPtics: Human Action Prediction in Real-time via Pose Kinematics,"Niaz Ahmad, Saif Ullah, Jawad Khan, Chanyeok Choi, Youngmoon Lee",Paper,Part XV,10.1007/978-3-031-78354-8_10,https://doi.org/10.1007/978-3-031-78354-8_10
477,Method,Predicting the Next Action by Modeling the Abstract Goal,"Debaditya Roy, Basura Fernando",Paper,Part XV,10.1007/978-3-031-78354-8_11,https://doi.org/10.1007/978-3-031-78354-8_11
478,Method,SHARP: Segmentation of Hands and Arms by Range Using Pseudo-depth for Enhanced Egocentric 3D Hand Pose Estimation and Action Recognition,"Wiktor Mucha, Michael Wray, Martin Kampel",Paper,Part XV,10.1007/978-3-031-78354-8_12,https://doi.org/10.1007/978-3-031-78354-8_12
479,Method,On the Generalization of WiFi-Based Person-Centric Sensing in Through-Wall Scenarios,"Julian Strohmayer, Martin Kampel",Paper,Part XV,10.1007/978-3-031-78354-8_13,https://doi.org/10.1007/978-3-031-78354-8_13
480,Method,Towards Open-Set Egocentric Action Recognition with Uncertainty Estimation,"Yishan Zou, Christopher Nugent, Matthew Burns, Xiaoming Xi, Meng Liu",Paper,Part XV,10.1007/978-3-031-78354-8_14,https://doi.org/10.1007/978-3-031-78354-8_14
481,Method,Temporal Divide-and-Conquer Anomaly Actions Localization in Semi-supervised Videos with Hierarchical Transformer,"Nada Osman, Marwan Torki",Paper,Part XV,10.1007/978-3-031-78354-8_15,https://doi.org/10.1007/978-3-031-78354-8_15
482,Method,EchoGCN: An Echo Graph Convolutional Network for Skeleton-Based Action Recognition,"Weiwen Qian, Qian Huang, Chang Li, Zhongqi Chen, Yingchi Mao",Paper,Part XV,10.1007/978-3-031-78354-8_16,https://doi.org/10.1007/978-3-031-78354-8_16
483,Method,From Category to Scenery: An End-to-End Framework for Multi-person Human-Object Interaction Recognition in Videos,"Tanqiu Qiao, Ruochen Li, Frederick W. B. Li, Hubert P. H. Shum",Paper,Part XV,10.1007/978-3-031-78354-8_17,https://doi.org/10.1007/978-3-031-78354-8_17
484,Method,Adaptive Global Gesture Paths and Signature Features for Skeleton-based Gesture Recognition,"Dongzi Shi, Xin Zhang, Jiale Cheng, Tong Xiong, Hao Ni",Paper,Part XV,10.1007/978-3-031-78354-8_18,https://doi.org/10.1007/978-3-031-78354-8_18
485,Method,Self-supervised Multi-actor Social Activity Understanding in Streaming Videos,"Shubham Trehan, Sathyanarayanan N. Aakur",Paper,Part XV,10.1007/978-3-031-78354-8_19,https://doi.org/10.1007/978-3-031-78354-8_19
486,Method,Joint-Temporal Action Segmentation via Multi-action Recognition,"Usfita Kiftiyani, Seungkyu Lee",Paper,Part XV,10.1007/978-3-031-78354-8_20,https://doi.org/10.1007/978-3-031-78354-8_20
487,Method,Text-Enhanced Zero-Shot Action Recognition: A Training-Free Approach,"Massimo Bosetti, Shibingfeng Zhang, Bendetta Liberatori, Giacomo Zara, Elisa Ricci, Paolo Rota",Paper,Part XV,10.1007/978-3-031-78354-8_21,https://doi.org/10.1007/978-3-031-78354-8_21
488,Method,ActNetFormer: Transformer-ResNet Hybrid Method for Semi-supervised Action Recognition in Videos,"Sharana Dharshikgan Suresh Dass, Hrishav Bakul Barua, Ganesh Krishnasamy, Raveendran Paramesran, Raphaël C.-W. Phan",Paper,Part XV,10.1007/978-3-031-78354-8_22,https://doi.org/10.1007/978-3-031-78354-8_22
489,Method,RSTAN: Residual Spatio-Temporal Attention Network for End-to-End Human Fall Detection,"Yaru Jiang, Shujing Lyu, Hongjian Zhan, Yue Lu",Paper,Part XV,10.1007/978-3-031-78354-8_23,https://doi.org/10.1007/978-3-031-78354-8_23
490,Method,Synthetic Video Generation for Weakly Supervised Cross-Domain Video Anomaly Detection,"Pradeep Narwade, Ryosuke Kawamura, Gaurav Gajbhiye, Koichiro Niinuma",Paper,Part XV,10.1007/978-3-031-78354-8_24,https://doi.org/10.1007/978-3-031-78354-8_24
491,Method,Hypergraph Self-Attention and Channel Topology Specialization Network for Automatic Generation of Labanotation,"Weihao Chen, Wanru Xu, Zhenjiang Miao",Paper,Part XV,10.1007/978-3-031-78354-8_25,https://doi.org/10.1007/978-3-031-78354-8_25
492,Method,JS-Siamese: Generalized Zero Shot Learning for IMU-based Human Activity Recognition,"Mohammad Al-Saad, Lakshmish Ramaswamy, Suchendra M. Bhandarkar",Paper,Part XV,10.1007/978-3-031-78354-8_26,https://doi.org/10.1007/978-3-031-78354-8_26
493,Method,LightHART: Lightweight Human Activity Recognition Transformer,"Syed Tousiful Haque, Jianyuan Ni, Jingcheng Li, Yan Yan, Anne Hee Hiong Ngu",Paper,Part XV,10.1007/978-3-031-78354-8_27,https://doi.org/10.1007/978-3-031-78354-8_27
494,Method,Spectral Aggregation Cross-Square Transformer for Hyperspectral Image Denoising,"Yang Liu, Yantao Ji, Jiahua Xiao, Yu Guo, Peilin Jiang, Haiwei Yang, Fei Wang",Paper,Part XV,10.1007/978-3-031-78354-8_29,https://doi.org/10.1007/978-3-031-78354-8_29
495,Method,SDformerFlow: Spiking Neural Network Transformer for Event-based Optical Flow,"Yi Tian, Juan Andrade-Cetto",Paper,Part XV,10.1007/978-3-031-78354-8_30,https://doi.org/10.1007/978-3-031-78354-8_30
496,Method,6-DOF Motion Blur Synthesis and Performance Evaluation of Object Detection,"Hanjin Yang, Feng Li, Lei Zhang",Paper,Part XVI,10.1007/978-3-031-78444-6_1,https://doi.org/10.1007/978-3-031-78444-6_1
497,Method,OVOSE: Open-Vocabulary Semantic Segmentation in Event-Based Cameras,"Muhammad Rameez Ur Rahman, Jhony H. Giraldo, Indro Spinelli, Stéphane Lathuilière, Fabio Galasso",Paper,Part XVI,10.1007/978-3-031-78444-6_2,https://doi.org/10.1007/978-3-031-78444-6_2
498,Method,Moiré Pattern Detection: Stability and Efficiency with Evaluated Loss Function,"Zhuocheng Li, Xizhu Shen, Simin Luan, Shuwei Guo, Zeyd Boukhers, Wei Sui, Yuyi Wang, Cong Yang",Paper,Part XVI,10.1007/978-3-031-78444-6_3,https://doi.org/10.1007/978-3-031-78444-6_3
499,Method,Rare Fungi Image Classification Based on Few-Shot Learning and Data Augmentation,"Jiayi Hao, Yulin Feng, Wenbin Li, Jiebo Luo",Paper,Part XVI,10.1007/978-3-031-78444-6_4,https://doi.org/10.1007/978-3-031-78444-6_4
500,Method,Interpretative Attention Networks for Structural Component Recognition,"Abhishek Uniyal, Bappaditya Mandal, Niladri B. Puhan, Padmalochan Bera",Paper,Part XVI,10.1007/978-3-031-78444-6_5,https://doi.org/10.1007/978-3-031-78444-6_5
501,Method,Pedestrian Attribute Recognition Using Hierarchical Transformers,"Lalit Lohani, Kamalakar Vijay Thakare, Kamakshya Prasad Nayak, Debi Prosad Dogra, Heeseung Choi, Hyungjoo Jung, Ig-Jae Kim",Paper,Part XVI,10.1007/978-3-031-78444-6_6,https://doi.org/10.1007/978-3-031-78444-6_6
502,Method,Born-Again Multi-task Self-training for Multi-task Facial Emotion Recognition,"Ryo Masumura, Akihiko Takashima, Satoshi Suzuki, Shota Orihashi",Paper,Part XVI,10.1007/978-3-031-78444-6_7,https://doi.org/10.1007/978-3-031-78444-6_7
503,Method,Boosting Fine-Grained Oriented Object Detection via Text Features,"Beichen Zhou, Qi Bi, Jian Ding, Gui-Song Xia",Paper,Part XVI,10.1007/978-3-031-78444-6_8,https://doi.org/10.1007/978-3-031-78444-6_8
504,Method,Large-Scale Pre-trained Models are Surprisingly Strong in Incremental Novel Class Discovery,"Mingxuan Liu, Subhankar Roy, Zhun Zhong, Nicu Sebe, Elisa Ricci",Paper,Part XVI,10.1007/978-3-031-78444-6_9,https://doi.org/10.1007/978-3-031-78444-6_9
505,Method,Layer-Wise Pruning Ratios Auto-configuration: A One-Shot Channel Pruning Through Sensitivity and Spatial Analysis,"Guonan Li, Meibao Yao, Xueming Xiao",Paper,Part XVI,10.1007/978-3-031-78444-6_10,https://doi.org/10.1007/978-3-031-78444-6_10
506,Method,Hyperspectral Imaging for Characterization of Construction Waste Material in Recycling Applications,"Hannah Frank, Karl Vetter, Leon A. Varga, Lars Wolff, Andreas Zell",Paper,Part XVI,10.1007/978-3-031-78444-6_11,https://doi.org/10.1007/978-3-031-78444-6_11
507,Method,LiDUT-Depth: A Lightweight Self-supervised Depth Estimation Model Featuring Dynamic Upsampling and Triplet Loss Optimization,"Hao Jiang, Zhijun Fang, Xuan Shao, Xiaoyan Jiang, Jenq-Neng Hwang",Paper,Part XVI,10.1007/978-3-031-78444-6_12,https://doi.org/10.1007/978-3-031-78444-6_12
508,Method,Generalization Gap in Data Augmentation: Insights from Illumination,"Jianqiang Xiao, Weiwen Guo, Junfeng Liu, Mengze Li",Paper,Part XVI,10.1007/978-3-031-78444-6_13,https://doi.org/10.1007/978-3-031-78444-6_13
509,Method,Harmonizing Regression-Classification Inconsistency for Task-Specific Decoupling in Underwater Object Detection,"Minrui Xiang, Tianyang Xu, Xiaojun Wu",Paper,Part XVI,10.1007/978-3-031-78444-6_14,https://doi.org/10.1007/978-3-031-78444-6_14
510,Method,Trajectory Forecasting Through Low-Rank Adaptation of Discrete Latent Codes,"Riccardo Benaglia, Angelo Porrello, Pietro Buzzega, Simone Calderara, Rita Cucchiara",Paper,Part XVI,10.1007/978-3-031-78444-6_16,https://doi.org/10.1007/978-3-031-78444-6_16
511,Method,Towards Completeness: A Generalizable Action Proposal Generator for Zero-Shot Temporal Action Localization,"Jia-Run Du, Kun-Yu Lin, Jingke Meng, Wei-Shi Zheng",Paper,Part XVI,10.1007/978-3-031-78444-6_17,https://doi.org/10.1007/978-3-031-78444-6_17
512,Method,GRAtt-VIS: Gated Residual Attention for Video Instance Segmentation,"Tanveer Hannan, Rajat Koner, Maximilian Bernhard, Suprosanna Shit, Bjoern Menze, Volker Tresp, Matthias Schubert, Thomas Seidl",Paper,Part XVI,10.1007/978-3-031-78444-6_18,https://doi.org/10.1007/978-3-031-78444-6_18
513,Method,AFMA-Track: Adaptive Fusion of Motion and Appearance for Robust Multi-object Tracking,"Wei Liao, Lei Luo, Chunyuan Zhang",Paper,Part XVI,10.1007/978-3-031-78444-6_19,https://doi.org/10.1007/978-3-031-78444-6_19
514,Method,Structure from Motion with Variational Bayesian Inference in Multi-resolution Networks,"Teruya Aburayama, Norio Tagawa",Paper,Part XVI,10.1007/978-3-031-78444-6_20,https://doi.org/10.1007/978-3-031-78444-6_20
515,Method,3D Pose-Based Evaluation of the Risk of Sarcopenia,"Bo-Cheng Liao, Jie-Syuan Wu, Chen-Lung Tang, Gee-Sern Hsu, Jiunn-Horng Kang",Paper,Part XVI,10.1007/978-3-031-78444-6_21,https://doi.org/10.1007/978-3-031-78444-6_21
516,Method,Learning Explicit Modulation Vectors for Disentangled Transformer Attention-Based RGB-D Visual Tracking,"Yifan Pan, Tianyang Xu, Xue-Feng Zhu, Xiaoqing Luo, Xiao-Jun Wu, Josef Kittler",Paper,Part XVI,10.1007/978-3-031-78444-6_22,https://doi.org/10.1007/978-3-031-78444-6_22
517,Method,Attention-Based Patch Matching and Motion-Driven Point Association for Accurate Point Tracking,"Han Zang, Tianyang Xu, Xue-Feng Zhu, Xiaoning Song, Xiao-Jun Wu, Josef Kittler",Paper,Part XVI,10.1007/978-3-031-78444-6_23,https://doi.org/10.1007/978-3-031-78444-6_23
518,Method,SITUATE: Indoor Human Trajectory Prediction Through Geometric Features and Self-supervised Vision Representation,"Luigi Capogrosso, Andrea Toaiari, Andrea Avogaro, Uzair Khan, Aditya Jivoji, Franco Fummi, Marco Cristani",Paper,Part XVI,10.1007/978-3-031-78444-6_24,https://doi.org/10.1007/978-3-031-78444-6_24
519,Method,Sensor-Agnostic Graph-Aware Kalman Filter for Multi-Modal Multi-Object Tracking,"Depanshu Sani, Anirudh Iyer, Prakhar Rai, Saket Anand, Anuj Srivastava, Kaushik Kalyanaraman",Paper,Part XVI,10.1007/978-3-031-78444-6_25,https://doi.org/10.1007/978-3-031-78444-6_25
520,Method,Multi-Level Feature Exploration Using LSTM-Based Variational Autoencoder Network for Fall Detection,"Anitha Rani Inturi, V. M. Manikandan, Partha Pratim Roy, Byung-Gyu Kim",Paper,Part XVI,10.1007/978-3-031-78444-6_26,https://doi.org/10.1007/978-3-031-78444-6_26
521,Method,Pedestrian Trajectory Prediction Based on Improved Diffusion with Fourier Embeddings,"Boyang Fu, Jiashu Liao, Yixuan Yang, Victor Sanchez",Paper,Part XVI,10.1007/978-3-031-78444-6_27,https://doi.org/10.1007/978-3-031-78444-6_27
522,Method,RTAT: A Robust Two-Stage Association Tracker for Multi-object Tracking,"Song Guo, Rujie Liu, Narishige Abe",Paper,Part XVI,10.1007/978-3-031-78444-6_28,https://doi.org/10.1007/978-3-031-78444-6_28
523,Method,Inverse DLT Method for One-Sided Radial Distortion Homography,Gaku Nakano,Paper,Part XVI,10.1007/978-3-031-78444-6_29,https://doi.org/10.1007/978-3-031-78444-6_29
524,Method,Best of Both Sides: Integration of Absolute and Relative Depth Sensing Modalities Based on iToF and RGB Cameras,"I-Sheng Fang, Wei-Chen Chiu, Yong-Sheng Chen",Paper,Part XVI,10.1007/978-3-031-78444-6_30,https://doi.org/10.1007/978-3-031-78444-6_30
525,Method,Automatic Wood Pith Detector: Local Orientation Estimation and Robust Accumulation,"Henry Marichal, Diego Passarella, Gregory Randall",Paper,Part XVII,10.1007/978-3-031-78447-7_1,https://doi.org/10.1007/978-3-031-78447-7_1
526,Method,A Multi-ground Truth Approach for RGB-D Saliency Detection,"Nguyen Truong Thinh Huynh, Van Linh Pham, Xuan Toan Mai, Tuan Anh Tran",Paper,Part XVII,10.1007/978-3-031-78447-7_2,https://doi.org/10.1007/978-3-031-78447-7_2
527,Method,MSSF: A Multi-scale Siamese Flow Architecture for Multi-texture Class Anomaly Detection,"Yibo Chen, Zhiyuan Hu, Le Huang, Jianming Zhang",Paper,Part XVII,10.1007/978-3-031-78447-7_3,https://doi.org/10.1007/978-3-031-78447-7_3
528,Method,DSLA: A Distance-Sensitive Label Assignment Strategy for Oriented Object Detection in Remote Sensing Images,"Minghong Wei, Yan Dong, Haobin Xiang, Guangshuai Gao, Chunlei Li",Paper,Part XVII,10.1007/978-3-031-78447-7_4,https://doi.org/10.1007/978-3-031-78447-7_4
529,Method,BridgeCLIP: Automatic Bridge Inspection by Utilizing Vision-Language Model,"Powei Liao, Gaku Nakano",Paper,Part XVII,10.1007/978-3-031-78447-7_5,https://doi.org/10.1007/978-3-031-78447-7_5
530,Method,Writer Identification in Multiple Medieval Books: A Preliminary Study,"Tiziana D’Alessandro, Claudio De Stefano, Francesco Fontanella, Alessandra Scotto di Freca",Paper,Part XVII,10.1007/978-3-031-78447-7_6,https://doi.org/10.1007/978-3-031-78447-7_6
531,Method,Cyclic Learning of a Frame Downsampler and a Recognion Model in High-Speed Camera Image Recognition,"Shigeaki Namiki, Takuya Ogawa, Keiko Yokoyama, Shoji Yachida, Toshinori Hosoi",Paper,Part XVII,10.1007/978-3-031-78447-7_7,https://doi.org/10.1007/978-3-031-78447-7_7
532,Method,Early Feature Distributions Alignment in Visible-to-Thermal Unsupervised Domain Adaptation for Object Detection,"Adrien Maglo, Romaric Audigier",Paper,Part XVII,10.1007/978-3-031-78447-7_8,https://doi.org/10.1007/978-3-031-78447-7_8
533,Method,Estimation of Hand-Interacting Object Poses with Boundary Guidance,"Sin-Yu Fu, I.-Chen Lin",Paper,Part XVII,10.1007/978-3-031-78447-7_9,https://doi.org/10.1007/978-3-031-78447-7_9
534,Method,Annotation-Free Object Detection by Knowledge-Extraction Training From Visual-Language Models,"Yasuto Nagase, Yasunori Babazaki, Takashi Shibata",Paper,Part XVII,10.1007/978-3-031-78447-7_10,https://doi.org/10.1007/978-3-031-78447-7_10
535,Method,An Improved YOLOF for Scale Imbalance with Dilated Attention,"Tsatsral Amarbayasgalan, Mooseop Kim, Chi Yoon Jeong",Paper,Part XVII,10.1007/978-3-031-78447-7_11,https://doi.org/10.1007/978-3-031-78447-7_11
536,Method,CLIP-Based Point Cloud Classification via Point Cloud to Image Translation,"Shuvozit Ghose, Manyi Li, Yiming Qian, Yang Wang",Paper,Part XVII,10.1007/978-3-031-78447-7_12,https://doi.org/10.1007/978-3-031-78447-7_12
537,Method,BarBeR: A Barcode Benchmarking Repository,"Enrico Vezzali, Federico Bolelli, Stefano Santi, Costantino Grana",Paper,Part XVII,10.1007/978-3-031-78447-7_13,https://doi.org/10.1007/978-3-031-78447-7_13
538,Method,PCGAUNet: Pixel Correlation and Gaussian Attention Driven Network for Text Segmentation,"Ayush Roy, Shivakumara Palaiahnakote, Umapada Pal, Apostolos Antonacopoulos, Raghavendra Ramachandra",Paper,Part XVII,10.1007/978-3-031-78447-7_14,https://doi.org/10.1007/978-3-031-78447-7_14
539,Method,DATR: Domain Agnostic Text Recognizer,"Kunal Purkayastha, Shashwat Sarkar, Shivakumara Palaiahnakote, Umapada Pal, Palash Ghosal",Paper,Part XVII,10.1007/978-3-031-78447-7_15,https://doi.org/10.1007/978-3-031-78447-7_15
540,Method,DEYOLO: Dual-Feature-Enhancement YOLO for Cross-Modality Object Detection,"Yishuo Chen, Boran Wang, Xinyu Guo, Wenbin Zhu, Jiasheng He, Xiaobin Liu, Jing Yuan",Paper,Part XVII,10.1007/978-3-031-78447-7_16,https://doi.org/10.1007/978-3-031-78447-7_16
541,Method,MarUCOD: Unknown but Concerned Object Detection in Maritime Environments,"Hajung Yoon, Yoonji Lee, Hwijun Lee, Daeho Um, Hong Seok Choi, Jin Young Choi",Paper,Part XVII,10.1007/978-3-031-78447-7_17,https://doi.org/10.1007/978-3-031-78447-7_17
542,Method,Identifying Impurities in Liquids of Pharmaceutical Vials,"Gabriele Rosati, Kevin Marchesini, Luca Lumetti, Federica Sartori, Beatrice Balboni, Filippo Begarani, Luca Vescovi, Federico Bolelli, Costantino Grana",Paper,Part XVII,10.1007/978-3-031-78447-7_18,https://doi.org/10.1007/978-3-031-78447-7_18
543,Method,RGB-T Object Detection via Group Shuffled Multi-receptive Attention and Multi-modal Supervision,"Jinzhong Wang, Xuetao Tian, Shun Dai, Tao Zhuo, Haorui Zeng, Hongjuan Liu, Jiaqi Liu, Xiuwei Zhang, Yanning Zhang",Paper,Part XVII,10.1007/978-3-031-78447-7_19,https://doi.org/10.1007/978-3-031-78447-7_19
544,Method,Enhancing Object Detection by Leveraging Large Language Models for Contextual Knowledge,"Amirreza Rouhi, Diego Patiño, David K. Han",Paper,Part XVII,10.1007/978-3-031-78447-7_20,https://doi.org/10.1007/978-3-031-78447-7_20
545,Method,YOLO-RSOD: Improved YOLO Remote Sensing Object Detection,"Yang Xu, Jun Lu",Paper,Part XVII,10.1007/978-3-031-78447-7_21,https://doi.org/10.1007/978-3-031-78447-7_21
546,Method,All-Weather Vehicle Detection and Classification with Adversarial and Semi-Supervised Learning,"Yi-Chao Huang, Huei-Yung Lin",Paper,Part XVII,10.1007/978-3-031-78447-7_22,https://doi.org/10.1007/978-3-031-78447-7_22
547,Method,Who Should Have Been Focused: Transferring Attention-Based Knowledge from Future Observations for Trajectory Prediction,"Seokha Moon, Kyuhwan Yeon, Hayoung Kim, Seong-Gyun Jeong, Jinkyu Kim",Paper,Part XVII,10.1007/978-3-031-78447-7_23,https://doi.org/10.1007/978-3-031-78447-7_23
548,Method,Large Models in Dialogue for Active Perception and Anomaly Detection,"Tzoulio Chamiti, Nikolaos Passalis, Anastasios Tefas",Paper,Part XVII,10.1007/978-3-031-78447-7_25,https://doi.org/10.1007/978-3-031-78447-7_25
549,Method,Dense Road Surface Grip Map Prediction from Multimodal Image Data,"Jyri Maanpää, Julius Pesonen, Heikki Hyyti, Iaroslav Melekhov, Juho Kannala, Petri Manninen, Antero Kukko, Juha Hyyppä",Paper,Part XVII,10.1007/978-3-031-78447-7_26,https://doi.org/10.1007/978-3-031-78447-7_26
550,Method,Video-Based Semi-automatic Drivable Area Segmentation,"Zhengyun Cheng, Guanwen Zhang, Changhao Wang, Wei Zhou",Paper,Part XVII,10.1007/978-3-031-78447-7_27,https://doi.org/10.1007/978-3-031-78447-7_27
551,Method,CASPFormer: Trajectory Prediction from BEV Images with Deformable Attention,"Harsh Yadav, Maximilian Schaefer, Kun Zhao, Tobias Meisen",Paper,Part XVII,10.1007/978-3-031-78447-7_28,https://doi.org/10.1007/978-3-031-78447-7_28
552,Method,LF Tracy: A Unified Single-Pipeline Paradigm for Salient Object Detection in Light Field Cameras,"Fei Teng, Jiaming Zhang, Jiawei Liu, Kunyu Peng, Xina Cheng, Zhiyong Li, Kailun Yang",Paper,Part XVII,10.1007/978-3-031-78447-7_29,https://doi.org/10.1007/978-3-031-78447-7_29
553,Method,Depth-Enhanced Alignment for Label-Free 3D Semantic Segmentation,"Shangjin Xie, Jiawei Feng, Zibo Chen, Zhixuan Liu, Wei-Shi Zheng",Paper,Part XVIII,10.1007/978-3-031-78456-9_1,https://doi.org/10.1007/978-3-031-78456-9_1
554,Method,Mask-Aware Transformer for Crowd Counting,"Sarah Jad, Marwan Torki, Ayman Khalafallah",Paper,Part XVIII,10.1007/978-3-031-78456-9_2,https://doi.org/10.1007/978-3-031-78456-9_2
555,Method,Unsupervised Real-Time Two-Stage Place Proposal Generation from a Moving Camera Video,H. Işıl Bozma,Paper,Part XVIII,10.1007/978-3-031-78456-9_3,https://doi.org/10.1007/978-3-031-78456-9_3
556,Method,Severity of Flood Damage Estimation from Aerial Scenery,"Tarakeswara Rao Landa, Tushar Sandhan",Paper,Part XVIII,10.1007/978-3-031-78456-9_4,https://doi.org/10.1007/978-3-031-78456-9_4
557,Method,Spatio-Temporal Attentive Fusion Unit for Effective Video Prediction,"Binit Singh, Divij Singh, Rohan Kaushal, Sana Vishnu Karthikeya Reddy, Bandam Sai Jaswanth, Pratik Chattopadhyay",Paper,Part XVIII,10.1007/978-3-031-78456-9_5,https://doi.org/10.1007/978-3-031-78456-9_5
558,Method,Few-Shot View Synthesis Based on Geometric and Semantic Consistency,"Mizuki Kojima, Rei Kawakami, Masatoshi Okutomi",Paper,Part XVIII,10.1007/978-3-031-78456-9_6,https://doi.org/10.1007/978-3-031-78456-9_6
559,Method,Fast and Consistently Accurate Perspective-n-Line Pose Estimation,"George Terzakis, Manolis Lourakis",Paper,Part XVIII,10.1007/978-3-031-78456-9_7,https://doi.org/10.1007/978-3-031-78456-9_7
560,Method,Wavefront Neural Radiance Fields for Multi-depth Reconstruction,"Tsubasa Nakamura, Ken Sakurada, Gaku Nakano",Paper,Part XVIII,10.1007/978-3-031-78456-9_8,https://doi.org/10.1007/978-3-031-78456-9_8
561,Method,Visibility-Aware Pixelwise View Selection for Multi-View Stereo Matching,"Zhentao Huang, Yukun Shi, Minglun Gong",Paper,Part XVIII,10.1007/978-3-031-78456-9_9,https://doi.org/10.1007/978-3-031-78456-9_9
562,Method,Geometrically Consistent Light Field Synthesis Using Repaint Video Diffusion Model,"Soyoung Yoon, In Kyu Park",Paper,Part XVIII,10.1007/978-3-031-78456-9_10,https://doi.org/10.1007/978-3-031-78456-9_10
563,Method,An Empirical Evaluation of the Impact of Solar Correction in NeRFs for Satellite Imagery,"Devjyoti Chakraborty, Kriti Ghosh, Zaki Sukma, In Kee Kim, Lakshmish Ramaswamy, Suchendra M. Bhandarkar, Deepak R. Mishra",Paper,Part XVIII,10.1007/978-3-031-78456-9_11,https://doi.org/10.1007/978-3-031-78456-9_11
564,Method,Skeletal Triangulation for 3D Human Pose Estimation,"YiHeng Jiang, ZhiPeng Wang, YunLong Zhao, Yang Li, ChunYan Liu",Paper,Part XVIII,10.1007/978-3-031-78456-9_12,https://doi.org/10.1007/978-3-031-78456-9_12
565,Method,Reassembling Broken Objects Using Breaking Curves,"Ali Alagrami, Luca Palmieri, Sinem Aslan, Marcello Pelillo, Sebastiano Vascon",Paper,Part XVIII,10.1007/978-3-031-78456-9_13,https://doi.org/10.1007/978-3-031-78456-9_13
566,Method,Fluent and Accurate Image Captioning with a Self-trained Reward Model,"Nicholas Moratelli, Marcella Cornia, Lorenzo Baraldi, Rita Cucchiara",Paper,Part XVIII,10.1007/978-3-031-78456-9_14,https://doi.org/10.1007/978-3-031-78456-9_14
567,Method,Improving Multimodal Rumor Detection via Dynamic Graph Modeling,"Xinyu Wu, Xiaoxu Hu, Xugong Qin, Peng Zhang, Gangyan Zeng, Yu Guo, Runbo Zhao, Xinjian Huang",Paper,Part XVIII,10.1007/978-3-031-78456-9_16,https://doi.org/10.1007/978-3-031-78456-9_16
568,Method,Learning to Synthesize Graphics Programs for Geometric Artworks,"Qi Bing, Chaoyi Zhang, Weidong Cai",Paper,Part XVIII,10.1007/978-3-031-78456-9_17,https://doi.org/10.1007/978-3-031-78456-9_17
569,Method,PPCap: A Plug and Play Framework for Efficient Stylized Image Captioning,"Xiangpeng Wei, Yi Li, Guisheng Liu, Yating Liu, Yanqing Guo",Paper,Part XVIII,10.1007/978-3-031-78456-9_18,https://doi.org/10.1007/978-3-031-78456-9_18
570,Method,Harlequin: Color-Driven Generation of Synthetic Data for Referring Expression Comprehension,"Luca Parolari, Elena Izzo, Lamberto Ballan",Paper,Part XVIII,10.1007/978-3-031-78456-9_19,https://doi.org/10.1007/978-3-031-78456-9_19
571,Method,Size-Modulated Deformable Attention in Spatio-Temporal Video Grounding Pipelines,"Hans Tiwari, Selen Pehlivan, Jorma Laaksonen",Paper,Part XVIII,10.1007/978-3-031-78456-9_20,https://doi.org/10.1007/978-3-031-78456-9_20
572,Method,Dual Branch Non-Autoregressive Image Captioning,"Yuanqiu Liu, Hong Yu, Hui Li, Xin Han, Han Liu",Paper,Part XVIII,10.1007/978-3-031-78456-9_21,https://doi.org/10.1007/978-3-031-78456-9_21
573,Method,Distill the Knowledge of Multimodal Large Language Model into Text-to-Image Vehicle Re-identification,"Jianshu Zeng, Chi Zhang",Paper,Part XVIII,10.1007/978-3-031-78456-9_22,https://doi.org/10.1007/978-3-031-78456-9_22
574,Method,Audio-Visual Navigation with Anti-Backtracking,"Zhenghao Zhao, Hao Tang, Yan Yan",Paper,Part XVIII,10.1007/978-3-031-78456-9_23,https://doi.org/10.1007/978-3-031-78456-9_23
575,Method,Towards Building Secure UAV Navigation with FHE-Aware Knowledge Distillation,"Arjun Ramesh Kaushik, Charanjit Jutla, Nalini Ratha",Paper,Part XVIII,10.1007/978-3-031-78456-9_24,https://doi.org/10.1007/978-3-031-78456-9_24
576,Method,Zero-Shot Object Navigation with Vision-Language Models Reasoning,"Congcong Wen, Yisiyuan Huang, Hao Huang, Yanjia Huang, Shuaihang Yuan, Yu Hao, Hui Lin, Yu-Shen Liu, Yi Fang",Paper,Part XVIII,10.1007/978-3-031-78456-9_25,https://doi.org/10.1007/978-3-031-78456-9_25
577,Method,Few-Shot Deep Structure-Based Camera Localization with Pose Augmentation,"Cheng-Yu Tsai, Shang-Hong Lai",Paper,Part XVIII,10.1007/978-3-031-78456-9_26,https://doi.org/10.1007/978-3-031-78456-9_26
578,Method,Multimodal Point Cloud Completion via Residual Attention Feature Fusion,"Junkang Wan, Hang Wu, Yubin Miao",Paper,Part XVIII,10.1007/978-3-031-78456-9_27,https://doi.org/10.1007/978-3-031-78456-9_27
579,Method,GP-PCS: One-Shot Feature-Preserving Point Cloud Simplification with Gaussian Processes on Riemannian Manifolds,"Stuti Pathak, Thomas Baldwin-McDonald, Seppe Sels, Rudi Penne",Paper,Part XVIII,10.1007/978-3-031-78456-9_28,https://doi.org/10.1007/978-3-031-78456-9_28
580,Method,GSTran: Joint Geometric and Semantic Coherence for Point Cloud Segmentation,"Abiao Li, Chenlei Lv, Guofeng Mei, Yifan Zuo, Jian Zhang, Yuming Fang",Paper,Part XVIII,10.1007/978-3-031-78456-9_29,https://doi.org/10.1007/978-3-031-78456-9_29
581,Method,SPiKE: 3D Human Pose from Point Cloud Sequences,"Irene Ballester, Ondřej Peterka, Martin Kampel",Paper,Part XVIII,10.1007/978-3-031-78456-9_30,https://doi.org/10.1007/978-3-031-78456-9_30
582,Method,Copyright Protection for Large Language Model EaaS via Unforgeable Backdoor Watermarking,"Cong Kong, Jiawei Chen, Shunquan Tan, Zhaoxia Yin, Xinpeng Zhang",Paper,Part XX,10.1007/978-3-031-78498-9_1,https://doi.org/10.1007/978-3-031-78498-9_1
583,Method,ConCSE: Unified Contrastive Learning and Augmentation for Code-Switched Embeddings,"Jangyeong Jeon, Sangyeon Cho, Minuk Ma, Junyeong Kim",Paper,Part XX,10.1007/978-3-031-78498-9_3,https://doi.org/10.1007/978-3-031-78498-9_3
584,Method,Mitigating Hallucination in Large Language Model by Leveraging Decoder Layer Contrasting,"Guangsheng Liu, Xinbo Ai, Wenbin Luo, Ange Li",Paper,Part XX,10.1007/978-3-031-78498-9_4,https://doi.org/10.1007/978-3-031-78498-9_4
585,Method,Robustness of Classifiers for AI-Generated Text Detectors for Copyright and Privacy Protected Society,"Akshay Agarwal, Mohammed Uzair",Paper,Part XX,10.1007/978-3-031-78498-9_5,https://doi.org/10.1007/978-3-031-78498-9_5
586,Method,How Good are LM and LLMs in Bangla Newspaper Article Summarization?,"Faria Sultana, Md. Tahmid Hasan Fuad, Md. Fahim, Rahat Rizvi Rahman, Meheraj Hossain, M. Ashraful Amin, A. K. M. Mahbubur Rahman, Amin Ahsan Ali",Paper,Part XX,10.1007/978-3-031-78498-9_6,https://doi.org/10.1007/978-3-031-78498-9_6
587,Method,Navigating Data Imbalances in Cybersecurity: Identifying Malicious URLs with Multiple Labels and Extreme Data Imbalances with LGNet,"Anran Zhu, Yubo Huang, Xin Lai",Paper,Part XX,10.1007/978-3-031-78498-9_7,https://doi.org/10.1007/978-3-031-78498-9_7
588,Method,Contour-Guided Context Learning for Scene Text Recognition,"Wei-Chun Hsieh, Gee-Sern Hsu, Jun-Yi Chen, Moi Hoon Yap, Zi-Chun Chao",Paper,Part XX,10.1007/978-3-031-78498-9_8,https://doi.org/10.1007/978-3-031-78498-9_8
589,Method,A New HourGlass Network for Detecting Text in Shaky and Non-shaky Video Frames,"Arnab Halder, Shivakumara Palaiahnakote, Umapada Pal, Michael Blumenstein, Shivanand S. Gornale",Paper,Part XX,10.1007/978-3-031-78498-9_9,https://doi.org/10.1007/978-3-031-78498-9_9
590,Method,FastTextSpotter: A High-Efficiency Transformer for Multilingual Scene Text Spotting,"Alloy Das, Sanket Biswas, Umapada Pal, Josep Lladós, Saumik Bhattacharya",Paper,Part XX,10.1007/978-3-031-78498-9_10,https://doi.org/10.1007/978-3-031-78498-9_10
591,Method,Vietnamese Scene Text Detection via Edge Information and Text Region Feature Enhancement,"Liyu Jiang, Shaoliang Shi, Wenhui Huang, Zhengli Xu, Vinh Loc Cu, Yimin Wen",Paper,Part XX,10.1007/978-3-031-78498-9_11,https://doi.org/10.1007/978-3-031-78498-9_11
592,Method,Scene Uyghur Text Detection Based on Adaptive Feature Fusion,"Dong Wang, Elham Eli, Alimjan Aysa, Xuebin Xu, Hornisa Mamat, Kurban Ubul",Paper,Part XX,10.1007/978-3-031-78498-9_12,https://doi.org/10.1007/978-3-031-78498-9_12
593,Method,Handwriting Trajectory Recovery Via Trajectory Transformer With Global Radical Context-Aware Module,"Junxiang Lin, Zhounan Chen, Lingyu Liang, Wenjie Peng, Shuangping Huang",Paper,Part XX,10.1007/978-3-031-78498-9_13,https://doi.org/10.1007/978-3-031-78498-9_13
594,Method,Handwriting Intra-Variability Across Surface Transitions: Implications for Writer Identification,"Kumari Priya, Chandranath Adak, Bidyut B. Chaudhuri, Michael Blumenstein",Paper,Part XX,10.1007/978-3-031-78498-9_14,https://doi.org/10.1007/978-3-031-78498-9_14
595,Method,Enhancing Table Structure Recognition via Bounding Box Guidance,"Lei Hu, Shuangping Huang",Paper,Part XX,10.1007/978-3-031-78498-9_15,https://doi.org/10.1007/978-3-031-78498-9_15
596,Method,A Deep-Learning Based Real-Time License Plate Recognition System for Resource-Constrained Scenarios,"Karthik Mohan, Suraj Kumar Pandey",Paper,Part XX,10.1007/978-3-031-78498-9_16,https://doi.org/10.1007/978-3-031-78498-9_16
597,Method,MTIQA360: An Easily Trainable Multitasking Network for Blind Omnidirectional Image Quality Assessment,"Qinghai Wang, Shiguang Liu",Paper,Part XX,10.1007/978-3-031-78498-9_17,https://doi.org/10.1007/978-3-031-78498-9_17
598,Method,Full-Frequency Dynamic Convolution: A Physical Frequency-Dependent Convolution for Sound Event Detection,"Haobo Yue, Zhicheng Zhang, Da Mu, Yonghao Dang, Jianqin Yin, Jin Tang",Paper,Part XX,10.1007/978-3-031-78498-9_18,https://doi.org/10.1007/978-3-031-78498-9_18
599,Method,SONNET: Enhancing Time Delay Estimation by Leveraging Simulated Audio,"Erik Tegler, Magnus Oskarsson, Kalle Åström",Paper,Part XX,10.1007/978-3-031-78498-9_20,https://doi.org/10.1007/978-3-031-78498-9_20
600,Method,The Effect of Lung Volume on Glottal Parameters: An Empirical Study,"Gauri Deshpande, Björn W. Schuller",Paper,Part XX,10.1007/978-3-031-78498-9_21,https://doi.org/10.1007/978-3-031-78498-9_21
601,Method,Linear Frequency Residual Cepstral Features for Dysarthria Severity Classification,"Aditya Pusuluri, Hemant A. Patil",Paper,Part XX,10.1007/978-3-031-78498-9_22,https://doi.org/10.1007/978-3-031-78498-9_22
602,Method,Generating High-Quality Symbolic Music Using Fine-Grained Discriminators,"Zhedong Zhang, Liang Li, Jiehua Zhang, Zhenghui Hu, Hongkui Wang, Chenggang Yan, Jian Yang, Yuankai Qi",Paper,Part XX,10.1007/978-3-031-78498-9_23,https://doi.org/10.1007/978-3-031-78498-9_23
603,Method,Enduring Memory Self-learning Multi-level Transformer Network for Remote Sensing Image Super-Resolution,"Peishan Li, Yonghong Zhang, Junfei Wang, Guangyi Ma",Paper,Part XX,10.1007/978-3-031-78498-9_24,https://doi.org/10.1007/978-3-031-78498-9_24
604,Method,Local and Global Features Fusion for No-Reference Quality Assessment of Super-Resolution Images,"Yun Liu, Tong Tang, Zhiyuan Zhu, Jun Ying",Paper,Part XX,10.1007/978-3-031-78498-9_25,https://doi.org/10.1007/978-3-031-78498-9_25
605,Method,Image Super-Resolution with Multi-scale Hybrid Attention,"Ningzhi Wang, Hanyi Shi, Wenna Ruan, Lingbin Zeng",Paper,Part XX,10.1007/978-3-031-78498-9_26,https://doi.org/10.1007/978-3-031-78498-9_26
606,Method,A Sinkhorn Regularized Adversarial Network for Image Guided DEM Super-resolution Using Frequency Selective Hybrid Graph Transformer,"Subhajit Paul, Ashutosh Gupta",Paper,Part XX,10.1007/978-3-031-78498-9_27,https://doi.org/10.1007/978-3-031-78498-9_27
607,Method,Long-Wave Infrared Non-Line-of-Sight Imaging with Visible Conversion,"Shaohui Jin, Wenhao Zhang, Hao Liu, Huimin Wang, Shuang Cui, Mingliang Xu",Paper,Part XX,10.1007/978-3-031-78498-9_28,https://doi.org/10.1007/978-3-031-78498-9_28
608,Method,Re-Identification Based on the Spatial-Temporal Fusion Network,"Hye-Geun Kim, You-Kyoung Na, Hae-Won Joe, Yong-Hyuk Moon, Yeong-Jun Cho",Paper,Part XX,10.1007/978-3-031-78498-9_29,https://doi.org/10.1007/978-3-031-78498-9_29
609,Method,CMAEH: Contrastive Masked Autoencoder Based Hashing for Efficient Image Retrieval,"Mehul Kumar, Aditya Sharma, Prerana Mukherjee, Koteswar Rao Jerripothula",Paper,Part XX,10.1007/978-3-031-78498-9_30,https://doi.org/10.1007/978-3-031-78498-9_30
610,Method,Correction to: Long-Wave Infrared Non-Line-of-Sight Imaging with Visible Conversion,"Shaohui Jin, Wenhao Zhang, Hao Liu, Huimin Wang, Shuang Cui, Mingliang Xu",Paper,Part XX,10.1007/978-3-031-78498-9_31,https://doi.org/10.1007/978-3-031-78498-9_31
611,Method,Long-Tailed Hashing with Wasserstein Quantization,"Zujun Fu, Hanjiang Lai, Yan Pan",Paper,Part XXI,10.1007/978-3-031-78305-0_1,https://doi.org/10.1007/978-3-031-78305-0_1
612,Method,Fashion Image Retrieval with Occlusion,"Jimin Sohn, Haeji Jung, Zhiwen Yan, Vibha Masti, Xiang Li, Bhiksha Raj",Paper,Part XXI,10.1007/978-3-031-78305-0_3,https://doi.org/10.1007/978-3-031-78305-0_3
613,Method,Oracle Bone Inscription Image Retrieval Based on Improved ResNet Network,"Jun Ding, Jiaoyan Wang, Alimjan Aysa, Xuebin Xu, Kurban Ubul",Paper,Part XXI,10.1007/978-3-031-78305-0_4,https://doi.org/10.1007/978-3-031-78305-0_4
614,Method,Novel Clustering Aggregation and Multi-grained Alignment for Image-Text Matching,"Shuming Zhang, Xiao-jun Wu, Tianyang Xu, Donglin Zhang",Paper,Part XXI,10.1007/978-3-031-78305-0_5,https://doi.org/10.1007/978-3-031-78305-0_5
615,Method,Ensembling YOLO and ViT for Plant Disease Detection,"Debojyoti Misra, Suryansh Goel, Tushar Sandhan",Paper,Part XXI,10.1007/978-3-031-78305-0_6,https://doi.org/10.1007/978-3-031-78305-0_6
616,Method,CIMGEN: Controlled Satellite Image Manipulation by Finetuning Pretrained Generative Models on Limited Data,"Chandrakanth Gudavalli, Erik Rosten, Lakshmanan Nataraj, Shivkumar Chandrasekaran, B. S. Manjunath",Paper,Part XXI,10.1007/978-3-031-78305-0_7,https://doi.org/10.1007/978-3-031-78305-0_7
617,Method,Adapt to Scarcity: Few-Shot Deepfake Detection via Low-Rank Adaptation,"Silvia Cappelletti, Lorenzo Baraldi, Federico Cocchi, Marcella Cornia, Lorenzo Baraldi, Rita Cucchiara",Paper,Part XXI,10.1007/978-3-031-78305-0_8,https://doi.org/10.1007/978-3-031-78305-0_8
618,Method,Multi-source Deep Domain Adaptation for Deepfake Detection,"Md Shamim Seraj, Shayok Chakraborty",Paper,Part XXI,10.1007/978-3-031-78305-0_9,https://doi.org/10.1007/978-3-031-78305-0_9
619,Method,SPI2I: Structure-Preserved Image-to-Image Translation with Diffusion Models,"Beibei Dong, Bo Peng, Jing Dong",Paper,Part XXI,10.1007/978-3-031-78305-0_10,https://doi.org/10.1007/978-3-031-78305-0_10
620,Method,FIDAVL: Fake Image Detection and Attribution Using Vision-Language Model,"Mamadou Keita, Wassim Hamidouche, Hessen Bougueffa Eutamene, Abdelmalik Taleb-Ahmed, Abdenour Hadid",Paper,Part XXI,10.1007/978-3-031-78305-0_11,https://doi.org/10.1007/978-3-031-78305-0_11
621,Method,DeepFeatureX Net: Deep Features eXtractors Based Network for Discriminating Synthetic from Real Images,"Orazio Pontorno, Luca Guarnera, Sebastiano Battiato",Paper,Part XXI,10.1007/978-3-031-78305-0_12,https://doi.org/10.1007/978-3-031-78305-0_12
622,Method,Generalized Image-Based Deepfake Detection Through Foundation Model Adaptation,"Tai-Ming Huang, Yue-Hua Han, Ernie Chu, Shu-Tzu Lo, Kai-Lung Hua, Jun-Cheng Chen",Paper,Part XXI,10.1007/978-3-031-78305-0_13,https://doi.org/10.1007/978-3-031-78305-0_13
623,Method,Audio Deepfake Detection: A Continual Approach with Feature Distillation and Dynamic Class Rebalancing,"Taiba Majid Wani, Irene Amerini",Paper,Part XXI,10.1007/978-3-031-78305-0_14,https://doi.org/10.1007/978-3-031-78305-0_14
624,Method,Diffusion Models as a Representation Learner for Deepfake Image Detection,"Rajjeshwar Ganguly, Mamadou Dian Bah, Mohamed Dahmane",Paper,Part XXI,10.1007/978-3-031-78305-0_15,https://doi.org/10.1007/978-3-031-78305-0_15
625,Method,Hybrid Transformer-CNN-Based Attention in Video Turbulence Mitigation (HATM),"Mohammad Ahangar Kiasari, Khan Muhammad, Sambit Bakshi, Ik Hyun Lee",Paper,Part XXI,10.1007/978-3-031-78305-0_16,https://doi.org/10.1007/978-3-031-78305-0_16
626,Method,DereflectFormer: Vision Transformers for Single Image Reflection Removal,"Ao Wei, Hanbin Zhang, Erhu Zhao",Paper,Part XXI,10.1007/978-3-031-78305-0_17,https://doi.org/10.1007/978-3-031-78305-0_17
627,Method,LK-Net: Efficient Large Kernel ConvNet for Document Enhancement,"Qijun Shi, Hongjian Zhan, Yangfu Li, Weijun Zou, Huasheng Li, Umapada Pal, Yue Lu",Paper,Part XXI,10.1007/978-3-031-78305-0_18,https://doi.org/10.1007/978-3-031-78305-0_18
628,Method,ML-CrAIST: Multi-scale Low-High Frequency Information-Based Cross Attention with Image Super-Resolving Transformer,"Alik Pramanick, Utsav Bheda, Arijit Sur",Paper,Part XXI,10.1007/978-3-031-78305-0_19,https://doi.org/10.1007/978-3-031-78305-0_19
629,Method,Attentive Color Fusion Transformer Network (ACFTNet) for Underwater Image Enhancement,"Mohd Ubaid Wani, Md Raqib Khan, Ashutosh Kulkarni, Shruti S. Phutke, Santosh Kumar Vipparthi, Subrahmanyam Murala",Paper,Part XXI,10.1007/978-3-031-78305-0_20,https://doi.org/10.1007/978-3-031-78305-0_20
630,Method,Unsupervised Low-Light Image Enhancement with Dual Contrastive Learning,"Yujie Wang, Bing Li, Jie Huang, Feng Zhao",Paper,Part XXI,10.1007/978-3-031-78305-0_21,https://doi.org/10.1007/978-3-031-78305-0_21
631,Method,Transformer-Based Fringe Restoration for Shadow Mitigation in Fringe Projection Profilometry,"Vaishnavi Ravi, Siddharth Parlapalli, Sameer Ranjan, Rama Krishna Gorthi",Paper,Part XXI,10.1007/978-3-031-78305-0_22,https://doi.org/10.1007/978-3-031-78305-0_22
632,Method,EMPATH: MediaPipe-Aided Ensemble Learning with Attention-Based Transformers for Accurate Recognition of Bangla Word-Level Sign Language,"Kazi Reyazul Hasan, Muhammad Abdullah Adnan",Paper,Part XXI,10.1007/978-3-031-78305-0_23,https://doi.org/10.1007/978-3-031-78305-0_23
633,Method,Cross-Attention Based Influence Model for Manual and Nonmanual Sign Language Analysis,"Lipisha Chaudhary, Fei Xu, Ifeoma Nwogu",Paper,Part XXI,10.1007/978-3-031-78305-0_24,https://doi.org/10.1007/978-3-031-78305-0_24
634,Method,GolfPose: From Regular Posture to Golf Swing Posture,"Ming-Han Lee, Yu-Chen Zhang, Kun-Ru Wu, Yu-Chee Tseng",Paper,Part XXI,10.1007/978-3-031-78305-0_25,https://doi.org/10.1007/978-3-031-78305-0_25
635,Method,Fusing Multimodal Streams for Improved Group Emotion Recognition in Videos,"Deepak Kumar, Piyush Dhamdhere, Balasubramanian Raman",Paper,Part XXI,10.1007/978-3-031-78305-0_26,https://doi.org/10.1007/978-3-031-78305-0_26
636,Method,CSSR: Cross-and Self-feature Transformer with High-Frequency Feature Alignment for Reference-Based Super-Resolution,"Seonggwan Ko, Donghyeon Cho",Paper,Part XXI,10.1007/978-3-031-78305-0_27,https://doi.org/10.1007/978-3-031-78305-0_27
637,Method,Transformer-Based Depth Optimization Network for RGB-D Salient Object Detection,"Lu Li, Yanjiao Shi, Jinyu Yang, Qiangqiang Zhou, Qing Zhang, Liu Cui",Paper,Part XXI,10.1007/978-3-031-78305-0_28,https://doi.org/10.1007/978-3-031-78305-0_28
638,Method,Detail-Enhanced Intra- and Inter-modal Interaction for Audio-Visual Emotion Recognition,"Tong Shi, Xuri Ge, Joemon M. Jose, Nicolas Pugeault, Paul Henderson",Paper,Part XXI,10.1007/978-3-031-78305-0_29,https://doi.org/10.1007/978-3-031-78305-0_29
639,Method,SMFuse: Two-Stage Structural Map Aware Network for Multi-focus Image Fusion,"Tianyu Shen, Hui Li, Chunyang Cheng, Zhongwei Shen, Xiaoning Song",Paper,Part XXII,10.1007/978-3-031-78312-8_1,https://doi.org/10.1007/978-3-031-78312-8_1
640,Method,Despeckling SAR Images Using CNN-Based Approach Incorporating GAN and Gradient Estimation,"Anirban Saha, Suman Kumar Maji",Paper,Part XXII,10.1007/978-3-031-78312-8_2,https://doi.org/10.1007/978-3-031-78312-8_2
641,Method,SalFoM: Dynamic Saliency Prediction with Video Foundation Models,"Morteza Moradi, Mohammad Moradi, Francesco Rundo, Concetto Spampinato, Ali Borji, Simone Palazzo",Paper,Part XXII,10.1007/978-3-031-78312-8_3,https://doi.org/10.1007/978-3-031-78312-8_3
642,Method,Velocity Field-Based Surveillance Video Frame Deletion Detection Using Siamese Network,"Yang Su, ShunQuan Tan, Jiwu Huang",Paper,Part XXII,10.1007/978-3-031-78312-8_4,https://doi.org/10.1007/978-3-031-78312-8_4
643,Method,Vehicle Detection Performance in Nordic Region,"Hamam Mokayed, Rajkumar Saini, Oluwatosin Adewumi, Lama Alkhaled, Björn Backe, Palaiahnakote Shivakumara, Olle Hagner, Yan Chai Hum",Paper,Part XXII,10.1007/978-3-031-78312-8_5,https://doi.org/10.1007/978-3-031-78312-8_5
644,Method,An Edge-Assisted Mural Image Inpainting Approach Leveraging Aggregated Contextual Transformations,"Bojie Tang, Linxi Hong, Qing Xie, Tao Guo, Xiaolei Du",Paper,Part XXII,10.1007/978-3-031-78312-8_6,https://doi.org/10.1007/978-3-031-78312-8_6
645,Method,Video Analysis Engine for Predicting Effectiveness,"Rushil Thareja, Deep Dwivedi, Ritik Garg, Shiva Baghel, Jainendra Shukla, Mukesh Mohania",Paper,Part XXII,10.1007/978-3-031-78312-8_7,https://doi.org/10.1007/978-3-031-78312-8_7
646,Method,A Stratified Pipeline for Vehicle Inpainting in Orthophotos,"Benedikt Kottler, Kevin Qiu, Gisela Häufel, Dimitri Bulatov",Paper,Part XXII,10.1007/978-3-031-78312-8_8,https://doi.org/10.1007/978-3-031-78312-8_8
647,Method,Deep Residual 1-Dimensional Convolutional Neural Networks in Vision,"Nazmul Shahadat, Anthony S. Maida",Paper,Part XXII,10.1007/978-3-031-78312-8_9,https://doi.org/10.1007/978-3-031-78312-8_9
648,Method,Overcomplete U-Net Networks for Psoriasis Detection in Digital Color Images,"Aruna Kumari Kovvuru, Narendra D. Londhe, Ritesh Raj, Rajendra S. Sonawane",Paper,Part XXII,10.1007/978-3-031-78312-8_10,https://doi.org/10.1007/978-3-031-78312-8_10
649,Method,Dual-Branch Task Residual Enhancement with Parameter-Free Attention for Zero-Shot Multi-label Image Recognition,"Shizhou Zhang, Kairui Dang, De Cheng, Yinghui Xing, Qirui Wu, Dexuan Kong, Yanning Zhang",Paper,Part XXII,10.1007/978-3-031-78312-8_11,https://doi.org/10.1007/978-3-031-78312-8_11
650,Method,$$\lambda $$-Color: Amplifying Long-Range Dependencies for Image Colorization,"Subhankar Ghosh, Saumik Bhattacharya, Prasun Roy, Umapada Pal, Michael Blumenstein",Paper,Part XXII,10.1007/978-3-031-78312-8_12,https://doi.org/10.1007/978-3-031-78312-8_12
651,Method,Memory Matching is Not Enough: Jointly Improving Memory Matching and Decoding for Video Object Segmentation,"Jintu Zheng, Yun Liang, Yuqing Zhang, Wanchao Su",Paper,Part XXII,10.1007/978-3-031-78312-8_13,https://doi.org/10.1007/978-3-031-78312-8_13
652,Method,Unsupervised Low-Light Image Enhancement via Spectral Consistency,"Bing Li, Wei Yu, Naishan Zheng, Jie Huang, Feng Zhao",Paper,Part XXII,10.1007/978-3-031-78312-8_14,https://doi.org/10.1007/978-3-031-78312-8_14
653,Method,MMSISP: A Satellite Image Sequence Prediction Network with Multi-factor Decoupling and Multi-modal Fusion,"Fanbin Mo, Yixiang Huang, Ming Wu, Xun Zhu, Chuang Zhang",Paper,Part XXII,10.1007/978-3-031-78312-8_15,https://doi.org/10.1007/978-3-031-78312-8_15
654,Method,Leveraging Dual Encoders with Feature Disentanglement for Anomaly Detection in Thermal Videos,"Divya Bhardwaj, Anishka Singh, Sparsh Goenka, Poonam Goyal",Paper,Part XXII,10.1007/978-3-031-78312-8_16,https://doi.org/10.1007/978-3-031-78312-8_16
655,Method,Adaptive Data Association for Enhanced Multi-object Tracking and Segmentation with Pre-matching and Selective Association,"Longtao Chen, Guoxing Liao, Gaofeng Zhu, Huanqiang Zeng",Paper,Part XXII,10.1007/978-3-031-78312-8_17,https://doi.org/10.1007/978-3-031-78312-8_17
656,Method,Oracle Bone Script Recognition Based on Multi-scale Feature Fusion and Knowledge Distillation,"Jiaoyan Wang, Xuebin Xu, Alimjan Aysa, Jun Ding, Kurban Ubul",Paper,Part XXII,10.1007/978-3-031-78312-8_18,https://doi.org/10.1007/978-3-031-78312-8_18
657,Method,Combining Frequency-Based Smoothing and Salient Masking for Performant and Imperceptible Adversarial Samples,"Amon Soares de Souza, Andreas Meißner, Michaela Geierhos",Paper,Part XXII,10.1007/978-3-031-78312-8_19,https://doi.org/10.1007/978-3-031-78312-8_19
658,Method,Maximizing Coverage over a Surveillance Region Using a Specific Number of Cameras,"M. S. Sumi Suresh, Vivek Menon, Srirangaraj Setlur, Venu Govindaraju",Paper,Part XXII,10.1007/978-3-031-78312-8_20,https://doi.org/10.1007/978-3-031-78312-8_20
659,Method,DSTNet: Distinguishing Source and Target Areas for Image Copy-Move Forgery Detection,"Kaiqi Zhao, Xiaochen Yuan, Guoheng Huang, Kun Liu",Paper,Part XXII,10.1007/978-3-031-78312-8_21,https://doi.org/10.1007/978-3-031-78312-8_21
660,Method,Dual Hypergraph Convolution Networks for Image Forgery Localization,"Jiahao Huang, Xiaochen Yuan, Wei Ke, Chan-Tong Lam",Paper,Part XXII,10.1007/978-3-031-78312-8_22,https://doi.org/10.1007/978-3-031-78312-8_22
661,Method,"A Whale Falls, All Thrive: Mitigating Attention Gap to Improve Adversarial Transferability","Qiang Wan, Biwei Chen, Anjie Peng, Hui Zeng",Paper,Part XXII,10.1007/978-3-031-78312-8_23,https://doi.org/10.1007/978-3-031-78312-8_23
662,Method,Splicing Localization in Digital Images Through Agglomerative Clustering on Optimized Feature Sets with Zero Training Data Dependency,"Debjit Das, Ruchira Naskar",Paper,Part XXII,10.1007/978-3-031-78312-8_24,https://doi.org/10.1007/978-3-031-78312-8_24
663,Method,End-to-End User-Defined Keyword Spotting Using Shifted Delta Coefficients,"V. Kesavaraj, M. Anuprabha, Anil Kumar Vuppala",Paper,Part XXII,10.1007/978-3-031-78312-8_25,https://doi.org/10.1007/978-3-031-78312-8_25
664,Method,Comparative Analysis of Voice Conversion in German,"Karla Schäfer, Jeong-Eun Choi, Martin Steinebach",Paper,Part XXII,10.1007/978-3-031-78312-8_26,https://doi.org/10.1007/978-3-031-78312-8_26
665,Method,Investigating Swimming Effect of Hologram in Mixed Reality,"Subin Raj, B. R. Harshitha, Amaresh Chakrabarti, Pradipta Biswas",Paper,Part XXII,10.1007/978-3-031-78312-8_27,https://doi.org/10.1007/978-3-031-78312-8_27
666,Method,Consistent Object Removal from Masked Neural Radiance Fields by Estimating Never-Seen Regions in All-Views,"Yongjoon Lee, Jaehak Ryu, Donggeun Yoon, Donghyeon Cho",Paper,Part XXII,10.1007/978-3-031-78312-8_28,https://doi.org/10.1007/978-3-031-78312-8_28
667,Method,Neuropostors: Neural Geometry-Aware 3D Crowd Character Impostors,"Mirela Ostrek, Niloy J. Mitra, Carol O’Sullivan",Paper,Part XXII,10.1007/978-3-031-78312-8_29,https://doi.org/10.1007/978-3-031-78312-8_29
668,Method,InjectionNet: Realizing Information Injection for Medical Image Segmentation with Layer Relationships,"Xinyu Zhu, JiaFeng Li, Yin Wen",Paper,Part XXII,10.1007/978-3-031-78312-8_30,https://doi.org/10.1007/978-3-031-78312-8_30
669,Method,How to Modify the Tree of Shapes of an Image: Connected Operators Without Gradient Inversion,"Julien Mendes Forte, Nicolas Passat, Yukiko Kenmochi",Paper,Part XXIII,10.1007/978-3-031-78347-0_1,https://doi.org/10.1007/978-3-031-78347-0_1
670,Method,New Algorithms for Multivalued Component Trees,"Nicolas Passat, Romain Perrin, Jimmy Francky Randrianasoa, Camille Kurtz, Benoît Naegel",Paper,Part XXIII,10.1007/978-3-031-78347-0_2,https://doi.org/10.1007/978-3-031-78347-0_2
671,Method,Sketch2Seg: Sketch-Based Image Segmentation with Pre-trained Diffusion Model,"Xin Dai, Haoge Deng, Ke Li, Yonggang Qi",Paper,Part XXIII,10.1007/978-3-031-78347-0_3,https://doi.org/10.1007/978-3-031-78347-0_3
672,Method,Unsupervised Segmentation of Pulmonary Regions in 3D CT Scans Optimized Using Transformer Model,"Ahmed Sharafeldeen, Adel Khelifi, Mohammed Ghazal, Maha Yaghi, Ali Mahmoud, Sohail Contractor, Ayman El-Baz",Paper,Part XXIII,10.1007/978-3-031-78347-0_4,https://doi.org/10.1007/978-3-031-78347-0_4
673,Method,Deep Spherical Superpixels,"Rémi Giraud, Michaël Clément",Paper,Part XXIII,10.1007/978-3-031-78347-0_5,https://doi.org/10.1007/978-3-031-78347-0_5
674,Method,External Prompt Features Enhanced Parameter-Efficient Fine-Tuning for Salient Object Detection,"Wen Liang, Peipei Ran, Mengchao Bai, Xiao Liu, P. Bilha Githinji, Wei Zhao, Peiwu Qin",Paper,Part XXIII,10.1007/978-3-031-78347-0_6,https://doi.org/10.1007/978-3-031-78347-0_6
675,Method,Recall-Based Knowledge Distillation for Data Distribution Based Catastrophic Forgetting in Semantic Segmentation,"Samiha Mirza, Apurva Gala, Pandu Devarakota, Vuong D. Nguyen, Pranav Mantini, Shishir K. Shah",Paper,Part XXIII,10.1007/978-3-031-78347-0_7,https://doi.org/10.1007/978-3-031-78347-0_7
676,Method,Contrastive Gaussian Clustering for Weakly Supervised 3D Scene Segmentation,"Myrna Castillo, Mahtab Dahaghin, Matteo Toso, Alessio Del Bue",Paper,Part XXIII,10.1007/978-3-031-78347-0_8,https://doi.org/10.1007/978-3-031-78347-0_8
677,Method,AYANet: A Gabor Wavelet-Based and CNN-Based Double Encoder for Building Change Detection in Remote Sensing,"Priscilla Indira Osa, Josiane Zerubia, Zoltan Kato",Paper,Part XXIII,10.1007/978-3-031-78347-0_9,https://doi.org/10.1007/978-3-031-78347-0_9
678,Method,Task Consistent Prototype Learning for Incremental Few-Shot Semantic Segmentation,"Wenbo Xu, Yanan Wu, Haoran Jiang, Yang Wang, Qiang Wu, Jian Zhang",Paper,Part XXIII,10.1007/978-3-031-78347-0_10,https://doi.org/10.1007/978-3-031-78347-0_10
679,Method,Multi-scale Value-Density Transformer with Medical Semantic Guidance for Disease Risk Prediction Based on Clinical Time Series,"Jingwen Xu, Xiaoge Wei, Pong C. Yuen",Paper,Part XXIII,10.1007/978-3-031-78347-0_11,https://doi.org/10.1007/978-3-031-78347-0_11
680,Method,Variational Autoencoder Learns Better Feature Representations for EEG-Based Obesity Classification,"Yuan Yue, Dirk De Ridder, Patrick Manning, Jeremiah D. Deng",Paper,Part XXIII,10.1007/978-3-031-78347-0_12,https://doi.org/10.1007/978-3-031-78347-0_12
681,Method,A Deep Learning System for Water Pollutant Detection Based on the SENSIPLUS Microsensor,"Hamza Mustafa, Mario Molinara, Luigi Ferrigno, Michele Vitelli",Paper,Part XXIII,10.1007/978-3-031-78347-0_13,https://doi.org/10.1007/978-3-031-78347-0_13
682,Method,Bandwise Attention in CycleGAN for Fructose Estimation from Hyperspectral Images,"Divyani Tyagi, Tushar Sandhan",Paper,Part XXIII,10.1007/978-3-031-78347-0_14,https://doi.org/10.1007/978-3-031-78347-0_14
683,Method,Unsupervised Multi-level Search and Correspondence for Generic Voice-Face Feature Spaces,"Jing Sun, Jianbo Su",Paper,Part XXIII,10.1007/978-3-031-78347-0_15,https://doi.org/10.1007/978-3-031-78347-0_15
684,Method,KunquDB: An Attempt for Speaker Verification in the Chinese Opera Scenario,"Huali Zhou, Yuke Lin, Dong Liu, Ming Li",Paper,Part XXIII,10.1007/978-3-031-78347-0_16,https://doi.org/10.1007/978-3-031-78347-0_16
685,Method,Act-ChatGPT: Introducing Action Features into Multi-modal Large Language Models for Video Understanding,"Yuto Nakamizo, Keiji Yanai",Paper,Part XXIII,10.1007/978-3-031-78347-0_17,https://doi.org/10.1007/978-3-031-78347-0_17
686,Method,Machine Vision-Aware Quality Metrics for Compressed Image and Video Assessment,"Mikhail Dremin, Konstantin Kozhemyakov, Ivan Molodetskikh, Malakhov Kirill, Sagitov Artur, Dmitriy Vatolin",Paper,Part XXIII,10.1007/978-3-031-78347-0_18,https://doi.org/10.1007/978-3-031-78347-0_18
687,Method,Judgment Analysis in a Streaming Setting Incurring Logarithmic Space of the Annotators,"Jyoti Patel, Soumen Mandal, Malay Bhattacharyya",Paper,Part XXIV,10.1007/978-3-031-78383-8_1,https://doi.org/10.1007/978-3-031-78383-8_1
688,Method,Active Self-paced Knowledge Distillation and Diffusion-Based Generation for Few-Call Model Stealing,"Vlad Hondru, Radu-Tudor Ionescu",Paper,Part XXIV,10.1007/978-3-031-78383-8_2,https://doi.org/10.1007/978-3-031-78383-8_2
689,Method,A Novel Ensemble Aggregation Method Based on Deep Learning Representation,"Truong Thanh Nguyen, Eyad Elyan, Truong Dang, Tien Thanh Nguyen, Martin Longmuir",Paper,Part XXIV,10.1007/978-3-031-78383-8_3,https://doi.org/10.1007/978-3-031-78383-8_3
690,Method,GUARDEV: Guided Unified Adaptive Response for Defending Electric Vehicles,"Koustav Kumar Mondal, Debasis Das",Paper,Part XXIV,10.1007/978-3-031-78383-8_4,https://doi.org/10.1007/978-3-031-78383-8_4
691,Method,Synthetic Vascular Models : Application to Bifurcation Classification and Aneurysm Detection,"Rafic Nader, Vincent L’Allinec, Romain Bourcier, Florent Autrusseau",Paper,Part XXIV,10.1007/978-3-031-78383-8_5,https://doi.org/10.1007/978-3-031-78383-8_5
692,Method,ENS-RFMC: An Encrypted Network Traffic Sampling Method Based on Rule-Based Feature Extraction and Multi-hierarchical Clustering for Intrusion Detection,"Liang-Chen Chen, Shu Gao, Zi-Xuan Wei, Bao-Xu Liu, Xu-Yao Zhang",Paper,Part XXIV,10.1007/978-3-031-78383-8_6,https://doi.org/10.1007/978-3-031-78383-8_6
693,Method,An Extension of Random Forest-Clustering Schemes Which Works with Partition-Level Constraints,"Manuele Bicego, Hafiz Ahmad Hassan",Paper,Part XXIV,10.1007/978-3-031-78383-8_7,https://doi.org/10.1007/978-3-031-78383-8_7
694,Method,Enhancing Protein Classification with Graph Convolutional Neural Networks,"Abderrahim Mechache, Hamamache Kheddouci",Paper,Part XXIV,10.1007/978-3-031-78383-8_8,https://doi.org/10.1007/978-3-031-78383-8_8
695,Method,Adaptive Nearest Neighbor Density Peak Clustering Based on Fuzzy Logic,"Houshen Lin, Jian Hou, Huaqiang Yuan",Paper,Part XXIV,10.1007/978-3-031-78383-8_9,https://doi.org/10.1007/978-3-031-78383-8_9
696,Method,Zero-shot Automated Class Imbalanced Learning,"Zhaoyang Wang, Shuo Wang",Paper,Part XXIV,10.1007/978-3-031-78383-8_10,https://doi.org/10.1007/978-3-031-78383-8_10
697,Method,Online Automated Imbalanced Learning via Adaptive Thompson Sampling,"Zhaoyang Wang, Shuo Wang",Paper,Part XXIV,10.1007/978-3-031-78383-8_11,https://doi.org/10.1007/978-3-031-78383-8_11
698,Method,Phase-Encoded Cascaded Autoencoders based Correlation Filters and Adaptive Thresholding for Illumination Invariant Face Recognition,Pradipta K. Banerjee,Paper,Part XXIV,10.1007/978-3-031-78383-8_12,https://doi.org/10.1007/978-3-031-78383-8_12
699,Method,Low-Resource Crop Classification from Multi-Spectral Time Series Using Lossless Compressors,"Wei Cheng, Hongrui Ye, Xiao Wen, Jiachen Zhang, Jiping Xu, Feifan Zhang",Paper,Part XXIV,10.1007/978-3-031-78383-8_13,https://doi.org/10.1007/978-3-031-78383-8_13
700,Method,Addressing Multi-Label Learning with Missing Labels via Feature Relevance guided Scaled Model Coefficients,"Sanjay Kumar, Reshma Rastogi",Paper,Part XXIV,10.1007/978-3-031-78383-8_14,https://doi.org/10.1007/978-3-031-78383-8_14
701,Method,Hypergraph Regularized Semi-supervised Least Squares Twin Support Vector Machine for Multilabel Classification,"Reshma Rastogi, Dev Nirwal",Paper,Part XXIV,10.1007/978-3-031-78383-8_15,https://doi.org/10.1007/978-3-031-78383-8_15
702,Method,Transformer Model for Multivariate Time Series Classification: A Case Study of Solar Flare Prediction,"Khaznah Alshammari, Shah Muhammad Hamdi, Soukaina Filali Boubrahimi",Paper,Part XXIV,10.1007/978-3-031-78383-8_16,https://doi.org/10.1007/978-3-031-78383-8_16
703,Method,Learning Social and Physical Compliant Multi-modal Futures,"Xiaodan Shi, Haoran Zhang, Shibasaki Ryosuke, Jinyue Yan",Paper,Part XXIV,10.1007/978-3-031-78383-8_17,https://doi.org/10.1007/978-3-031-78383-8_17
704,Method,Hierarchical Ensemble of AutoEncoder for Restoration of Images Corrupted by Cumulative Combination of Noise,"Sayarnil Ganguly, Sanjana Reddy Katham, Sanyam Agrawal, Soumen Sinha, Rahul Roy",Paper,Part XXIV,10.1007/978-3-031-78383-8_18,https://doi.org/10.1007/978-3-031-78383-8_18
705,Method,Leveraging Computer Vision for Automatic Modulation Classification: Insights from Spectrum and Constellation Diagram Analysis,"Wenjie Zhao, Qiuming Luo",Paper,Part XXIV,10.1007/978-3-031-78383-8_19,https://doi.org/10.1007/978-3-031-78383-8_19
706,Method,DG2Net: A MLP-Based Dynamixing Gate and Depthwise Group Norm Network for Classification of Glaucoma,"Yu Feng, Cong Wu, Yuan Zhou",Paper,Part XXIV,10.1007/978-3-031-78383-8_20,https://doi.org/10.1007/978-3-031-78383-8_20
707,Method,"POCN: Long Term Propensity, Occasional Exploration, Contention Relevance and Neighborhood Diversity Driven Prime Video Page Composition","Venkataramana Kini, Ravi Divvela, Devendra Yadav, Unmesh Padke, Narayanan Sadagopan",Paper,Part XXIV,10.1007/978-3-031-78383-8_22,https://doi.org/10.1007/978-3-031-78383-8_22
708,Method,Towards Robust Object Detection: Identifying and Removing Backdoors via Module Inconsistency Analysis,"Xianda Zhang, Siyuan Liang, Chengyang Li",Paper,Part XXIV,10.1007/978-3-031-78383-8_23,https://doi.org/10.1007/978-3-031-78383-8_23
709,Method,Fine-grained Text to Image Synthesis,"Xu Ouyang, Ying Chen, Kaiyue Zhu, Gady Agam",Paper,Part XXIV,10.1007/978-3-031-78383-8_24,https://doi.org/10.1007/978-3-031-78383-8_24
710,Method,ORA-Trans: Object Region Attention Transformer Based on Key Tokens Selector with Structure Feature Modeling for Fine-Grained Visual Classification,"Yulong Xia, Jianwei Zhang",Paper,Part XXIV,10.1007/978-3-031-78383-8_25,https://doi.org/10.1007/978-3-031-78383-8_25
711,Method,ChannelDropBack: Forward-Consistent Stochastic Regularization for Deep Networks,"Evgeny Hershkovitch Neiterman, Gil Ben-Artzi",Paper,Part XXIV,10.1007/978-3-031-78383-8_26,https://doi.org/10.1007/978-3-031-78383-8_26
712,Method,DD-Net: Dynamic Network Architecture for Optimized Curve Segmentation and Reduce Computational Redundancy,"Yunxiang Cao, Li Chen, Yubo Wang, Zhida Feng, Jing Tian",Paper,Part XXIV,10.1007/978-3-031-78383-8_27,https://doi.org/10.1007/978-3-031-78383-8_27
713,Method,MCFM: Multi Channel-Frequency Mamba-Based Model for Flight Trajectory Prediction,"Wanjing Zhang, Xiaotian Zhu, Jianjun Zhang, Yuan Guo, Jun Tao, Min Zhu",Paper,Part XXIV,10.1007/978-3-031-78383-8_28,https://doi.org/10.1007/978-3-031-78383-8_28
714,Method,Multi-objective Balanced Task Offloading in Vehicular Networks Based on Edge Computing,"Lingjiao Wang, Lingwei Meng, Hua Guo",Paper,Part XXIV,10.1007/978-3-031-78383-8_29,https://doi.org/10.1007/978-3-031-78383-8_29
715,Method,BiPA-Net: An Effective Tiny-Object Detection Model in Aerial Images,"Tianping Li, Mengdi Zhu, Zhenyi Zhang, Zhiqiang Yang",Paper,Part XXIV,10.1007/978-3-031-78383-8_30,https://doi.org/10.1007/978-3-031-78383-8_30
716,Method,Optimizing Personalized Robot Actions with Ranking of Trajectories,"Hao Huang, Yiyun Liu, Shuaihang Yuan, Congcong Wen, Yu Hao, Yi Fang",Paper,Part XXIX,10.1007/978-3-031-78110-0_1,https://doi.org/10.1007/978-3-031-78110-0_1
717,Method,Synthesizing Operationally Safe Controllers for Human-in-the-Loop Human-in-the-Plant Hybrid Close Loop Systems,"Ayan Banerjee, Imane Lamrani, Sandeep K. S. Gupta",Paper,Part XXIX,10.1007/978-3-031-78110-0_2,https://doi.org/10.1007/978-3-031-78110-0_2
718,Method,Multi-frequency Fine-Grained Matching for Audio-Visual Segmentation,"Yinhao Zhang, Tianyang Xu, Xiao-Jun Wu, Shaochuan Zhao, Josef Kittler",Paper,Part XXIX,10.1007/978-3-031-78110-0_3,https://doi.org/10.1007/978-3-031-78110-0_3
719,Method,Confidence-Guided Feature Alignment for Cloth-Changing Person Re-identification,"Sirong Huang, Huicheng Zheng",Paper,Part XXIX,10.1007/978-3-031-78110-0_4,https://doi.org/10.1007/978-3-031-78110-0_4
720,Method,Fair Latent Representation Learning with Adaptive Reweighing,"Puspita Majumdar, Raghav Sharma, Rohit Bhattacharya, Balraj Prajesh",Paper,Part XXIX,10.1007/978-3-031-78110-0_5,https://doi.org/10.1007/978-3-031-78110-0_5
721,Method,FineFACE: Fair Facial Attribute Classification Leveraging Fine-Grained Features,"Ayesha Manzoor, Ajita Rattani",Paper,Part XXIX,10.1007/978-3-031-78110-0_6,https://doi.org/10.1007/978-3-031-78110-0_6
722,Method,One-Factor Cancelable Biometric Template Protection Scheme for Real-Valued Features,"Ruoqi Zhang, Peisong Shen, Kewei Lv, Chi Chen",Paper,Part XXIX,10.1007/978-3-031-78110-0_7,https://doi.org/10.1007/978-3-031-78110-0_7
723,Method,Multi-teacher Invariance Distillation for Domain-Generalized Action Recognition,"Jongmin Shin, Abhishek Maiti, Yuliang Zou, Jinwoo Choi",Paper,Part XXIX,10.1007/978-3-031-78110-0_8,https://doi.org/10.1007/978-3-031-78110-0_8
724,Method,ALS-HAR: Harnessing Wearable Ambient Light Sensors to Enhance IMU-Based Human Activity Recognition,"Lala Shakti Swarup Ray, Daniel Geißler, Mengxi Liu, Bo Zhou, Sungho Suh, Paul Lukowicz",Paper,Part XXIX,10.1007/978-3-031-78110-0_9,https://doi.org/10.1007/978-3-031-78110-0_9
725,Method,Spatio-Temporal Domain-Aware Network for Skeleton-Based Action Representation Learning,"Jiannan Hu, Cong Wu, Tianyang Xu, Xiao-Jun Wu, Josef Kittler",Paper,Part XXIX,10.1007/978-3-031-78110-0_10,https://doi.org/10.1007/978-3-031-78110-0_10
726,Method,Project and Pool: An Action Localization Network for Localizing Actions in Untrimmed Videos,"Himanshu Singh, Avijit Dey, Badri Narayan Subudhi, Vinit Jakhetiya",Paper,Part XXIX,10.1007/978-3-031-78110-0_11,https://doi.org/10.1007/978-3-031-78110-0_11
727,Method,Multi-teacher Importance Preserving Knowledge Distillation for Early Violence Prediction,"Suvramalya Basak, Aditya Vaishy, Anjali Gautam",Paper,Part XXIX,10.1007/978-3-031-78110-0_12,https://doi.org/10.1007/978-3-031-78110-0_12
728,Method,Improving Temporal Action Segmentation and Detection with Hierarchical Task Grammar,"Qiu Yihui, Deepu Rajan",Paper,Part XXIX,10.1007/978-3-031-78110-0_13,https://doi.org/10.1007/978-3-031-78110-0_13
729,Method,Hybrid Human Action Anomaly Detection Based on Lightweight GNNs and Machine Learning,"Miao Feng, Jean Meunier",Paper,Part XXIX,10.1007/978-3-031-78110-0_14,https://doi.org/10.1007/978-3-031-78110-0_14
730,Method,Zero-Shot Spatio-Temporal Action Detection by Enhancing Context-Relation Capability of Vision-Language Models,"Yasunori Babazaki, Takashi Shibata, Toru Takahashi",Paper,Part XXIX,10.1007/978-3-031-78110-0_15,https://doi.org/10.1007/978-3-031-78110-0_15
731,Method,Nonlinear Progressive Denoising: A Universal Regularized Denoising Strategy for Low PSNR Images,"Ziyu Wu, Silong Peng",Paper,Part XXIX,10.1007/978-3-031-78110-0_16,https://doi.org/10.1007/978-3-031-78110-0_16
732,Method,Unified-EGformer: Exposure Guided Lightweight Transformer for Mixed-Exposure Image Enhancement,"Eashan Adhikarla, Kai Zhang, Rosaura G. VidalMata, Manjushree Aithal, Nikhil Ambha Madhusudhana, John Nicholson, Lichao Sun, Brian D. Davison",Paper,Part XXIX,10.1007/978-3-031-78110-0_17,https://doi.org/10.1007/978-3-031-78110-0_17
733,Method,Composite Concept Extraction Through Backdooring,"Banibrata Ghosh, Haripriya Harikumar, Khoa D. Doan, Svetha Venkatesh, Santu Rana",Paper,Part XXIX,10.1007/978-3-031-78110-0_18,https://doi.org/10.1007/978-3-031-78110-0_18
734,Method,Guided SAM: Label-Efficient Part Segmentation,"Sabina B. van Rooij, Gertjan J. Burghouts",Paper,Part XXIX,10.1007/978-3-031-78110-0_19,https://doi.org/10.1007/978-3-031-78110-0_19
735,Method,Multidimensional Cross-Reconstructed Networks for Few-Shot Fine-Grained Image Classification,"Yu Cheng, Bo Li, Penghao Jia, Aoxiang Ning, Jinhong He",Paper,Part XXIX,10.1007/978-3-031-78110-0_20,https://doi.org/10.1007/978-3-031-78110-0_20
736,Method,Multiplicative RMSprop Using Gradient Normalization for Learning Acceleration,"Manos Kirtas, Nikolaos Passalis, Anastasios Tefas",Paper,Part XXIX,10.1007/978-3-031-78110-0_21,https://doi.org/10.1007/978-3-031-78110-0_21
737,Method,TADIL: Task-Agnostic Domain-Incremental Learning Through Task-ID Inference Using Transformer Nearest-Centroid Embeddings,"Gusseppe Bravo-Rocca, Peini Liu, Jordi Guitart, Ajay Dholakia, David Ellison",Paper,Part XXIX,10.1007/978-3-031-78110-0_22,https://doi.org/10.1007/978-3-031-78110-0_22
738,Method,Evidential Federated Learning for Skin Lesion Image Classification,"Rutger Hendrix, Federica Proietto Salanitri, Concetto Spampinato, Simone Palazzo, Ulas Bagci",Paper,Part XXIX,10.1007/978-3-031-78110-0_23,https://doi.org/10.1007/978-3-031-78110-0_23
739,Method,Adaptive Text Feature Updating for Visual-Language Tracking,"Xuexin Liu, Zhuojun Zou, Jie Hao",Paper,Part XXIX,10.1007/978-3-031-78110-0_24,https://doi.org/10.1007/978-3-031-78110-0_24
740,Method,TrajDiffuse: A Conditional Diffusion Model for Environment-Aware Trajectory Prediction,"Qingze Tony Liu, Danrui Li, Samuel S. Sohn, Sejong Yoon, Mubbasir Kapadia, Vladimir Pavlovic",Paper,Part XXIX,10.1007/978-3-031-78110-0_25,https://doi.org/10.1007/978-3-031-78110-0_25
741,Method,Principal Graph Neighborhood Aggregation for Underwater Moving Object Detection,"Meghna Kapoor, Badri Narayan Subudhi, Vinit Jakhetiya, Ankur Bansal",Paper,Part XXIX,10.1007/978-3-031-78110-0_26,https://doi.org/10.1007/978-3-031-78110-0_26
742,Method,Dynamic Loss Decay Based Robust Oriented Object Detection on Remote Sensing Images with Noisy Labels,"Guozhang Liu, Ting Liu, Mengke Yuan, Tao Pang, Guangxing Yang, Hao Fu, Tao Wang, Tongkui Liao",Paper,Part XXIX,10.1007/978-3-031-78110-0_27,https://doi.org/10.1007/978-3-031-78110-0_27
743,Method,Environment-Independent Fusion for Robust Object Detection in Adverse Environments,"Wenlong Zhong, Yunfei Zhang, Si Wu",Paper,Part XXIX,10.1007/978-3-031-78110-0_28,https://doi.org/10.1007/978-3-031-78110-0_28
744,Method,Transformer-Based RGB and LiDAR Fusion for Enhanced Object Detection,"Reza Sadeghian, Niloofar Hooshyaripour, WonSook Lee",Paper,Part XXIX,10.1007/978-3-031-78110-0_29,https://doi.org/10.1007/978-3-031-78110-0_29
745,Method,A Novel Loss for Contrastive Deep Supervision,"Zhengming Ye, Yang Hua, Wenjie Zhang, Xiaoning Song, Zhenhua Feng, Xiao-Jun Wu",Paper,Part XXV,10.1007/978-3-031-78389-0_1,https://doi.org/10.1007/978-3-031-78389-0_1
746,Method,Multi-Task Interaction Network Based on a Cross-Attention Fusion Mechanism for Offline Signature Verification,"Haotian Meng, Xiaoya Lin, Kurban Ubul, Alimjan Aysa",Paper,Part XXV,10.1007/978-3-031-78389-0_2,https://doi.org/10.1007/978-3-031-78389-0_2
747,Method,Functional Tensor Decompositions for Physics-Informed Neural Networks,"Sai Karthikeya Vemuri, Tim Büchner, Julia Niebling, Joachim Denzler",Paper,Part XXV,10.1007/978-3-031-78389-0_3,https://doi.org/10.1007/978-3-031-78389-0_3
748,Method,Squeeze and Hypercomplex Networks on Leaf Disease Detection,"Nazmul Shahadat, Anh Nguyen, Ritika Lama",Paper,Part XXV,10.1007/978-3-031-78389-0_4,https://doi.org/10.1007/978-3-031-78389-0_4
749,Method,Mangoes Ripeness Grading: Vision Based Approach,"D. S. Guru, D. Nandini",Paper,Part XXV,10.1007/978-3-031-78389-0_5,https://doi.org/10.1007/978-3-031-78389-0_5
750,Method,FedRewind: Rewinding Continual Model Exchange for Decentralized Federated Learning,"Luca Palazzo, Matteo Pennisi, Federica Proietto Salanitri, Giovanni Bellitto, Simone Palazzo, Concetto Spampinato",Paper,Part XXV,10.1007/978-3-031-78389-0_6,https://doi.org/10.1007/978-3-031-78389-0_6
751,Method,On the Relationship Between Double Descent of CNNs and Shape/Texture Bias Under Learning Process,"Shun Iwase, Shuya Takahashi, Nakamasa Inoue, Rio Yokota, Ryo Nakamura, Hirokatsu Kataoka, Eisaku Maeda",Paper,Part XXV,10.1007/978-3-031-78389-0_7,https://doi.org/10.1007/978-3-031-78389-0_7
752,Method,Cystic Adenocarcinoma Segmentation Based on Multi-frequency and Multi-scale SimAM Attention,"Xia Zhang, Jian Tan, Bailing Zhang, Guodong Xu, Zeyang Hu, Rui Wang, Jing Qiu Yang, Chaoyi Pang",Paper,Part XXV,10.1007/978-3-031-78389-0_8,https://doi.org/10.1007/978-3-031-78389-0_8
753,Method,MSDNet: A Multi-scale Dense Network for Chip Surface Defect Segmentation,"Xiaoyang Yu, Ziyi Zhu, Guanwen Zhang, Wei Zhou",Paper,Part XXV,10.1007/978-3-031-78389-0_9,https://doi.org/10.1007/978-3-031-78389-0_9
754,Method,Task Oriented Image Quality Assessment for Synthesized Images,"Ke Xu, Qian Zhang, Fei Yang, Zhanghao Jiang, Boon-Giin Lee",Paper,Part XXV,10.1007/978-3-031-78389-0_10,https://doi.org/10.1007/978-3-031-78389-0_10
755,Method,SANGAM: Synergizing Local and Global Analysis for Simultaneous WBC Classification and Segmentation,"Adit Srivastava, Aravind Ramagiri, Puneet Gupta, Vivek Gupta",Paper,Part XXV,10.1007/978-3-031-78389-0_11,https://doi.org/10.1007/978-3-031-78389-0_11
756,Method,MeDiANet: A Lightweight Network for Large-scale Multi-disease Classification of Multi-modal Medical Images Using Dilated Convolution and Attention Network,"Dipayan Dewan, Asim Manna, Apoorva Srivastava, Anupam Borthakur, Debdoot Sheet",Paper,Part XXV,10.1007/978-3-031-78389-0_12,https://doi.org/10.1007/978-3-031-78389-0_12
757,Method,A Data Augmentation Approach for Well Log Interpretation,"Ziyi Zhu, Yaobin Wang, Xiaoyang Yu, Guojun Li, Guanwen Zhang, Wei Zhou",Paper,Part XXV,10.1007/978-3-031-78389-0_13,https://doi.org/10.1007/978-3-031-78389-0_13
758,Method,TSAK: Two-Stage Semantic-Aware Knowledge Distillation for Efficient Wearable Modality and Model Optimization in Manufacturing Lines,"Hymalai Bello, Daniel Geißler, Sungho Suh, Bo Zhou, Paul Lukowicz",Paper,Part XXV,10.1007/978-3-031-78389-0_14,https://doi.org/10.1007/978-3-031-78389-0_14
759,Method,ArtNeRF: A Stylized Neural Field for 3D-Aware Artistic Face Synthesis,"Zichen Tang, Hongyu Yang",Paper,Part XXV,10.1007/978-3-031-78389-0_15,https://doi.org/10.1007/978-3-031-78389-0_15
760,Method,Latent Behavior Diffusion for Sequential Reaction Generation in Dyadic Setting,"Minh-Duc Nguyen, Hyung-Jeong Yang, Soo-Hyung Kim, Ji-Eun Shin, Seung-Won Kim",Paper,Part XXV,10.1007/978-3-031-78389-0_16,https://doi.org/10.1007/978-3-031-78389-0_16
761,Method,CFTS-GAN: Continual Few-Shot Teacher Student for Generative Adversarial Networks,"Munsif Ali, Leonardo Rossi, Massimo Bertozzi",Paper,Part XXV,10.1007/978-3-031-78389-0_17,https://doi.org/10.1007/978-3-031-78389-0_17
762,Method,T2R-GAN: A CGAN-based model for rural thematic road extraction,"Zixiang Ni, Weixin Zhai",Paper,Part XXV,10.1007/978-3-031-78389-0_18,https://doi.org/10.1007/978-3-031-78389-0_18
763,Method,d-Sketch: Improving Visual Fidelity of Sketch-to-Image Translation with Pretrained Latent Diffusion Models without Retraining,"Prasun Roy, Saumik Bhattacharya, Subhankar Ghosh, Umapada Pal, Michael Blumenstein",Paper,Part XXV,10.1007/978-3-031-78389-0_19,https://doi.org/10.1007/978-3-031-78389-0_19
764,Method,Semantically Consistent Person Image Generation,"Prasun Roy, Saumik Bhattacharya, Subhankar Ghosh, Umapada Pal, Michael Blumenstein",Paper,Part XXV,10.1007/978-3-031-78389-0_20,https://doi.org/10.1007/978-3-031-78389-0_20
765,Method,GM-GAN: Geometric Generative Models Based on Morphological Equivariant PDEs and GANs,"El Hadji S. Diop, Thierno Fall, Alioune Mbengue, Mohamed Daoudi",Paper,Part XXV,10.1007/978-3-031-78389-0_21,https://doi.org/10.1007/978-3-031-78389-0_21
766,Method,NR-CION: Non-rigid Consistent Image Composition Via Diffusion Model,"Wei Liu, Liuan Wang, Jun Sun",Paper,Part XXV,10.1007/978-3-031-78389-0_22,https://doi.org/10.1007/978-3-031-78389-0_22
767,Method,Neighborhood Feature Enhancement Flow Diffusion Model for Point Cloud Generation,"Hongcheng Wang, Dongdong Zhang, Taotao Liu, Xumai Qi",Paper,Part XXV,10.1007/978-3-031-78389-0_23,https://doi.org/10.1007/978-3-031-78389-0_23
768,Method,Beta-Sigma VAE: Separating Beta and Decoder Variance in Gaussian Variational Autoencoder,"Seunghwan Kim, Seungkyu Lee",Paper,Part XXV,10.1007/978-3-031-78389-0_24,https://doi.org/10.1007/978-3-031-78389-0_24
769,Method,HingeRLC-GAN: Combatting Mode Collapse with Hinge Loss and RLC Regularization,"Osman Goni, Himadri Saha Arka, Mithun Halder, Mir Moynuddin Ahmed Shibly, Swakkhar Shatabda",Paper,Part XXV,10.1007/978-3-031-78389-0_25,https://doi.org/10.1007/978-3-031-78389-0_25
770,Method,LDFaceNet: Latent Diffusion-Based Network for High-Fidelity Deepfake Generation,"Dwij Mehta, Aditya Mehta, Pratik Narang",Paper,Part XXV,10.1007/978-3-031-78389-0_26,https://doi.org/10.1007/978-3-031-78389-0_26
771,Method,Adaptive Graph Convolutional Fusion Network for Skeleton-Based Abnormal Gait Recognition,"Liang Wang, Jianning Wu",Paper,Part XXV,10.1007/978-3-031-78389-0_27,https://doi.org/10.1007/978-3-031-78389-0_27
772,Method,ConDGAD: Multi-augmentation Contrastive Learning for Dynamic Graph Anomaly Detection,"Siqi Xia, Sutharshan Rajasegarar, Lei Pan, Christopher Leckie, Sarah M. Erfani, Jeffrey Chan",Paper,Part XXV,10.1007/978-3-031-78389-0_28,https://doi.org/10.1007/978-3-031-78389-0_28
773,Method,Attention-Guided Energy-Based Model for Out-of-Distribution Data Detection,"Zongjing Cao, Yan Li, Byeong-Seok Shin",Paper,Part XXVI,10.1007/978-3-031-78395-1_1,https://doi.org/10.1007/978-3-031-78395-1_1
774,Method,Enhancing Fairness and Robustness in Label-Noise Learning Through Advanced Sample Selection and Adversarial Optimization,"Naihao Wang, YuKun Yang, Haixin Yang, Ruirui Li",Paper,Part XXVI,10.1007/978-3-031-78395-1_2,https://doi.org/10.1007/978-3-031-78395-1_2
775,Method,SEDA: Similarity-Enhanced Data Augmentation for Imbalanced Learning,"Javad Sheikh, Farshad Farahnakian, Fahimeh Farahnakian, Luca Zelioli, Jukka Heikkonen",Paper,Part XXVI,10.1007/978-3-031-78395-1_3,https://doi.org/10.1007/978-3-031-78395-1_3
776,Method,A Robust Framework for Evaluation of Unsupervised Time-Series Anomaly Detection,"Onat Gungor, Amanda Rios, Priyanka Mudgal, Nilesh Ahuja, Tajana Rosing",Paper,Part XXVI,10.1007/978-3-031-78395-1_4,https://doi.org/10.1007/978-3-031-78395-1_4
777,Method,The Analog Layer: Simulating Imperfect Computations in Neural Networks to Improve Robustness and Generalization Ability,"Giovanni Maria Manduca, Antonino Furnari, Giovanni Maria Farinella",Paper,Part XXVI,10.1007/978-3-031-78395-1_5,https://doi.org/10.1007/978-3-031-78395-1_5
778,Method,Improving Out-of-Distribution Data Handling and Corruption Resistance via Modern Hopfield Networks,"Saleh Sargolzaei, Luis Rueda",Paper,Part XXVI,10.1007/978-3-031-78395-1_6,https://doi.org/10.1007/978-3-031-78395-1_6
779,Method,A-FSL: Adaptive Few-Shot Learning via Task-Driven Context Aggregation and Attentive Feature Refinement,"Riti Paul, Sahil Vora, Nupur Thakur, Baoxin Li",Paper,Part XXVI,10.1007/978-3-031-78395-1_7,https://doi.org/10.1007/978-3-031-78395-1_7
780,Method,Joint Modal Heterogeneous Balance Hashing for Unsupervised Cross-Modal Retrieval,"Jie Zhang, Mingyong Li",Paper,Part XXVI,10.1007/978-3-031-78395-1_8,https://doi.org/10.1007/978-3-031-78395-1_8
781,Method,Interpretable Visual Semantic Alignment via Spectral Attribution,"Shivanvitha Ambati, Vineet Padmanabhan, Wilson Naik Bhukya, Rajendra Prasad Lal",Paper,Part XXVI,10.1007/978-3-031-78395-1_9,https://doi.org/10.1007/978-3-031-78395-1_9
782,Method,Progressive Learning Based on QP Distance for Enhancing HOP In-Loop Filter,"Penghao Fu, Cheolkon Jung, Yang Liu, Ming Li",Paper,Part XXVI,10.1007/978-3-031-78395-1_10,https://doi.org/10.1007/978-3-031-78395-1_10
783,Method,Asymmetric Learned Image Compression Using Fast Residual Channel Attention,"Yusong Hu, Cheolkon Jung, Yang Liu, Ming Li",Paper,Part XXVI,10.1007/978-3-031-78395-1_11,https://doi.org/10.1007/978-3-031-78395-1_11
784,Method,LDINet: Long Distance Imaging Through RGB and NIR Image Fusion,"Lin Mei, Hao Zhang, Cheolkon Jung",Paper,Part XXVI,10.1007/978-3-031-78395-1_12,https://doi.org/10.1007/978-3-031-78395-1_12
785,Method,Efficient Long-Range Context Modeling for Motion Forecasting with State Space Models,"Zhiwei Dong, Ran Ding, Jiaxiang Wang, Wei Li",Paper,Part XXVI,10.1007/978-3-031-78395-1_13,https://doi.org/10.1007/978-3-031-78395-1_13
786,Method,DWT-SALF: Subband Adaptive Neural Network Based In-Loop Filter for VVC Using Cyclic DWT,"Yunfeng Liu, Cheolkon Jung",Paper,Part XXVI,10.1007/978-3-031-78395-1_14,https://doi.org/10.1007/978-3-031-78395-1_14
787,Method,Optimal Time Sampling in Physics-Informed Neural Networks,Gabriel Turinici,Paper,Part XXVI,10.1007/978-3-031-78395-1_15,https://doi.org/10.1007/978-3-031-78395-1_15
788,Method,HeFormer: A Lightweight Transformer Combining Hash Estimation for Link Prediction,"Teng Sun, Xiaoqiang Xiao, Xu Zhang, Weixun Ning",Paper,Part XXVI,10.1007/978-3-031-78395-1_16,https://doi.org/10.1007/978-3-031-78395-1_16
789,Method,Rethinking Attention Module Design for Point Cloud Analysis,"Chengzhi Wu, Kaige Wang, Zeyun Zhong, Hao Fu, Junwei Zheng, Jiaming Zhang, Julius Pfrommer, Jürgen Beyerer",Paper,Part XXVI,10.1007/978-3-031-78395-1_17,https://doi.org/10.1007/978-3-031-78395-1_17
790,Method,A Hyperparameter Optimization Method Based on Statistical Orthogonal Design for Neural Network Models,"Yu Wang, Bo Du, Shufan Wu, Xingli Yang",Paper,Part XXVI,10.1007/978-3-031-78395-1_18,https://doi.org/10.1007/978-3-031-78395-1_18
791,Method,NeuroDAVIS-FS: Feature Selection Through Visualization Using NeuroDAVIS,"Chayan Maitra, Anwesha Sengupta, Rajat K. De",Paper,Part XXVI,10.1007/978-3-031-78395-1_19,https://doi.org/10.1007/978-3-031-78395-1_19
792,Method,S3TC: Spiking Separated Spatial and Temporal Convolutions with Unsupervised STDP-Based Learning for Action Recognition,"Mireille El-Assal, Pierre Tirilly, Ioan Marius Bilasco",Paper,Part XXVI,10.1007/978-3-031-78395-1_20,https://doi.org/10.1007/978-3-031-78395-1_20
793,Method,Recommendation of Data-Free Class-Incremental Learning Algorithms by Simulating Future Data,"Eva Feillet, Adrian Popescu, Céline Hudelot",Paper,Part XXVI,10.1007/978-3-031-78395-1_21,https://doi.org/10.1007/978-3-031-78395-1_21
794,Method,Incremental Object 6D Pose Estimation,"Long Tian, Amelia Sorrenti, Yik Lung Pang, Giovanni Bellitto, Simone Palazzo, Concetto Spampinato, Changjae Oh",Paper,Part XXVI,10.1007/978-3-031-78395-1_22,https://doi.org/10.1007/978-3-031-78395-1_22
795,Method,Enhancing Quantum Diffusion Models with Pairwise Bell State Entanglement,"Shivalee R. K. Shah, Mayank Vatsa",Paper,Part XXVI,10.1007/978-3-031-78395-1_23,https://doi.org/10.1007/978-3-031-78395-1_23
796,Method,Efficient Prescribed-Time and Robust Zeroing Neural Networks for Computing Time-Variant Plural Stein Matrix Equation,"ShuPeng Li, ZhaoHui Qi",Paper,Part XXVI,10.1007/978-3-031-78395-1_24,https://doi.org/10.1007/978-3-031-78395-1_24
797,Method,HRA: Heuristic Reordering Approach for Preserving Dependency in Hierarchical Time Series Forecasting,"Santosh Palaskar, Surya Shravan Kumar Sajja, Nandyala Hemachandra, Narayan Rangaraj",Paper,Part XXVI,10.1007/978-3-031-78395-1_25,https://doi.org/10.1007/978-3-031-78395-1_25
798,Method,TS-NUC : Nearest Unlike Cluster Guided Generative Counterfactual Estimation for Time Series Classification,"Ayanabha Ghosh, Rishi Jain, Shubham Parida, Debasis Das",Paper,Part XXVI,10.1007/978-3-031-78395-1_26,https://doi.org/10.1007/978-3-031-78395-1_26
799,Method,Convergence of a L2 Regularized Policy Gradient Algorithm for the Multi Armed Bandit,"Ştefana-Lucia Aniţa, Gabriel Turinici",Paper,Part XXVI,10.1007/978-3-031-78395-1_27,https://doi.org/10.1007/978-3-031-78395-1_27
800,Method,Delving into Feature Space: Improving Adversarial Robustness by Feature Spectral Regularization,"Zhen Cheng, Fei Zhu, Xu-Yao Zhang, Cheng-Lin Liu",Paper,Part XXVI,10.1007/978-3-031-78395-1_28,https://doi.org/10.1007/978-3-031-78395-1_28
801,Method,Cluster-Mined Negative Samples for Enhanced Unsupervised Sentence Representation Learning,"Yuhang Zhang, Wenjie Zhang, Yang Hua, Zun Wang, Xiaoning Song, Xiao-jun Wu",Paper,Part XXVI,10.1007/978-3-031-78395-1_29,https://doi.org/10.1007/978-3-031-78395-1_29
802,Method,Time-Series Representation Learning via Heterogeneous Spatial-Temporal Contrasting for Remaining Useful Life Prediction,"Zhixin Huang, Yujiang He, Chandana Priya Nivarthi, Bernhard Sick, Christian Gruhl",Paper,Part XXVII,10.1007/978-3-031-78398-2_1,https://doi.org/10.1007/978-3-031-78398-2_1
803,Method,CCPL: Cross-Modal Contrastive Protein Learning,"Jiangbin Zheng, Stan Z. Li",Paper,Part XXVII,10.1007/978-3-031-78398-2_2,https://doi.org/10.1007/978-3-031-78398-2_2
804,Method,Box2Flow: Instance-Based Action Flow Graphs from Videos,"Jiatong Li, Kalliopi Basioti, Vladimir Pavlovic",Paper,Part XXVII,10.1007/978-3-031-78398-2_3,https://doi.org/10.1007/978-3-031-78398-2_3
805,Method,Learning Geometry of Pose Image Manifolds in Latent Spaces Using Geometry-Preserving GANs,"Shenyuan Liang, Benjamin Beaudett, Pavan Turaga, Saket Anand, Anuj Srivastava",Paper,Part XXVII,10.1007/978-3-031-78398-2_4,https://doi.org/10.1007/978-3-031-78398-2_4
806,Method,MOMA: Contrastive Learning Distills Better Masked Autoencoders,"Yuchong Yao, Nandakishor Desai, Marimuthu Palaniswami",Paper,Part XXVII,10.1007/978-3-031-78398-2_5,https://doi.org/10.1007/978-3-031-78398-2_5
807,Method,Leveraging Cross-Augmentation Consensus and Conflict for Semi-supervised Semantic Segmentation,"Junhao Cao, Junyi Chen, Sibo Huang, Dongyu Zhang",Paper,Part XXVII,10.1007/978-3-031-78398-2_6,https://doi.org/10.1007/978-3-031-78398-2_6
808,Method,Event-Aware Multi-component (EMl) Loss for Fraud Detection,"Tarun Somavarapu, Anand Vir Singh, Maneet Singh, Shraddha Pandey, Shantanu Verma, Kushagra Agarwal",Paper,Part XXVII,10.1007/978-3-031-78398-2_7,https://doi.org/10.1007/978-3-031-78398-2_7
809,Method,A Simple Heuristic for Controlling Human Workload in Learning to Defer,Andrew Ponomarev,Paper,Part XXVII,10.1007/978-3-031-78398-2_8,https://doi.org/10.1007/978-3-031-78398-2_8
810,Method,Explore Statistical Properties of Undirected Unweighted Networks from Ensemble Models,"Xunda Zhao, Xing Wu, Jianjia Wang",Paper,Part XXVII,10.1007/978-3-031-78398-2_9,https://doi.org/10.1007/978-3-031-78398-2_9
811,Method,Evaluation of Machine Learning Techniques for Classification of Surface Roughness of Machined Samples using Laser Speckle Imaging Technique,Shanta Hardas Patil,Paper,Part XXVII,10.1007/978-3-031-78398-2_10,https://doi.org/10.1007/978-3-031-78398-2_10
812,Method,Model Selection with a Shapelet-Based Distance Measure for Multi-source Transfer Learning in Time Series Classification,"Jiseok Lee, Brian Kenji Iwana",Paper,Part XXVII,10.1007/978-3-031-78398-2_11,https://doi.org/10.1007/978-3-031-78398-2_11
813,Method,DACOA: Diffusion-Aligned Coherent Augmentation and Consistency Constraint Strategies for Federated Domain Generalization,"Guangshuo Wang, Yuesheng Zhu, Guibo Luo",Paper,Part XXVII,10.1007/978-3-031-78398-2_12,https://doi.org/10.1007/978-3-031-78398-2_12
814,Method,Collaborative Domain Alignment for Multi-source Domain Adaptation,"Yuanyuan Xu, Meina Kan, Zhilong Ji, Jinfeng Bai, Shiguang Shan, Xilin Chen",Paper,Part XXVII,10.1007/978-3-031-78398-2_13,https://doi.org/10.1007/978-3-031-78398-2_13
815,Method,Edge-Guided and Cross-Scale Feature Fusion Network for Efficient Multi-contrast MRI Super-Resolution,"Zhiyuan Yang, Bo Zhang, Zhiqiang Zeng, Si Yong Yeo",Paper,Part XXVII,10.1007/978-3-031-78398-2_14,https://doi.org/10.1007/978-3-031-78398-2_14
816,Method,Dual-ResShift: Dual-Input Separated Features Residual Shift Diffusion Model for CTA Image Super-Resolution,"Feng Jiang, Jing Wen, Yi Wang",Paper,Part XXVII,10.1007/978-3-031-78398-2_15,https://doi.org/10.1007/978-3-031-78398-2_15
817,Method,Multi-Block U-Net for Wind Noise Reduction in Hearing Aids,"Arth J. Shah, Manish Suthar, Hemant A. Patil",Paper,Part XXVII,10.1007/978-3-031-78398-2_16,https://doi.org/10.1007/978-3-031-78398-2_16
818,Method,A Cascading Approach with Vision Transformers for Age-Related Macular Degeneration Diagnosis and Explainability,"Ainhoa Osa-Sanchez, Hossam Magdy Balaha, Mahmoud Ali, Mostafa Abdelrahim, Mohmaed Khudri, Begonya Garcia-Zapirain, Ayman El-Baz",Paper,Part XXVII,10.1007/978-3-031-78398-2_17,https://doi.org/10.1007/978-3-031-78398-2_17
819,Method,DCRUNet++: A Depthwise Convolutional Residual UNet++ Model for Brain Tumor Segmentation,"Yash Sonawane, Maheshkumar H. Kolekar, Agnesh Chandra Yadav, Gargi Kadam, Sanika Tiwarekar, Dhananjay R. Kalbande",Paper,Part XXVII,10.1007/978-3-031-78398-2_18,https://doi.org/10.1007/978-3-031-78398-2_18
820,Method,DrowzEE-G-Mamba: Leveraging EEG and State Space Models for Driver Drowsiness Detection,"Gourav Siddhad, Sayantan Dey, Partha Pratim Roy",Paper,Part XXVII,10.1007/978-3-031-78398-2_19,https://doi.org/10.1007/978-3-031-78398-2_19
821,Method,EEG-Based Reaction Time Prediction Using Covariance Augmented 2D Convolutional Neural Network,"Adarsh V. Parekkattil, Sanjeev Kumar Varun, Tharun Kumar Reddy Bollu",Paper,Part XXVII,10.1007/978-3-031-78398-2_20,https://doi.org/10.1007/978-3-031-78398-2_20
822,Method,Uncertainty-RIFA-Net: Uncertainty Aware Robust Information Fusion Attention Network for Brain Tumors Classification in MRI Images,"Joy Dhar, Kapil Rana, Puneet Goyal",Paper,Part XXVII,10.1007/978-3-031-78398-2_21,https://doi.org/10.1007/978-3-031-78398-2_21
823,Method,Auxiliary Information Guided Segmentation for the Clinical Target Volume of Cervical Cancer,"Shiyun Wang, Yongchao Xu",Paper,Part XXVII,10.1007/978-3-031-78398-2_22,https://doi.org/10.1007/978-3-031-78398-2_22
824,Method,Synthetic Images with Dense Annotations and Ensemble Learning for DFU Segmentation,"Pin Xu, Xiongjiang Xiao, Weimin Yuen, Yanyi Li, Kuan Li, Jianping Yin",Paper,Part XXVII,10.1007/978-3-031-78398-2_23,https://doi.org/10.1007/978-3-031-78398-2_23
825,Method,SWJEPA: Improving Prostate Cancer Lesion Detection with Shear Wave Elastography and Joint Embedding Predictive Architectures,"Markus Bauer, Adam Gurwin, Christoph Augenstein, Bogdan Franczyk, Bartosz Małkiewicz",Paper,Part XXVII,10.1007/978-3-031-78398-2_24,https://doi.org/10.1007/978-3-031-78398-2_24
826,Method,AdaSVaT: Adaptive Singular Value Thresholding for Adversarial Detection in Fundus Images,"Nirmal Joseph, Sudhish N. George, P. M. Ameer, Kiran Raja",Paper,Part XXVII,10.1007/978-3-031-78398-2_25,https://doi.org/10.1007/978-3-031-78398-2_25
827,Method,A New AI System for Precise Grading of HCC Based on Analyzing DW-MRI Radiomics and Alpha-fetoprotein as Liver Cancer Clinical Marker,"Abdelrhman Elkhouly, Ahmed Alksas, Gehad A. Saleh, Mohamed Shehata, Abdelrahman Karawia, Mohammed Ghazal, Sohail Contractor, Ayman El-Baz",Paper,Part XXVII,10.1007/978-3-031-78398-2_26,https://doi.org/10.1007/978-3-031-78398-2_26
828,Method,Detection of Extremely Sparse Key Instances in Whole Slide Cytology Images via Self-supervised One-class Representation Learning,"Swarnadip Chatterjee, Orcun Göksel, Nataša Sladoje, Joakim Lindblad",Paper,Part XXVII,10.1007/978-3-031-78398-2_27,https://doi.org/10.1007/978-3-031-78398-2_27
829,Method,Hybrid CNN-LSTM Framework for Enhanced Congestive Heart Failure Diagnosis: Integrating GQRS Detection,"Aditya Oza, Sanskriti Patel, Bhavesh Gyanchandani, Abhinav Roy, Santosh Kumar",Paper,Part XXVII,10.1007/978-3-031-78398-2_28,https://doi.org/10.1007/978-3-031-78398-2_28
830,Method,A Multimodal MRI-based Framework for Thyroid Cancer Diagnosis Using eXplainable Machine Learning,"Ahmed Sharafeldeen, Hossam Magdy Balaha, Ali Mahmoud, Reem Khaled, Saher Taman, Manar Mansour Hussein, Mohammed Ghazal, Ayman El-Baz",Paper,Part XXVII,10.1007/978-3-031-78398-2_29,https://doi.org/10.1007/978-3-031-78398-2_29
831,Method,Enhanced Classification and Segmentation of Brain Tumors in MRI Images Using Custom CNN and U-Net Models with XAI,"Pathikreet Chowdhury, Gargi Srivastava",Paper,Part XXVIII,10.1007/978-3-031-78104-9_1,https://doi.org/10.1007/978-3-031-78104-9_1
832,Method,Deep BI-RADS Network for Improved Cancer Detection from Mammograms,"Gil Ben-Artzi, Feras Daragma, Shahar Mahpod",Paper,Part XXVIII,10.1007/978-3-031-78104-9_2,https://doi.org/10.1007/978-3-031-78104-9_2
833,Method,Histopathological Diagnosis of Meningioma and Solitary Fibrous Tumors Based on a Multi-scale Fusion Approach Utilizing Vision Transformer and Texture Analysis,"Mohamed T. Azam, Hossam Magdy Balaha, Dibson D. Gondim, Akshitkumar Mistry, Mohammed Ghazal, Ayman El-Baz",Paper,Part XXVIII,10.1007/978-3-031-78104-9_3,https://doi.org/10.1007/978-3-031-78104-9_3
834,Method,HFENet: High-Frequency Enhanced Network for Shape-Aware Segmentation of Left Ventricle in Pediatric Echocardiograms,"Tianxiang Chen, Ziyang Wang, Zi Ye",Paper,Part XXVIII,10.1007/978-3-031-78104-9_4,https://doi.org/10.1007/978-3-031-78104-9_4
835,Method,Chaos Theory Based Gravitational Search Algorithm For Medical Image Segmentation,"Sajad Ahmad Rather, Partha Pratim Roy, Sujit Das",Paper,Part XXVIII,10.1007/978-3-031-78104-9_5,https://doi.org/10.1007/978-3-031-78104-9_5
836,Method,"Integrated Grading Framework for Histopathological Breast Cancer: Multi-level Vision Transformers, Textural Features, and Fusion Probability Network","Hossam Magdy Balaha, Khadiga M. Ali, Ali Mahmoud, Mohammed Ghazal, Ayman El-Baz",Paper,Part XXVIII,10.1007/978-3-031-78104-9_6,https://doi.org/10.1007/978-3-031-78104-9_6
837,Method,Dual-MambaNet: A Lightweight Dual-Branch Brain Image Segmentation Network Based on Local Attention and Mamba,"Feifei Zhang, Fei Shi, Dayong Ren, Zhenhong Jia, Jianyi Wang",Paper,Part XXVIII,10.1007/978-3-031-78104-9_7,https://doi.org/10.1007/978-3-031-78104-9_7
838,Method,Location Matters: Harnessing Spatial Information to Enhance the Segmentation of the Inferior Alveolar Canal in CBCTs,"Luca Lumetti, Vittorio Pipoli, Federico Bolelli, Elisa Ficarra, Costantino Grana",Paper,Part XXVIII,10.1007/978-3-031-78104-9_8,https://doi.org/10.1007/978-3-031-78104-9_8
839,Method,Adaptive Class Learning to Screen Diabetic Disorders in Fundus Images of Eye,"Shramana Dey, Pallabi Dutta, Riddhasree Bhattacharyya, Surochita Pal, Sushmita Mitra, Rajiv Raman",Paper,Part XXVIII,10.1007/978-3-031-78104-9_9,https://doi.org/10.1007/978-3-031-78104-9_9
840,Method,EDB-Net: An Edge-Guided Dual-Branch Neural Network for Skin Cancer Classification,"Amartya Ray, Soumyajit Gayen, Dmitrii Kaplun, Ram Sarkar",Paper,Part XXVIII,10.1007/978-3-031-78104-9_10,https://doi.org/10.1007/978-3-031-78104-9_10
841,Method,PSIVUS: Atherosclerotic Plaque Segmentation in Intravascular Ultrasound Images via Active Learning,"Anuradha Mahato, Paromita Banerjee, Rutvik Narendrabhai Jethava, Bhanu Duggal, Angshuman Paul, Mayank Vatsa, Richa Singh",Paper,Part XXVIII,10.1007/978-3-031-78104-9_11,https://doi.org/10.1007/978-3-031-78104-9_11
842,Method,Generalist Segmentation Algorithm for Photoreceptors Analysis in Adaptive Optics Imaging,"Mikhail Kulyabin, Aline Sindel, Hilde R. Pedersen, Stuart Gilson, Rigmor Baraas, Andreas Maier",Paper,Part XXVIII,10.1007/978-3-031-78104-9_12,https://doi.org/10.1007/978-3-031-78104-9_12
843,Method,UNeXt++: A Serial-Parallel Hybrid UNeXt for Rapid Medical Image Segmentation,"Yan Li, Juelin Wang, Yunteng Deng, Binyang Li, Junlin Hu",Paper,Part XXVIII,10.1007/978-3-031-78104-9_13,https://doi.org/10.1007/978-3-031-78104-9_13
844,Method,Efficient Adapter on Pre-trained Visual Feature Reliance in Medical Visual Question Answering,"Aakansha Mishra, Prateek Keserwani, Vikram N. Rajendiran, Ashok K. Senapati",Paper,Part XXVIII,10.1007/978-3-031-78104-9_14,https://doi.org/10.1007/978-3-031-78104-9_14
845,Method,MUMR: Mask-UnMask Regions Framework for AMD Grades Classification Based on Inter-regional Interactions,"Ibrahim Abdelhalim, Mohamed Elsharkawy, Namuunaa Nadmid, Mohammed Ghazal, Ali Mahmoud, Ayman El-Baz",Paper,Part XXVIII,10.1007/978-3-031-78104-9_15,https://doi.org/10.1007/978-3-031-78104-9_15
846,Method,A New Attention Based UNet and Gated Edge Attention Network for Retinal Vessel Segmentation,"Ayush Roy, Shivakumara Palaiahnakote, Umapada Pal, Sukalpa Chanda",Paper,Part XXVIII,10.1007/978-3-031-78104-9_16,https://doi.org/10.1007/978-3-031-78104-9_16
847,Method,TractoEmbed: Modular Multi-level Embedding Framework for White Matter Tract Segmentation,"Anoushkrit Goel, Bipanjit Singh, Ankita Joshi, Ranjeet Ranjan Jha, Chirag Ahuja, Aditya Nigam, Arnav Bhavsar",Paper,Part XXVIII,10.1007/978-3-031-78104-9_17,https://doi.org/10.1007/978-3-031-78104-9_17
848,Method,Unsupervised Domain Adaptation for Cross-Device Iris Liveness Detection Model Transfer,"Xiuying Wu, Chenxi Du, Hui Zhang, Jing Liu, Dexin Zhang, Hang Zou",Paper,Part XXVIII,10.1007/978-3-031-78104-9_18,https://doi.org/10.1007/978-3-031-78104-9_18
849,Method,A Collaborative Approach Using Ridge-Valley Minutiae for More Accurate Contactless Fingerprint Matching,"Ritesh Vyas, Ajay Kumar",Paper,Part XXVIII,10.1007/978-3-031-78104-9_19,https://doi.org/10.1007/978-3-031-78104-9_19
850,Method,A Generative Method for Finger Knuckle Print Recognition,"Yuqi Wang, Bob Zhang, Shuyi Li, Hao Yang",Paper,Part XXVIII,10.1007/978-3-031-78104-9_20,https://doi.org/10.1007/978-3-031-78104-9_20
851,Method,Multimodal Drivers of Attention Interruption to Baby Product Video Ads,"Wen Xie, Lingfei Luan, Yanjun Zhu, Yakov Bart, Sarah Ostadabbas",Paper,Part XXVIII,10.1007/978-3-031-78104-9_21,https://doi.org/10.1007/978-3-031-78104-9_21
852,Method,Facial Wrinkle Segmentation for Cosmetic Dermatology: Pretraining with Texture Map-Based Weak Supervision,"Junho Moon, Haejun Chung, Ikbeom Jang",Paper,Part XXVIII,10.1007/978-3-031-78104-9_22,https://doi.org/10.1007/978-3-031-78104-9_22
853,Method,ECMISM: Speech Recognition via Enhancing Conformer Models with Innovative Scoring Matrices,"Jiang Zhang, Liejun Wang, Yinfeng Yu, Miaomiao Xu",Paper,Part XXVIII,10.1007/978-3-031-78104-9_23,https://doi.org/10.1007/978-3-031-78104-9_23
854,Method,Benchmarking AI in Mental Health: A Critical Examination of LLMs Across Key Performance and Ethical Metrics,"Rui Yuan, Wanting Hao, Chun Yuan",Paper,Part XXVIII,10.1007/978-3-031-78104-9_24,https://doi.org/10.1007/978-3-031-78104-9_24
855,Method,Sampling Rate Adaptive Speaker Verification from Raw Waveforms,"Vinayak Abrol, Anshul Thakur, Akshat Gupta, Xiaomo Liu, Sameena Shah",Paper,Part XXVIII,10.1007/978-3-031-78104-9_25,https://doi.org/10.1007/978-3-031-78104-9_25
856,Method,Adjustable Gating Prompt Transformer for Facial Attribute Recognition with Limited Labeled Data,"Qinxian Ye, Si Chen, Da-Han Wang, Nanfeng Jiang, Yanfei Su, Yan Yan",Paper,Part XXVIII,10.1007/978-3-031-78104-9_26,https://doi.org/10.1007/978-3-031-78104-9_26
857,Method,IPHGaze: Image Pyramid Gaze Estimation with Head Pose Guidance,"Hekuangyi Che, Dongchen Zhu, Wenjun Shi, Guanghui Zhang, Hang Li, Lei Wang, Jiamao Li",Paper,Part XXVIII,10.1007/978-3-031-78104-9_27,https://doi.org/10.1007/978-3-031-78104-9_27
858,Method,BCNet: Binocular Cooperative Network for Gaze Estimation,"Dongchen Zhu, Minjin Lin, Hekuangyi Che, Wenjun Shi, Guanghui Zhang, Hang Li, Lei Wang, Jiamao Li",Paper,Part XXVIII,10.1007/978-3-031-78104-9_28,https://doi.org/10.1007/978-3-031-78104-9_28
859,Method,mmAlphabet: Air Writing Alphabet Recognition System Based on mmWave FMCW Radar and Convolutional Neural Network,"Chao-Wang Huang, Chien-Yao Wang, Jia-Ching Wang",Paper,Part XXVIII,10.1007/978-3-031-78104-9_29,https://doi.org/10.1007/978-3-031-78104-9_29
860,Method,FG-MDM: Towards Zero-Shot Human Motion Generation via ChatGPT-Refined Descriptions,"Xu Shi, Wei Yao, Chuanchen Luo, Junran Peng, Hongwen Zhang, Yunlian Sun",Paper,Part XXVIII,10.1007/978-3-031-78104-9_30,https://doi.org/10.1007/978-3-031-78104-9_30
861,Method,DCI-Net: Remote Sensing Image-Based Object Detector,"Quanyue Cui, Jun Lu",Paper,Part XXX,10.1007/978-3-031-78113-1_1,https://doi.org/10.1007/978-3-031-78113-1_1
862,Method,Cross-Modal Ship Grounding: Towards Large Model for Enhanced Few-Shot Learning,"Quan Hu, Li Chen, Zhida Feng, Yaojie Chen",Paper,Part XXX,10.1007/978-3-031-78113-1_2,https://doi.org/10.1007/978-3-031-78113-1_2
863,Method,STNet: Small Target Detection Network for IR Imagery,"Nikhil Kumar, Pranav Singh Chib, Pravendra Singh",Paper,Part XXX,10.1007/978-3-031-78113-1_3,https://doi.org/10.1007/978-3-031-78113-1_3
864,Method,FF-Yolo: A Feature-Fusion Yolo Model for Small Scale FODs Detection in Airport Runways,"Soumen Biswas, Ananth Ganesh",Paper,Part XXX,10.1007/978-3-031-78113-1_4,https://doi.org/10.1007/978-3-031-78113-1_4
865,Method,Weakly Aligned Multi-spectral Pedestrian Detection via Cross-Modality Differential Enhancement and Multi-scale Spatial Alignment,"Zhenzhou Shao, Yongxin Chen, Yibo Zou, Jie Zhang, Yong Guan",Paper,Part XXX,10.1007/978-3-031-78113-1_5,https://doi.org/10.1007/978-3-031-78113-1_5
866,Method,CrackUDA: Incremental Unsupervised Domain Adaptation for Improved Crack Segmentation in Civil Structures,"Kushagra Srivastava, Damodar Datta Kancharla, Rizvi Tahereen, Pradeep Kumar Ramancharla, Ravi Kiran Sarvadevabhatla, Harikumar Kandath",Paper,Part XXX,10.1007/978-3-031-78113-1_6,https://doi.org/10.1007/978-3-031-78113-1_6
867,Method,DS MYOLO: A Reliable Object Detector Based on SSMs for Driving Scenarios,"Yang Li, Jianli Xiao",Paper,Part XXX,10.1007/978-3-031-78113-1_7,https://doi.org/10.1007/978-3-031-78113-1_7
868,Method,Robust Single-Cam Surround View Object Detection and Localization Using Memory Maps,"Yitong Quan, Benjamin Kiefer, Martin Messmer, Charan Ram Akupati, Rainer Graser, Andreas Zell",Paper,Part XXX,10.1007/978-3-031-78113-1_8,https://doi.org/10.1007/978-3-031-78113-1_8
869,Method,Exploring the Reliability of Foundation Model-Based Frontier Selection in Zero-Shot Object Goal Navigation,"Shuaihang Yuan, Halil Utku Unlu, Hao Huang, Congcong Wen, Anthony Tzes, Yi Fang",Paper,Part XXX,10.1007/978-3-031-78113-1_9,https://doi.org/10.1007/978-3-031-78113-1_9
870,Method,Reliable Semantic Understanding for Real World Zero-Shot Object Goal Navigation,"Halil Utku Unlu, Shuaihang Yuan, Congcong Wen, Hao Huang, Anthony Tzes, Yi Fang",Paper,Part XXX,10.1007/978-3-031-78113-1_10,https://doi.org/10.1007/978-3-031-78113-1_10
871,Method,AllWeather-Net: Unified Image Enhancement for Autonomous Driving Under Adverse Weather and Low-Light Conditions,"Chenghao Qian, Mahdi Rezaei, Saeed Anwar, Wenjing Li, Tanveer Hussain, Mohsen Azarmi, Wei Wang",Paper,Part XXX,10.1007/978-3-031-78113-1_11,https://doi.org/10.1007/978-3-031-78113-1_11
872,Method,Dual-Attention Fusion Network with Edge and Content Guidance for Remote Sensing Images Segmentation,"Shuaipeng Ding, Jianan Shui, Xin Li, Mingyong Li",Paper,Part XXX,10.1007/978-3-031-78113-1_13,https://doi.org/10.1007/978-3-031-78113-1_13
873,Method,Distortion Correction Sub-network for Semantic Segmentation Based on Deep Hough Transform,"Wanpeng Geng, Jing Liu, Dexin Zhang, Hui Zhang",Paper,Part XXX,10.1007/978-3-031-78113-1_14,https://doi.org/10.1007/978-3-031-78113-1_14
874,Method,MemoFlow: Modifying Explicit Motion of Inconsistency in Optical Flow,"Mengfei Wang, Wenjun Shi, Dongchen Zhu, Lei Wang, Jiamao Li",Paper,Part XXX,10.1007/978-3-031-78113-1_15,https://doi.org/10.1007/978-3-031-78113-1_15
875,Method,Enhanced Brain Tumor Segmentation Using Preprocessing Techniques and 3D U-Net,"Abdelrahman Telib, Mohamed Gabr",Paper,Part XXX,10.1007/978-3-031-78113-1_16,https://doi.org/10.1007/978-3-031-78113-1_16
876,Method,Joint Top-Down and Bottom-Up Frameworks for 3D Visual Grounding,"Yang Liu, Daizong Liu, Wei Hu",Paper,Part XXX,10.1007/978-3-031-78113-1_17,https://doi.org/10.1007/978-3-031-78113-1_17
877,Method,Anticipating Future Object Compositions Without Forgetting,"Youssef Zahran, Gertjan Burghouts, Yke B. Eisma",Paper,Part XXX,10.1007/978-3-031-78113-1_18,https://doi.org/10.1007/978-3-031-78113-1_18
878,Method,SPK: Semantic and Positional Knowledge for Zero-Shot Referring Expression Comprehension,"Zetao Du, Jianhua Yang, Junbo Wang, Yan Huang, Liang Wang",Paper,Part XXX,10.1007/978-3-031-78113-1_19,https://doi.org/10.1007/978-3-031-78113-1_19
879,Method,Can Language Improve Visual Features For Distinguishing Unseen Plant Diseases?,"Jerad Zherui Liaw, Abel Yu Hao Chai, Sue Han Lee, Pierre Bonnet, Alexis Joly",Paper,Part XXX,10.1007/978-3-031-78113-1_20,https://doi.org/10.1007/978-3-031-78113-1_20
880,Method,Show Me the World in My Language: Establishing the First Baseline for Scene-Text to Scene-Text Translation,"Shreyas Vaidya, Arvind Kumar Sharma, Prajwal Gatti, Anand Mishra",Paper,Part XXX,10.1007/978-3-031-78113-1_21,https://doi.org/10.1007/978-3-031-78113-1_21
881,Method,iGrasp: An Interactive 2D-3D Framework for 6-DoF Grasp Detection,"Jian-Jian Jiang, Xiao-Ming Wu, Zibo Chen, Yi-Lin Wei, Wei-Shi Zheng",Paper,Part XXX,10.1007/978-3-031-78113-1_22,https://doi.org/10.1007/978-3-031-78113-1_22
882,Method,Goal-Driven Transformer for Robot Behavior Learning from Play Data,"Congcong Wen, Jiazhao Liang, Shuaihang Yuan, Hao Huang, Yu Hao, Hui Lin, Yu-Shen Liu, Yi Fang",Paper,Part XXX,10.1007/978-3-031-78113-1_23,https://doi.org/10.1007/978-3-031-78113-1_23
883,Method,Adaptive Dynamic VSLAM: Refining Semantic-Geometric Fusion and Static Background Inpainting,"Qi Mu, Baizhang Guo, Shuai Guo, Zhanli Li",Paper,Part XXX,10.1007/978-3-031-78113-1_24,https://doi.org/10.1007/978-3-031-78113-1_24
884,Method,Hierarchical Visual Place Recognition with Semantic-Guided Attention,"Wenwen Ming, Xucan Chen, Zhe Liu, Ruihao Li, Wei Yi",Paper,Part XXX,10.1007/978-3-031-78113-1_25,https://doi.org/10.1007/978-3-031-78113-1_25
885,Method,Dense Reconstruction and Localization in Scenes with Glass Surfaces Based on ORB-SLAM2,"Zeyuan Chen, Ziquan Wang, Qiang Gao, Masahiko Mikawa, Makoto Fujisawa",Paper,Part XXX,10.1007/978-3-031-78113-1_26,https://doi.org/10.1007/978-3-031-78113-1_26
886,Method,Content-Aware Feature Upsampling for Voxel-Based 3D Semantic Segmentation,"Yu Song, Ruigang Fu, Qingyong Hu, Biao Li, Ping Zhong",Paper,Part XXX,10.1007/978-3-031-78113-1_27,https://doi.org/10.1007/978-3-031-78113-1_27
887,Method,Enhancing 3D Referential Grounding by Learning Coarse Spatial Relationships,"Soham Joshi, Aditay Tripathi, Viswanath Gopalakrishnan, Anirban Chakraborty",Paper,Part XXX,10.1007/978-3-031-78113-1_28,https://doi.org/10.1007/978-3-031-78113-1_28
888,Method,PointGADM: Geometry Acquainted Deep Model for 3D Point Cloud Analysis,"Seema Kumari, Samay Kalpesh Patel, Raja Muthalagu, Shanmuganathan Raman",Paper,Part XXX,10.1007/978-3-031-78113-1_29,https://doi.org/10.1007/978-3-031-78113-1_29
889,Method,CroMA: Cross-Modal Attention for Visual Question Answering in Robotic Surgery,"Greetta Antonio, Jobin Jose, Sudhish N George, Kiran Raja",Paper,Part XXX,10.1007/978-3-031-78113-1_30,https://doi.org/10.1007/978-3-031-78113-1_30
890,Method,ODTr: Transformer Integrating OCR Auxiliary Map and Image Depth Information for Document Image Unwarping,"Xiangyu Xie, Yuxuan Zhou, Liangcai Gao",Paper,Part XXXI,10.1007/978-3-031-78119-3_1,https://doi.org/10.1007/978-3-031-78119-3_1
891,Method,Oracle Character Recognition Based on Attention Enhancement and Multi-level Feature Fusion,"Zhiwang Han, Nurbiya Yadikar, Xuebin Xu, Alimjan Aysa, Kurban Ubul",Paper,Part XXXI,10.1007/978-3-031-78119-3_2,https://doi.org/10.1007/978-3-031-78119-3_2
892,Method,DocHFormer: Document Image Dewarping via Harmonized Modeling of Hierarchical Priors,"Xinyue Zhou, Guanting Li, Nanfeng Jiang, Da-Han Wang, Xu-Yao Zhang, ShunZhi Zhu",Paper,Part XXXI,10.1007/978-3-031-78119-3_3,https://doi.org/10.1007/978-3-031-78119-3_3
893,Method,Document Image Shadow Removal via Frequency Information-Oriented Network,"Fan Yang, Xinyue Zhou, Nanfeng Jiang, Da-Han Wang, Xu-Yao Zhang, Guantin Li, Wang Man, Yun Wu",Paper,Part XXXI,10.1007/978-3-031-78119-3_4,https://doi.org/10.1007/978-3-031-78119-3_4
894,Method,Improving Online Handwriting Recognition with Transfer Learning Using Out-of-Domain and Different-Dimensional Sources,"Jiseok Lee, Masaki Akiba, Brian Kenji Iwana",Paper,Part XXXI,10.1007/978-3-031-78119-3_5,https://doi.org/10.1007/978-3-031-78119-3_5
895,Method,ROISER: Towards Real World Semantic Entity Recognition from Visually-Rich Documents,"Zening Lin, Jiapeng Wang, Wenhui Liao, Weicong Dai, Longfei Xiong, Lianwen Jin",Paper,Part XXXI,10.1007/978-3-031-78119-3_6,https://doi.org/10.1007/978-3-031-78119-3_6
896,Method,Perception-Enhanced Generative Transformer for Key Information Extraction from Documents,"Runbo Zhao, Jun Jie Ou Yang, Chen Gao, Xugong Qin, Gangyan Zeng, Xiaoxu Hu, Peng Zhang",Paper,Part XXXI,10.1007/978-3-031-78119-3_7,https://doi.org/10.1007/978-3-031-78119-3_7
897,Method,MuLAD: Multimodal Aggression Detection from Social Media Memes Exploiting Visual and Textual Features,"Md. Maruf Hasan, Shawly Ahsan, Mohammed Moshiul Hoque, M. Ali Akber Dewan",Paper,Part XXXI,10.1007/978-3-031-78119-3_8,https://doi.org/10.1007/978-3-031-78119-3_8
898,Method,: A Voting-Based Paradigm for Enhancing Retrieval Augmented Generation,"Wenbo Guan, Xiaoqian Li, Jiyu Lu, Jun Zhou",Paper,Part XXXI,10.1007/978-3-031-78119-3_9,https://doi.org/10.1007/978-3-031-78119-3_9
899,Method,Improving Chinese Emotion Classification Based on Bilingual Feature Fusion,"Haocheng Lan, Jie Ou, Zhaokun Wang, Wenhong Tian",Paper,Part XXXI,10.1007/978-3-031-78119-3_10,https://doi.org/10.1007/978-3-031-78119-3_10
900,Method,Enhancing Automated Short Answer Grading with Prompt-Driven Augmentation and Prompt Adaptive Oversampling,"P. P. Afeefa, Raju Hazari, Pranesh Das",Paper,Part XXXI,10.1007/978-3-031-78119-3_12,https://doi.org/10.1007/978-3-031-78119-3_12
901,Method,SANS: Spatial-Aware Neural Solver for Plane Geometry Problem,"Zi-Hao Lin, Shun-Xin Xiao, Zi-Rong Chen, Jian-Min Li, Da-Han Wang, Xu-Yao Zhang",Paper,Part XXXI,10.1007/978-3-031-78119-3_13,https://doi.org/10.1007/978-3-031-78119-3_13
902,Method,A Multi-modal Framework to Counter Hate Speeches,"Kirtilekha Bhesra, Akshay Agarwal",Paper,Part XXXI,10.1007/978-3-031-78119-3_14,https://doi.org/10.1007/978-3-031-78119-3_14
903,Method,TBIA-DBNet: A Two-Branch Image-Adaptive DBNet for Scene Text Detection in Real-World Foggy Scenes,"Zhaoxi Liu, Gang Zhou, Runlin He, Mengnan Zhang, Zhenhong Jia, Jing Ma",Paper,Part XXXI,10.1007/978-3-031-78119-3_15,https://doi.org/10.1007/978-3-031-78119-3_15
904,Method,Breaking Boundaries: Enhancing Script Identification Using a Learnable MULLER Resizer,"Souhaila Djaffal, Yasmina Benmabrouk, Chawki Djeddi, Moises Diaz",Paper,Part XXXI,10.1007/978-3-031-78119-3_16,https://doi.org/10.1007/978-3-031-78119-3_16
905,Method,Arbitrary-Shaped Scene Text Recognition with Deformable Ensemble Attention,"Shuo Xu, Zeming Zhuang, Mingjun Li, Feng Su",Paper,Part XXXI,10.1007/978-3-031-78119-3_17,https://doi.org/10.1007/978-3-031-78119-3_17
906,Method,Offline Handwritten Signature Verification Using a Stream-Based Approach,"Kecia Gomes de Moura, Rafael Menelau O. Cruz, Robert Sabourin",Paper,Part XXXI,10.1007/978-3-031-78119-3_19,https://doi.org/10.1007/978-3-031-78119-3_19
907,Method,OCR4HSV: A Multi-task Learning Approach for Handwritten Signature Verification,"Chao-Qun Lin, Da-Han Wang, Yan-Fei Su, De-Wu Ge, Xu-Yao Zhang",Paper,Part XXXI,10.1007/978-3-031-78119-3_20,https://doi.org/10.1007/978-3-031-78119-3_20
908,Method,Learning Explicit Radical Representations for Zero-Shot Chinese Character Recognition,"Song-Liang Pan, Da-Han Wang, Nanfeng Jiang, Xu-Yao Zhang, Shunzhi Zhu",Paper,Part XXXI,10.1007/978-3-031-78119-3_21,https://doi.org/10.1007/978-3-031-78119-3_21
909,Method,Deep Learning for Arabic Word Classification: Leveraging Transfer Learning and Grad-CAM for Morphological Analysis,"Mohamed Hjaiej, Imen Ben Cheikh, Heithem Abbes",Paper,Part XXXI,10.1007/978-3-031-78119-3_22,https://doi.org/10.1007/978-3-031-78119-3_22
910,Method,A Cost Minimization Approach to Fix the Vocabulary Size in a Tokenizer for an End-to-End ASR System,"Sunil Kumar Kopparapu, Ashish Panda",Paper,Part XXXI,10.1007/978-3-031-78119-3_23,https://doi.org/10.1007/978-3-031-78119-3_23
911,Method,ASD-Diffusion: Anomalous Sound Detection with Diffusion Models,"Fengrun Zhang, Xiang Xie, Kai Guo",Paper,Part XXXI,10.1007/978-3-031-78119-3_24,https://doi.org/10.1007/978-3-031-78119-3_24
912,Method,FCHiFi-GAN: Aggrandizing Fast Convergence with Batchwise Normalization,"Ravindrakumar M. Purohit, Arushi Srivastava, Hemant A. Patil",Paper,Part XXXI,10.1007/978-3-031-78119-3_25,https://doi.org/10.1007/978-3-031-78119-3_25
913,Method,Adaptive Enhanced Reversible Flow Model for Remote Sensing Image Super Resolution,"Peishan Li, Yonghong Zhang, Junfei Wang, Guangyi Ma, Ziwei Yuan",Paper,Part XXXI,10.1007/978-3-031-78119-3_26,https://doi.org/10.1007/978-3-031-78119-3_26
914,Method,Saliency-Based Neural Representation for Videos,"Qian Cao, Dongdong Zhang, Xiaolei Zhang",Paper,Part XXXI,10.1007/978-3-031-78119-3_27,https://doi.org/10.1007/978-3-031-78119-3_27
915,Method,HNRC: Lightweight Image Compression with Hybrid Neural Representation,"Xinyuan Cheng, Dongdong Zhang, Xiaolei Zhang",Paper,Part XXXI,10.1007/978-3-031-78119-3_28,https://doi.org/10.1007/978-3-031-78119-3_28
916,Method,Pixel Embedding for Fractional Interpolation in Video Coding,"Young-Woon Lee, Qurat Ul Ain Aisha, Byung-Gyu Kim",Paper,Part XXXII,10.1007/978-3-031-78125-4_1,https://doi.org/10.1007/978-3-031-78125-4_1
917,Method,Scene Text Image Super-Resolution with CLIP Prior Guidance,"Yogesh Surapaneni, Chakravarthy Bhagvati",Paper,Part XXXII,10.1007/978-3-031-78125-4_2,https://doi.org/10.1007/978-3-031-78125-4_2
918,Method,A Coverless Steganography of Face Privacy Protection with Diffusion Models,"Yuan Guo, Ziqi Liu",Paper,Part XXXII,10.1007/978-3-031-78125-4_3,https://doi.org/10.1007/978-3-031-78125-4_3
919,Method,CLIP-AGIQA: Boosting the Performance of AI-Generated Image Quality Assessment with CLIP,"Zhenchen Tang, Zichuan Wang, Bo Peng, Jing Dong",Paper,Part XXXII,10.1007/978-3-031-78125-4_4,https://doi.org/10.1007/978-3-031-78125-4_4
920,Method,CoDeiT: Contrastive Data-Efficient Transformers for Deepfake Detection,"John Zakkam, Umarani Jayaraman, Subin Sahayam, Ajita Rattani",Paper,Part XXXII,10.1007/978-3-031-78125-4_5,https://doi.org/10.1007/978-3-031-78125-4_5
921,Method,A Lightweight and High-Fidelity Model for Generalized Audio-Driven 3D Talking Face Synthesis,"Shunce Liu, Yuwei Zhong, Huixuan Wang, Jingliang Peng",Paper,Part XXXII,10.1007/978-3-031-78125-4_6,https://doi.org/10.1007/978-3-031-78125-4_6
922,Method,Illuminating the Dark: Unpaired Retinex and FFT-Based Low-Light Image Enhancement,Zeyu Li,Paper,Part XXXII,10.1007/978-3-031-78125-4_7,https://doi.org/10.1007/978-3-031-78125-4_7
923,Method,PSTNet: A Progressive Sparse Transformer Network for Image Deraining,"Raj Ahamed Shaik, Navjot Singh, Antony Verriboina, Debesh Kumar Shandilya",Paper,Part XXXII,10.1007/978-3-031-78125-4_8,https://doi.org/10.1007/978-3-031-78125-4_8
924,Method,Frequency Modulated Deformable Transformer for Underwater Image Enhancement,"Adinath Dukre, Vivek Deshmukh, Ashutosh Kulkarni, Shruti Phutke, Santosh Kumar Vipparthi, Anil B. Gonde, Subrahmanyam Murala",Paper,Part XXXII,10.1007/978-3-031-78125-4_9,https://doi.org/10.1007/978-3-031-78125-4_9
925,Method,Probing Attention-Driven Normalizing Flow Network for Low-Light Image Enhancement,"Siddharth Singh, Nancy Mehta, K. N. Prakash, Santosh Kumar Vipparthi, Subrahmanyam Murala",Paper,Part XXXII,10.1007/978-3-031-78125-4_10,https://doi.org/10.1007/978-3-031-78125-4_10
926,Method,A Novel Encoder-Decoder Network with Multi-domain Information Fusion for Video Deblurring,"Peiqi Xie, Jinhong He, Chengyun Song, Minglong Xue",Paper,Part XXXII,10.1007/978-3-031-78125-4_11,https://doi.org/10.1007/978-3-031-78125-4_11
927,Method,Self-distilled Dual-Network with Pixel Screening Loss for Blind Image Deblurring,"Tianyi Li, Ming Tian, Changxin Gao, Nong Sang",Paper,Part XXXII,10.1007/978-3-031-78125-4_12,https://doi.org/10.1007/978-3-031-78125-4_12
928,Method,Complementary Dual-Branch Network for Space-Time Video Super-Resolution,"Ming Tian, Tianyi Li, RongSheng Luo, Changxin Gao, Nong Sang",Paper,Part XXXII,10.1007/978-3-031-78125-4_13,https://doi.org/10.1007/978-3-031-78125-4_13
929,Method,Single-Image Driven 3D Viewpoint Training Data Augmentation for Effective Label Recognition,"Yueh-Cheng Huang, Hsin-Yi Chen, Cheng-Jui Hung, Jen-Hui Chuang, Jenq-Neng Hwang",Paper,Part XXXII,10.1007/978-3-031-78125-4_14,https://doi.org/10.1007/978-3-031-78125-4_14
930,Method,Lightweight Single Image Super-Resolution Network Integrating CNN and Transformer,"Kai Zhu, Li Chen",Paper,Part XXXII,10.1007/978-3-031-78125-4_15,https://doi.org/10.1007/978-3-031-78125-4_15
931,Method,A Synthetic Benchmarking Pipeline to Compare Camera Calibration Algorithms,"Lala Shakti Swarup Ray, Bo Zhou, Lars Krupp, Sungho Suh, Paul Lukowicz",Paper,Part XXXII,10.1007/978-3-031-78125-4_16,https://doi.org/10.1007/978-3-031-78125-4_16
932,Method,Arbitrary Clothing Style Transfer Based on Attention Mechanism,"Chen Huang, Junjie Zhang, Hua Yuan",Paper,Part XXXII,10.1007/978-3-031-78125-4_17,https://doi.org/10.1007/978-3-031-78125-4_17
933,Method,Approximate Cuboidization of an Orthogonal Polyhedron: A Combinatorial Approach,"Anukul Maity, Mousumi Dutt, Arindam Biswas, Bhargab B. Bhattacharya",Paper,Part XXXII,10.1007/978-3-031-78125-4_18,https://doi.org/10.1007/978-3-031-78125-4_18
934,Method,Enhancing Multi-exposure High Dynamic Range Imaging with Overlapped Codebook for Improved Representation Learning,"Keuntek Lee, Jaehyun Park, Nam Ik Cho",Paper,Part XXXII,10.1007/978-3-031-78125-4_19,https://doi.org/10.1007/978-3-031-78125-4_19
935,Method,Deformable Multi-Scale Network for Snow Removal in Video,"Runlin He, Gang Zhou, Tianhao Xue, Zhaoxi Liu, Zhenhong Jia",Paper,Part XXXII,10.1007/978-3-031-78125-4_20,https://doi.org/10.1007/978-3-031-78125-4_20
936,Method,Fast Orthogonal Matching Pursuit Through Successive Regression,"Huiyuan Yu, Jia He, Maggie Cheng",Paper,Part XXXII,10.1007/978-3-031-78125-4_21,https://doi.org/10.1007/978-3-031-78125-4_21
937,Method,MPGTSRN: Scene Text Image Super-Resolution Guided by Multiple Visual-Semantic Prompts,"Mingjun Li, Zeming Zhuang, Shuo Xu, Feng Su",Paper,Part XXXII,10.1007/978-3-031-78125-4_22,https://doi.org/10.1007/978-3-031-78125-4_22
938,Method,Connecting the Dots: Isolated Trails of Detected Narrow Rivers in Multispectral Images,"Jit Mukherjee, Jean-Baptiste Courbot",Paper,Part XXXII,10.1007/978-3-031-78125-4_23,https://doi.org/10.1007/978-3-031-78125-4_23
939,Method,Peel and Pool: The Path to Mandala Perfection,"Tusita Sarkar, Maitreyee Sar, Partha Bhowmick",Paper,Part XXXII,10.1007/978-3-031-78125-4_24,https://doi.org/10.1007/978-3-031-78125-4_24
940,Method,MCANet: Multimodal Caption Aware Training-Free Video Anomaly Detection via Large Language Model,"Prabhu Prasad Dev, Raju Hazari, Pranesh Das",Paper,Part XXXII,10.1007/978-3-031-78125-4_25,https://doi.org/10.1007/978-3-031-78125-4_25
941,Method,2by2: Weakly-Supervised Learning for Global Action Segmentation,"Elena Bueno-Benito, Mariella Dimiccoli",Paper,Part XXXII,10.1007/978-3-031-78125-4_26,https://doi.org/10.1007/978-3-031-78125-4_26
942,Method,MDFIDNet: Multi-domain Feature Integration Denoising Network,"Debashis Das, Suman Kumar Maji",Paper,Part XXXII,10.1007/978-3-031-78125-4_27,https://doi.org/10.1007/978-3-031-78125-4_27
943,Method,Dynamic Resolution Guidance for Facial Expression Recognition,"Songpan Wang, Xu Li",Paper,Part XXXII,10.1007/978-3-031-78125-4_28,https://doi.org/10.1007/978-3-031-78125-4_28
944,Method,PS-StyleGAN: Illustrative Portrait Sketching Using Attention-Based Style Adaptation,"Kushal Kumar Jain, J. Ankith Varun, Anoop Namboodiri",Paper,Part XXXIII,10.1007/978-3-031-80136-5_1,https://doi.org/10.1007/978-3-031-80136-5_1
945,Method,Few-Shot and Portable 3D Manufacturing Defect Tracking with Enterprise Digital Twins Based Mixed Reality,"Yiyong Tan, Bhaskar Banerjee, Rishi Ranjan",Paper,Part XXXIII,10.1007/978-3-031-80136-5_2,https://doi.org/10.1007/978-3-031-80136-5_2
946,Method,Augmented Reality-Assisted Environment for Medical Education: An Experience of Interactive and Immersive Learning,"Vikas Puthannadathil Reghunatha Kumar, Anurag Kujur, Bishnu Ganguly, Santosh Kumar Behera, Ajaya Kumar Dash",Paper,Part XXXIII,10.1007/978-3-031-80136-5_3,https://doi.org/10.1007/978-3-031-80136-5_3
947,Method,P2A: Transforming Proposals to Anomaly Masks,"Huachao Zhu, Zhichao Sun, Zelong Liu, Yongchao Xu",Paper,Part XXXIII,10.1007/978-3-031-80136-5_4,https://doi.org/10.1007/978-3-031-80136-5_4
948,Method,The 2D Shape Equipartition Problem Under Minimum Boundary Length,Costas Panagiotakis,Paper,Part XXXIII,10.1007/978-3-031-80136-5_5,https://doi.org/10.1007/978-3-031-80136-5_5
949,Method,Random Frame: a Data Augmentation for Glass Detection,"Yiming Liang, Hiroshi Ishikawa",Paper,Part XXXIII,10.1007/978-3-031-80136-5_6,https://doi.org/10.1007/978-3-031-80136-5_6
950,Method,PolypSegDiff: Dynamic Multi-scale Conditional Diffusion Model for Polyp Segmentation,"Xiaogang Du, Yipeng Jiao, Tao Lei, Xuejun Zhang, Yingbo Wang, Asoke K. Nandi",Paper,Part XXXIII,10.1007/978-3-031-80136-5_7,https://doi.org/10.1007/978-3-031-80136-5_7
951,Method,Exploiting Text-Image Latent Spaces for the Description of Visual Concepts,"Laines Schmalwasser, Jakob Gawlikowski, Joachim Denzler, Julia Niebling",Paper,Part XXXIII,10.1007/978-3-031-80136-5_8,https://doi.org/10.1007/978-3-031-80136-5_8
952,Method,Back to Supervision: Boosting Word Boundary Detection Through Frame Classification,"Simone Carnemolla, Salvatore Calcagno, Simone Palazzo, Daniela Giordano",Paper,Part XXXIII,10.1007/978-3-031-80136-5_9,https://doi.org/10.1007/978-3-031-80136-5_9
953,Method,Semi-supervised Cross-Lingual Speech Recognition Exploiting Articulatory Features,"Xinmei Su, Xiang Xie, Chenguang Hu, Shu Wu, Jing Wang",Paper,Part XXXIII,10.1007/978-3-031-80136-5_10,https://doi.org/10.1007/978-3-031-80136-5_10
954,Method,Collaborative Transformer Decoder Method for Uyghur Speech Recognition in-Vehicle Environment,"Jiang Zhang, Liejun Wang, Yinfeng Yu, Miaomiao Xu, Alimjan Mattursun",Paper,Part XXXIII,10.1007/978-3-031-80136-5_11,https://doi.org/10.1007/978-3-031-80136-5_11
955,Method,Audio-Visual Wake-up Word Spotting Under Noisy and Multi-person Scenarios,"Cancan Li, Fei Su, Juan Liu",Paper,Part XXXIII,10.1007/978-3-031-80136-5_12,https://doi.org/10.1007/978-3-031-80136-5_12
956,Method,Missing Person Recognition Algorithms Based on Image Captioning and Visual Grounding,"Ayeong Jeong, Yeongju Woo, Han-young Kim, Gayun Suh, Chae-yeon Heo, Yeong-jun Cho, Hieyong Jeong",Paper,Part XXXIII,10.1007/978-3-031-80136-5_13,https://doi.org/10.1007/978-3-031-80136-5_13
957,Method,Contrastive and Restorative Pre-Training for Medical VQA,"Vasudha Joshi, Pabitra Mitra, Supratik Bose",Paper,Part XXXIII,10.1007/978-3-031-80136-5_14,https://doi.org/10.1007/978-3-031-80136-5_14
958,Method,MRCI: Multi-range Context Interaction for Boundary Refinement in Image Segmentation,"Yaqiang Wu, Wanjun Lyu, Xianchen Liang, Qinghua Zheng, Jin Wei, Lianwen Jin",Paper,Part XXXIII,10.1007/978-3-031-80136-5_15,https://doi.org/10.1007/978-3-031-80136-5_15
959,Method,"Cross Lingual Synopsis Generation in English, Dutch, Vietnamese, Indonesian, Russian, Portuguese, Korean, Hindi and French","Sreejata Banerjee, Aditya Sadhukhan, Arijit Das, Diganta Saha",Paper,Part XXXIII,10.1007/978-3-031-80136-5_16,https://doi.org/10.1007/978-3-031-80136-5_16
