No,Type,Title,Authors,Volume,Issue,Published,Status,DOI,Paper_Link
1,Dataset,Toward real text manipulation detection: New dataset and new solution,"Dongliang Luo, Yuliang Liu, Rui Yang, Xianjin Liu, Jishen Zeng, Yu Zhou, Xiang Bai",157,,2025-1,Issue/Volume,10.1016/j.patcog.2024.110828,https://doi.org/10.1016/j.patcog.2024.110828
2,Dataset,A large cross-modal video retrieval dataset with reading comprehension,"Weijia Wu, Yuzhong Zhao, Zhuang Li, Jiahong Li, Hong Zhou, Mike Zheng Shou, Xiang Bai",157,,2025-1,Issue/Volume,10.1016/j.patcog.2024.110818,https://doi.org/10.1016/j.patcog.2024.110818
3,Dataset,Towards trustworthy dataset distillation,"Shijie Ma, Fei Zhu, Zhen Cheng, Xu-Yao Zhang",157,,2025-1,Issue/Volume,10.1016/j.patcog.2024.110875,https://doi.org/10.1016/j.patcog.2024.110875
4,Dataset,CompNET: Boosting image recognition and writer identification via complementary neural network post-processing,"Bocheng Zhao, Xuan Cao, Wenxing Zhang, Xujie Liu, Qiguang Miao, Yunan Li",157,,2025-1,Issue/Volume,10.1016/j.patcog.2024.110880,https://doi.org/10.1016/j.patcog.2024.110880
5,Dataset,Patient teacher can impart locality to improve lightweight vision transformer on small dataset,"Jun Ling, Xuan Zhang, Fei Du, Linyu Li, Weiyi Shang, Chen Gao, Tong Li",157,,2025-1,Issue/Volume,10.1016/j.patcog.2024.110893,https://doi.org/10.1016/j.patcog.2024.110893
6,Dataset,Towards reliable domain generalization: Insights from the PF2HC benchmark and dynamic evaluations,"Jiao Zhang, Xiang Ao, Xu-Yao Zhang, Cheng-Lin Liu",157,,2025-1,Issue/Volume,10.1016/j.patcog.2024.110926,https://doi.org/10.1016/j.patcog.2024.110926
7,Dataset,UniRTL: A universal RGBT and low-light benchmark for object tracking,"Lian Zhang, Lingxue Wang, Yuzhen Wu, Mingkun Chen, Dezhi Zheng, Liangcai Cao, Bangze Zeng, Yi Cai",158,,2025-2,Issue/Volume,10.1016/j.patcog.2024.110984,https://doi.org/10.1016/j.patcog.2024.110984
8,Dataset,A benchmark dataset and semantics-guided detection network for spatial–temporal human actions in urban driving scenes,"Fujin Zhong, Yini Wu, Hong Yu, Guoyin Wang, Zhantao Lu",158,,2025-2,Issue/Volume,10.1016/j.patcog.2024.111035,https://doi.org/10.1016/j.patcog.2024.111035
9,Dataset,Radar gait recognition using Dual-branch Swin Transformer with Asymmetric Attention Fusion,"Wentao He, Jianfeng Ren, Ruibin Bai, Xudong Jiang",159,,2025-3,Issue/Volume,10.1016/j.patcog.2024.111101,https://doi.org/10.1016/j.patcog.2024.111101
10,Dataset,Highly realistic synthetic dataset for pixel-level DensePose estimation via diffusion model,"Jiaxiao Wen, Tao Chu, Qiong Liu",159,,2025-3,Issue/Volume,10.1016/j.patcog.2024.111137,https://doi.org/10.1016/j.patcog.2024.111137
11,Dataset,A large-scale combinatorial benchmark for sign language recognition,"Liqing Gao, Liang Wan, Lianyu Hu, Ruize Han, Zekang Liu, Peng Shi, Fanhua Shang, Wei Feng",161,,2025-5,Issue/Volume,10.1016/j.patcog.2024.111246,https://doi.org/10.1016/j.patcog.2024.111246
12,Dataset,"Human emotion and StO2: Dataset, pattern, and recognition of basic emotions","Xinyu Liu, Tong Chen, Ju Zhou, Hanpu Wang, Guangyuan Liu, Xiaolan Fu",161,,2025-5,Issue/Volume,10.1016/j.patcog.2024.111249,https://doi.org/10.1016/j.patcog.2024.111249
13,Dataset,Optimized cross-module attention network and medium-scale dataset for effective fire detection,"Zulfiqar Ahmad Khan, Fath U Min Ullah, Hikmat Yar, Waseem Ullah, Noman Khan, Min Je Kim, Sung Wook Baik",161,,2025-5,Issue/Volume,10.1016/j.patcog.2024.111273,https://doi.org/10.1016/j.patcog.2024.111273
14,Dataset,Visible–thermal multiple object tracking: Large-scale video dataset and progressive fusion approach,"Yabin Zhu, Qianwu Wang, Chenglong Li, Jin Tang, Chengjie Gu, Zhixiang Huang",161,,2025-5,Issue/Volume,10.1016/j.patcog.2024.111330,https://doi.org/10.1016/j.patcog.2024.111330
15,Dataset,3D human pose estimation and action recognition using fisheye cameras: A survey and benchmark,"Yahui Zhang, Shaodi You, Sezer Karaoglu, Theo Gevers",162,,2025-6,Issue/Volume,10.1016/j.patcog.2024.111334,https://doi.org/10.1016/j.patcog.2024.111334
16,Dataset,Scientific poster generation: A new dataset and approach,"Xinyi Zhong, Zusheng Tan, Jing Li, Shen Gao, Jing Ma, Shanshan Feng, Billy Chiu",164,,2025-8,Issue/Volume,10.1016/j.patcog.2025.111507,https://doi.org/10.1016/j.patcog.2025.111507
17,Dataset,Vision-language foundation model for generalizable nasal disease diagnosis using unlabeled endoscopic records,"Xueli Liu, Wentao Gong, Xiao Chen, Zhen Li, Yinlong Liu, Li Wang, Quan Liu, Xicai Sun, Xiaofeng Liu, Xinrong Chen, Yuxuan Shi, Hongmeng Yu",165,,2025-9,Issue/Volume,10.1016/j.patcog.2025.111646,https://doi.org/10.1016/j.patcog.2025.111646
18,Dataset,Cross-scene visual context parsing with large vision-language model,"Guoqing Zhang, Shichao Kan, Lu Shi, Wanru Xu, Gaoyun An, Yigang Cen",166,,2025-10,Issue/Volume,10.1016/j.patcog.2025.111641,https://doi.org/10.1016/j.patcog.2025.111641
19,Dataset,ChatSearch: A dataset and a generative retrieval model for general conversational image retrieval,"Zijia Zhao, Longteng Guo, Tongtian Yue, Erdong Hu, Shuai Shao, Zehuan Yuan, Hua Huang, Jing Liu",167,,2025-11,Issue/Volume,10.1016/j.patcog.2025.111696,https://doi.org/10.1016/j.patcog.2025.111696
20,Dataset,MegaHan97K: A large-scale dataset for mega-category Chinese character recognition with over 97K categories,"Yuyi Zhang, Yongxin Shi, Peirong Zhang, Yixin Zhao, Zhenhua Yang, Lianwen Jin",167,,2025-11,Issue/Volume,10.1016/j.patcog.2025.111757,https://doi.org/10.1016/j.patcog.2025.111757
21,Dataset,Adversarial pruning: A survey and benchmark of pruning methods for adversarial robustness,"Giorgio Piras, Maura Pintor, Ambra Demontis, Battista Biggio, Giorgio Giacinto, Fabio Roli",168,,2025-12,Issue/Volume,10.1016/j.patcog.2025.111788,https://doi.org/10.1016/j.patcog.2025.111788
22,Method,Iterative active learning strategies for subgraph matching,"Yurun Ge, Dominic Yang, Andrea L. Bertozzi",158,,2025-2,Issue/Volume,10.1016/j.patcog.2024.110797,https://doi.org/10.1016/j.patcog.2024.110797
23,Method,Visual primitives as words: Alignment and interaction for compositional zero-shot learning,"Feng Shuang, Jiahuan Li, Qingbao Huang, Wenye Zhao, Dongsheng Xu, Chao Han, Haonan Cheng",157,,2025-1,Issue/Volume,10.1016/j.patcog.2024.110814,https://doi.org/10.1016/j.patcog.2024.110814
24,Method,Distilling consistent relations for multi-source domain adaptive person re-identification,"Yuqiao Xian, Yi-Xing Peng, Xing Sun, Wei-Shi Zheng",157,,2025-1,Issue/Volume,10.1016/j.patcog.2024.110821,https://doi.org/10.1016/j.patcog.2024.110821
25,Method,LORE++: Logical location regression network for table structure recognition with pre-training,"Rujiao Long, Hangdi Xing, Zhibo Yang, Qi Zheng, Zhi Yu, Fei Huang, Cong Yao",157,,2025-1,Issue/Volume,10.1016/j.patcog.2024.110816,https://doi.org/10.1016/j.patcog.2024.110816
26,Method,SANet: Face super-resolution based on self-similarity prior and attention integration,"Ling Li, Yan Zhang, Lin Yuan, Xinbo Gao",157,,2025-1,Issue/Volume,10.1016/j.patcog.2024.110854,https://doi.org/10.1016/j.patcog.2024.110854
27,Method,DMANet: Dual-modality alignment network for visible–infrared person re-identification,"Xu Cheng, Shuya Deng, Hao Yu, Guoying Zhao",157,,2025-1,Issue/Volume,10.1016/j.patcog.2024.110859,https://doi.org/10.1016/j.patcog.2024.110859
28,Method,Balanced feature fusion collaborative training for semi-supervised medical image segmentation,"Zhongda Zhao, Haiyan Wang, Tao Lei, Xuan Wang, Xiaohong Shen, Haiyang Yao",157,,2025-1,Issue/Volume,10.1016/j.patcog.2024.110856,https://doi.org/10.1016/j.patcog.2024.110856
29,Method,Measuring generalized divergence for multiple distributions with application to deep clustering,"Mingfei Lu, Lei Xing, Badong Chen",157,,2025-1,Issue/Volume,10.1016/j.patcog.2024.110864,https://doi.org/10.1016/j.patcog.2024.110864
30,Method,Fast radiance field reconstruction from sparse inputs,"Song Lai, Linyan Cui, Jihao Yin",157,,2025-1,Issue/Volume,10.1016/j.patcog.2024.110863,https://doi.org/10.1016/j.patcog.2024.110863
31,Method,Progressive expansion for semi-supervised bi-modal salient object detection,"Jie Wang, Zihao Zhang, Nana Yu, Yahong Han",157,,2025-1,Issue/Volume,10.1016/j.patcog.2024.110868,https://doi.org/10.1016/j.patcog.2024.110868
32,Method,Cloud-GAN: Cloud Generation Adversarial Networks for anomaly detection,"Xianhua Zeng, Yang Zhuo, Tianxing Liao, Jueqiu Guo",157,,2025-1,Issue/Volume,10.1016/j.patcog.2024.110866,https://doi.org/10.1016/j.patcog.2024.110866
33,Method,Feature aggregation and connectivity for object re-identification,"Dongchen Han, Baodi Liu, Shuai Shao, Weifeng Liu, Yicong Zhou",157,,2025-1,Issue/Volume,10.1016/j.patcog.2024.110869,https://doi.org/10.1016/j.patcog.2024.110869
34,Method,Evolving meta-correlation classes for binary similarity,"Valentina Franzoni, Giulio Biondi, Yang Liu, Alfredo Milani",157,,2025-1,Issue/Volume,10.1016/j.patcog.2024.110871,https://doi.org/10.1016/j.patcog.2024.110871
35,Method,A novel q-rung orthopair fuzzy MAGDM method for healthcare waste treatment based on three-way decisions,"Tengbiao Li, Junsheng Qiao",157,,2025-1,Issue/Volume,10.1016/j.patcog.2024.110867,https://doi.org/10.1016/j.patcog.2024.110867
36,Method,A novel image dehazing algorithm for complex natural environments,"Yuanzhou Zheng, Long Qian, Yuanfeng Zhang, Jingxin Cao, Xinyu Liu, Yong Ma",157,,2025-1,Issue/Volume,10.1016/j.patcog.2024.110865,https://doi.org/10.1016/j.patcog.2024.110865
37,Method,CARLA: Self-supervised contrastive representation learning for time series anomaly detection,"Zahra Zamanzadeh Darban, Geoffrey I. Webb, Shirui Pan, Charu C. Aggarwal, Mahsa Salehi",157,,2025-1,Issue/Volume,10.1016/j.patcog.2024.110874,https://doi.org/10.1016/j.patcog.2024.110874
38,Method,Image analysis by fractional-order weighted spherical Bessel-Fourier moments,"Tengfei Yang, Zhiquan Liu, Jingjing Guo, Yong Yu, Fang Ren, Teng Wang",157,,2025-1,Issue/Volume,10.1016/j.patcog.2024.110872,https://doi.org/10.1016/j.patcog.2024.110872
39,Method,Fast video anomaly detection via context-aware shortcut exploration and abnormal feature distance learning,"Chaewon Park, Donghyeong Kim, MyeongAh Cho, Minjung Kim, Minseok Lee, Seungwook Park, Sangyoun Lee",157,,2025-1,Issue/Volume,10.1016/j.patcog.2024.110877,https://doi.org/10.1016/j.patcog.2024.110877
40,Method,Learning confidence measure with transformer in stereo matching,"Jini Yang, Minjung Yoo, Jaehoon Cho, Sunok Kim",157,,2025-1,Issue/Volume,10.1016/j.patcog.2024.110876,https://doi.org/10.1016/j.patcog.2024.110876
41,Method,Probabilistic deep metric learning for hyperspectral image classification,"Chengkun Wang, Wenzhao Zheng, Xian Sun, Jie Zhou, Jiwen Lu",157,,2025-1,Issue/Volume,10.1016/j.patcog.2024.110878,https://doi.org/10.1016/j.patcog.2024.110878
42,Method,A new data complexity measure for multi-class imbalanced classification tasks,"Mingming Han, Husheng Guo, Wenjian Wang",157,,2025-1,Issue/Volume,10.1016/j.patcog.2024.110881,https://doi.org/10.1016/j.patcog.2024.110881
43,Method,A multi-agent curiosity reward model for task-oriented dialogue systems,"Jingtao Sun, Jiayin Kou, Wenyan Hou, Yujei Bai",157,,2025-1,Issue/Volume,10.1016/j.patcog.2024.110884,https://doi.org/10.1016/j.patcog.2024.110884
44,Method,Sparse feature selection using hypergraph Laplacian-based semi-supervised discriminant analysis,"Razieh Sheikhpour, Kamal Berahmand, Mehrnoush Mohammadi, Hassan Khosravi",157,,2025-1,Issue/Volume,10.1016/j.patcog.2024.110882,https://doi.org/10.1016/j.patcog.2024.110882
45,Method,Visible–infrared person re-identification via patch-mixed cross-modality learning,"Zhihao Qian, Yutian Lin, Bo Du",157,,2025-1,Issue/Volume,10.1016/j.patcog.2024.110873,https://doi.org/10.1016/j.patcog.2024.110873
46,Method,Kernel-guided injection deep network for blind fusion of multispectral and panchromatic images,"Chengjie Ke, Zhiyuan Zhang, Wei Zhang, Jun Chen, Xin Tian",157,,2025-1,Issue/Volume,10.1016/j.patcog.2024.110889,https://doi.org/10.1016/j.patcog.2024.110889
47,Method,Maskrenderer: 3D-infused multi-mask realistic face reenactment,"Tina Behrouzi, Atefeh Shahroudnejad, Payam Mousavi",157,,2025-1,Issue/Volume,10.1016/j.patcog.2024.110891,https://doi.org/10.1016/j.patcog.2024.110891
48,Method,A three-dimensional feature-based fusion strategy for infrared and visible image fusion,"Xiaowen Liu, Hongtao Huo, Xin Yang, Jing Li",157,,2025-1,Issue/Volume,10.1016/j.patcog.2024.110885,https://doi.org/10.1016/j.patcog.2024.110885
49,Method,Embedded feature fusion for multi-view multi-label feature selection,"Pingting Hao, Wanfu Gao, Liang Hu",157,,2025-1,Issue/Volume,10.1016/j.patcog.2024.110888,https://doi.org/10.1016/j.patcog.2024.110888
50,Method,Imbalanced ensemble learning leveraging a novel data-level diversity metric,"Ying Pang, Lizhi Peng, Haibo Zhang, Zhenxiang Chen, Bo Yang",157,,2025-1,Issue/Volume,10.1016/j.patcog.2024.110886,https://doi.org/10.1016/j.patcog.2024.110886
51,Method,Co-regularized optimal high-order graph embedding for multi-view clustering,"Senwen Zhan, Hao Jiang, Dong Shen",157,,2025-1,Issue/Volume,10.1016/j.patcog.2024.110892,https://doi.org/10.1016/j.patcog.2024.110892
52,Method,Camouflaged Object Detection via Dual-branch Fusion and Dual Self-similarity constraints,"Haozhe Yang, Yuan Zhu, Ke Sun, Haoyang Ding, Xianming Lin",157,,2025-1,Issue/Volume,10.1016/j.patcog.2024.110895,https://doi.org/10.1016/j.patcog.2024.110895
53,Method,A pure MLP-Mixer-based GAN framework for guided image translation,"Hao Tang, Bin Ren, Nicu Sebe",157,,2025-1,Issue/Volume,10.1016/j.patcog.2024.110894,https://doi.org/10.1016/j.patcog.2024.110894
54,Method,Distance-aware network for physical-world object distribution estimation and counting,"Yuan Yuan, Haojie Guo, Junyu Gao",157,,2025-1,Issue/Volume,10.1016/j.patcog.2024.110896,https://doi.org/10.1016/j.patcog.2024.110896
55,Method,Semantic-driven dual consistency learning for weakly supervised video anomaly detection,"Yong Su, Yuyu Tan, Simin An, Meng Xing, Zhiyong Feng",157,,2025-1,Issue/Volume,10.1016/j.patcog.2024.110898,https://doi.org/10.1016/j.patcog.2024.110898
56,Method,Human–object interaction detection via recycling of ground-truth annotations,"Xue Lin, Qi Zou, Xixia Xu",157,,2025-1,Issue/Volume,10.1016/j.patcog.2024.110897,https://doi.org/10.1016/j.patcog.2024.110897
57,Method,COLAFormer: Communicating local–global features with linear computational complexity,"Zhengwei Miao, Hui Luo, Meihui Li, Jianlin Zhang",157,,2025-1,Issue/Volume,10.1016/j.patcog.2024.110870,https://doi.org/10.1016/j.patcog.2024.110870
58,Method,DES-AS: Dynamic ensemble selection based on algorithm Shapley,"Zhong-Liang Zhang, Yun-Hao Zhu, Xing-Gang Luo",157,,2025-1,Issue/Volume,10.1016/j.patcog.2024.110899,https://doi.org/10.1016/j.patcog.2024.110899
59,Method,Learning from open-set noisy labels based on multi-prototype modeling,"Yue Zhang, Yiyi Chen, Chaowei Fang, Qian Wang, Jiayi Wu, Jingmin Xin",157,,2025-1,Issue/Volume,10.1016/j.patcog.2024.110902,https://doi.org/10.1016/j.patcog.2024.110902
60,Method,Improving the utility of differentially private clustering through dynamical processing,"Junyoung Byun, Yujin Choi, Jaewook Lee",157,,2025-1,Issue/Volume,10.1016/j.patcog.2024.110890,https://doi.org/10.1016/j.patcog.2024.110890
61,Method,MMDG-DTI: Drug–target interaction prediction via multimodal feature fusion and domain generalization,"Yang Hua, Zhenhua Feng, Xiaoning Song, Xiao-Jun Wu, Josef Kittler",157,,2025-1,Issue/Volume,10.1016/j.patcog.2024.110887,https://doi.org/10.1016/j.patcog.2024.110887
62,Method,RADAP: A Robust and Adaptive Defense Against Diverse Adversarial Patches on face recognition,"Xiaoliang Liu, Furao Shen, Jian Zhao, Changhai Nie",157,,2025-1,Issue/Volume,10.1016/j.patcog.2024.110915,https://doi.org/10.1016/j.patcog.2024.110915
63,Method,Rethinking convolutional neural networks for trajectory refinement,"Hanbit Yoon, Usman Ali, Joonhee Choi, Eunbyung Park",157,,2025-1,Issue/Volume,10.1016/j.patcog.2024.110883,https://doi.org/10.1016/j.patcog.2024.110883
64,Method,GADNet: Improving image–text matching via graph-based aggregation and disentanglement,"Xiao Pu, Zhiwen Wang, Lin Yuan, Yu Wu, Liping Jing, Xinbo Gao",157,,2025-1,Issue/Volume,10.1016/j.patcog.2024.110900,https://doi.org/10.1016/j.patcog.2024.110900
65,Method,Characteristic discriminative prototype network with detailed interpretation for classification,"Jiajun Wen, Heng Kong, Zhihui Lai, Zhijie Zhu",157,,2025-1,Issue/Volume,10.1016/j.patcog.2024.110901,https://doi.org/10.1016/j.patcog.2024.110901
66,Method,DC-Net: Divide-and-conquer for salient object detection,"Jiayi Zhu, Xuebin Qin, Abdulmotaleb Elsaddik",157,,2025-1,Issue/Volume,10.1016/j.patcog.2024.110903,https://doi.org/10.1016/j.patcog.2024.110903
67,Method,A model is worth tens of thousands of examples for estimation and thousands for classification,"Thomas Dagès, Laurent D. Cohen, Alfred M. Bruckstein",157,,2025-1,Issue/Volume,10.1016/j.patcog.2024.110904,https://doi.org/10.1016/j.patcog.2024.110904
68,Method,FastUNet: Fast hierarchical multi-patch underwater enhancement network for industrial recirculating aquaculture,"Shunmin An, Lihong Xu, Zhichao Deng",157,,2025-1,Issue/Volume,10.1016/j.patcog.2024.110928,https://doi.org/10.1016/j.patcog.2024.110928
69,Method,Learning subjective time-series data via Utopia Label Distribution Approximation,"Xuefeng Liang, Wenxin Xu, Hexin Jiang, Ying Zhou, Yin Zhao, Jie Zhang",157,,2025-1,Issue/Volume,10.1016/j.patcog.2024.110924,https://doi.org/10.1016/j.patcog.2024.110924
70,Method,Unsupervised mapping and semantic user localisation from first-person monocular video,"Tamas Suveges, Stephen McKenna",158,,2025-2,Issue/Volume,10.1016/j.patcog.2024.110923,https://doi.org/10.1016/j.patcog.2024.110923
71,Method,Distilling interaction knowledge for semi-supervised egocentric action recognition,"Haoran Wang, Jiahao Yang, Baosheng Yu, Yibing Zhan, Dapeng Tao, Haibin Ling",157,,2025-1,Issue/Volume,10.1016/j.patcog.2024.110927,https://doi.org/10.1016/j.patcog.2024.110927
72,Method,Multi-scale feature extraction and fusion with attention interaction for RGB-T tracking,"Haijiao Xing, Wei Wei, Lei Zhang, Yanning Zhang",157,,2025-1,Issue/Volume,10.1016/j.patcog.2024.110917,https://doi.org/10.1016/j.patcog.2024.110917
73,Method,Deep blind super-resolution for hyperspectral images,"Pei Yang, Yong Ma, Xiaoguang Mei, Qihai Chen, Minghui Wu, Jiayi Ma",157,,2025-1,Issue/Volume,10.1016/j.patcog.2024.110916,https://doi.org/10.1016/j.patcog.2024.110916
74,Method,Source-free collaborative domain adaptation via multi-perspective feature enrichment for functional MRI analysis,"Yuqi Fang, Jinjian Wu, Qianqian Wang, Shijun Qiu, Andrea Bozoki, Mingxia Liu",157,,2025-1,Issue/Volume,10.1016/j.patcog.2024.110912,https://doi.org/10.1016/j.patcog.2024.110912
75,Method,FCGNet: Foreground and Class Guided Network for human parsing,"Jaehyuk Jang, Yooseung Wang, Changick Kim",157,,2025-1,Issue/Volume,10.1016/j.patcog.2024.110879,https://doi.org/10.1016/j.patcog.2024.110879
76,Method,Joint learning of RGBW color filter arrays and demosaicking,"Chenyan Bai, Faqi Liu, Jia Li",157,,2025-1,Issue/Volume,10.1016/j.patcog.2024.110929,https://doi.org/10.1016/j.patcog.2024.110929
77,Method,GraphMLP: A graph MLP-like architecture for 3D human pose estimation,"Wenhao Li, Mengyuan Liu, Hong Liu, Tianyu Guo, Ti Wang, Hao Tang, Nicu Sebe",158,,2025-2,Issue/Volume,10.1016/j.patcog.2024.110925,https://doi.org/10.1016/j.patcog.2024.110925
78,Method,Kyrtos: A methodology for automatic deep analysis of graphic charts with curves in technical documents,"Michail S. Alexiou, Nikolaos G. Bourbakis",157,,2025-1,Issue/Volume,10.1016/j.patcog.2024.110930,https://doi.org/10.1016/j.patcog.2024.110930
79,Method,Semi-supervised pivotal-aware nonnegative matrix factorization with label and pairwise constraint propagation for data clustering,"Xiaojun Yang, Tuoji Zhu, Siyuan Peng, Feiping Nie, Zhiping Lin",157,,2025-1,Issue/Volume,10.1016/j.patcog.2024.110933,https://doi.org/10.1016/j.patcog.2024.110933
80,Method,Complementary branch fusing class and semantic knowledge for robust weakly supervised semantic segmentation,"Woojung Han, Seil Kang, Kyobin Choo, Seong Jae Hwang",157,,2025-1,Issue/Volume,10.1016/j.patcog.2024.110922,https://doi.org/10.1016/j.patcog.2024.110922
81,Method,A review of deep-learning-based super-resolution: From methods to applications,"Hu Su, Ying Li, Yifan Xu, Xiang Fu, Song Liu",157,,2025-1,Issue/Volume,10.1016/j.patcog.2024.110935,https://doi.org/10.1016/j.patcog.2024.110935
82,Method,Complementary phase interleaving-based fringe order recognition for temporal phase unwrapping,"Haitao Wu, Yiping Cao",157,,2025-1,Issue/Volume,10.1016/j.patcog.2024.110937,https://doi.org/10.1016/j.patcog.2024.110937
83,Method,Relation-Specific Feature Augmentation for unbiased scene graph generation,"Zhihong Liu, Jianji Wang, Hui Chen, Yongqiang Ma, Nanning Zheng",157,,2025-1,Issue/Volume,10.1016/j.patcog.2024.110936,https://doi.org/10.1016/j.patcog.2024.110936
84,Method,Occlusion-guided multi-modal fusion for vehicle-infrastructure cooperative 3D object detection,"Huazhen Chu, Haizhuang Liu, Junbao Zhuo, Jiansheng Chen, Huimin Ma",157,,2025-1,Issue/Volume,10.1016/j.patcog.2024.110939,https://doi.org/10.1016/j.patcog.2024.110939
85,Method,Split-and-merge model selection of mixtures of Gaussian processes with RJMCMC,"Zhe Qiang, Jinwen Ma, Di Wu",157,,2025-1,Issue/Volume,10.1016/j.patcog.2024.110913,https://doi.org/10.1016/j.patcog.2024.110913
86,Method,Improving deep representation learning via auxiliary learnable target coding,"Kangjun Liu, Ke Chen, Kui Jia, Yaowei Wang",157,,2025-1,Issue/Volume,10.1016/j.patcog.2024.110938,https://doi.org/10.1016/j.patcog.2024.110938
87,Method,Analyzing the latent space of GAN through local dimension estimation for disentanglement evaluation,"Jaewoong Choi, Geonho Hwang, Hyunsoo Cho, Myungjoo Kang",157,,2025-1,Issue/Volume,10.1016/j.patcog.2024.110914,https://doi.org/10.1016/j.patcog.2024.110914
88,Method,Class incremental learning with self-supervised pre-training and prototype learning,"Wenzhuo Liu, Xin-Jian Wu, Fei Zhu, Ming-Ming Yu, Chuang Wang, Cheng-Lin Liu",157,,2025-1,Issue/Volume,10.1016/j.patcog.2024.110943,https://doi.org/10.1016/j.patcog.2024.110943
89,Method,Joint local smoothness and low-rank tensor representation for robust multi-view clustering,"Yangfan Du, Gui-Fu Lu",157,,2025-1,Issue/Volume,10.1016/j.patcog.2024.110944,https://doi.org/10.1016/j.patcog.2024.110944
90,Method,M3ixup: A multi-modal data augmentation approach for image captioning,"Yinan Li, Jiayi Ji, Xiaoshuai Sun, Yiyi Zhou, Yunpeng Luo, Rongrong Ji",158,,2025-2,Issue/Volume,10.1016/j.patcog.2024.110941,https://doi.org/10.1016/j.patcog.2024.110941
91,Method,Self-distillation enhanced adaptive pruning of convolutional neural networks,"Huabin Diao, Gongyan Li, Shaoyun Xu, Chao Kong, Wei Wang, Shuai Liu, Yuefeng He",157,,2025-1,Issue/Volume,10.1016/j.patcog.2024.110942,https://doi.org/10.1016/j.patcog.2024.110942
92,Method,Dual-mask: Progressively sparse multi-task architecture learning,"Jiejie Zhao, Tongyu Zhu, Leilei Sun, Bowen Du, Haiquan Wang, Lei Huang",158,,2025-2,Issue/Volume,10.1016/j.patcog.2024.110950,https://doi.org/10.1016/j.patcog.2024.110950
93,Method,Outlier detection using local density and global structure,"Huawen Liu, Shichao Zhang, Zongda Wu, Xuelong Li",157,,2025-1,Issue/Volume,10.1016/j.patcog.2024.110947,https://doi.org/10.1016/j.patcog.2024.110947
94,Method,Density change consistency clustering from density extreme,"Mei Chen, Jinhong Zhang, Chi Zhang, Xueyan Ma, Luoxiong Qian",158,,2025-2,Issue/Volume,10.1016/j.patcog.2024.110932,https://doi.org/10.1016/j.patcog.2024.110932
95,Method,Polarized reflection removal with dual-stream attention guidance,"Xin Wang, Yong Zhang, Yanchu Chen",157,,2025-1,Issue/Volume,10.1016/j.patcog.2024.110945,https://doi.org/10.1016/j.patcog.2024.110945
96,Method,FINet: Handwriting trajectory reconstruction of Chinese characters based on the font imitate network,"Yuanping Zhu, Shengnan Li, Hui Wang, Feilong Wei",157,,2025-1,Issue/Volume,10.1016/j.patcog.2024.110949,https://doi.org/10.1016/j.patcog.2024.110949
97,Method,Temporal Matrix Factorization: A polynomial approach to latent factor estimation,"Prasad Bhavana, Vineet Padmanabhan",157,,2025-1,Issue/Volume,10.1016/j.patcog.2024.110905,https://doi.org/10.1016/j.patcog.2024.110905
98,Method,Decisive vector guided column annotation,"Xiaobo Wang, Shuo Wang, Yanyan Liang, Zhen Lei",158,,2025-2,Issue/Volume,10.1016/j.patcog.2024.110958,https://doi.org/10.1016/j.patcog.2024.110958
99,Method,POSTER++: A simpler and stronger facial expression recognition network,"Jiawei Mao, Rui Xu, Xuesong Yin, Yuanqi Chang, Binling Nie, Aibin Huang, Yigang Wang",157,,2025-1,Issue/Volume,10.1016/j.patcog.2024.110951,https://doi.org/10.1016/j.patcog.2024.110951
100,Method,Cross-modality segmentation of ultrasound image with generative adversarial network and dual normalization network,"Weiwei Jiao, Hong Han, Yehua Cai, Haihao He, Haobo Chen, Hong Ding, Wenping Wang, Qi Zhang",157,,2025-1,Issue/Volume,10.1016/j.patcog.2024.110953,https://doi.org/10.1016/j.patcog.2024.110953
101,Method,Multimodal self-supervised learning for remote sensing data land cover classification,"Zhixiang Xue, Guopeng Yang, Xuchu Yu, Anzhu Yu, Yinggang Guo, Bing Liu, Jianan Zhou",157,,2025-1,Issue/Volume,10.1016/j.patcog.2024.110959,https://doi.org/10.1016/j.patcog.2024.110959
102,Method,EEG classification with limited data: A deep clustering approach,"Mohsen Tabejamaat, Hoda Mohammadzade, Farhood Negin, Francois Bremond",157,,2025-1,Issue/Volume,10.1016/j.patcog.2024.110934,https://doi.org/10.1016/j.patcog.2024.110934
103,Method,Dynamic and static mutual fitting for action recognition,"Wenxuan Liu, Xuemei Jia, Xian Zhong, Kui Jiang, Xiaohan Yu, Mang Ye",157,,2025-1,Issue/Volume,10.1016/j.patcog.2024.110948,https://doi.org/10.1016/j.patcog.2024.110948
104,Method,CosineTR: A dual-branch transformer-based network for semantic line detection,"Yuqi Zhang, Bole Ma, Luyang Jin, Yuancheng Yang, Chao Tong",158,,2025-2,Issue/Volume,10.1016/j.patcog.2024.110952,https://doi.org/10.1016/j.patcog.2024.110952
105,Method,ESMformer: Error-aware self-supervised transformer for multi-view 3D human pose estimation,"Lijun Zhang, Kangkang Zhou, Feng Lu, Zhenghao Li, Xiaohu Shao, Xiang-Dong Zhou, Yu Shi",158,,2025-2,Issue/Volume,10.1016/j.patcog.2024.110955,https://doi.org/10.1016/j.patcog.2024.110955
106,Method,Low-correlation multilinear dimensionality reduction applied to volcano-seismic classification,"Antonio Augusto Teixeira Peixoto, Carlos Alexandre Rolim Fernandes, Pablo Espinoza Lara, Adolfo Inza",158,,2025-2,Issue/Volume,10.1016/j.patcog.2024.110946,https://doi.org/10.1016/j.patcog.2024.110946
107,Method,SparseComm: An Efficient Sparse Communication Framework for Vehicle-Infrastructure Cooperative 3D Detection,"Haizhuang Liu, Huazhen Chu, Junbao Zhuo, Bochao Zou, Jiansheng Chen, Huimin Ma",158,,2025-2,Issue/Volume,10.1016/j.patcog.2024.110961,https://doi.org/10.1016/j.patcog.2024.110961
108,Method,WB-LRP: Layer-wise relevance propagation with weight-dependent baseline,"Yanshan Li, Huajie Liang, Lirong Zheng",158,,2025-2,Issue/Volume,10.1016/j.patcog.2024.110956,https://doi.org/10.1016/j.patcog.2024.110956
109,Method,Dual-scale enhanced and cross-generative consistency learning for semi-supervised medical image segmentation,"Yunqi Gu, Tao Zhou, Yizhe Zhang, Yi Zhou, Kelei He, Chen Gong, Huazhu Fu",158,,2025-2,Issue/Volume,10.1016/j.patcog.2024.110962,https://doi.org/10.1016/j.patcog.2024.110962
110,Method,HierCode: A lightweight hierarchical codebook for zero-shot Chinese text recognition,"Yuyi Zhang, Yuanzhi Zhu, Dezhi Peng, Peirong Zhang, Zhenhua Yang, Zhibo Yang, Cong Yao, Lianwen Jin",158,,2025-2,Issue/Volume,10.1016/j.patcog.2024.110963,https://doi.org/10.1016/j.patcog.2024.110963
111,Method,SwapInpaint2: Towards high structural consistency in identity-guided inpainting via background-preserving GAN inversion,"Honglei Li, Yifan Zhang, Wenmin Wang, Shenyong Zhang, Shixiong Zhang",158,,2025-2,Issue/Volume,10.1016/j.patcog.2024.110969,https://doi.org/10.1016/j.patcog.2024.110969
112,Method,NLA-GNN: Non-local information aggregated graph neural network for heterogeneous graph embedding,"Siheng Wang, Guitao Cao, Wenming Cao, Yan Li",158,,2025-2,Issue/Volume,10.1016/j.patcog.2024.110940,https://doi.org/10.1016/j.patcog.2024.110940
113,Method,Semantic-Constraint Matching for transformer-based weakly supervised object localization,"Yiwen Cao, Yukun Su, Wenjun Wang, Yanxia Liu, Qingyao Wu",158,,2025-2,Issue/Volume,10.1016/j.patcog.2024.110971,https://doi.org/10.1016/j.patcog.2024.110971
114,Method,Joint estimation for multisource Gaussian graphical models based on transfer learning,"Yuqi Zhang, Yuehan Yang",158,,2025-2,Issue/Volume,10.1016/j.patcog.2024.110964,https://doi.org/10.1016/j.patcog.2024.110964
115,Method,Driving mutual advancement of 3D reconstruction and inpainting for masked faces,"Guosong Zhu, Zhen Qin, Erqiang Zhou, Yi Ding, Zhiguang Qin",158,,2025-2,Issue/Volume,10.1016/j.patcog.2024.110975,https://doi.org/10.1016/j.patcog.2024.110975
116,Method,Masked contrastive graph representation learning for age estimation,"Yuntao Shou, Xiangyong Cao, Huan Liu, Deyu Meng",158,,2025-2,Issue/Volume,10.1016/j.patcog.2024.110974,https://doi.org/10.1016/j.patcog.2024.110974
117,Method,TBNet: A texture and boundary-aware network for small weak object detection in remote-sensing imagery,"Zheng Li, Yongcheng Wang, Dongdong Xu, Yunxiao Gao, Tianqi Zhao",158,,2025-2,Issue/Volume,10.1016/j.patcog.2024.110976,https://doi.org/10.1016/j.patcog.2024.110976
118,Method,A coded knowledge distillation framework for image classification based on adaptive JPEG encoding,"Ahmed H. Salamah, Shayan Mohajer Hamidi, En-Hui Yang",158,,2025-2,Issue/Volume,10.1016/j.patcog.2024.110966,https://doi.org/10.1016/j.patcog.2024.110966
119,Method,HTR-VT: Handwritten text recognition with vision transformer,"Yuting Li, Dexiong Chen, Tinglong Tang, Xi Shen",158,,2025-2,Issue/Volume,10.1016/j.patcog.2024.110967,https://doi.org/10.1016/j.patcog.2024.110967
120,Method,Object matching of visible–infrared image based on attention mechanism and feature fusion,"Wuxin Li, Qian Chen, Guohua Gu, Xiubao Sui",158,,2025-2,Issue/Volume,10.1016/j.patcog.2024.110972,https://doi.org/10.1016/j.patcog.2024.110972
121,Method,ASF-Net: Robust video deraining via temporal alignment and online adaptive learning,"Xinwei Xue, Jia He, Long Ma, Xiangyu Meng, Wenlin Li, Risheng Liu",158,,2025-2,Issue/Volume,10.1016/j.patcog.2024.110973,https://doi.org/10.1016/j.patcog.2024.110973
122,Method,Dealing with partial labels by knowledge distillation,"Guangtai Wang, Jintao Huang, Yiqiang Lai, Chi-Man Vong",158,,2025-2,Issue/Volume,10.1016/j.patcog.2024.110965,https://doi.org/10.1016/j.patcog.2024.110965
123,Method,Trajectory-User Linking via Multi-Scale Graph Attention Network,"Yujie Li, Tao Sun, Zezhi Shao, Yiqiang Zhen, Yongjun Xu, Fei Wang",158,,2025-2,Issue/Volume,10.1016/j.patcog.2024.110978,https://doi.org/10.1016/j.patcog.2024.110978
124,Method,Defending adversarial attacks in Graph Neural Networks via tensor enhancement,"Jianfu Zhang, Yan Hong, Dawei Cheng, Liqing Zhang, Qibin Zhao",158,,2025-2,Issue/Volume,10.1016/j.patcog.2024.110954,https://doi.org/10.1016/j.patcog.2024.110954
125,Method,GC3: Grouped convolutional color constancy,"Song Zhengguang, Li Zhijiang, Cao Liqin, Jiao Lei, Zhang Xuan",158,,2025-2,Issue/Volume,10.1016/j.patcog.2024.110957,https://doi.org/10.1016/j.patcog.2024.110957
126,Method,Group link prediction in bipartite graphs with graph neural networks,"Shijie Luo, He Li, Jianbin Huang, Xiaoke Ma, Jiangtao Cui, Shaojie Qiao, Jaesoo Yoo",158,,2025-2,Issue/Volume,10.1016/j.patcog.2024.110977,https://doi.org/10.1016/j.patcog.2024.110977
127,Method,ERAT:Eyeglasses removal with attention,"Haitao Zhang, Jingtao Guo",158,,2025-2,Issue/Volume,10.1016/j.patcog.2024.110970,https://doi.org/10.1016/j.patcog.2024.110970
128,Method,Target recognition via discriminant information and geometrical structure co-learning using radar sensor network,"Hao Wan, Xu Si, Peikun Zhu, Jing Liang",157,,2025-1,Issue/Volume,10.1016/j.patcog.2024.110931,https://doi.org/10.1016/j.patcog.2024.110931
129,Method,Global attention module and cascade fusion network for steel surface defect detection,"Guanghu Liu, Maoxiang Chu, Rongfen Gong, Zehao Zheng",158,,2025-2,Issue/Volume,10.1016/j.patcog.2024.110979,https://doi.org/10.1016/j.patcog.2024.110979
130,Method,Homogeneous and heterogeneous relational graph for visible-infrared person re-identification,"Yujian Feng, Feng Chen, Jian Yu, Yimu Ji, Fei Wu, Shangdon Liu, Xiao-Yuan Jing",158,,2025-2,Issue/Volume,10.1016/j.patcog.2024.110981,https://doi.org/10.1016/j.patcog.2024.110981
131,Method,Webly supervised 3D shape recognition,"Xizhong Yang, Qi Guo, Wenbin Chen, Mofei Song",158,,2025-2,Issue/Volume,10.1016/j.patcog.2024.110982,https://doi.org/10.1016/j.patcog.2024.110982
132,Method,MSNet: Multi-Scale Network for Object Detection in Remote Sensing Images,"Tao Gao, Shilin Xia, Mengkun Liu, Jing Zhang, Ting Chen, Ziqi Li",158,,2025-2,Issue/Volume,10.1016/j.patcog.2024.110983,https://doi.org/10.1016/j.patcog.2024.110983
133,Method,Preterm infant limb movement recognition with graph and convolution fusion network,"Xianfu Bao, Xiaofeng Guo, Peng Lin, Huafei Huang, Jiuwen Cao",158,,2025-2,Issue/Volume,10.1016/j.patcog.2024.110980,https://doi.org/10.1016/j.patcog.2024.110980
134,Method,ZooKT: Task-adaptive knowledge transfer of Model Zoo for few-shot learning,"Baoquan Zhang, Bingqi Shan, Aoxue Li, Chuyao Luo, Yunming Ye, Zhenguo Li",158,,2025-2,Issue/Volume,10.1016/j.patcog.2024.110960,https://doi.org/10.1016/j.patcog.2024.110960
135,Method,Quaternion Nuclear Norm Minus Frobenius Norm Minimization for color image reconstruction,"Yu Guo, Guoqing Chen, Tieyong Zeng, Qiyu Jin, Michael Kwok-Po Ng",158,,2025-2,Issue/Volume,10.1016/j.patcog.2024.110986,https://doi.org/10.1016/j.patcog.2024.110986
136,Method,TFformer: A time–frequency domain bidirectional sequence-level attention based transformer for interpretable long-term sequence forecasting,"Tianlong Zhao, Lexin Fang, Xiang Ma, Xuemei Li, Caiming Zhang",158,,2025-2,Issue/Volume,10.1016/j.patcog.2024.110994,https://doi.org/10.1016/j.patcog.2024.110994
137,Method,Residual k-Nearest Neighbors Label Distribution Learning,"Jing Wang, Fu Feng, Jianhui Lv, Xin Geng",158,,2025-2,Issue/Volume,10.1016/j.patcog.2024.111006,https://doi.org/10.1016/j.patcog.2024.111006
138,Method,PSSS-EEG: A Probabilistic-masking Self-Supervised Swin-transformer model for EEG-based drowsiness recognition,"Jiaming Zhang, Fangzuo Zhang, Hongtao Wei",158,,2025-2,Issue/Volume,10.1016/j.patcog.2024.111005,https://doi.org/10.1016/j.patcog.2024.111005
139,Method,A novel multi-modal fusion method based on uncertainty-guided meta-learning,"Duoyi Zhang, Md Abul Bashar, Richi Nayak",158,,2025-2,Issue/Volume,10.1016/j.patcog.2024.110993,https://doi.org/10.1016/j.patcog.2024.110993
140,Method,MNN: Mixed nearest-neighbors for self-supervised learning,"Xianzhong Long, Chen Peng, Yun Li",158,,2025-2,Issue/Volume,10.1016/j.patcog.2024.110998,https://doi.org/10.1016/j.patcog.2024.110998
141,Method,Low-rank sparse fully-connected tensor network for tensor completion,"Jinshi Yu, Zhifu Li, Ge Ma, Jingwen Wang, Tao Zou, Guoxu Zhou",158,,2025-2,Issue/Volume,10.1016/j.patcog.2024.111000,https://doi.org/10.1016/j.patcog.2024.111000
142,Method,Dynamic convolutional time series forecasting based on adaptive temporal bilateral filtering,"Dandan Zhang, Zhiqiang Zhang, Nanguang Chen, Yun Wang",158,,2025-2,Issue/Volume,10.1016/j.patcog.2024.110985,https://doi.org/10.1016/j.patcog.2024.110985
143,Method,Estimation of video sequence homography based on a first-order estimation method,"Qixuan Zheng, Muyu Li, Hong Yan",158,,2025-2,Issue/Volume,10.1016/j.patcog.2024.110999,https://doi.org/10.1016/j.patcog.2024.110999
144,Method,Revisiting 3D point cloud analysis with Markov process,"Chenru Jiang, Wuwei Ma, Kaizhu Huang, Qiufeng Wang, Xi Yang, Weiguang Zhao, Junwei Wu, Xinheng Wang, Jimin Xiao, Zhenxing Niu",158,,2025-2,Issue/Volume,10.1016/j.patcog.2024.110997,https://doi.org/10.1016/j.patcog.2024.110997
145,Method,Luminance decomposition and reconstruction for high dynamic range Video Quality Assessment,"Jifan Yang, Zhongyuan Wang, Baojin Huang, Jiaxin Ai, Yuhong Yang, Jing Xiao, Zixiang Xiong",158,,2025-2,Issue/Volume,10.1016/j.patcog.2024.111011,https://doi.org/10.1016/j.patcog.2024.111011
146,Method,Residual network with self-adaptive time step size,"Xiyuan Li, Xin Zou, Weiwei Liu",158,,2025-2,Issue/Volume,10.1016/j.patcog.2024.111008,https://doi.org/10.1016/j.patcog.2024.111008
147,Method,DCFusion: Difference correlation-driven fusion mechanism of infrared and visible images,"Min Li, Enguang Zuo, Feng Li, Cheng Chen, Chaoxun Guo, Pei Liu, Yunling Wang, Xiaoyi Lv, Chen Chen",158,,2025-2,Issue/Volume,10.1016/j.patcog.2024.111002,https://doi.org/10.1016/j.patcog.2024.111002
148,Method,5-D spatial–temporal information-based infrared small target detection in complex environments,"Yuan Luo, Xiaorun Li, Shuhan Chen",158,,2025-2,Issue/Volume,10.1016/j.patcog.2024.111003,https://doi.org/10.1016/j.patcog.2024.111003
149,Method,Scene Chinese Recognition with Local and Global Attention,"Zhao Chen, Yaohua Yi, Chaohua Gan, Ziwei Tang, Dezhu Kong",158,,2025-2,Issue/Volume,10.1016/j.patcog.2024.111013,https://doi.org/10.1016/j.patcog.2024.111013
150,Method,Extremely compact video representation for efficient near-duplicates detection,"Katarzyna Fojcik, Piotr Syga, Marek Klonowski",158,,2025-2,Issue/Volume,10.1016/j.patcog.2024.111016,https://doi.org/10.1016/j.patcog.2024.111016
151,Method,DRNet: Learning a dynamic recursion network for chaotic rain streak removal,"Zhiying Jiang, Risheng Liu, Shuzhou Yang, Zengxi Zhang, Xin Fan",158,,2025-2,Issue/Volume,10.1016/j.patcog.2024.111004,https://doi.org/10.1016/j.patcog.2024.111004
152,Method,Asymmetric patch sampling for contrastive learning,"Chengchao Shen, Jianzhong Chen, Shu Wang, Hulin Kuang, Jin Liu, Jianxin Wang",158,,2025-2,Issue/Volume,10.1016/j.patcog.2024.111012,https://doi.org/10.1016/j.patcog.2024.111012
153,Method,Collaborative graph neural networks for augmented graphs: A local-to-global perspective,"Qihang Guo, Xibei Yang, Ming Li, Yuhua Qian",158,,2025-2,Issue/Volume,10.1016/j.patcog.2024.111020,https://doi.org/10.1016/j.patcog.2024.111020
154,Method,Video Anomaly Detection via self-supervised and spatio-temporal proxy tasks learning,"Qingyang Yang, Chuanxu Wang, Peng Liu, Zitai Jiang, Jiajiong Li",158,,2025-2,Issue/Volume,10.1016/j.patcog.2024.111021,https://doi.org/10.1016/j.patcog.2024.111021
155,Method,FICE: Text-conditioned fashion-image editing with guided GAN inversion,"Martin Pernuš, Clinton Fookes, Vitomir Štruc, Simon Dobrišek",158,,2025-2,Issue/Volume,10.1016/j.patcog.2024.111022,https://doi.org/10.1016/j.patcog.2024.111022
156,Method,Online kernel-based clustering,"Abrar Alam, Akshay Malhotra, Ioannis D. Schizas",158,,2025-2,Issue/Volume,10.1016/j.patcog.2024.111009,https://doi.org/10.1016/j.patcog.2024.111009
157,Method,A novel domain independent scene text localizer,"Ayush Roy, Shivakumara Palaiahnakote, Umapada Pal, Cheng-Lin Liu",158,,2025-2,Issue/Volume,10.1016/j.patcog.2024.111015,https://doi.org/10.1016/j.patcog.2024.111015
158,Method,ISDAT: An image-semantic dual adversarial training framework for robust image classification,"Chenhong Sui, Ao Wang, Haipeng Wang, Hao Liu, Qingtao Gong, Jing Yao, Danfeng Hong",158,,2025-2,Issue/Volume,10.1016/j.patcog.2024.110968,https://doi.org/10.1016/j.patcog.2024.110968
159,Method,Versatile Teacher: A class-aware teacher–student framework for cross-domain adaptation,"Runou Yang, Tian Tian, Jinwen Tian",158,,2025-2,Issue/Volume,10.1016/j.patcog.2024.111024,https://doi.org/10.1016/j.patcog.2024.111024
160,Method,Reference-then-supervision framework for infrared and visible image fusion,"Guihui Li, Zhensheng Shi, Zhaorui Gu, Bing Zheng, Haiyong Zheng",158,,2025-2,Issue/Volume,10.1016/j.patcog.2024.110996,https://doi.org/10.1016/j.patcog.2024.110996
161,Method,Iterative target updation based boosting ensembles for outlier detection,"Akanksha Mukhriya, Rajeev Kumar",158,,2025-2,Issue/Volume,10.1016/j.patcog.2024.111023,https://doi.org/10.1016/j.patcog.2024.111023
162,Method,Overcoming learning bias via Prototypical Feature Compensation for source-free domain adaptation,"Zicheng Pan, Xiaohan Yu, Weichuan Zhang, Yongsheng Gao",158,,2025-2,Issue/Volume,10.1016/j.patcog.2024.111025,https://doi.org/10.1016/j.patcog.2024.111025
163,Method,SiGNN: A spike-induced graph neural network for dynamic graph representation learning,"Dong Chen, Shuai Zheng, Muhao Xu, Zhenfeng Zhu, Yao Zhao",158,,2025-2,Issue/Volume,10.1016/j.patcog.2024.111026,https://doi.org/10.1016/j.patcog.2024.111026
164,Method,TBConvL-Net: A hybrid deep learning architecture for robust medical image segmentation,"Shahzaib Iqbal, Tariq M. Khan, Syed S. Naqvi, Asim Naveed, Erik Meijering",158,,2025-2,Issue/Volume,10.1016/j.patcog.2024.111028,https://doi.org/10.1016/j.patcog.2024.111028
165,Method,Revisiting trace norm minimization for tensor Tucker completion: A direct multilinear rank learning approach,"Xueke Tong, Hancheng Zhu, Lei Cheng, Yik-Chung Wu",158,,2025-2,Issue/Volume,10.1016/j.patcog.2024.110995,https://doi.org/10.1016/j.patcog.2024.110995
166,Method,Efficient large-scale scene representation with a hybrid of high-resolution grid and plane features,"Yuqi Zhang, Guanying Chen, Shuguang Cui",158,,2025-2,Issue/Volume,10.1016/j.patcog.2024.111001,https://doi.org/10.1016/j.patcog.2024.111001
167,Method,Rethinking the validity of perturbation in single-step adversarial training,"Yao Ge, Yun Li, Keji Han",158,,2025-2,Issue/Volume,10.1016/j.patcog.2024.111007,https://doi.org/10.1016/j.patcog.2024.111007
168,Method,Parallel multi-scale dynamic graph neural network for multivariate time series forecasting,"Mingjie Hou, Zhenyu Liu, Guodong Sa, Yueyang Wang, Jiacheng Sun, Zhinan Li, Jianrong Tan",158,,2025-2,Issue/Volume,10.1016/j.patcog.2024.111037,https://doi.org/10.1016/j.patcog.2024.111037
169,Method,Geometry-semantic aware for monocular 3D Semantic Scene Completion,"Zonghao Lu, Bing Cao, Shuyin Xia, Qinghua Hu",158,,2025-2,Issue/Volume,10.1016/j.patcog.2024.111030,https://doi.org/10.1016/j.patcog.2024.111030
170,Method,VPA-Net: A visual perception assistance network for 3d lidar semantic segmentation,"Fangfang Lin, Tianliang Lin, Yu Yao, Haoling Ren, Jiangdong Wu, Qipeng Cai",158,,2025-2,Issue/Volume,10.1016/j.patcog.2024.111014,https://doi.org/10.1016/j.patcog.2024.111014
171,Method,Layer-wise normalized deep incomplete multiview nonnegative matrix factorization,"Guosheng Cui, Dan Wu, Ye Li, Jianzhong Li",158,,2025-2,Issue/Volume,10.1016/j.patcog.2024.111010,https://doi.org/10.1016/j.patcog.2024.111010
172,Method,Distilling efficient Vision Transformers from CNNs for semantic segmentation,"Xu Zheng, Yunhao Luo, Pengyuan Zhou, Lin Wang",158,,2025-2,Issue/Volume,10.1016/j.patcog.2024.111029,https://doi.org/10.1016/j.patcog.2024.111029
173,Method,NeRF-based Polarimetric Multi-view Stereo,"Jiakai Cao, Zhenlong Yuan, Tianlu Mao, Zhaoqi Wang, Zhaoxin Li",158,,2025-2,Issue/Volume,10.1016/j.patcog.2024.111036,https://doi.org/10.1016/j.patcog.2024.111036
174,Method,An illumination-guided dual attention vision transformer for low-light image enhancement,"Yanjie Wen, Ping Xu, Zhihong Li, Wangtu Xu(ATO)",158,,2025-2,Issue/Volume,10.1016/j.patcog.2024.111033,https://doi.org/10.1016/j.patcog.2024.111033
175,Method,Fast adaptively balanced min-cut clustering,"Feiping Nie, Fangyuan Xie, Jingyu Wang, Xuelong Li",158,,2025-2,Issue/Volume,10.1016/j.patcog.2024.111027,https://doi.org/10.1016/j.patcog.2024.111027
176,Method,Three-way decision-based label integration for crowdsourcing,"Can Pan, Liangxiao Jiang, Chaoqun Li",158,,2025-2,Issue/Volume,10.1016/j.patcog.2024.111034,https://doi.org/10.1016/j.patcog.2024.111034
177,Method,A two-layer regression network for robust and accurate domain adaptation,"Geonseok Lee, Kichun Lee",158,,2025-2,Issue/Volume,10.1016/j.patcog.2024.111038,https://doi.org/10.1016/j.patcog.2024.111038
178,Method,QFAE: Q-Function guided Action Exploration for offline deep reinforcement learning,"Teng Pang, Guoqiang Wu, Yan Zhang, Bingzheng Wang, Yilong Yin",158,,2025-2,Issue/Volume,10.1016/j.patcog.2024.111032,https://doi.org/10.1016/j.patcog.2024.111032
179,Method,Self-supervised fusion network for RGB-D interest point detection and description,"Ningning Li, Xiaomin Wang, Zhou Zheng, Zhendong Sun",158,,2025-2,Issue/Volume,10.1016/j.patcog.2024.111040,https://doi.org/10.1016/j.patcog.2024.111040
180,Method,Attention redirection transformer with semantic oriented learning for unbiased scene graph generation,"Ruonan Zhang, Gaoyun An, Yigang Cen, Qiuqi Ruan",158,,2025-2,Issue/Volume,10.1016/j.patcog.2024.111039,https://doi.org/10.1016/j.patcog.2024.111039
181,Method,SemiGMMPoint: Semi-supervised point cloud segmentation based on Gaussian mixture models,"Xianwei Zhuang, Hualiang Wang, Xiaoxuan He, Siming Fu, Haoji Hu",158,,2025-2,Issue/Volume,10.1016/j.patcog.2024.111045,https://doi.org/10.1016/j.patcog.2024.111045
182,Method,Saliency detection for underwater moving object with sonar based on motion estimation and multi-trajectory analysis,"Jifeng Zhu, Wenyu Cai, Meiyan Zhang, Yuxin Lin, Mingming Liu",158,,2025-2,Issue/Volume,10.1016/j.patcog.2024.111043,https://doi.org/10.1016/j.patcog.2024.111043
183,Method,DA-GAN: Dual-attention generative adversarial networks for real-world exquisite makeup transfer,"Qianfen Jiao, Zhen Xu, Si Wu, Hau-San Wong",158,,2025-2,Issue/Volume,10.1016/j.patcog.2024.111049,https://doi.org/10.1016/j.patcog.2024.111049
184,Method,MMAE: A universal image fusion method via mask attention mechanism,"Xiangxiang Wang, Lixing Fang, Junli Zhao, Zhenkuan Pan, Hui Li, Yi Li",158,,2025-2,Issue/Volume,10.1016/j.patcog.2024.111041,https://doi.org/10.1016/j.patcog.2024.111041
185,Method,Constrained multi-scale dense connections for biomedical image segmentation,"Jiawei Zhang, Yanchun Zhang, Hailong Qiu, Tianchen Wang, Xiaomeng Li, Shanfeng Zhu, Meiping Huang, Jian Zhuang, Yiyu Shi, Xiaowei Xu",158,,2025-2,Issue/Volume,10.1016/j.patcog.2024.111031,https://doi.org/10.1016/j.patcog.2024.111031
186,Method,Hyperbolic prototype rectification for few-shot 3D point cloud classification,"Yuan-Zhi Feng, Shing-Ho J. Lin, Xuan Tang, Mu-Yu Wang, Jian-Zhang Zheng, Zi-Yao He, Zi-Yi Pang, Jian Yang, Ming-Song Chen, Xian Wei",158,,2025-2,Issue/Volume,10.1016/j.patcog.2024.111042,https://doi.org/10.1016/j.patcog.2024.111042
187,Method,Marginal debiased network for fair visual recognition,"Mei Wang, Weihong Deng, Jiani Hu, Sen Su",158,,2025-2,Issue/Volume,10.1016/j.patcog.2024.111046,https://doi.org/10.1016/j.patcog.2024.111046
188,Method,GEXMERT: Geometrically enhanced cross-modality encoder representations from transformers inspired by higher-order visual percepts,"Feiyang Chen, Xue-song Tang, Kuangrong Hao",158,,2025-2,Issue/Volume,10.1016/j.patcog.2024.111047,https://doi.org/10.1016/j.patcog.2024.111047
189,Method,Federated Incremental Learning algorithm based on Topological Data Analysis,"Kai Hu, Sheng Gong, Lingxiao Li, Yuantu Luo, YaoGen Li, Shanshan Jiang",158,,2025-2,Issue/Volume,10.1016/j.patcog.2024.111048,https://doi.org/10.1016/j.patcog.2024.111048
190,Method,Temporal adaptive bidirectional bridging for RGB-D tracking,"Ge Ying, Dawei Zhang, Zhou Ou, Xiao Wang, Zhonglong Zheng",158,,2025-2,Issue/Volume,10.1016/j.patcog.2024.111053,https://doi.org/10.1016/j.patcog.2024.111053
191,Method,SLAM 2 : Simultaneous Localization and Multimode Mapping for indoor dynamic environments,"Zhihao Lin, Qi Zhang, Zhen Tian, Peizhuo Yu, Ziyang Ye, Hanyang Zhuang, Jianglin Lan",158,,2025-2,Issue/Volume,10.1016/j.patcog.2024.111054,https://doi.org/10.1016/j.patcog.2024.111054
192,Method,Efficient time series adaptive representation learning via Dynamic Routing Sparse Attention,"Wenyan Wang, Enguang Zuo, Chen Chen, Cheng Chen, Jie Zhong, Ziwei Yan, Xiaoyi Lv",158,,2025-2,Issue/Volume,10.1016/j.patcog.2024.111058,https://doi.org/10.1016/j.patcog.2024.111058
193,Method,IMCSN: An improved neighborhood aggregation interaction strategy for multi-scale contrastive Siamese networks,"Haoyu Zhang, Daoli Wang, Wangshu Zhao, Zitong Lu, Xuchu Jiang",158,,2025-2,Issue/Volume,10.1016/j.patcog.2024.111052,https://doi.org/10.1016/j.patcog.2024.111052
194,Method,Motion-guided semantic alignment for line art animation colorization,"Ning Wang, Wei Wang, Hairui Yang, Hong Zhang, Zhiyong Wang, Zhihui Wang, Haojie Li",158,,2025-2,Issue/Volume,10.1016/j.patcog.2024.111055,https://doi.org/10.1016/j.patcog.2024.111055
195,Method,Frequency domain task-adaptive network for restoring images with combined degradations,"Hu Gao, Bowen Ma, Ying Zhang, Jingfan Yang, Jing Yang, Depeng Dang",158,,2025-2,Issue/Volume,10.1016/j.patcog.2024.111057,https://doi.org/10.1016/j.patcog.2024.111057
196,Method,IIS-FVIQA: Finger Vein Image Quality Assessment with intra-class and inter-class similarity,"Hengyi Ren, Lijuan Sun, Xijian Fan, Ying Cao, Qiaolin Ye",158,,2025-2,Issue/Volume,10.1016/j.patcog.2024.111056,https://doi.org/10.1016/j.patcog.2024.111056
197,Method,Image dehazing via self-supervised depth guidance,"Yudong Liang, Shaoji Li, De Cheng, Wenjian Wang, Deyu Li, Jiye Liang",158,,2025-2,Issue/Volume,10.1016/j.patcog.2024.111051,https://doi.org/10.1016/j.patcog.2024.111051
198,Method,An interpretable unsupervised capsule network via comprehensive contrastive learning and two-stage training,"Ru Zeng, Yan Song, Yanjiu Zhong",158,,2025-2,Issue/Volume,10.1016/j.patcog.2024.111059,https://doi.org/10.1016/j.patcog.2024.111059
199,Method,Semantic aware representation learning for optimizing image retrieval systems in radiology,"Zografoula Vagena, Xiaoyang Wei, Camille Kurtz, Florence Cloppet",158,,2025-2,Issue/Volume,10.1016/j.patcog.2024.111060,https://doi.org/10.1016/j.patcog.2024.111060
200,Method,CRCGAN: Toward robust feature extraction in finger vein recognition,"Zhongxia Zhang, Zhengchun Zhou, Zhiyi Tian, Shui Yu",158,,2025-2,Issue/Volume,10.1016/j.patcog.2024.111064,https://doi.org/10.1016/j.patcog.2024.111064
201,Method,MBQuant: A novel multi-branch topology method for arbitrary bit-width network quantization,"Yunshan Zhong, Yuyao Zhou, Fei Chao, Rongrong Ji",158,,2025-2,Issue/Volume,10.1016/j.patcog.2024.111061,https://doi.org/10.1016/j.patcog.2024.111061
202,Method,RP-Net: A Robust Polar Transformation Network for rotation-invariant face detection,"Hathai Kaewkorn, Lifang Zhou, Weisheng Li",158,,2025-2,Issue/Volume,10.1016/j.patcog.2024.111044,https://doi.org/10.1016/j.patcog.2024.111044
203,Method,Intuitive-K-prototypes: A mixed data clustering algorithm with intuitionistic distribution centroid,"Hongli Wang, Jusheng Mi",158,,2025-2,Issue/Volume,10.1016/j.patcog.2024.111062,https://doi.org/10.1016/j.patcog.2024.111062
204,Method,SNN using color-opponent and attention mechanisms for object recognition,"Zhiwei Yao, Shaobing Gao, Wenjuan Li",158,,2025-2,Issue/Volume,10.1016/j.patcog.2024.111070,https://doi.org/10.1016/j.patcog.2024.111070
205,Method,A wrapper feature selection approach using Markov blankets,"Atif Hassan, Jiaul Hoque Paik, Swanand Ravindra Khare, Syed Asif Hassan",158,,2025-2,Issue/Volume,10.1016/j.patcog.2024.111069,https://doi.org/10.1016/j.patcog.2024.111069
206,Method,Understanding amorphous gorge scenes based on the projection of spatial textures,"Luping Wang, Hui Wei",158,,2025-2,Issue/Volume,10.1016/j.patcog.2024.111065,https://doi.org/10.1016/j.patcog.2024.111065
207,Method,Class agnostic and specific consistency learning for weakly-supervised point cloud semantic segmentation,"Junwei Wu, Mingjie Sun, Haotian Xu, Chenru Jiang, Wuwei Ma, Quan Zhang",158,,2025-2,Issue/Volume,10.1016/j.patcog.2024.111067,https://doi.org/10.1016/j.patcog.2024.111067
208,Method,Pixel shuffling is all you need: spatially aware convmixer for dense prediction tasks,"Hatem Ibrahem, Ahmed Salem, Hyun-Soo Kang",158,,2025-2,Issue/Volume,10.1016/j.patcog.2024.111068,https://doi.org/10.1016/j.patcog.2024.111068
209,Method,Dual-perspective multi-instance embedding learning with adaptive density distribution mining,"Mei Yang, Tian-Lin Chen, Wei-Zhi Wu, Wen-Xi Zeng, Jing-Yu Zhang, Fan Min",158,,2025-2,Issue/Volume,10.1016/j.patcog.2024.111063,https://doi.org/10.1016/j.patcog.2024.111063
210,Method,Diffusion process with structural changes for subspace clustering,"Yanjiao Zhu, Qilin Li, Wanquan Liu, Chuancun Yin",158,,2025-2,Issue/Volume,10.1016/j.patcog.2024.111066,https://doi.org/10.1016/j.patcog.2024.111066
211,Method,AdvCloak: Customized adversarial cloak for privacy protection,"Xuannan Liu, Yaoyao Zhong, Xing Cui, Yuhang Zhang, Peipei Li, Weihong Deng",158,,2025-2,Issue/Volume,10.1016/j.patcog.2024.111050,https://doi.org/10.1016/j.patcog.2024.111050
212,Method,CHA: Conditional Hyper-Adapter method for detecting human–object interaction,"Mengyang Sun, Wei Suo, Ji Wang, Peng Wang, Yanning Zhang",159,,2025-3,Issue/Volume,10.1016/j.patcog.2024.111075,https://doi.org/10.1016/j.patcog.2024.111075
213,Method,Perspective-assisted prototype-based learning for semi-supervised crowd counting,"Yifei Qian, Liangfei Zhang, Zhongliang Guo, Xiaopeng Hong, Ognjen Arandjelović, Carl R. Donovan",158,,2025-2,Issue/Volume,10.1016/j.patcog.2024.111073,https://doi.org/10.1016/j.patcog.2024.111073
214,Method,EENet: An effective and efficient network for single image dehazing,"Yuning Cui, Qiang Wang, Chaopeng Li, Wenqi Ren, Alois Knoll",158,,2025-2,Issue/Volume,10.1016/j.patcog.2024.111074,https://doi.org/10.1016/j.patcog.2024.111074
215,Method,Semantic-aware frame-event fusion based pattern recognition via large vision–language models,"Dong Li, Jiandong Jin, Yuhao Zhang, Yanlin Zhong, Yaoyang Wu, Lan Chen, Xiao Wang, Bin Luo",158,,2025-2,Issue/Volume,10.1016/j.patcog.2024.111080,https://doi.org/10.1016/j.patcog.2024.111080
216,Method,CEDNet: A cascade encoder–decoder network for dense prediction,"Gang Zhang, Ziyi Li, Chufeng Tang, Jianmin Li, Xiaolin Hu",158,,2025-2,Issue/Volume,10.1016/j.patcog.2024.111072,https://doi.org/10.1016/j.patcog.2024.111072
217,Method,Graph Laplacian regularization for fast infrared small target detection,"Ting Liu, Yongxian Liu, Jungang Yang, Boyang Li, Yingqian Wang, Wei An",158,,2025-2,Issue/Volume,10.1016/j.patcog.2024.111077,https://doi.org/10.1016/j.patcog.2024.111077
218,Method,UPT-Flow: Multi-scale transformer-guided normalizing flow for low-light image enhancement,"Lintao Xu, Changhui Hu, Yin Hu, Xiaoyuan Jing, Ziyun Cai, Xiaobo Lu",158,,2025-2,Issue/Volume,10.1016/j.patcog.2024.111076,https://doi.org/10.1016/j.patcog.2024.111076
219,Method,Feature-matching method based on keypoint response constraint using binary encoding of phase congruency,"Xiaomin Liu, Qiqi Li, Yuzhe Hu, Jeng-Shyang Pan, Huaqi Zhao, Donghua Yuan, Jun-Bao Li",159,,2025-3,Issue/Volume,10.1016/j.patcog.2024.111078,https://doi.org/10.1016/j.patcog.2024.111078
220,Method,Understanding adversarial robustness against on-manifold adversarial examples,"Jiancong Xiao, Liusha Yang, Yanbo Fan, Jue Wang, Zhi-Quan Luo",159,,2025-3,Issue/Volume,10.1016/j.patcog.2024.111071,https://doi.org/10.1016/j.patcog.2024.111071
221,Method,Piecewise convolutional neural network relation extraction with self-attention mechanism,"Bo Zhang, Li Xu, Ke-Hao Liu, Ru Yang, Mao-Zhen Li, Xiao-Yang Guo",159,,2025-3,Issue/Volume,10.1016/j.patcog.2024.111083,https://doi.org/10.1016/j.patcog.2024.111083
222,Method,"Self-supervised learning from images: No negative pairs, no cluster-balancing","Jian-Ping Mei, Shixiang Wang, Miaoqi Yu",159,,2025-3,Issue/Volume,10.1016/j.patcog.2024.111081,https://doi.org/10.1016/j.patcog.2024.111081
223,Method,Instant pose extraction based on mask transformer for occluded person re-identification,"Ting-Ting Yuan, Qing-Ling Shu, Si-Bao Chen, Li-Li Huang, Bin Luo",159,,2025-3,Issue/Volume,10.1016/j.patcog.2024.111082,https://doi.org/10.1016/j.patcog.2024.111082
224,Method,Corrigendum to “Fast adaptively balanced min-cut clustering” [Pattern Recognition 158 (2025) 111027],"Feiping Nie, Fangyuan Xie, Jingyu Wang, Xuelong Li",159,,2025-3,Issue/Volume,10.1016/j.patcog.2024.111084,https://doi.org/10.1016/j.patcog.2024.111084
225,Method,Fine-grained Automatic Augmentation for handwritten character recognition,"Wei Chen, Xiangdong Su, Hongxu Hou",159,,2025-3,Issue/Volume,10.1016/j.patcog.2024.111079,https://doi.org/10.1016/j.patcog.2024.111079
226,Method,NAS-BNN: Neural Architecture Search for Binary Neural Networks,"Zhihao Lin, Yongtao Wang, Jinhe Zhang, Xiaojie Chu, Haibin Ling",159,,2025-3,Issue/Volume,10.1016/j.patcog.2024.111086,https://doi.org/10.1016/j.patcog.2024.111086
227,Method,One point is all you need for weakly supervised object detection,"Shiwei Zhang, Zhengzheng Wang, Wei Ke",159,,2025-3,Issue/Volume,10.1016/j.patcog.2024.111087,https://doi.org/10.1016/j.patcog.2024.111087
228,Method,MSCMNet: Multi-scale Semantic Correlation Mining for Visible-Infrared Person Re-Identification,"Xuecheng Hua, Ke Cheng, Hu Lu, Juanjuan Tu, Yuanquan Wang, Shitong Wang",159,,2025-3,Issue/Volume,10.1016/j.patcog.2024.111090,https://doi.org/10.1016/j.patcog.2024.111090
229,Method,Multi-view visual semantic embedding for cross-modal image–text retrieval,"Zheng Li, Caili Guo, Xin Wang, Hao Zhang, Lin Hu",159,,2025-3,Issue/Volume,10.1016/j.patcog.2024.111088,https://doi.org/10.1016/j.patcog.2024.111088
230,Method,Global-aware Fragment Representation Aggregation Network for image–text retrieval,"Di Wang, Jiabo Tian, Xiao Liang, Yumin Tian, Lihuo He",159,,2025-3,Issue/Volume,10.1016/j.patcog.2024.111085,https://doi.org/10.1016/j.patcog.2024.111085
231,Method,Approximate geometric structure transfer for cross-domain image classification,"Wai Keung Wong, Yuwu Lu, Junyi Wu, Zhihui Lai, Xuelong Li",159,,2025-3,Issue/Volume,10.1016/j.patcog.2024.111105,https://doi.org/10.1016/j.patcog.2024.111105
232,Method,Weakly Supervised Underwater Object Real-time Detection Based on High-resolution Attention Class Activation Mapping and Category Hierarchy,"Xia Hua, Xiaopeng Cui, Xinghua Xu, Shaohua Qiu, Zhong Li",159,,2025-3,Issue/Volume,10.1016/j.patcog.2024.111111,https://doi.org/10.1016/j.patcog.2024.111111
233,Method,ECTFormer: An efficient Conv-Transformer model design for image recognition,"Jaewon Sa, Junhwan Ryu, Heegon Kim",159,,2025-3,Issue/Volume,10.1016/j.patcog.2024.111092,https://doi.org/10.1016/j.patcog.2024.111092
234,Method,Continual learning with high-order experience replay for dynamic network embedding,"Zhizheng Wang, Yuanyuan Sun, Xiaokun Zhang, Bo Xu, Zhihao Yang, Hongfei Lin",159,,2025-3,Issue/Volume,10.1016/j.patcog.2024.111093,https://doi.org/10.1016/j.patcog.2024.111093
235,Method,Improving stability and performance of spiking neural networks through enhancing temporal consistency,"Dongcheng Zhao, Guobin Shen, Yiting Dong, Yang Li, Yi Zeng",159,,2025-3,Issue/Volume,10.1016/j.patcog.2024.111094,https://doi.org/10.1016/j.patcog.2024.111094
236,Method,SeaTrack: Rethinking Observation-Centric SORT for Robust Nearshore Multiple Object Tracking,"Jiangang Ding, Wei Li, Ming Yang, Yuanlin Zhao, Lili Pei, Aojia Tian",159,,2025-3,Issue/Volume,10.1016/j.patcog.2024.111091,https://doi.org/10.1016/j.patcog.2024.111091
237,Method,Exploring sample relationship for few-shot classification,"Xingye Chen, Wenxiao Wu, Li Ma, Xinge You, Changxin Gao, Nong Sang, Yuanjie Shao",159,,2025-3,Issue/Volume,10.1016/j.patcog.2024.111089,https://doi.org/10.1016/j.patcog.2024.111089
238,Method,A newton interpolation network for smoke semantic segmentation,"Feiniu Yuan, Guiqian Wang, Qinghua Huang, Xuelong Li",159,,2025-3,Issue/Volume,10.1016/j.patcog.2024.111119,https://doi.org/10.1016/j.patcog.2024.111119
239,Method,Fully exploring object relation interaction and hidden state attention for video captioning,"Feiniu Yuan, Sipei Gu, Xiangfen Zhang, Zhijun Fang",159,,2025-3,Issue/Volume,10.1016/j.patcog.2024.111138,https://doi.org/10.1016/j.patcog.2024.111138
240,Method,Cross-modal independent matching network for image-text retrieval,"Xiao Ke, Baitao Chen, Xiong Yang, Yuhang Cai, Hao Liu, Wenzhong Guo",159,,2025-3,Issue/Volume,10.1016/j.patcog.2024.111096,https://doi.org/10.1016/j.patcog.2024.111096
241,Method,Multi-task OCTA image segmentation with innovative dimension compression,"Guogang Cao, Zeyu Peng, Zhilin Zhou, Yan Wu, Yunqing Zhang, Rugang Yan",159,,2025-3,Issue/Volume,10.1016/j.patcog.2024.111123,https://doi.org/10.1016/j.patcog.2024.111123
242,Method,Explainability-based knowledge distillation,"Tianli Sun, Haonan Chen, Guosheng Hu, Cairong Zhao",159,,2025-3,Issue/Volume,10.1016/j.patcog.2024.111095,https://doi.org/10.1016/j.patcog.2024.111095
243,Method,Spatio-temporal interactive reasoning model for multi-group activity recognition,"Jianglan Huang, Lindong Li, Linbo Qing, Wang Tang, Pingyu Wang, Li Guo, Yonghong Peng",159,,2025-3,Issue/Volume,10.1016/j.patcog.2024.111104,https://doi.org/10.1016/j.patcog.2024.111104
244,Method,Local and global self-attention enhanced graph convolutional network for skeleton-based action recognition,"Zhize Wu, Yue Ding, Long Wan, Teng Li, Fudong Nian",159,,2025-3,Issue/Volume,10.1016/j.patcog.2024.111106,https://doi.org/10.1016/j.patcog.2024.111106
245,Method,MWVOS: Mask-Free Weakly Supervised Video Object Segmentation via promptable foundation model,"Zhenghao Zhang, Shengfan Zhang, Zuozhuo Dai, Zilong Dong, Siyu Zhu",159,,2025-3,Issue/Volume,10.1016/j.patcog.2024.111100,https://doi.org/10.1016/j.patcog.2024.111100
246,Method,Privacy-preserving speaker verification system using Ranking-of-Element hashing,"Hong-Hanh Nguyen-Le, Lam Tran, Dinh Song An Nguyen, Nhien-An Le-Khac, Thuc Nguyen",159,,2025-3,Issue/Volume,10.1016/j.patcog.2024.111107,https://doi.org/10.1016/j.patcog.2024.111107
247,Method,Jointly stochastic fully symmetric interpolatory rules and local approximation for scalable Gaussian process regression,"Hongli Zhang, Jinglei Liu",159,,2025-3,Issue/Volume,10.1016/j.patcog.2024.111125,https://doi.org/10.1016/j.patcog.2024.111125
248,Method,Apply prior feature integration to sparse object detectors,"Yu Qian, Qijin Wang, Changxin Wu, Chao Wang, Long Cheng, Yating Hu, Hongqiang Wang",159,,2025-3,Issue/Volume,10.1016/j.patcog.2024.111103,https://doi.org/10.1016/j.patcog.2024.111103
249,Method,HDR reconstruction from a single exposure LDR using texture and structure dual-stream generation,"Yu-Hsiang Chen, Shanq-Jang Ruan",159,,2025-3,Issue/Volume,10.1016/j.patcog.2024.111127,https://doi.org/10.1016/j.patcog.2024.111127
250,Method,ACFNet: An adaptive cross-fusion network for infrared and visible image fusion,"Xiaoxuan Chen, Shuwen Xu, Shaohai Hu, Xiaole Ma",159,,2025-3,Issue/Volume,10.1016/j.patcog.2024.111098,https://doi.org/10.1016/j.patcog.2024.111098
251,Method,Text–video retrieval re-ranking via multi-grained cross attention and frozen image encoders,"Zuozhuo Dai, Kaihui Cheng, Fangtao Shao, Zilong Dong, Siyu Zhu",159,,2025-3,Issue/Volume,10.1016/j.patcog.2024.111099,https://doi.org/10.1016/j.patcog.2024.111099
252,Method,MvWECM: Multi-view Weighted Evidential C-Means clustering,"Kuang Zhou, Yuchen Zhu, Mei Guo, Ming Jiang",159,,2025-3,Issue/Volume,10.1016/j.patcog.2024.111108,https://doi.org/10.1016/j.patcog.2024.111108
253,Method,A robust fingerprint identification approach using a fuzzy system and novel rotation method,"Ahmad A. Momani, László T. Kóczy",159,,2025-3,Issue/Volume,10.1016/j.patcog.2024.111134,https://doi.org/10.1016/j.patcog.2024.111134
254,Method,GB-RVFL: Fusion of randomized neural network and granular ball computing,"M. Sajid, A. Quadir, M. Tanveer",159,,2025-3,Issue/Volume,10.1016/j.patcog.2024.111142,https://doi.org/10.1016/j.patcog.2024.111142
255,Method,GBMOD: A granular-ball mean-shift outlier detector,"Shitong Cheng, Xinyu Su, Baiyang Chen, Hongmei Chen, Dezhong Peng, Zhong Yuan",159,,2025-3,Issue/Volume,10.1016/j.patcog.2024.111115,https://doi.org/10.1016/j.patcog.2024.111115
256,Method,Accelerating the convergence of concept drift based on knowledge transfer,"Husheng Guo, Zhijie Wu, Qiaoyan Ren, Wenjian Wang",159,,2025-3,Issue/Volume,10.1016/j.patcog.2024.111145,https://doi.org/10.1016/j.patcog.2024.111145
257,Method,Eye-movement-prompted large image captioning model,"Zheng Yang, Bing Han, Xinbo Gao, Zhi-Hui Zhan",159,,2025-3,Issue/Volume,10.1016/j.patcog.2024.111097,https://doi.org/10.1016/j.patcog.2024.111097
258,Method,FedKT: Federated learning with knowledge transfer for non-IID data,"Wenjie Mao, Bin Yu, Chen Zhang, A.K. Qin, Yu Xie",159,,2025-3,Issue/Volume,10.1016/j.patcog.2024.111143,https://doi.org/10.1016/j.patcog.2024.111143
259,Method,Improving the sparse coding model via hybrid Gaussian priors,"Lijian Yang, Jianxun Mi, Weisheng Li, Guofen Wang, Bin Xiao",159,,2025-3,Issue/Volume,10.1016/j.patcog.2024.111102,https://doi.org/10.1016/j.patcog.2024.111102
260,Method,A unified framework for unsupervised action learning via global-to-local motion transformer,"Boeun Kim, Jungho Kim, Hyung Jin Chang, Tae-Hyun Oh",159,,2025-3,Issue/Volume,10.1016/j.patcog.2024.111118,https://doi.org/10.1016/j.patcog.2024.111118
261,Method,Data augmentation strategies for semi-supervised medical image segmentation,"Jiahui Wang, Dongsheng Ruan, Yang Li, Zefeng Wang, Yongquan Wu, Tao Tan, Guang Yang, Mingfeng Jiang",159,,2025-3,Issue/Volume,10.1016/j.patcog.2024.111116,https://doi.org/10.1016/j.patcog.2024.111116
262,Method,TransMatch: Transformer-based correspondence pruning via local and global consensus,"Yizhang Liu, Yanping Li, Shengjie Zhao",159,,2025-3,Issue/Volume,10.1016/j.patcog.2024.111120,https://doi.org/10.1016/j.patcog.2024.111120
263,Method,Self-distillation with beta label smoothing-based cross-subject transfer learning for P300 classification,"Shurui Li, Liming Zhao, Chang Liu, Jing Jin, Cuntai Guan",159,,2025-3,Issue/Volume,10.1016/j.patcog.2024.111114,https://doi.org/10.1016/j.patcog.2024.111114
264,Method,Self-supervised random mask attention GAN in tackling pose-invariant face recognition,"Jiashu Liao, Tanaya Guha, Victor Sanchez",159,,2025-3,Issue/Volume,10.1016/j.patcog.2024.111112,https://doi.org/10.1016/j.patcog.2024.111112
265,Method,S2Match: Self-paced sampling for data-limited semi-supervised learning,"Dayan Guan, Yun Xing, Jiaxing Huang, Aoran Xiao, Abdulmotaleb El Saddik, Shijian Lu",159,,2025-3,Issue/Volume,10.1016/j.patcog.2024.111121,https://doi.org/10.1016/j.patcog.2024.111121
266,Method,ANNE: Adaptive Nearest Neighbours and Eigenvector-based sample selection for robust learning with noisy labels,"Filipe R. Cordeiro, Gustavo Carneiro",159,,2025-3,Issue/Volume,10.1016/j.patcog.2024.111132,https://doi.org/10.1016/j.patcog.2024.111132
267,Method,L2T-DFM: Learning to Teach with Dynamic Fused Metric,"Zhaoyang Hai, Liyuan Pan, Xiabi Liu, Mengqiao Han",159,,2025-3,Issue/Volume,10.1016/j.patcog.2024.111124,https://doi.org/10.1016/j.patcog.2024.111124
268,Method,Image shadow removal via multi-scale deep Retinex decomposition,"Yan Huang, Xinchang Lu, Yuhui Quan, Yong Xu, Hui Ji",159,,2025-3,Issue/Volume,10.1016/j.patcog.2024.111126,https://doi.org/10.1016/j.patcog.2024.111126
269,Method,Consistency-driven feature scoring and regularization network for visible–infrared person re-identification,"Xueting Chen, Yan Yan, Jing-Hao Xue, Nannan Wang, Hanzi Wang",159,,2025-3,Issue/Volume,10.1016/j.patcog.2024.111131,https://doi.org/10.1016/j.patcog.2024.111131
270,Method,Enhancing robust VQA via contrastive and self-supervised learning,"Runlin Cao, Zhixin Li, Zhenjun Tang, Canlong Zhang, Huifang Ma",159,,2025-3,Issue/Volume,10.1016/j.patcog.2024.111129,https://doi.org/10.1016/j.patcog.2024.111129
271,Method,Spcolor: Semantic prior guided exemplar-based image colorization,"Siqi Chen, Xianlin Zhang, Mingdao Wang, Xueming Li, Yu Zhang, Yue Zhang",159,,2025-3,Issue/Volume,10.1016/j.patcog.2024.111109,https://doi.org/10.1016/j.patcog.2024.111109
272,Method,PIM-Net: Progressive Inconsistency Mining Network for image manipulation localization,"Ningning Bai, Xiaofeng Wang, Ruidong Han, Jianpeng Hou, Yihang Wang, Shanmin Pang",159,,2025-3,Issue/Volume,10.1016/j.patcog.2024.111136,https://doi.org/10.1016/j.patcog.2024.111136
273,Method,Cross-modal adapter for vision–language retrieval,"Haojun Jiang, Jianke Zhang, Rui Huang, Chunjiang Ge, Zanlin Ni, Shiji Song, Gao Huang",159,,2025-3,Issue/Volume,10.1016/j.patcog.2024.111144,https://doi.org/10.1016/j.patcog.2024.111144
274,Method,Joint Intra-view and Inter-view Enhanced Tensor Low-rank Induced Affinity Graph Learning,"Weijun Sun, Chaoye Li, Qiaoyun Li, Xiaozhao Fang, Jiakai He, Lei Liu",159,,2025-3,Issue/Volume,10.1016/j.patcog.2024.111140,https://doi.org/10.1016/j.patcog.2024.111140
275,Method,SAR target augmentation and recognition via cross-domain reconstruction,"Ganggang Dong, Yafei Song",159,,2025-3,Issue/Volume,10.1016/j.patcog.2024.111117,https://doi.org/10.1016/j.patcog.2024.111117
276,Method,"EGO-LM: An efficient, generic, and out-of-the-box language model for handwritten text recognition","Hongliang Li, Dezhi Peng, Lianwen Jin",159,,2025-3,Issue/Volume,10.1016/j.patcog.2024.111130,https://doi.org/10.1016/j.patcog.2024.111130
277,Method,Riding feeling recognition based on multi-head self-attention LSTM for driverless automobile,"Xianzhi Tang, Yongjia Xie, Xinlong Li, Bo Wang",159,,2025-3,Issue/Volume,10.1016/j.patcog.2024.111135,https://doi.org/10.1016/j.patcog.2024.111135
278,Method,Incremental feature selection: Parallel approach with local neighborhood rough sets and composite entropy,"Weihua Xu, Weirui Ye",159,,2025-3,Issue/Volume,10.1016/j.patcog.2024.111141,https://doi.org/10.1016/j.patcog.2024.111141
279,Method,Self-supervised multimodal change detection based on difference contrast learning for remote sensing imagery,"Xuan Hou, Yunpeng Bai, Yefan Xie, Yunfeng Zhang, Lei Fu, Ying Li, Changjing Shang, Qiang Shen",159,,2025-3,Issue/Volume,10.1016/j.patcog.2024.111148,https://doi.org/10.1016/j.patcog.2024.111148
280,Method,Joint utilization of positive and negative pseudo-labels in semi-supervised facial expression recognition,"Jinwei Lv, Yanli Ren, Guorui Feng",159,,2025-3,Issue/Volume,10.1016/j.patcog.2024.111147,https://doi.org/10.1016/j.patcog.2024.111147
281,Method,HTCSigNet: A Hybrid Transformer and Convolution Signature Network for offline signature verification,"Lidong Zheng, Da Wu, Shengjie Xu, Yuchen Zheng",159,,2025-3,Issue/Volume,10.1016/j.patcog.2024.111146,https://doi.org/10.1016/j.patcog.2024.111146
282,Method,Associative graph convolution network for point cloud analysis,"Xi Yang, Xingyilang Yin, Nannan Wang, Xinbo Gao",159,,2025-3,Issue/Volume,10.1016/j.patcog.2024.111152,https://doi.org/10.1016/j.patcog.2024.111152
283,Method,Forget to Learn (F2L): Circumventing plasticity–stability trade-off in continuous unsupervised domain adaptation,"Mohamed Abubakr Hassan, Chi-Guhn Lee",159,,2025-3,Issue/Volume,10.1016/j.patcog.2024.111139,https://doi.org/10.1016/j.patcog.2024.111139
284,Method,PRSN: Prototype resynthesis network with cross-image semantic alignment for few-shot image classification,"Mengping Dong, Fei Li, Zhenbo Li, Xue Liu",159,,2025-3,Issue/Volume,10.1016/j.patcog.2024.111122,https://doi.org/10.1016/j.patcog.2024.111122
285,Method,DSCIMABNet: A novel multi-head attention depthwise separable CNN model for skin cancer detection,"Hatice Catal Reis, Veysel Turk",159,,2025-3,Issue/Volume,10.1016/j.patcog.2024.111182,https://doi.org/10.1016/j.patcog.2024.111182
286,Method,Online indoor visual odometry with semantic assistance under implicit epipolar constraints,"Yang Chen, Lin Zhang, Shengjie Zhao, Yicong Zhou",159,,2025-3,Issue/Volume,10.1016/j.patcog.2024.111150,https://doi.org/10.1016/j.patcog.2024.111150
287,Method,Two-stage Rule-induction visual reasoning on RPMs with an application to video prediction,"Wentao He, Jianfeng Ren, Ruibin Bai, Xudong Jiang",160,,2025-4,Issue/Volume,10.1016/j.patcog.2024.111151,https://doi.org/10.1016/j.patcog.2024.111151
288,Method,An effective multi-scale interactive fusion network with hybrid Transformer and CNN for smoke image segmentation,"Kang Li, Feiniu Yuan, Chunmei Wang",159,,2025-3,Issue/Volume,10.1016/j.patcog.2024.111177,https://doi.org/10.1016/j.patcog.2024.111177
289,Method,Corruption-based anomaly detection and interpretation in tabular data,"Chunghyup Mok, Seoung Bum Kim",159,,2025-3,Issue/Volume,10.1016/j.patcog.2024.111149,https://doi.org/10.1016/j.patcog.2024.111149
290,Method,Adaptive representation learning and sample weighting for low-quality 3D face recognition,"Cuican Yu, Fengxun Sun, Zihui Zhang, Huibin Li, Liming Chen, Jian Sun, Zongben Xu",159,,2025-3,Issue/Volume,10.1016/j.patcog.2024.111161,https://doi.org/10.1016/j.patcog.2024.111161
291,Method,Topology reorganized graph contrastive learning with mitigating semantic drift,"Jiaqiang Zhang, Songcan Chen",159,,2025-3,Issue/Volume,10.1016/j.patcog.2024.111160,https://doi.org/10.1016/j.patcog.2024.111160
292,Method,Semi-supervised multi-view feature selection with adaptive similarity fusion and learning,"Bingbing Jiang, Jun Liu, Zidong Wang, Chenglong Zhang, Jie Yang, Yadi Wang, Weiguo Sheng, Weiping Ding",159,,2025-3,Issue/Volume,10.1016/j.patcog.2024.111159,https://doi.org/10.1016/j.patcog.2024.111159
293,Method,Structured multi-view k-means clustering,"Zitong Zhang, Xiaojun Chen, Chen Wang, Ruili Wang, Wei Song, Feiping Nie",160,,2025-4,Issue/Volume,10.1016/j.patcog.2024.111113,https://doi.org/10.1016/j.patcog.2024.111113
294,Method,Embedded feature selection for robust probability learning machines,"Miguel Carrasco, Benjamin Ivorra, Julio López, Angel M. Ramos",159,,2025-3,Issue/Volume,10.1016/j.patcog.2024.111157,https://doi.org/10.1016/j.patcog.2024.111157
295,Method,CAST: An innovative framework for Cross-dimensional Attention Structure in Transformers,"Dezheng Wang, Xiaoyi Wei, Congyan Chen",159,,2025-3,Issue/Volume,10.1016/j.patcog.2024.111153,https://doi.org/10.1016/j.patcog.2024.111153
296,Method,DyConfidMatch: Dynamic thresholding and re-sampling for 3D semi-supervised learning,"Zhimin Chen, Bing Li",159,,2025-3,Issue/Volume,10.1016/j.patcog.2024.111154,https://doi.org/10.1016/j.patcog.2024.111154
297,Method,Gradient-based sparse voxel attacks on point cloud object detection,"Junqi Wu, Wen Yao, Shuai Jia, Tingsong Jiang, Weien Zhou, Chao Ma, Xiaoqian Chen",160,,2025-4,Issue/Volume,10.1016/j.patcog.2024.111156,https://doi.org/10.1016/j.patcog.2024.111156
298,Method,Learning accurate and enriched features for stereo image super-resolution,"Hu Gao, Depeng Dang",159,,2025-3,Issue/Volume,10.1016/j.patcog.2024.111170,https://doi.org/10.1016/j.patcog.2024.111170
299,Method,A Structured Bipartite Graph Learning method for ensemble clustering,"Zitong Zhang, Xiaojun Chen, Chen Wang, Ruili Wang, Wei Song, Feiping Nie",160,,2025-4,Issue/Volume,10.1016/j.patcog.2024.111133,https://doi.org/10.1016/j.patcog.2024.111133
300,Method,Deep learning-enhanced environment perception for autonomous driving: MDNet with CSP-DarkNet53,"Xuyao Guo, Feng Jiang, Quanzhen Chen, Yuxuan Wang, Kaiyue Sha, Jing Chen",160,,2025-4,Issue/Volume,10.1016/j.patcog.2024.111174,https://doi.org/10.1016/j.patcog.2024.111174
301,Method,Learning data association for multi-object tracking using only coordinates,"Mehdi Miah, Guillaume-Alexandre Bilodeau, Nicolas Saunier",160,,2025-4,Issue/Volume,10.1016/j.patcog.2024.111169,https://doi.org/10.1016/j.patcog.2024.111169
302,Method,Progressive label enhancement,"Zhiqiang Kou, Jing Wang, Yuheng Jia, Xin Geng",160,,2025-4,Issue/Volume,10.1016/j.patcog.2024.111172,https://doi.org/10.1016/j.patcog.2024.111172
303,Method,Explaining predictive uncertainty by exposing second-order effects,"Florian Bley, Sebastian Lapuschkin, Wojciech Samek, Grégoire Montavon",160,,2025-4,Issue/Volume,10.1016/j.patcog.2024.111171,https://doi.org/10.1016/j.patcog.2024.111171
304,Method,Pseudo-labeling with keyword refining for few-supervised video captioning,"Ping Li, Tao Wang, Xinkui Zhao, Xianghua Xu, Mingli Song",159,,2025-3,Issue/Volume,10.1016/j.patcog.2024.111176,https://doi.org/10.1016/j.patcog.2024.111176
305,Method,Adaptive learning rate algorithms based on the improved Barzilai–Borwein method,"Zhi-Jun Wang, Hong Li, Zhou-Xiang Xu, Shuai-Ye Zhao, Peng-Jun Wang, He-Bei Gao",160,,2025-4,Issue/Volume,10.1016/j.patcog.2024.111179,https://doi.org/10.1016/j.patcog.2024.111179
306,Method,Interpretable tumor cell detection by domain adaptive pixel space encoding,"Yao Xue, Luyao Wang, Haipeng Zhou, Dun Ding, Yuelang Zhang",161,,2025-5,Issue/Volume,10.1016/j.patcog.2024.111181,https://doi.org/10.1016/j.patcog.2024.111181
307,Method,CDHN: Cross-domain hallucination network for 3D keypoints estimation,"Mohammad Zohaib, Milind Gajanan Padalkar, Pietro Morerio, Matteo Taiana, Alessio Del Bue",160,,2025-4,Issue/Volume,10.1016/j.patcog.2024.111188,https://doi.org/10.1016/j.patcog.2024.111188
308,Method,Uncertainty estimation in color constancy,"Marco Buzzelli, Simone Bianco",160,,2025-4,Issue/Volume,10.1016/j.patcog.2024.111175,https://doi.org/10.1016/j.patcog.2024.111175
309,Method,"A masking, linkage and guidance framework for online class incremental learning","Guoqiang Liang, Zhaojie Chen, Shibin Su, Shizhou Zhang, Yanning Zhang",160,,2025-4,Issue/Volume,10.1016/j.patcog.2024.111185,https://doi.org/10.1016/j.patcog.2024.111185
310,Method,Lightweight remote sensing super-resolution with multi-scale graph attention network,"Yu Wang, Zhenfeng Shao, Tao Lu, Xiao Huang, Jiaming Wang, Zhizheng Zhang, Xiaolong Zuo",160,,2025-4,Issue/Volume,10.1016/j.patcog.2024.111178,https://doi.org/10.1016/j.patcog.2024.111178
311,Method,Dual Contrastive Label Enhancement,"Ren Guan, Yifei Wang, Xinyuan Liu, Bin Chen, Jihua Zhu",160,,2025-4,Issue/Volume,10.1016/j.patcog.2024.111183,https://doi.org/10.1016/j.patcog.2024.111183
312,Method,FocTrack: Focus attention for visual tracking,"Jian Tao, Sixian Chan, Zhenchao Shi, Cong Bai, Shengyong Chen",160,,2025-4,Issue/Volume,10.1016/j.patcog.2024.111128,https://doi.org/10.1016/j.patcog.2024.111128
313,Method,STARNet: Low-light video enhancement using spatio-temporal consistency aggregation,"Zhe Wu, Zehua Sheng, Xue Zhang, Si-Yuan Cao, Runmin Zhang, Beinan Yu, Chenghao Zhang, Bailin Yang, Hui-Liang Shen",160,,2025-4,Issue/Volume,10.1016/j.patcog.2024.111180,https://doi.org/10.1016/j.patcog.2024.111180
314,Method,Debiasing weighted multi-view k-means clustering based on causal regularization,"Xiuqi Huang, Hong Tao, Haotian Ni, Chenping Hou",160,,2025-4,Issue/Volume,10.1016/j.patcog.2024.111195,https://doi.org/10.1016/j.patcog.2024.111195
315,Method,Explainable monotonic networks and constrained learning for interpretable classification and weakly supervised anomaly detection,"Valentine Wargnier-Dauchelle, Thomas Grenier, Françoise Durand-Dubief, François Cotton, Michaël Sdika",160,,2025-4,Issue/Volume,10.1016/j.patcog.2024.111186,https://doi.org/10.1016/j.patcog.2024.111186
316,Method,"Percept, Chat, Adapt: Knowledge transfer of foundation models for open-world video recognition","Boyu Chen, Siran Chen, Kunchang Li, Qinglin Xu, Yu Qiao, Yali Wang",160,,2025-4,Issue/Volume,10.1016/j.patcog.2024.111189,https://doi.org/10.1016/j.patcog.2024.111189
317,Method,BiFPN-YOLO: One-stage object detection integrating Bi-Directional Feature Pyramid Networks,"John Doherty, Bryan Gardiner, Emmett Kerr, Nazmul Siddique",160,,2025-4,Issue/Volume,10.1016/j.patcog.2024.111209,https://doi.org/10.1016/j.patcog.2024.111209
318,Method,Optimizing reinforcement learning for large action spaces via generative models: Battery pattern selection,"Jingwei Hu, Xinjie Li, Xiaodong Li, Zhensong Hou, Zhihong Zhang",160,,2025-4,Issue/Volume,10.1016/j.patcog.2024.111194,https://doi.org/10.1016/j.patcog.2024.111194
319,Method,RNDiff: Rainfall nowcasting with Condition Diffusion Model,"Xudong Ling, Chaorong Li, Fengqing Qin, Peng Yang, Yuanyuan Huang",160,,2025-4,Issue/Volume,10.1016/j.patcog.2024.111193,https://doi.org/10.1016/j.patcog.2024.111193
320,Method,Tensorized latent representation with automatic dimensionality selection for multi-view clustering,"Bing Cai, Gui-Fu Lu, Xiaoxing Guo, Tong Wu",160,,2025-4,Issue/Volume,10.1016/j.patcog.2024.111192,https://doi.org/10.1016/j.patcog.2024.111192
321,Method,Automatic cervical cancer classification using adaptive vision transformer encoder with CNN for medical application,"G. Nirmala, P. Prathap Nayudu, A. Ranjith Kumar, Renuka Sagar",160,,2025-4,Issue/Volume,10.1016/j.patcog.2024.111201,https://doi.org/10.1016/j.patcog.2024.111201
322,Method,"Count, decompose and correct: A new approach to handwritten Chinese character error correction","Pengfei Hu, Jiefeng Ma, Zhenrong Zhang, Jun Du, Jianshu Zhang",160,,2025-4,Issue/Volume,10.1016/j.patcog.2024.111110,https://doi.org/10.1016/j.patcog.2024.111110
323,Method,Multi-branch feature transformation cross-domain few-shot learning for hyperspectral image classification,"Meilin Shi, Jiansi Ren",160,,2025-4,Issue/Volume,10.1016/j.patcog.2024.111197,https://doi.org/10.1016/j.patcog.2024.111197
324,Method,Exploring Latent Transferability of feature components,"Zhengshan Wang, Long Chen, Juan He, Linyao Yang, Fei-Yue Wang",160,,2025-4,Issue/Volume,10.1016/j.patcog.2024.111184,https://doi.org/10.1016/j.patcog.2024.111184
325,Method,Distilling heterogeneous knowledge with aligned biological entities for histological image classification,"Kang Wang, Feiyang Zheng, Dayan Guan, Jia Liu, Jing Qin",160,,2025-4,Issue/Volume,10.1016/j.patcog.2024.111173,https://doi.org/10.1016/j.patcog.2024.111173
326,Method,Recursive reservoir concatenation for salt-and-pepper denoising,"In-mo Lee, Yoojeung Kim, Taehoon Kim, Hayoung Choi, Seung Yeop Yang, Yunho Kim",160,,2025-4,Issue/Volume,10.1016/j.patcog.2024.111196,https://doi.org/10.1016/j.patcog.2024.111196
327,Method,Dynamic VAEs via semantic-aligned matching for continual zero-shot learning,"Junbo Yang, Borui Hu, Hanyu Li, Yang Liu, Xinbo Gao, Jungong Han, Fanglin Chen, Xuangou Wu",160,,2025-4,Issue/Volume,10.1016/j.patcog.2024.111199,https://doi.org/10.1016/j.patcog.2024.111199
328,Method,Negatively correlated ensemble against transfer adversarial attacks,"Yunce Zhao, Wei Huang, Wei Liu, Xin Yao",161,,2025-5,Issue/Volume,10.1016/j.patcog.2024.111155,https://doi.org/10.1016/j.patcog.2024.111155
329,Method,A game-inspired algorithm for marginal and global clustering,"Miguel de Carvalho, Gabriel Martos, Andrej Svetlošák",160,,2025-4,Issue/Volume,10.1016/j.patcog.2024.111158,https://doi.org/10.1016/j.patcog.2024.111158
330,Method,Frequency domain-based latent diffusion model for underwater image enhancement,"Jingyu Song, Haiyong Xu, Gangyi Jiang, Mei Yu, Yeyao Chen, Ting Luo, Yang Song",160,,2025-4,Issue/Volume,10.1016/j.patcog.2024.111198,https://doi.org/10.1016/j.patcog.2024.111198
331,Method,SC-VAE: Sparse coding-based variational autoencoder with learned ISTA,"Pan Xiao, Peijie Qiu, Sung Min Ha, Abdalla Bani, Shuang Zhou, Aristeidis Sotiras",161,,2025-5,Issue/Volume,10.1016/j.patcog.2024.111187,https://doi.org/10.1016/j.patcog.2024.111187
332,Method,Reviving undersampling for long-tailed learning,"Hao Yu, Yingxiao Du, Jianxin Wu",161,,2025-5,Issue/Volume,10.1016/j.patcog.2024.111200,https://doi.org/10.1016/j.patcog.2024.111200
333,Method,SEMACOL: Semantic-enhanced multi-scale approach for text-guided grayscale image colorization,"Chaochao Niu, Ming Tao, Bing-Kun Bao",160,,2025-4,Issue/Volume,10.1016/j.patcog.2024.111203,https://doi.org/10.1016/j.patcog.2024.111203
334,Method,Consistency and label constrained transfer low-rank representation for cross-light finger vein recognition,"Zhen Zhang, Lu Yang, Kuikui Wang, Xiaoming Xi, Xiushan Nie, Gongping Yang, Yilong Yin",161,,2025-5,Issue/Volume,10.1016/j.patcog.2024.111208,https://doi.org/10.1016/j.patcog.2024.111208
335,Method,Scalable and Adaptive Graph Neural Networks with Self-Label-Enhanced Training,"Chuxiong Sun, Jie Hu, Hongming Gu, Jinpeng Chen, Wei Liang, Mingchuan Yang",160,,2025-4,Issue/Volume,10.1016/j.patcog.2024.111210,https://doi.org/10.1016/j.patcog.2024.111210
336,Method,Diffusion-based framework for weakly-supervised temporal action localization,"Yuanbing Zou, Qingjie Zhao, Prodip Kumar Sarker, Shanshan Li, Lei Wang, Wangwang Liu",160,,2025-4,Issue/Volume,10.1016/j.patcog.2024.111207,https://doi.org/10.1016/j.patcog.2024.111207
337,Method,UM-CAM: Uncertainty-weighted multi-resolution class activation maps for weakly-supervised segmentation,"Jia Fu, Guotai Wang, Tao Lu, Qiang Yue, Tom Vercauteren, Sébastien Ourselin, Shaoting Zhang",160,,2025-4,Issue/Volume,10.1016/j.patcog.2024.111204,https://doi.org/10.1016/j.patcog.2024.111204
338,Method,ClickTrack: Towards real-time interactive single object tracking,"Kuiran Wang, Xuehui Yu, Wenwen Yu, Guorong Li, Xiangyuan Lan, Qixiang Ye, Jianbin Jiao, Zhenjun Han",161,,2025-5,Issue/Volume,10.1016/j.patcog.2024.111211,https://doi.org/10.1016/j.patcog.2024.111211
339,Method,Predicting pedestrian intentions with multimodal IntentFormer: A Co-learning approach,"Neha Sharma, Chhavi Dhiman, Sreedevi Indu",161,,2025-5,Issue/Volume,10.1016/j.patcog.2024.111205,https://doi.org/10.1016/j.patcog.2024.111205
340,Method,Enhancing out-of-distribution detection via diversified multi-prototype contrastive learning,"Yulong Jia, Jiaming Li, Ganlong Zhao, Shuangyin Liu, Weijun Sun, Liang Lin, Guanbin Li",161,,2025-5,Issue/Volume,10.1016/j.patcog.2024.111214,https://doi.org/10.1016/j.patcog.2024.111214
341,Method,Semantic decomposition and enhancement hashing for deep cross-modal retrieval,"Lunke Fei, Zhihao He, Wai Keung Wong, Qi Zhu, Shuping Zhao, Jie Wen",160,,2025-4,Issue/Volume,10.1016/j.patcog.2024.111225,https://doi.org/10.1016/j.patcog.2024.111225
342,Method,Multi-level network Lasso for multi-task personalized learning,"Jiankun Wang, Luhuan Fei, Lu Sun",161,,2025-5,Issue/Volume,10.1016/j.patcog.2024.111213,https://doi.org/10.1016/j.patcog.2024.111213
343,Method,Unsupervised evaluation for out-of-distribution detection,"Yuhang Zhang, Jiani Hu, Dongchao Wen, Weihong Deng",160,,2025-4,Issue/Volume,10.1016/j.patcog.2024.111212,https://doi.org/10.1016/j.patcog.2024.111212
344,Method,RSANet: Relative-sequence quality assessment network for gait recognition in the wild,"Guozhen Peng, Yunhong Wang, Shaoxiong Zhang, Rui Li, Yuwei Zhao, Annan Li",161,,2025-5,Issue/Volume,10.1016/j.patcog.2024.111219,https://doi.org/10.1016/j.patcog.2024.111219
345,Method,Semi-supervised anomaly traffic detection via multi-frequency reconstruction,"Xinglin Lian, Yu Zheng, Zhangxuan Dang, Chunlei Peng, Xinbo Gao",161,,2025-5,Issue/Volume,10.1016/j.patcog.2024.111215,https://doi.org/10.1016/j.patcog.2024.111215
346,Method,Camera-aware graph multi-domain adaptive learning for unsupervised person re-identification,"Zhidan Ran, Xiaobo Lu, Xuan Wei, Wei Liu",161,,2025-5,Issue/Volume,10.1016/j.patcog.2024.111217,https://doi.org/10.1016/j.patcog.2024.111217
347,Method,Multi-consistency for semi-supervised medical image segmentation via diffusion models,"Yunzhu Chen, Yang Liu, Manti Lu, Liyao Fu, Feng Yang",161,,2025-5,Issue/Volume,10.1016/j.patcog.2024.111216,https://doi.org/10.1016/j.patcog.2024.111216
348,Method,MSAttnFlow: Normalizing flow for unsupervised anomaly detection with multi-scale attention,"Zhengnan Hu, Xiangrui Zeng, Yiqun Li, Zhouping Yin, Erli Meng, Ziyu Wei, Leyan Zhu, Zitian Wang",161,,2025-5,Issue/Volume,10.1016/j.patcog.2024.111220,https://doi.org/10.1016/j.patcog.2024.111220
349,Method,LDH-ViT: Fine-grained visual classification through local concealment and feature selection,"Yanli Shi, Qihua Hong, Yong Yan, Jing Li",161,,2025-5,Issue/Volume,10.1016/j.patcog.2024.111224,https://doi.org/10.1016/j.patcog.2024.111224
350,Method,The level of strength of an explanation: A quantitative evaluation technique for post-hoc XAI methods,"Marilyn Bello, Rosalís Amador, María-Matilde García, Javier Del Ser, Pablo Mesejo, Óscar Cordón",161,,2025-5,Issue/Volume,10.1016/j.patcog.2024.111221,https://doi.org/10.1016/j.patcog.2024.111221
351,Method,KSOF: Leveraging kinematics and spatio-temporal optimal fusion for human motion prediction,"Rui Ding, KeHua Qu, Jin Tang",161,,2025-5,Issue/Volume,10.1016/j.patcog.2024.111206,https://doi.org/10.1016/j.patcog.2024.111206
352,Method,FrePrompter: Frequency self-prompt for all-in-one image restoration,"Zhijian Wu, Wenhui Liu, Jingchao Wang, Jun Li, Dingjiang Huang",161,,2025-5,Issue/Volume,10.1016/j.patcog.2024.111223,https://doi.org/10.1016/j.patcog.2024.111223
353,Method,MAGIC: Multi-granularity domain adaptation for text recognition,"Jia-Ying Zhang, Xiao-Qian Liu, Zhi-Yuan Xue, Xin Luo, Xin-Shun Xu",161,,2025-5,Issue/Volume,10.1016/j.patcog.2024.111229,https://doi.org/10.1016/j.patcog.2024.111229
354,Method,Exploring multi-scale forgery clues for stereo super-resolution image forgery localization,"Ziqi Sheng, Chengxi Yin, Wei Lu",161,,2025-5,Issue/Volume,10.1016/j.patcog.2024.111230,https://doi.org/10.1016/j.patcog.2024.111230
355,Method,PyramidPCD: A novel pyramid network for point cloud denoising,"Zheng Liu, Weijie Zhou, Chuchen Guo, Qinjun Qiu, Zhong Xie",161,,2025-5,Issue/Volume,10.1016/j.patcog.2024.111228,https://doi.org/10.1016/j.patcog.2024.111228
356,Method,A dual-domain deep network for high pitch CT reconstruction,"Wei Wang, Xiang-Gen Xia, Chuanjiang He",161,,2025-5,Issue/Volume,10.1016/j.patcog.2024.111233,https://doi.org/10.1016/j.patcog.2024.111233
357,Method,PA-Net: A hybrid architecture for retinal vessel segmentation,"Xuebing Luo, Lingxi Peng, Ziyan Ke, Jinhui Lin, Zhiwen Yu",161,,2025-5,Issue/Volume,10.1016/j.patcog.2024.111254,https://doi.org/10.1016/j.patcog.2024.111254
358,Method,Driver multi-task emotion recognition network based on multi-modal facial video analysis,"Guoliang Xiang, Song Yao, Xianhui Wu, Hanwen Deng, Guojie Wang, Yu Liu, Fan Li, Yong Peng",161,,2025-5,Issue/Volume,10.1016/j.patcog.2024.111241,https://doi.org/10.1016/j.patcog.2024.111241
359,Method,Adaptive Graph K-Means,"Shenfei Pei, Yuanchen Sun, Feiping Nie, Xudong Jiang, Zengwei Zheng",161,,2025-5,Issue/Volume,10.1016/j.patcog.2024.111226,https://doi.org/10.1016/j.patcog.2024.111226
360,Method,Online weighted hashing for cross-modal retrieval,"Zining Jiang, Zhenyu Weng, Runhao Li, Huiping Zhuang, Zhiping Lin",161,,2025-5,Issue/Volume,10.1016/j.patcog.2024.111232,https://doi.org/10.1016/j.patcog.2024.111232
361,Method,Local-enhanced representation for text-based person search,"Guoqing Zhang, Yuhao Chen, Yuhui Zheng, Gaven Martin, Ruili Wang",161,,2025-5,Issue/Volume,10.1016/j.patcog.2024.111247,https://doi.org/10.1016/j.patcog.2024.111247
362,Method,Dynamic multi-scale feature augmentation for inductive network representation learning,"Shicheng Cui, Deqiang Li, Jing Zhang",161,,2025-5,Issue/Volume,10.1016/j.patcog.2024.111250,https://doi.org/10.1016/j.patcog.2024.111250
363,Method,A comparative attention framework for better few-shot object detection on aerial images,"Pierre Le Jeune, Bissmella Bahaduri, Anissa Mokraoui",161,,2025-5,Issue/Volume,10.1016/j.patcog.2024.111243,https://doi.org/10.1016/j.patcog.2024.111243
364,Method,CCDFormer: A dual-backbone complex crack detection network with transformer,"Xiangkun Hu, Hua Li, Yixiong Feng, Songrong Qian, Jian Li, Shaobo Li",161,,2025-5,Issue/Volume,10.1016/j.patcog.2024.111251,https://doi.org/10.1016/j.patcog.2024.111251
365,Method,Deep metric learning in projected-hypersphere space,"Yunhao Xu, Zhentao Chen, Junlin Hu",161,,2025-5,Issue/Volume,10.1016/j.patcog.2024.111245,https://doi.org/10.1016/j.patcog.2024.111245
366,Method,Mixture-of-experts for handwriting trajectory reconstruction from IMU sensors,"Florent Imbert, Eric Anquetil, Yann Soullard, Romain Tavenard",161,,2025-5,Issue/Volume,10.1016/j.patcog.2024.111231,https://doi.org/10.1016/j.patcog.2024.111231
367,Method,Few-shot based learning recaptured image detection with multi-scale feature fusion and attention,"Israr Hussain, Shunquan Tan, Jiwu Huang",161,,2025-5,Issue/Volume,10.1016/j.patcog.2024.111248,https://doi.org/10.1016/j.patcog.2024.111248
368,Method,Cross-level interaction fusion network-based RGB-T semantic segmentation for distant targets,"Yu Chen, Xiang Li, Chao Luan, Weimin Hou, Haochen Liu, Zihui Zhu, Lian Xue, Jianqi Zhang, Delian Liu, Xin Wu, Linfang Wei, Chaochao Jian, Jinze Li",161,,2025-5,Issue/Volume,10.1016/j.patcog.2024.111218,https://doi.org/10.1016/j.patcog.2024.111218
369,Method,Stain-adaptive self-supervised learning for histopathology image analysis,"Haili Ye, Yuan-yuan Yang, Shunzhi Zhu, Da-Han Wang, Xu-Yao Zhang, Xin Yang, Heguang Huang",161,,2025-5,Issue/Volume,10.1016/j.patcog.2024.111242,https://doi.org/10.1016/j.patcog.2024.111242
370,Method,LCCo: Lending CLIP to co-segmentation,"Xin Duan, Yan Yang, Liyuan Pan, Xiabi Liu",161,,2025-5,Issue/Volume,10.1016/j.patcog.2024.111252,https://doi.org/10.1016/j.patcog.2024.111252
371,Method,A trigger-perceivable backdoor attack framework driven by image steganography,"Weixuan Tang, Jiahao Li, Yuan Rao, Zhili Zhou, Fei Peng",161,,2025-5,Issue/Volume,10.1016/j.patcog.2024.111262,https://doi.org/10.1016/j.patcog.2024.111262
372,Method,Distilled transformers with locally enhanced global representations for face forgery detection,"Yaning Zhang, Qiufu Li, Zitong Yu, Linlin Shen",161,,2025-5,Issue/Volume,10.1016/j.patcog.2024.111253,https://doi.org/10.1016/j.patcog.2024.111253
373,Method,Complementary CatBoost based on residual error for student performance prediction,"Zongwen Fan, Jin Gou, Shaoyuan Weng",161,,2025-5,Issue/Volume,10.1016/j.patcog.2024.111265,https://doi.org/10.1016/j.patcog.2024.111265
374,Method,Deep evidential clustering based on feature representation learning and belief function theory,"Lianmeng Jiao, Feng Wang, Xiaojiao Geng, Zhun-ga Liu, Feng Yang, Quan Pan",161,,2025-5,Issue/Volume,10.1016/j.patcog.2024.111261,https://doi.org/10.1016/j.patcog.2024.111261
375,Method,Query-efficient black-box ensemble attack via dynamic surrogate weighting,"Cong Hu, Zhichao He, Xiaojun Wu",161,,2025-5,Issue/Volume,10.1016/j.patcog.2024.111263,https://doi.org/10.1016/j.patcog.2024.111263
376,Method,Robust and privacy-preserving feature extractor for perturbed images,"Pengfei Gao, Jiaohua Qin, Xuyu Xiang, Yun Tan",161,,2025-5,Issue/Volume,10.1016/j.patcog.2024.111202,https://doi.org/10.1016/j.patcog.2024.111202
377,Method,Supervised contrastive deep Q-Network for imbalanced radar automatic target recognition,"Guanliang Liu, Wenchao Chen, Bo Chen, Bo Feng, Penghui Wang, Hongwei Liu",161,,2025-5,Issue/Volume,10.1016/j.patcog.2024.111264,https://doi.org/10.1016/j.patcog.2024.111264
378,Method,Local and global feature attention fusion network for face recognition,"Yu Wang, Wei Wei",161,,2025-5,Issue/Volume,10.1016/j.patcog.2024.111227,https://doi.org/10.1016/j.patcog.2024.111227
379,Method,Graph-based referring expression comprehension with expression-guided selective filtering and noun-oriented reasoning,"Jingcheng Ke, Qi Zhang, Jia Wang, Hongqing Ding, Pengfei Zhang, Jie Wen",161,,2025-5,Issue/Volume,10.1016/j.patcog.2024.111222,https://doi.org/10.1016/j.patcog.2024.111222
380,Method,Micro-community domain adaptation,"Zefeng Zheng, Shaohua Teng, Luyao Teng, Naiqi Wu, Wei Zhang",161,,2025-5,Issue/Volume,10.1016/j.patcog.2024.111270,https://doi.org/10.1016/j.patcog.2024.111270
381,Method,DeepUTF: Locating transcription factor binding sites via interpretable dual-channel encoder-decoder structure,"Pengju Ding, Jianxin Wang, Shiyue He, Xin Gao, Xu Yu, Bin Yu",161,,2025-5,Issue/Volume,10.1016/j.patcog.2024.111279,https://doi.org/10.1016/j.patcog.2024.111279
382,Method,PSSCL: A progressive sample selection framework with contrastive loss designed for noisy labels,"Qian Zhang, Yi Zhu, Filipe R. Cordeiro, Qiu Chen",161,,2025-5,Issue/Volume,10.1016/j.patcog.2024.111284,https://doi.org/10.1016/j.patcog.2024.111284
383,Method,Generalizable 3D Gaussian Splatting for novel view synthesis,"Chuyue Zhao, Xin Huang, Kun Yang, Xue Wang, Qing Wang",161,,2025-5,Issue/Volume,10.1016/j.patcog.2024.111271,https://doi.org/10.1016/j.patcog.2024.111271
384,Method,Multi-scale hierarchical feature fusion network for change detection,"Hanhong Zheng, Mingyang Zhang, Maoguo Gong, A.K. Qin, Tongfei Liu, Fenlong Jiang",161,,2025-5,Issue/Volume,10.1016/j.patcog.2024.111266,https://doi.org/10.1016/j.patcog.2024.111266
385,Method,Integrating label confidence-based feature selection for partial multi-label learning,"Qingqi Han, Liang Hu, Wanfu Gao",161,,2025-5,Issue/Volume,10.1016/j.patcog.2024.111281,https://doi.org/10.1016/j.patcog.2024.111281
386,Method,Robust multi-view subspace clustering with missing data by aligning nonlinear manifolds,"Zhan-Wang Mao, Lu Sun, Youlong Wu",161,,2025-5,Issue/Volume,10.1016/j.patcog.2024.111280,https://doi.org/10.1016/j.patcog.2024.111280
387,Method,Mutually-aware feature learning for few-shot object counting,"Yerim Jeon, Subeen Lee, Jihwan Kim, Jae-Pil Heo",161,,2025-5,Issue/Volume,10.1016/j.patcog.2024.111276,https://doi.org/10.1016/j.patcog.2024.111276
388,Method,Collaborative contrastive learning for cross-domain gaze estimation,"Lifan Xia, Yong Li, Xin Cai, Zhen Cui, Chunyan Xu, Antoni B. Chan",161,,2025-5,Issue/Volume,10.1016/j.patcog.2024.111244,https://doi.org/10.1016/j.patcog.2024.111244
389,Method,Text generation and multi-modal knowledge transfer for few-shot object detection,"Yaoyang Du, Fang Liu, Licheng Jiao, Shuo Li, Zehua Hao, Pengfang Li, Jiahao Wang, Hao Wang, Xu Liu",161,,2025-5,Issue/Volume,10.1016/j.patcog.2024.111283,https://doi.org/10.1016/j.patcog.2024.111283
390,Method,kMaXU: Medical image segmentation U-Net with k-means Mask Transformer and contrastive cluster assignment,"Chengying Huang, Zhengda Wu, Heran Xi, Jinghua Zhu",161,,2025-5,Issue/Volume,10.1016/j.patcog.2024.111274,https://doi.org/10.1016/j.patcog.2024.111274
391,Method,Self-supervised noise2noise method utilizing corrupted images with a modular network for LDCT denoising,"Yuting Zhu, Qiang He, Yudong Yao, Yueyang Teng",161,,2025-5,Issue/Volume,10.1016/j.patcog.2024.111285,https://doi.org/10.1016/j.patcog.2024.111285
392,Method,Circle-YOLO: An anchor-free lung nodule detection algorithm using bounding circle representation,"Chaosheng Tang, Feifei Zhou, Junding Sun, Yudong Zhang",161,,2025-5,Issue/Volume,10.1016/j.patcog.2024.111294,https://doi.org/10.1016/j.patcog.2024.111294
393,Method,Adaptively bypassing vision transformer blocks for efficient visual tracking,"Xiangyang Yang, Dan Zeng, Xucheng Wang, You Wu, Hengzhou Ye, Qijun Zhao, Shuiwang Li",161,,2025-5,Issue/Volume,10.1016/j.patcog.2024.111278,https://doi.org/10.1016/j.patcog.2024.111278
394,Method,CHCANet: Two-view Correspondence Pruning with Consensus-guided Hierarchical Context Aggregation,"Gang Wang, Yufei Chen, Bin Wu",161,,2025-5,Issue/Volume,10.1016/j.patcog.2024.111282,https://doi.org/10.1016/j.patcog.2024.111282
395,Method,DrKD: Decoupling response-based distillation for object detection,"Yilong Lv, Yancheng Cai, Yujie He, Min Li",161,,2025-5,Issue/Volume,10.1016/j.patcog.2024.111275,https://doi.org/10.1016/j.patcog.2024.111275
396,Method,Spatial–spectral unfolding network with mutual guidance for multispectral and hyperspectral image fusion,"Jun Yan, Kai Zhang, Qinzhu Sun, Chiru Ge, Wenbo Wan, Jiande Sun, Huaxiang Zhang",161,,2025-5,Issue/Volume,10.1016/j.patcog.2024.111277,https://doi.org/10.1016/j.patcog.2024.111277
397,Method,Capped norm based discriminant robust regression learning,"Ning Liu, Zhihui Lai, Junhong Zhang, Can Gao, Heng Kong",161,,2025-5,Issue/Volume,10.1016/j.patcog.2024.111288,https://doi.org/10.1016/j.patcog.2024.111288
398,Method,Joint radical embedding and detection for zero-shot Chinese character recognition,"Guo-Feng Luo, Da-Han Wang, Xu-Yao Zhang, Zi-Hao Lin, Shunzhi Zhu",161,,2025-5,Issue/Volume,10.1016/j.patcog.2024.111286,https://doi.org/10.1016/j.patcog.2024.111286
399,Method,KVC-onGoing: Keystroke Verification Challenge,"Giuseppe Stragapede, Ruben Vera-Rodriguez, Ruben Tolosana, Aythami Morales, Ivan DeAndres-Tame, Naser Damer, Julian Fierrez, Javier Ortega-Garcia, Alejandro Acien, Nahuel Gonzalez, Andrei Shadrikov, Dmitrii Gordin, Leon Schmitt, Daniel Wimmer, Christoph Großmann, Joerdis Krieger, Florian Heinz, Ron Krestel, Christoffer Mayer, Simon Haberl, Helena Gschrey, Yosuke Yamagishi, Sanjay Saha, Sanka Rasnayaka, Sandareka Wickramanayake, Terence Sim, Weronika Gutfeter, Adam Baran, Mateusz Krzysztoń, Przemysław Jaskóła",161,,2025-5,Issue/Volume,10.1016/j.patcog.2024.111287,https://doi.org/10.1016/j.patcog.2024.111287
400,Method,SoftPatch+: Fully unsupervised anomaly classification and segmentation,"Chengjie Wang, Xi Jiang, Bin-Bin Gao, Zhenye Gan, Yong Liu, Feng Zheng, Lizhuang Ma",161,,2025-5,Issue/Volume,10.1016/j.patcog.2024.111295,https://doi.org/10.1016/j.patcog.2024.111295
401,Method,Semantics-guided multi-task genetic programming for multi-output regression,"Chunyu Wang, Qi Chen, Bing Xue, Mengjie Zhang",161,,2025-5,Issue/Volume,10.1016/j.patcog.2024.111289,https://doi.org/10.1016/j.patcog.2024.111289
402,Method,Relative neighborhood rough feature selection and robust classification for multi-density data,"Shuang An, Yanan Zhang, Changzhong Wang",161,,2025-5,Issue/Volume,10.1016/j.patcog.2024.111303,https://doi.org/10.1016/j.patcog.2024.111303
403,Method,CTPT: Continual Test-time Prompt Tuning for vision-language models,"Fan Wang, Zhongyi Han, Xingbo Liu, Yilong Yin, Xin Gao",161,,2025-5,Issue/Volume,10.1016/j.patcog.2024.111300,https://doi.org/10.1016/j.patcog.2024.111300
404,Method,A semantic structure-based emotion-guided model for emotion-cause pair extraction,"Yuwei Wang, Yuling Li, Kui Yu, Jing Yang",161,,2025-5,Issue/Volume,10.1016/j.patcog.2024.111296,https://doi.org/10.1016/j.patcog.2024.111296
405,Method,Real face foundation representation learning for generalized deepfake detection,"Liang Shi, Jie Zhang, Zhilong Ji, Jinfeng Bai, Shiguang Shan",161,,2025-5,Issue/Volume,10.1016/j.patcog.2024.111299,https://doi.org/10.1016/j.patcog.2024.111299
406,Method,IMWA: Iterative Model Weight Averaging benefits class-imbalanced learning,"Zitong Huang, Ze Chen, Bowen Dong, Chaoqi Liang, Erjin Zhou, Wangmeng Zuo",161,,2025-5,Issue/Volume,10.1016/j.patcog.2024.111293,https://doi.org/10.1016/j.patcog.2024.111293
407,Method,MFECNet: Multi-level feature enhancement and correspondence network for few-shot anomaly detection of high-speed trains,"Wei Liu, Xiaobo Lu, Yun Wei, Zhidan Ran",161,,2025-5,Issue/Volume,10.1016/j.patcog.2024.111298,https://doi.org/10.1016/j.patcog.2024.111298
408,Method,Extrinsic kernel ridge regression classifier for Kendall’s planar shape space,"Hwiyoung Lee, Vic Patrangenaru",161,,2025-5,Issue/Volume,10.1016/j.patcog.2024.111297,https://doi.org/10.1016/j.patcog.2024.111297
409,Method,The Cascaded Forward algorithm for neural network training,"Gongpei Zhao, Tao Wang, Yi Jin, Congyan Lang, Yidong Li, Haibin Ling",161,,2025-5,Issue/Volume,10.1016/j.patcog.2024.111292,https://doi.org/10.1016/j.patcog.2024.111292
410,Method,Trapezoidal Step Scheduler for Model-Agnostic Meta-Learning in Medical Imaging,"Wingates Voon, Yan Chai Hum, Yee Kai Tee, Wun-She Yap, Khin Wee Lai, Humaira Nisar, Hamam Mokayed",161,,2025-5,Issue/Volume,10.1016/j.patcog.2024.111316,https://doi.org/10.1016/j.patcog.2024.111316
411,Method,Bidirectional modality information interaction for Visible–Infrared Person Re-identification,"Xi Yang, Huanling Liu, Nannan Wang, Xinbo Gao",161,,2025-5,Issue/Volume,10.1016/j.patcog.2024.111301,https://doi.org/10.1016/j.patcog.2024.111301
412,Method,Deep vision-based wildlife intrusion detection with colour distribution preserved generative adversarial networks,"Moorthy V, Rukkumani V",161,,2025-5,Issue/Volume,10.1016/j.patcog.2024.111272,https://doi.org/10.1016/j.patcog.2024.111272
413,Method,RestoCrowd: Image restoration coadjutant learning for hazy-weather crowd counting without weather labels,"Weihang Kong, Jienan Shen, He Li, Yang Li",161,,2025-5,Issue/Volume,10.1016/j.patcog.2024.111291,https://doi.org/10.1016/j.patcog.2024.111291
414,Method,Clinical-inspired skin lesions recognition based on deep hair removal with multi-level feature fusion,"Ling Tan, Hui Wu, Jining Zhu, Ying Liang, Jingming Xia",161,,2025-5,Issue/Volume,10.1016/j.patcog.2024.111325,https://doi.org/10.1016/j.patcog.2024.111325
415,Method,Graph neural network based on graph kernel: A survey,"Lixiang Xu, Jiawang Peng, Xiaoyi Jiang, Enhong Chen, Bin Luo",161,,2025-5,Issue/Volume,10.1016/j.patcog.2024.111307,https://doi.org/10.1016/j.patcog.2024.111307
416,Method,Deep contrastive representation learning for supervised tasks,"Chenguang Duan, Yuling Jiao, Lican Kang, Jerry Zhijian Yang, Fusheng Zhou",161,,2025-5,Issue/Volume,10.1016/j.patcog.2024.111309,https://doi.org/10.1016/j.patcog.2024.111309
417,Method,IW-ViT: Independence-Driven Weighting Vision Transformer for out-of-distribution generalization,"Weifeng Liu, Haoran Yu, YingJie Wang, Baodi Liu, Dapeng Tao, Honglong Chen",161,,2025-5,Issue/Volume,10.1016/j.patcog.2024.111308,https://doi.org/10.1016/j.patcog.2024.111308
418,Method,PlanePDM: Boundary-aware 3D planar recovery by using parallel dilated mask head,"Wenzhe Ouyang, Zenglin Xu, Qianying Zhu, Bin Shen, Yong Xu",161,,2025-5,Issue/Volume,10.1016/j.patcog.2024.111306,https://doi.org/10.1016/j.patcog.2024.111306
419,Method,Exploiting unlabeled data in few-shot learning with manifold similarity and label cleaning,"Michalis Lazarou, Tania Stathaki, Yannis Avrithis",161,,2025-5,Issue/Volume,10.1016/j.patcog.2024.111304,https://doi.org/10.1016/j.patcog.2024.111304
420,Method,Visual style prompt learning using diffusion models for blind face restoration,"Wanglong Lu, Jikai Wang, Tao Wang, Kaihao Zhang, Xianta Jiang, Hanli Zhao",161,,2025-5,Issue/Volume,10.1016/j.patcog.2024.111312,https://doi.org/10.1016/j.patcog.2024.111312
421,Method,Data-efficient multi-scale fusion vision transformer,"Hao Tang, Dawei Liu, Chengchao Shen",161,,2025-5,Issue/Volume,10.1016/j.patcog.2024.111305,https://doi.org/10.1016/j.patcog.2024.111305
422,Method,Bayesian nights: Optimizing night photography rendering with Bayesian derivative-free methods,"Simone Zini, Marco Buzzelli",161,,2025-5,Issue/Volume,10.1016/j.patcog.2024.111314,https://doi.org/10.1016/j.patcog.2024.111314
423,Method,Bimodal Masked Autoencoders with internal representation connections for electrocardiogram classification,"Yufeng Wei, Cheng Lian, Bingrong Xu, Pengbo Zhao, Honggang Yang, Zhigang Zeng",161,,2025-5,Issue/Volume,10.1016/j.patcog.2024.111311,https://doi.org/10.1016/j.patcog.2024.111311
424,Method,Region-aware mutual relational knowledge distillation for semantic segmentation,"Haowen Zheng, Xuxin Lin, Hailun Liang, Benjia Zhou, Yanyan Liang",161,,2025-5,Issue/Volume,10.1016/j.patcog.2024.111319,https://doi.org/10.1016/j.patcog.2024.111319
425,Method,Adapting ObjectBox for accurate hand detection,"Yang Yang, Jun He, Xueliang Liu, Richang Hong",161,,2025-5,Issue/Volume,10.1016/j.patcog.2024.111315,https://doi.org/10.1016/j.patcog.2024.111315
426,Method,RSPCA: Random Sample Partition and Clustering Approximation for ensemble learning of big data,"Mohammad Sultan Mahmud, Hua Zheng, Diego Garcia-Gil, Salvador García, Joshua Zhexue Huang",161,,2025-5,Issue/Volume,10.1016/j.patcog.2024.111321,https://doi.org/10.1016/j.patcog.2024.111321
427,Method,S2Reg: Structure-semantics collaborative point cloud registration,"Zongyi Xu, Xinyu Gao, Xinqi Jiang, Shiyang Cheng, Qianni Zhang, Weisheng Li, Xinbo Gao",161,,2025-5,Issue/Volume,10.1016/j.patcog.2024.111290,https://doi.org/10.1016/j.patcog.2024.111290
428,Method,GraspFast: Multi-stage lightweight 6-DoF grasp pose fast detection with RGB-D image,"Haiyuan Gui, Shanchen Pang, Xiao He, Luqi Wang, Xue Zhai, Shihang Yu, Kuijie Zhang",161,,2025-5,Issue/Volume,10.1016/j.patcog.2024.111318,https://doi.org/10.1016/j.patcog.2024.111318
429,Method,Mixed hierarchy network for image restoration,"Hu Gao, Ying Zhang, Jing Yang, Depeng Dang",161,,2025-5,Issue/Volume,10.1016/j.patcog.2024.111313,https://doi.org/10.1016/j.patcog.2024.111313
430,Method,Deep multi-view clustering with diverse and discriminative feature learning,"Junpeng Xu, Min Meng, Jigang Liu, Jigang Wu",161,,2025-5,Issue/Volume,10.1016/j.patcog.2024.111322,https://doi.org/10.1016/j.patcog.2024.111322
431,Method,AutoFuse: Automatic fusion networks for deformable medical image registration,"Mingyuan Meng, Michael Fulham, Dagan Feng, Lei Bi, Jinman Kim",161,,2025-5,Issue/Volume,10.1016/j.patcog.2024.111338,https://doi.org/10.1016/j.patcog.2024.111338
432,Method,An event-based motion scene feature extraction framework,"Zhaoxin Liu, Jinjian Wu, Guangming Shi, Wen Yang, Jupo Ma",161,,2025-5,Issue/Volume,10.1016/j.patcog.2024.111320,https://doi.org/10.1016/j.patcog.2024.111320
433,Method,Coarse is better? A new pipeline towards self-supervised learning with uncurated images,"Ke Zhu, Yin-Yin He, Jianxin Wu",161,,2025-5,Issue/Volume,10.1016/j.patcog.2024.111324,https://doi.org/10.1016/j.patcog.2024.111324
434,Method,Leveraging Transformer-based autoencoders for low-rank multi-view subspace clustering,"Yuxiu Lin, Hui Liu, Xiao Yu, Caiming Zhang",161,,2025-5,Issue/Volume,10.1016/j.patcog.2024.111331,https://doi.org/10.1016/j.patcog.2024.111331
435,Method,Enhancing knowledge distillation for semantic segmentation through text-assisted modular plugins,"Letian Wu, Shen Zhang, Chuankai Zhang, Zhenyu Zhao, Jiajun Liang, Wankou Yang",161,,2025-5,Issue/Volume,10.1016/j.patcog.2024.111329,https://doi.org/10.1016/j.patcog.2024.111329
436,Method,Source-free video domain adaptation by learning from noisy labels,"Avijit Dasgupta, C.V. Jawahar, Karteek Alahari",161,,2025-5,Issue/Volume,10.1016/j.patcog.2024.111328,https://doi.org/10.1016/j.patcog.2024.111328
437,Method,QVF: Incorporating quantile value function factorization into cooperative multi-agent reinforcement learning,"Anqi Huang, Yongli Wang, Ruoze Liu, Haochen Zou, Xiaoliang Zhou",161,,2025-5,Issue/Volume,10.1016/j.patcog.2024.111323,https://doi.org/10.1016/j.patcog.2024.111323
438,Method,PartSeg: Few-shot part segmentation via part-aware prompt learning,"Mengya Han, Heliang Zheng, Chaoyue Wang, Yong Luo, Han Hu, Jing Zhang, Bo Du",162,,2025-6,Issue/Volume,10.1016/j.patcog.2024.111326,https://doi.org/10.1016/j.patcog.2024.111326
439,Method,FrameERC: Framelet Transform Based Multimodal Graph Neural Networks for Emotion Recognition in Conversation,"Ming Li, Jiandong Shi, Lu Bai, Changqin Huang, Yunliang Jiang, Ke Lu, Shijin Wang, Edwin R. Hancock",161,,2025-5,Issue/Volume,10.1016/j.patcog.2024.111340,https://doi.org/10.1016/j.patcog.2024.111340
440,Method,Source-free domain adaptive person search,"Lan Yan, Wenbo Zheng, Kenli Li",161,,2025-5,Issue/Volume,10.1016/j.patcog.2024.111317,https://doi.org/10.1016/j.patcog.2024.111317
441,Method,Hierarchical feature selection driven by inter-category relevance and semantic independence,"Zilong Lin, Yaojin Lin, Yang Zhang, Hong Zhao",161,,2025-5,Issue/Volume,10.1016/j.patcog.2024.111335,https://doi.org/10.1016/j.patcog.2024.111335
442,Method,Class-aware Universum Inspired re-balance learning for long-tailed recognition,"Enhao Zhang, Chuanxing Geng, Songcan Chen",161,,2025-5,Issue/Volume,10.1016/j.patcog.2024.111337,https://doi.org/10.1016/j.patcog.2024.111337
443,Method,A projected gradient solution to the minimum connector problem with extensions to support vector machines,"Raul Fonseca Neto, Saulo Moraes Villela, Antonio Padua Braga",162,,2025-6,Issue/Volume,10.1016/j.patcog.2024.111339,https://doi.org/10.1016/j.patcog.2024.111339
444,Method,A neighborhood-based method for mining and fusing positive and negative false samples,"Qingwei Pan, Tiansheng Zheng, Shuqing Li, Zhiwang Zhang, Jiuchuan Jiang",161,,2025-5,Issue/Volume,10.1016/j.patcog.2025.111345,https://doi.org/10.1016/j.patcog.2025.111345
445,Method,Subspace-constrained quadratic matrix factorization: Algorithm and applications,"Zheng Zhai, Xiaohui Li",161,,2025-5,Issue/Volume,10.1016/j.patcog.2024.111333,https://doi.org/10.1016/j.patcog.2024.111333
446,Method,Deep face template protection in the wild,"Sunpill Kim, Hoyong Shin, Jae Hong Seo",162,,2025-6,Issue/Volume,10.1016/j.patcog.2024.111336,https://doi.org/10.1016/j.patcog.2024.111336
447,Method,Multi-scale implicit transformer with re-parameterization for arbitrary-scale super-resolution,"Jinchen Zhu, Mingjian Zhang, Ling Zheng, Shizhuang Weng",162,,2025-6,Issue/Volume,10.1016/j.patcog.2024.111327,https://doi.org/10.1016/j.patcog.2024.111327
448,Method,On learning discriminative embeddings for optimized top- k matching,"Soumyadeep Ghosh, Mayank Vatsa, Richa Singh, Nalini Ratha",162,,2025-6,Issue/Volume,10.1016/j.patcog.2025.111341,https://doi.org/10.1016/j.patcog.2025.111341
449,Method,SRAGAN: Saliency regularized and attended generative adversarial network for Chinese ink-wash painting style transfer,"Xiang Gao, Yuqi Zhang",162,,2025-6,Issue/Volume,10.1016/j.patcog.2025.111344,https://doi.org/10.1016/j.patcog.2025.111344
450,Method,HAN: An efficient hierarchical self-attention network for skeleton-based gesture recognition,"Jianbo Liu, Ying Wang, Shiming Xiang, Chunhong Pan",162,,2025-6,Issue/Volume,10.1016/j.patcog.2025.111343,https://doi.org/10.1016/j.patcog.2025.111343
451,Method,ACQC-LJP: Apollonius circle-based quantum clustering using Lennard-Jones potential,"Nasim Abdolmaleki, Leyli Mohammad Khanli, Mahdi Hashemzadeh, Shahin Pourbahrami",161,,2025-5,Issue/Volume,10.1016/j.patcog.2025.111342,https://doi.org/10.1016/j.patcog.2025.111342
452,Method,Edge-enhanced semi-supervised vertical convolutional neural network for tubular structure segmentation: Application to medical images,"Junyong Zhao, Liang Sun, Zhi Sun, Yanling Fu, Wei Shao, Xin Zhou, Haipeng Si, Daoqiang Zhang",162,,2025-6,Issue/Volume,10.1016/j.patcog.2024.111302,https://doi.org/10.1016/j.patcog.2024.111302
453,Method,Deep intelligent technique for person Re-identification system in surveillance images,"Ms. R. Mallika Alias Pandeeswari, Dr． G. Rajakumar",162,,2025-6,Issue/Volume,10.1016/j.patcog.2025.111349,https://doi.org/10.1016/j.patcog.2025.111349
454,Method,Cross-modal knowledge transfer for 3D point clouds via graph offset prediction,"Huang Zhang, Long Yu, Guoqi Wang, Shengwei Tian, Zaiyang Yu, Weijun Li, Xin Ning",162,,2025-6,Issue/Volume,10.1016/j.patcog.2025.111351,https://doi.org/10.1016/j.patcog.2025.111351
455,Method,Vision–language pre-training for graph-based handwritten mathematical expression recognition,"Hong-Yu Guo, Chuang Wang, Fei Yin, Xiao-Hui Li, Cheng-Lin Liu",162,,2025-6,Issue/Volume,10.1016/j.patcog.2025.111346,https://doi.org/10.1016/j.patcog.2025.111346
456,Method,Partial multi-label feature selection with feature noise,"You Wu, Peipei Li, Yizhang Zou",162,,2025-6,Issue/Volume,10.1016/j.patcog.2024.111310,https://doi.org/10.1016/j.patcog.2024.111310
457,Method,Learning better contrastive view from radiologist’s gaze,"Sheng Wang, Zihao Zhao, Zixu Zhuang, Xi Ouyang, Lichi Zhang, Zheren Li, Chong Ma, Tianming Liu, Dinggang Shen, Qian Wang",162,,2025-6,Issue/Volume,10.1016/j.patcog.2025.111350,https://doi.org/10.1016/j.patcog.2025.111350
458,Method,Implicit face model: Depth super-resolution for 3D face recognition,"Mei Wang, Ruizhuo Xu, Weihong Deng, Hua Huang",162,,2025-6,Issue/Volume,10.1016/j.patcog.2025.111353,https://doi.org/10.1016/j.patcog.2025.111353
459,Method,Unsupervised learning non-uniform face enhancement under physics-guided model of illumination decoupling,"Xin Ding, Jing Fang, Zhongyuan Wang, Qiong Liu, You Yang, Zhenyu Shu",162,,2025-6,Issue/Volume,10.1016/j.patcog.2025.111354,https://doi.org/10.1016/j.patcog.2025.111354
460,Method,Hierarchical Feature Alignment-based Progressive Addition Network for Multimodal Change Detection,"Tongfei Liu, Yan Pu, Tao Lei, Jianjian Xu, Maoguo Gong, Lifeng He, Asoke K. Nandi",162,,2025-6,Issue/Volume,10.1016/j.patcog.2025.111355,https://doi.org/10.1016/j.patcog.2025.111355
461,Method,Enhancing textual textbook question answering with large language models and retrieval augmented generation,"Hessa A. Alawwad, Areej Alhothali, Usman Naseem, Ali Alkhathlan, Amani Jamal",162,,2025-6,Issue/Volume,10.1016/j.patcog.2024.111332,https://doi.org/10.1016/j.patcog.2024.111332
462,Method,Forged presentation attack detection for ID cards on remote verification systems,"Sebastian Gonzalez, Juan E. Tapia",162,,2025-6,Issue/Volume,10.1016/j.patcog.2025.111352,https://doi.org/10.1016/j.patcog.2025.111352
463,Method,CLIP prior-guided 3D open-vocabulary occupancy prediction,"Zongkai Zhang, Bin Gao, Jingrui Ye, Huan Jin, Lihui Jiang, Wenming Yang",162,,2025-6,Issue/Volume,10.1016/j.patcog.2025.111347,https://doi.org/10.1016/j.patcog.2025.111347
464,Method,Memory-efficient cross-modal attention for RGB-X segmentation and crowd counting,"Youjia Zhang, Soyun Choi, Sungeun Hong",162,,2025-6,Issue/Volume,10.1016/j.patcog.2025.111376,https://doi.org/10.1016/j.patcog.2025.111376
465,Method,M-SEE: A multi-scale encoder enhancement framework for end-to-end Weakly Supervised Semantic Segmentation,"Ziqian Yang, Xinqiao Zhao, Chao Yao, Quan Zhang, Jimin Xiao",162,,2025-6,Issue/Volume,10.1016/j.patcog.2025.111348,https://doi.org/10.1016/j.patcog.2025.111348
466,Method,CoLo-CAM: Class activation mapping for object co-localization in weakly-labeled unconstrained videos,"Soufiane Belharbi, Shakeeb Murtaza, Marco Pedersoli, Ismail Ben Ayed, Luke McCaffrey, Eric Granger",162,,2025-6,Issue/Volume,10.1016/j.patcog.2025.111358,https://doi.org/10.1016/j.patcog.2025.111358
467,Method,Introducing Euclidean distance optimization into Softmax loss under neural collapse,"Qiang Zhang, Xiongwei Zhang, Jibin Yang, Meng Sun, Tieyong Cao",162,,2025-6,Issue/Volume,10.1016/j.patcog.2025.111400,https://doi.org/10.1016/j.patcog.2025.111400
468,Method,Context-aware prompt learning for test-time vision recognition with frozen vision-language model,"Junhui Yin, Xinyu Zhang, Lin Wu, Xiaojie Wang",162,,2025-6,Issue/Volume,10.1016/j.patcog.2025.111359,https://doi.org/10.1016/j.patcog.2025.111359
469,Method,UCR: A unified character-radical dual-supervision framework for accurate Chinese character recognition,"Qilong Li, Chongsheng Zhang",162,,2025-6,Issue/Volume,10.1016/j.patcog.2025.111373,https://doi.org/10.1016/j.patcog.2025.111373
470,Method,LCASAFormer: Cross-attention enhanced backbone network for 3D point cloud tasks,"Shuai Guo, Jinyin Cai, Yazhou Hu, Qidong Liu, Mingliang Xu",162,,2025-6,Issue/Volume,10.1016/j.patcog.2025.111361,https://doi.org/10.1016/j.patcog.2025.111361
471,Method,CDCNet: Cross-domain few-shot learning with adaptive representation enhancement,"Xueying Li, Zihang He, Lingyan Zhang, Shaojun Guo, Bin Hu, Kehua Guo",162,,2025-6,Issue/Volume,10.1016/j.patcog.2025.111382,https://doi.org/10.1016/j.patcog.2025.111382
472,Method,Trace2Vec: Detecting complex multi-step attacks with explainable graph neural network,"Wei Liu, Peng Gao, Haotian Zhang, Ke Li, Weiyong Yang, Xingshen Wei, Jiwu Shu",162,,2025-6,Issue/Volume,10.1016/j.patcog.2025.111363,https://doi.org/10.1016/j.patcog.2025.111363
473,Method,A vision and language hierarchical alignment for multimodal aspect-based sentiment analysis,"Wang Zou, Xia Sun, Qiang Lu, Xuxin Wang, Jun Feng",162,,2025-6,Issue/Volume,10.1016/j.patcog.2025.111369,https://doi.org/10.1016/j.patcog.2025.111369
474,Method,SG-CLR: Semantic representation-guided contrastive learning for self-supervised skeleton-based action recognition,"Ruyi Liu, Yi Liu, Mengyao Wu, Wentian Xin, Qiguang Miao, Xiangzeng Liu, Long Li",162,,2025-6,Issue/Volume,10.1016/j.patcog.2025.111377,https://doi.org/10.1016/j.patcog.2025.111377
475,Method,An audio watermarking method against re-recording distortions,"Guoyuan Lin, Weiqi Luo, Peijia Zheng, Jiwu Huang",162,,2025-6,Issue/Volume,10.1016/j.patcog.2025.111366,https://doi.org/10.1016/j.patcog.2025.111366
476,Method,Learning robust MLPs on graphs via cross-layer distillation from a causal perspective,"Hangyuan Du, Wenjian Wang, Weihong Zhang, Dengke Su, Liang Bai, Lu Bai, Jiye Liang",162,,2025-6,Issue/Volume,10.1016/j.patcog.2025.111367,https://doi.org/10.1016/j.patcog.2025.111367
477,Method,DCANet: Differential convolution attention network for RGB-D semantic segmentation,"Lizhi Bai, Jun Yang, Chunqi Tian, Yaoru Sun, Maoyu Mao, Yanjun Xu, Weirong Xu",162,,2025-6,Issue/Volume,10.1016/j.patcog.2025.111379,https://doi.org/10.1016/j.patcog.2025.111379
478,Method,Tensorial multi-view subspace clustering based on logarithmic n -order penalty,"Chang Liu, Hongbing Zhang, Hongtao Fan, Yajing Li",162,,2025-6,Issue/Volume,10.1016/j.patcog.2025.111384,https://doi.org/10.1016/j.patcog.2025.111384
479,Method,GLMR-Net: Global-to-local mutually reinforcing network for pneumonia segmentation and classification,"Aimei Dong, Jian Liu, Guohua Lv, Jinyong Cheng",162,,2025-6,Issue/Volume,10.1016/j.patcog.2025.111371,https://doi.org/10.1016/j.patcog.2025.111371
480,Method,Evolutionary structure learning on temporal networks using von Neumann entropy,"Shenglong Liu, Yingyue Zhang, Qiyao Huang, Zhihong Zhang",162,,2025-6,Issue/Volume,10.1016/j.patcog.2025.111370,https://doi.org/10.1016/j.patcog.2025.111370
481,Method,DBMSTN: A Dual Branch Multiscale Spatio-Temporal Network for dim-small target detection in infrared image,"Na Li, Xiangyu Yang, Huijie Zhao",162,,2025-6,Issue/Volume,10.1016/j.patcog.2025.111372,https://doi.org/10.1016/j.patcog.2025.111372
482,Method,Interpretable categorical data clustering via hypothesis testing,"Lianyu Hu, Mudi Jiang, Junjie Dong, Xinying Liu, Zengyou He",162,,2025-6,Issue/Volume,10.1016/j.patcog.2025.111364,https://doi.org/10.1016/j.patcog.2025.111364
483,Method,Temporal knowledge graph reasoning based on discriminative neighboring semantic learning,"Jinchuan Zhang, Bei Hui, Xunyang Zhu, Ling Tian, Fujun Hua",162,,2025-6,Issue/Volume,10.1016/j.patcog.2025.111392,https://doi.org/10.1016/j.patcog.2025.111392
484,Method,Optimizing domain-generalizable ReID through non-parametric normalization,"Amran Bhuiyan, Aijun An, Jimmy Xiangji Huang, Jialie Shen",162,,2025-6,Issue/Volume,10.1016/j.patcog.2025.111356,https://doi.org/10.1016/j.patcog.2025.111356
485,Method,Weak-prior dual cognitive attention lightweight network for abdominal multi-organ segmentation,"Shenhai Zheng, Jianfei Li, Haiguo Zhao, Weisheng Li, Yufei Chen, Lei Yu",162,,2025-6,Issue/Volume,10.1016/j.patcog.2025.111368,https://doi.org/10.1016/j.patcog.2025.111368
486,Method,Striving for understanding: Deconstructing neural networks in side-channel analysis,"Yimeng Chen, Bo Wang, Changshan Su, Ao Li, Gen Li, Yuxing Tang",162,,2025-6,Issue/Volume,10.1016/j.patcog.2025.111374,https://doi.org/10.1016/j.patcog.2025.111374
487,Method,Breaking boundaries: Low-precision conditional mutual information for efficient feature selection,"Laura Morán-Fernández, Eva Blanco-Mallo, Konstantinos Sechidis, Verónica Bolón-Canedo",162,,2025-6,Issue/Volume,10.1016/j.patcog.2025.111375,https://doi.org/10.1016/j.patcog.2025.111375
488,Method,SAM-guided multi-level collaborative Transformer for infrared and visible image fusion,"Lin Guo, Xiaoqing Luo, Yue Liu, Zhancheng Zhang, Xiaojun Wu",162,,2025-6,Issue/Volume,10.1016/j.patcog.2025.111391,https://doi.org/10.1016/j.patcog.2025.111391
489,Method,One-shot adaptation for cross-domain semantic segmentation in remote sensing images,"Jiaojiao Tan, Haiwei Zhang, Ning Yao, Qiang Yu",162,,2025-6,Issue/Volume,10.1016/j.patcog.2025.111390,https://doi.org/10.1016/j.patcog.2025.111390
490,Method,Lite-MixedNet: Lightweight and efficient hybrid network for medical image segmentation,"Zitong Ren, Yongming Li, Liejun Wang, Lianghui Xu",162,,2025-6,Issue/Volume,10.1016/j.patcog.2025.111378,https://doi.org/10.1016/j.patcog.2025.111378
491,Method,Local sliced Wasserstein feature sets for illumination invariant face recognition,"Yan Zhuang, Shiying Li, Mohammad Shifat-E-Rabbi, Xuwang Yin, Abu Hasnat Mohammad Rubaiyat, Gustavo K. Rohde",162,,2025-6,Issue/Volume,10.1016/j.patcog.2025.111381,https://doi.org/10.1016/j.patcog.2025.111381
492,Method,Multi-label feature selection with missing features by tolerance implication granularity information and symmetric coupled discriminant weight,"Jianhua Dai, Jie Wang",162,,2025-6,Issue/Volume,10.1016/j.patcog.2025.111365,https://doi.org/10.1016/j.patcog.2025.111365
493,Method,CGMV-EGR: A multimodal fusion framework for electromyographic gesture recognition,"Weihao Wang, Yan Liu, Fanghao Song, Jingyu Lu, Jianing Qu, Junqing Guo, Jinming Huang",162,,2025-6,Issue/Volume,10.1016/j.patcog.2025.111387,https://doi.org/10.1016/j.patcog.2025.111387
494,Method,A survey of handwriting synthesis from 2019 to 2024: A comprehensive review,"Moises Diaz, Andrea Mendoza-García, Miguel A. Ferrer, Robert Sabourin",162,,2025-6,Issue/Volume,10.1016/j.patcog.2025.111357,https://doi.org/10.1016/j.patcog.2025.111357
495,Method,Multi-domain universal representation learning for hyperspectral object tracking,"Zhuanfeng Li, Fengchao Xiong, Jianfeng Lu, Jing Wang, Diqi Chen, Jun Zhou, Yuntao Qian",162,,2025-6,Issue/Volume,10.1016/j.patcog.2025.111389,https://doi.org/10.1016/j.patcog.2025.111389
496,Method,Synthesizing forestry images conditioned on plant phenotype using a generative adversarial network,"Debasmita Pal, Arun Ross",162,,2025-6,Issue/Volume,10.1016/j.patcog.2025.111385,https://doi.org/10.1016/j.patcog.2025.111385
497,Method,DC-AD: A Divide-and-Conquer Method for Few-Shot Anomaly Detection,"Jiajun Zhang, Zhouwang Yang, Yanzhi Song",162,,2025-6,Issue/Volume,10.1016/j.patcog.2025.111360,https://doi.org/10.1016/j.patcog.2025.111360
498,Method,Gradual interaction network for stereo matching,"Aixin Chong, Hui Yin, Qianqian Du, Yanting Liu, Ming Han",162,,2025-6,Issue/Volume,10.1016/j.patcog.2025.111397,https://doi.org/10.1016/j.patcog.2025.111397
499,Method,Unbiased VQA via modal information interaction and question transformation,"Dahe Peng, Zhixin Li",162,,2025-6,Issue/Volume,10.1016/j.patcog.2025.111394,https://doi.org/10.1016/j.patcog.2025.111394
500,Method,Underwater surveillance using spatially curated perceptual loss and graph refactored network,"Meghna Kapoor, Bhargava N. Satya, Badri N. Subudhi, Vinit Jakhetiya, Ankur Bansal",162,,2025-6,Issue/Volume,10.1016/j.patcog.2025.111388,https://doi.org/10.1016/j.patcog.2025.111388
501,Method,Resolving semantic conflicts in RGB-T semantic segmentation,"Shenlu Zhao, Ziniu Jin, Qiang Jiao, Qiang Zhang, Jungong Han",162,,2025-6,Issue/Volume,10.1016/j.patcog.2025.111398,https://doi.org/10.1016/j.patcog.2025.111398
502,Method,Learnable adaptive bilateral filter for improved generalization in Single Image Super-Resolution,"Wenhao Guo, Peng Lu, Xujun Peng, Zhaoran Zhao",162,,2025-6,Issue/Volume,10.1016/j.patcog.2025.111396,https://doi.org/10.1016/j.patcog.2025.111396
503,Method,Adaptive multiple kernel clustering using low-rank representation,"Hong-Liang Dai, Lei Wang, Ye-Sen Sun, Muhammad Imran, Fatima Sehar Zaidi, Fei-Tong Lai, Xiao-Ting Lv, Ming-Feng Lian, Zi-Rong Zhang, Sha Cao, Xin-Yi Li",162,,2025-6,Issue/Volume,10.1016/j.patcog.2025.111399,https://doi.org/10.1016/j.patcog.2025.111399
504,Method,Unveiling the underwater world: CLIP perception model-guided underwater image enhancement,"Jiangzhong Cao, Zekai Zeng, Xu Zhang, Huan Zhang, Chunling Fan, Gangyi Jiang, Weisi Lin",162,,2025-6,Issue/Volume,10.1016/j.patcog.2025.111395,https://doi.org/10.1016/j.patcog.2025.111395
505,Method,Retinex-inspired underwater image enhancement with information entropy smoothing and non-uniform illumination priors,"Haiping Ma, Jiyuan Huang, Chenxu Shen, Zheheng Jiang",162,,2025-6,Issue/Volume,10.1016/j.patcog.2025.111411,https://doi.org/10.1016/j.patcog.2025.111411
506,Method,Semantic matters: A constrained approach for zero-shot video action recognition,"Zhenzhen Quan, Jialei Chen, Daisuke Deguchi, Jie Sun, Chenkai Zhang, Yujun Li, Hiroshi Murase",162,,2025-6,Issue/Volume,10.1016/j.patcog.2025.111402,https://doi.org/10.1016/j.patcog.2025.111402
507,Method,Fine-grained medical image out-of-distribution detection through multi-view feature uncertainty and adversarial sample generation,"Jie Wei, Guotai Wang, Shaoting Zhang",162,,2025-6,Issue/Volume,10.1016/j.patcog.2025.111401,https://doi.org/10.1016/j.patcog.2025.111401
508,Method,Molecular graph contrastive learning with line graph,"Xueyuan Chen, Shangzhe Li, Ruomei Liu, Bowen Shi, Jiaheng Liu, Junran Wu, Ke Xu",162,,2025-6,Issue/Volume,10.1016/j.patcog.2025.111380,https://doi.org/10.1016/j.patcog.2025.111380
509,Method,Robust decentralized federated learning for heterogeneous and non-ideal networks,"Baosheng Li, Weifeng Gao, Jin Xie, Hong Li, Maoguo Gong",162,,2025-6,Issue/Volume,10.1016/j.patcog.2025.111362,https://doi.org/10.1016/j.patcog.2025.111362
510,Method,MultiSpectral Transformer Fusion via exploiting similarity and complementarity for robust pedestrian detection,"Song Hou, Meng Yang, Wei-Shi Zheng, Shibo Gao",162,,2025-6,Issue/Volume,10.1016/j.patcog.2025.111383,https://doi.org/10.1016/j.patcog.2025.111383
511,Method,SENet: Super-resolution enhancement network for crowd counting,"Yanbo Liu, Yingxiang Hu, Guo Cao, Jin Wang",162,,2025-6,Issue/Volume,10.1016/j.patcog.2025.111420,https://doi.org/10.1016/j.patcog.2025.111420
512,Method,Towards unsupervised learning of joint facial landmark detection and head pose estimation,"Zhiming Zou, Dian Jia, Wei Tang",162,,2025-6,Issue/Volume,10.1016/j.patcog.2025.111393,https://doi.org/10.1016/j.patcog.2025.111393
513,Method,TransRefine: Transformer-augmented feature refinement for zero-shot scene classification in remote sensing images,"Rambabu Damalla, Pratik Abhijeet Bendre, Gayathri C., Rajeshreddy Datla, Vishnu Chalavadi",162,,2025-6,Issue/Volume,10.1016/j.patcog.2025.111406,https://doi.org/10.1016/j.patcog.2025.111406
514,Method,Non-conservative screening rule for sparse tensor regression,"Ruijie Liu, Yitian Xu",162,,2025-6,Issue/Volume,10.1016/j.patcog.2025.111405,https://doi.org/10.1016/j.patcog.2025.111405
515,Method,Beyond masking: Demystifying token-based pre-training for vision transformers,"Yunjie Tian, Lingxi Xie, Jiemin Fang, Jianbin Jiao, Qi Tian",162,,2025-6,Issue/Volume,10.1016/j.patcog.2025.111386,https://doi.org/10.1016/j.patcog.2025.111386
516,Method,GASC-Net: A Geospatial information-assisted network for ship classification,"Quanwei Gao, Zhixi Feng, Shuyuan Yang, Zhihao Chang, Ruoxue Li",162,,2025-6,Issue/Volume,10.1016/j.patcog.2025.111404,https://doi.org/10.1016/j.patcog.2025.111404
517,Method,Geometric self-supervision for monocular 3D animal pose estimation,"Xiaowei Dai, Shuiwang Li, Qijun Zhao, Hongyu Yang",162,,2025-6,Issue/Volume,10.1016/j.patcog.2025.111407,https://doi.org/10.1016/j.patcog.2025.111407
518,Method,HiPPO: Enhancing proximal policy optimization with highlight replay,"Shutong Zhang, Xing Chen, Zhaogeng Liu, Hechang Chen, Yi Chang",162,,2025-6,Issue/Volume,10.1016/j.patcog.2025.111408,https://doi.org/10.1016/j.patcog.2025.111408
519,Method,Image inpainting via Multi-scale Adaptive Priors,"Yufeng Wang, Dongsheng Guo, Haoru Zhao, Min Yang, Haiyong Zheng",162,,2025-6,Issue/Volume,10.1016/j.patcog.2025.111410,https://doi.org/10.1016/j.patcog.2025.111410
520,Method,TFDNet: Time–Frequency enhanced Decomposed Network for long-term time series forecasting,"Yuxiao Luo, Songming Zhang, Ziyu Lyu, Yuhan Hu",162,,2025-6,Issue/Volume,10.1016/j.patcog.2025.111412,https://doi.org/10.1016/j.patcog.2025.111412
521,Method,A closer look at the explainability of Contrastive language-image pre-training,"Yi Li, Hualiang Wang, Yiqun Duan, Jiheng Zhang, Xiaomeng Li",162,,2025-6,Issue/Volume,10.1016/j.patcog.2025.111409,https://doi.org/10.1016/j.patcog.2025.111409
522,Method,Variable multi-scale attention fusion network and adaptive correcting gradient optimization for multi-task learning,"Naihua Ji, Yongqiang Sun, Fanyun Meng, Liping Pang, Yuzhu Tian",162,,2025-6,Issue/Volume,10.1016/j.patcog.2025.111423,https://doi.org/10.1016/j.patcog.2025.111423
523,Method,Generative feature style augmentation for domain generalization in medical image segmentation,"Yunzhi Huang, Luyi Han, Haoran Dou",162,,2025-6,Issue/Volume,10.1016/j.patcog.2025.111416,https://doi.org/10.1016/j.patcog.2025.111416
524,Method,Beyond boundaries: Hierarchical-contrast unsupervised temporal action localization with high-coupling feature learning,"Yuanyuan Liu, Ning Zhou, Yuxuan Huang, Shuyang Liu, Leyuan Liu, Wujie Zhou, Chang Tang, Ke Wang",162,,2025-6,Issue/Volume,10.1016/j.patcog.2025.111421,https://doi.org/10.1016/j.patcog.2025.111421
525,Method,Interpretable multi-view clustering,"Mudi Jiang, Lianyu Hu, Zengyou He, Zhikui Chen",162,,2025-6,Issue/Volume,10.1016/j.patcog.2025.111418,https://doi.org/10.1016/j.patcog.2025.111418
526,Method,Active learning for cross-modal cardiac segmentation with sparse annotation,"Zihang Chen, Weijie Zhao, Jingyang Liu, Puguang Xie, Siyu Hou, Yongjian Nian, Xiaochao Yang, Ruiyan Ma, Haiyan Ding, Jingjing Xiao",162,,2025-6,Issue/Volume,10.1016/j.patcog.2025.111403,https://doi.org/10.1016/j.patcog.2025.111403
527,Method,Incremental clustering based on Wasserstein distance between histogram models,"Xiaotong Qian, Guénaël Cabanes, Parisa Rastin, Mohamed Alae Guidani, Ghassen Marrakchi, Marianne Clausel, Nistor Grozavu",162,,2025-6,Issue/Volume,10.1016/j.patcog.2025.111414,https://doi.org/10.1016/j.patcog.2025.111414
528,Method,Deep clustering via dual-supervised multi-kernel mapping,"Lina Ren, Ruizhang Huang, Shengwei Ma, Yongbin Qin, Yanping Chen, Chuan Lin",162,,2025-6,Issue/Volume,10.1016/j.patcog.2025.111419,https://doi.org/10.1016/j.patcog.2025.111419
529,Method,SS ViT: Observing pathologies of multi-layer perceptron weights and re-setting vision transformer,"Chao Ning, Hongping Gan",162,,2025-6,Issue/Volume,10.1016/j.patcog.2025.111422,https://doi.org/10.1016/j.patcog.2025.111422
530,Method,Memory-Guided Transformer with group attention for knee MRI diagnosis,"Rui Huang, Zonghai Huang, Hantang Zhou, Qiang Zhai, Fengjun Mu, Huayi Zhan, Hong Cheng, Xiao Yang",162,,2025-6,Issue/Volume,10.1016/j.patcog.2025.111417,https://doi.org/10.1016/j.patcog.2025.111417
531,Method,A novel 6DoF pose estimation method using transformer fusion,"Huafeng Wang, Haodu Zhang, Wanquan Liu, Zhimin Hu, Haoqi Gao, Weifeng Lv, Xianfeng Gu",162,,2025-6,Issue/Volume,10.1016/j.patcog.2025.111413,https://doi.org/10.1016/j.patcog.2025.111413
532,Method,Collaboratively enhanced and integrated detail-context information for low-light image enhancement,"Yuzhen Niu, Xiaofeng Lin, Huangbiao Xu, Rui Xu, Yuzhong Chen",162,,2025-6,Issue/Volume,10.1016/j.patcog.2025.111424,https://doi.org/10.1016/j.patcog.2025.111424
533,Method,One-hot constrained symmetric nonnegative matrix factorization for image clustering,"Jie Li, Chaoqian Li",162,,2025-6,Issue/Volume,10.1016/j.patcog.2025.111427,https://doi.org/10.1016/j.patcog.2025.111427
534,Method,FSENet: Feature suppression and enhancement network for tiny object detection,"Heng Hu, Sibao Chen, Zhihui You, Jin Tang",162,,2025-6,Issue/Volume,10.1016/j.patcog.2025.111425,https://doi.org/10.1016/j.patcog.2025.111425
535,Method,3D Points Splatting for real-time dynamic Hand Reconstruction,"Zheheng Jiang, Hossein Rahmani, Sue Black, Bryan Williams",162,,2025-6,Issue/Volume,10.1016/j.patcog.2025.111426,https://doi.org/10.1016/j.patcog.2025.111426
536,Method,Contextual and uncertainty-aware approach for multi-person pose estimation,"Pham Thanh Huu, Nguyen Thai An, Nguyen Ngoc Trung",165,,2025-9,Issue/Volume,10.1016/j.patcog.2025.111454,https://doi.org/10.1016/j.patcog.2025.111454
537,Method,ICV-Net: An identity cost volume network for multi-view stereo depth inference,"Pengpeng He, Yueju Wang, Yangsen Wen, Yong Hu, Wei He",162,,2025-6,Issue/Volume,10.1016/j.patcog.2025.111456,https://doi.org/10.1016/j.patcog.2025.111456
538,Method,A novel deep neural network for identification of sex and ethnicity based on unknown skulls,"Haibo Zhang, Qianhong Li, Xizhi Wang, Qianyi Wu, Chaohui Ma, Mingquan Zhou, Guohua Geng",162,,2025-6,Issue/Volume,10.1016/j.patcog.2025.111450,https://doi.org/10.1016/j.patcog.2025.111450
539,Method,Max360IQ: Blind omnidirectional image quality assessment with multi-axis attention,"Jiebin Yan, Ziwen Tan, Yuming Fang, Jiale Rao, Yifan Zuo",162,,2025-6,Issue/Volume,10.1016/j.patcog.2025.111429,https://doi.org/10.1016/j.patcog.2025.111429
540,Method,WtNGAN: Unpaired image translation from white light images to narrow-band images,"Qinghua Lin, Zuoyong Li, Kun Zeng, Jie Wen, Yuting Jiang, Jian Chen",162,,2025-6,Issue/Volume,10.1016/j.patcog.2025.111431,https://doi.org/10.1016/j.patcog.2025.111431
541,Method,An effective bipartite graph fusion and contrastive label correlation for multi-view multi-label classification,"Dawei Zhao, Hong Li, Yixiang Lu, Dong Sun, Qingwei Gao",162,,2025-6,Issue/Volume,10.1016/j.patcog.2025.111430,https://doi.org/10.1016/j.patcog.2025.111430
542,Method,A deep learning approach for effective classification of fingerprint patterns and human behavior analysis,"Atul Bhimrao Mokal, Brijendra Gupta",163,,2025-7,Issue/Volume,10.1016/j.patcog.2025.111439,https://doi.org/10.1016/j.patcog.2025.111439
543,Method,Knowledge enhanced prompt learning framework for financial news recommendation,"ShaoBo Sun, Xiaoming Pan, Shuang Qi, Jun Gao",163,,2025-7,Issue/Volume,10.1016/j.patcog.2025.111461,https://doi.org/10.1016/j.patcog.2025.111461
544,Method,Audio-visual representation learning via knowledge distillation from speech foundation models,"Jing-Xuan Zhang, Genshun Wan, Jianqing Gao, Zhen-Hua Ling",162,,2025-6,Issue/Volume,10.1016/j.patcog.2025.111432,https://doi.org/10.1016/j.patcog.2025.111432
545,Method,Adaptive transformer with Pyramid Fusion for cloth-changing Person Re-Identification,"Guoqing Zhang, Jieqiong Zhou, Yuhui Zheng, Gaven Martin, Ruili Wang",163,,2025-7,Issue/Volume,10.1016/j.patcog.2025.111443,https://doi.org/10.1016/j.patcog.2025.111443
546,Method,Self-supervised video object segmentation via pseudo label rectification,"Pinxue Guo, Wei Zhang, Xiaoqiang Li, Jianping Fan, Wenqiang Zhang",163,,2025-7,Issue/Volume,10.1016/j.patcog.2025.111428,https://doi.org/10.1016/j.patcog.2025.111428
547,Method,MSAN: Multiscale self-attention network for pansharpening,"Hangyuan Lu, Yong Yang, Shuying Huang, Rixian Liu, Huimin Guo",162,,2025-6,Issue/Volume,10.1016/j.patcog.2025.111441,https://doi.org/10.1016/j.patcog.2025.111441
548,Method,Real-time dual-eye collaborative eyeblink detection with contrastive learning,"Hanli Zhao, Yu Wang, Wanglong Lu, Zili Yi, Jun Liu, Minglun Gong",162,,2025-6,Issue/Volume,10.1016/j.patcog.2025.111440,https://doi.org/10.1016/j.patcog.2025.111440
549,Method,Learning from not-all-negative pairwise data and unlabeled data,"Shuying Huang, Junpeng Li, Changchun Hua, Yana Yang",163,,2025-7,Issue/Volume,10.1016/j.patcog.2025.111442,https://doi.org/10.1016/j.patcog.2025.111442
550,Method,Adaptive division and priori reinforcement part learning network for vehicle re-identification,"Xiaoying Zhou, Xi Li, Houren Zhou, Xiyu Pang, Jiachen Tian, Xiushan Nie, Cheng Wang, Yilong Yin",163,,2025-7,Issue/Volume,10.1016/j.patcog.2025.111453,https://doi.org/10.1016/j.patcog.2025.111453
551,Method,An efficient and effective pore matching method using ResCNN descriptor and local outliers,"Feng Liu, Qiuheng Wang, Yanfeng Xiao, Linlin Shen",163,,2025-7,Issue/Volume,10.1016/j.patcog.2025.111446,https://doi.org/10.1016/j.patcog.2025.111446
552,Method,Transformer-based material recognition via short-time contact sensing,"Zhenyang Liu, Yitian Shao, Qiliang Li, Jingyong Su",163,,2025-7,Issue/Volume,10.1016/j.patcog.2025.111448,https://doi.org/10.1016/j.patcog.2025.111448
553,Method,Knowledge-Driven Compositional Action Recognition,"Yang Liu, Fang Liu, Licheng Jiao, Qianyue Bao, Shuo Li, Lingling Li, Xu Liu",163,,2025-7,Issue/Volume,10.1016/j.patcog.2025.111452,https://doi.org/10.1016/j.patcog.2025.111452
554,Method,AttriDiffuser: Adversarially enhanced diffusion model for text-to-facial attribute image synthesis,"Wenfeng Song, Zhongyong Ye, Meng Sun, Xia Hou, Shuai Li, Aimin Hao",163,,2025-7,Issue/Volume,10.1016/j.patcog.2025.111447,https://doi.org/10.1016/j.patcog.2025.111447
555,Method,FedPnP: Personalized graph-structured federated learning,"Arash Rasti-Meymandi, Ahmad Sajedi, Konstantinos N. Plataniotis",163,,2025-7,Issue/Volume,10.1016/j.patcog.2025.111455,https://doi.org/10.1016/j.patcog.2025.111455
556,Method,MDFCL: Multimodal data fusion-based graph contrastive learning framework for molecular property prediction,"Xu Gong, Maotao Liu, Qun Liu, Yike Guo, Guoyin Wang",163,,2025-7,Issue/Volume,10.1016/j.patcog.2025.111463,https://doi.org/10.1016/j.patcog.2025.111463
557,Method,Edge-guided 3D reconstruction from multi-view sketches and RGB images,"Wuzhen Shi, Aixue Yin, Yingxiang Li, Yang Wen",163,,2025-7,Issue/Volume,10.1016/j.patcog.2025.111462,https://doi.org/10.1016/j.patcog.2025.111462
558,Method,Infrared and visible image fusion via dual encoder based on dense connection,"Quan Lu, Hongbin Zhang, Linfei Yin",163,,2025-7,Issue/Volume,10.1016/j.patcog.2025.111476,https://doi.org/10.1016/j.patcog.2025.111476
559,Method,MSS-PAE: Saving Autoencoder-based Outlier Detection from Unexpected Reconstruction,"Xu Tan, Jiawei Yang, Junqi Chen, Sylwan Rahardja, Susanto Rahardja",163,,2025-7,Issue/Volume,10.1016/j.patcog.2025.111467,https://doi.org/10.1016/j.patcog.2025.111467
560,Method,SSDFusion: A scene-semantic decomposition approach for visible and infrared image fusion,"Rui Ming, Yixian Xiao, Xinyu Liu, Guolong Zheng, Guobao Xiao",163,,2025-7,Issue/Volume,10.1016/j.patcog.2025.111457,https://doi.org/10.1016/j.patcog.2025.111457
561,Method,Multi-Level Knowledge Distillation with Positional Encoding Enhancement,"Lixiang Xu, Zhiwen Wang, Lu Bai, Shengwei Ji, Bing Ai, Xiaofeng Wang, Philip S. Yu",163,,2025-7,Issue/Volume,10.1016/j.patcog.2025.111458,https://doi.org/10.1016/j.patcog.2025.111458
562,Method,Weakly supervised 3D human pose estimation based on PnP projection model,"Xiaoyan Zhang, Yunlai Chen, Huaijing Lai, Hongzheng Zhang",163,,2025-7,Issue/Volume,10.1016/j.patcog.2025.111464,https://doi.org/10.1016/j.patcog.2025.111464
563,Method,A complementary dual model for weakly supervised salient object detection,"Liyuan Chen, Dawei Zhang, Xiao Wang, Chang Wan, Shan Jin, Zhonglong Zheng",163,,2025-7,Issue/Volume,10.1016/j.patcog.2025.111465,https://doi.org/10.1016/j.patcog.2025.111465
564,Method,CDN4: A cross-view Deep Nearest Neighbor Neural Network for fine-grained few-shot classification,"Xiaoxu Li, Shuo Ding, Jiyang Xie, Xiaochen Yang, Zhanyu Ma, Jing-Hao Xue",163,,2025-7,Issue/Volume,10.1016/j.patcog.2025.111466,https://doi.org/10.1016/j.patcog.2025.111466
565,Method,Preserving logical and functional dependencies in synthetic tabular data,"Chaithra Umesh, Kristian Schultz, Manjunath Mahendra, Saptarshi Bej, Olaf Wolkenhauer",163,,2025-7,Issue/Volume,10.1016/j.patcog.2025.111459,https://doi.org/10.1016/j.patcog.2025.111459
566,Method,AMLCA: Additive multi-layer convolution-guided cross-attention network for visible and infrared image fusion,"Dongliang Wang, Chuang Huang, Hao Pan, Yuan Sun, Jian Dai, Yanan Li, Zhenwen Ren",163,,2025-7,Issue/Volume,10.1016/j.patcog.2025.111468,https://doi.org/10.1016/j.patcog.2025.111468
567,Method,Inversed Pyramid Network with Spatial-adapted and Task-oriented Tuning for few-shot learning,"Xiaowei Zhao, Duorui Wang, Shihao Bai, Shuo Wang, Yajun Gao, Yu Liang, Yuqing Ma, Xianglong Liu",164,,2025-8,Issue/Volume,10.1016/j.patcog.2025.111415,https://doi.org/10.1016/j.patcog.2025.111415
568,Method,Prompt-Ladder: Memory-efficient prompt tuning for vision-language models on edge devices,"Siqi Cai, Xuan Liu, Jingling Yuan, Qihua Zhou",163,,2025-7,Issue/Volume,10.1016/j.patcog.2025.111460,https://doi.org/10.1016/j.patcog.2025.111460
569,Method,Multi-definition Deepfake detection via semantics reduction and cross-domain training,"Cairong Zhao, Chutian Wang, Zifan Song, Guosheng Hu, Liang Wang, Duoqian Miao",163,,2025-7,Issue/Volume,10.1016/j.patcog.2025.111469,https://doi.org/10.1016/j.patcog.2025.111469
570,Method,DiffFace: Diffusion-based face swapping with facial guidance,"Kihong Kim, Yunho Kim, Seokju Cho, Junyoung Seo, Jisu Nam, Kychul Lee, Seungryong Kim, KwangHee Lee",163,,2025-7,Issue/Volume,10.1016/j.patcog.2025.111451,https://doi.org/10.1016/j.patcog.2025.111451
571,Method,Learning physical-aware diffusion priors for zero-shot restoration of scattering-affected images,"Yuanjian Qiao, Mingwen Shao, Lingzhuang Meng, Wangmeng Zuo",163,,2025-7,Issue/Volume,10.1016/j.patcog.2025.111473,https://doi.org/10.1016/j.patcog.2025.111473
572,Method,AAGCN: An adaptive data augmentation for graph contrastive learning,"Peng Qin, Yaochun Lu, Weifu Chen, Defang Li, Guocan Feng",163,,2025-7,Issue/Volume,10.1016/j.patcog.2025.111471,https://doi.org/10.1016/j.patcog.2025.111471
573,Method,Tensor Transformer for hyperspectral image classification,"Wei-Tao Zhang, Yv Bai, Sheng-Di Zheng, Jian Cui, Zhen-zhen Huang",163,,2025-7,Issue/Volume,10.1016/j.patcog.2025.111470,https://doi.org/10.1016/j.patcog.2025.111470
574,Method,AdaNet: A competitive adaptive convolutional neural network for spectral information identification,"Ziyang Li, Yang Yu, Chongbo Yin, Yan Shi",163,,2025-7,Issue/Volume,10.1016/j.patcog.2025.111472,https://doi.org/10.1016/j.patcog.2025.111472
575,Method,Refining attention weights for facial super-resolution with counterfactual attention learning,"Jayanthi Raghavan, Majid Ahmadi",164,,2025-8,Issue/Volume,10.1016/j.patcog.2025.111491,https://doi.org/10.1016/j.patcog.2025.111491
576,Method,Texture and noise dual adaptation for infrared image super-resolution,"Yongsong Huang, Tomo Miyazaki, Xiaofeng Liu, Yafei Dong, Shinichiro Omachi",163,,2025-7,Issue/Volume,10.1016/j.patcog.2025.111449,https://doi.org/10.1016/j.patcog.2025.111449
577,Method,Deep learning pathways for automatic sign language processing,"Mukhiddin Toshpulatov, Wookey Lee, Jaesung Jun, Suan Lee",164,,2025-8,Issue/Volume,10.1016/j.patcog.2025.111475,https://doi.org/10.1016/j.patcog.2025.111475
578,Method,Embedded multi-label feature selection via orthogonal regression,"Xueyuan Xu, Fulin Wei, Tianze Yu, Jinxin Lu, Aomei Liu, Li Zhuo, Feiping Nie, Xia Wu",163,,2025-7,Issue/Volume,10.1016/j.patcog.2025.111477,https://doi.org/10.1016/j.patcog.2025.111477
579,Method,ALStereo: Active learning for stereo matching,"Jiawei Zhang, Jiahe Li, Meiying Gu, Xiaohan Yu, Jin Zheng, Xiao Bai, Edwin Hancock",164,,2025-8,Issue/Volume,10.1016/j.patcog.2025.111480,https://doi.org/10.1016/j.patcog.2025.111480
580,Method,Robust shortcut and disordered robustness: Improving adversarial training through adaptive smoothing,"Lin Li, Michael Spratling",163,,2025-7,Issue/Volume,10.1016/j.patcog.2025.111474,https://doi.org/10.1016/j.patcog.2025.111474
581,Method,Optical remote sensing image salient object detection via bidirectional cross-attention and attention restoration,"Yubin Gu, Siting Chen, Xiaoshuai Sun, Jiayi Ji, Yiyi Zhou, Rongrong Ji",164,,2025-8,Issue/Volume,10.1016/j.patcog.2025.111478,https://doi.org/10.1016/j.patcog.2025.111478
582,Method,Multi-view diabetic retinopathy grading via cross-view spatial alignment and adaptive vessel reinforcing,"Yuxin Lin, Xiaoyan Dou, Xiaoling Luo, Zhihao Wu, Chengliang Liu, Tianyi Luo, Jie Wen, Bingo Wing-kuen Ling, Yong Xu, Wei Wang",164,,2025-8,Issue/Volume,10.1016/j.patcog.2025.111487,https://doi.org/10.1016/j.patcog.2025.111487
583,Method,Token-aware and step-aware acceleration for Stable Diffusion,"Ting Zhen, Jiale Cao, Xuebin Sun, Jing Pan, Zhong Ji, Yanwei Pang",164,,2025-8,Issue/Volume,10.1016/j.patcog.2025.111479,https://doi.org/10.1016/j.patcog.2025.111479
584,Method,Balanced Multi-modal Learning with Hierarchical Fusion for Fake News Detection,"Fei Wu, Shu Chen, Guangwei Gao, Yimu Ji, Xiao-Yuan Jing",164,,2025-8,Issue/Volume,10.1016/j.patcog.2025.111485,https://doi.org/10.1016/j.patcog.2025.111485
585,Method,On inferring prototypes for multi-label few-shot learning via partial aggregation,"Pengfei Fang, Zhihong Chen, Hui Xue",164,,2025-8,Issue/Volume,10.1016/j.patcog.2025.111482,https://doi.org/10.1016/j.patcog.2025.111482
586,Method,Auxiliary action unit model for facial expression adversarial training,"Yudao Sun, Fan Zhang, Minjiao Yang",164,,2025-8,Issue/Volume,10.1016/j.patcog.2025.111493,https://doi.org/10.1016/j.patcog.2025.111493
587,Method,Confucius tri-learning: A paradigm of learning from both good examples and bad examples,"Peng Ren, Zongjun Han, Zhiqiang Yu, Bin Zhang",163,,2025-7,Issue/Volume,10.1016/j.patcog.2025.111481,https://doi.org/10.1016/j.patcog.2025.111481
588,Method,A robust transductive distribution calibration method for few-shot learning,"Jingcong Li, Chunjin Ye, Fei Wang, Jiahui Pan",163,,2025-7,Issue/Volume,10.1016/j.patcog.2025.111488,https://doi.org/10.1016/j.patcog.2025.111488
589,Method,A perturbed match filtering approach for face image quality assessment,"Yuying Zhao, Mei Wang, Jiani Hu, Weihong Deng, Chun-Guang Li",164,,2025-8,Issue/Volume,10.1016/j.patcog.2025.111492,https://doi.org/10.1016/j.patcog.2025.111492
590,Method,Unsupervised feature selection via maximum relevance and minimum global redundancy,"Xianyu Zuo, Wenbo Zhang, Xiangyu Wang, Lanxue Dang, Baojun Qiao, Yadi Wang",164,,2025-8,Issue/Volume,10.1016/j.patcog.2025.111483,https://doi.org/10.1016/j.patcog.2025.111483
591,Method,Cross-modality average precision optimization for visible thermal person re-identification,"Yongguo Ling, Zhiming Luo, Dazhen Lin, Shaozi Li, Min Jiang, Nicu Sebe, Zhun Zhong",164,,2025-8,Issue/Volume,10.1016/j.patcog.2025.111489,https://doi.org/10.1016/j.patcog.2025.111489
592,Method,Rank Gap Sensitive Deep AUC maximization for CTR prediction,"Fangyuan Luo, Yankai Chen, Jun Wu, Yidong Li",164,,2025-8,Issue/Volume,10.1016/j.patcog.2025.111496,https://doi.org/10.1016/j.patcog.2025.111496
593,Method,Extremely fast graph integration for semi-supervised learning via Gaussian fields with Neumann approximation,"Taehwan Yun, Myung Jun Kim, Hyunjung Shin",164,,2025-8,Issue/Volume,10.1016/j.patcog.2025.111495,https://doi.org/10.1016/j.patcog.2025.111495
594,Method,Multimodal urban traffic flow prediction based on multi-scale time series imaging,"Qinzhi Lv, Lijuan Liu, Ruotong Yang, Yan Wang",164,,2025-8,Issue/Volume,10.1016/j.patcog.2025.111499,https://doi.org/10.1016/j.patcog.2025.111499
595,Method,A Bayesian dual-pathway network for unsupervised domain adaptation,"Yuhang He, Junzhe Chen, Jiehua Zhang, Wei Ke, Yihong Gong",164,,2025-8,Issue/Volume,10.1016/j.patcog.2025.111498,https://doi.org/10.1016/j.patcog.2025.111498
596,Method,Multimodal fusion via voting network for 3D object detection in indoors,"Jianxin Li, Guannan Si, Xinyu Liang, Zhaoliang An, Pengxin Tian, Fengyu Zhou, Xiaoliang Wang",164,,2025-8,Issue/Volume,10.1016/j.patcog.2025.111501,https://doi.org/10.1016/j.patcog.2025.111501
597,Method,Attention-based vector quantized variational autoencoder for anomaly detection by using orthogonal subspace constraints,"Qien Yu, Shengxin Dai, Ran Dong, Soichiro Ikuno",164,,2025-8,Issue/Volume,10.1016/j.patcog.2025.111500,https://doi.org/10.1016/j.patcog.2025.111500
598,Method,Deep reinforcement learning for efficient registration between intraoral-scan meshes and CT images,"Seungpil Choi, Seoyeon Jang, Sunghee Jung, Heon Jae Cho, Byunghwan Jeon",164,,2025-8,Issue/Volume,10.1016/j.patcog.2025.111502,https://doi.org/10.1016/j.patcog.2025.111502
599,Method,Iterative knowledge distillation and pruning for model compression in unsupervised domain adaptation,"Zhiyuan Wang, Long Shi, Zhen Mei, Xiang Zhao, Zhe Wang, Jun Li",164,,2025-8,Issue/Volume,10.1016/j.patcog.2025.111512,https://doi.org/10.1016/j.patcog.2025.111512
600,Method,CGViT: Cross-image GroupViT for zero-shot semantic segmentation,"Jie Jiang, Xingjian He, Xinxin Zhu, Weining Wang, Jing Liu",164,,2025-8,Issue/Volume,10.1016/j.patcog.2025.111505,https://doi.org/10.1016/j.patcog.2025.111505
601,Method,Progressive class-aware instance enhancement for aircraft detection in remote sensing imagery,"Tianjun Shi, Jinnan Gong, Jianming Hu, Yu Sun, Guangzhen Bao, Pengfei Zhang, Junjie Wang, Xiyang Zhi, Wei Zhang",164,,2025-8,Issue/Volume,10.1016/j.patcog.2025.111503,https://doi.org/10.1016/j.patcog.2025.111503
602,Method,GAD: Domain generalized diabetic retinopathy grading by grade-aware de-stylization,"Qi Bi, Jingjun Yi, Hao Zheng, Haolan Zhan, Yawen Huang, Wei Ji, Yuexiang Li, Yefeng Zheng",164,,2025-8,Issue/Volume,10.1016/j.patcog.2025.111484,https://doi.org/10.1016/j.patcog.2025.111484
603,Method,Mask-Aware 3D axial transformer for video inpainting,"Hongyi Sun, Wanhua Li, Jiwen Lu, Jie Zhou",164,,2025-8,Issue/Volume,10.1016/j.patcog.2025.111509,https://doi.org/10.1016/j.patcog.2025.111509
604,Method,Learning multi-granularity representation with transformer for visible-infrared person re-identification,"Yujian Feng, Feng Chen, Guozi Sun, Fei Wu, Yimu Ji, Tianliang Liu, Shangdong Liu, Xiao-Yuan Jing, Jiebo Luo",164,,2025-8,Issue/Volume,10.1016/j.patcog.2025.111510,https://doi.org/10.1016/j.patcog.2025.111510
605,Method,RhythmFormer: Extracting patterned rPPG signals based on periodic sparse attention,"Bochao Zou, Zizheng Guo, Jiansheng Chen, Junbao Zhuo, Weiran Huang, Huimin Ma",164,,2025-8,Issue/Volume,10.1016/j.patcog.2025.111511,https://doi.org/10.1016/j.patcog.2025.111511
606,Method,Learning to Restore Arbitrary Hybrid adverse weather Conditions in one go,"Yecong Wan, Mingwen Shao, Yuanshuo Cheng, Yuexian Liu, Zhiyuan Bao",164,,2025-8,Issue/Volume,10.1016/j.patcog.2025.111504,https://doi.org/10.1016/j.patcog.2025.111504
607,Method,TextDiff: Enhancing scene text image super-resolution with mask-guided residual diffusion models,"Baolin Liu, Zongyuan Yang, Chinwai Chiu, Yongping Xiong",164,,2025-8,Issue/Volume,10.1016/j.patcog.2025.111513,https://doi.org/10.1016/j.patcog.2025.111513
608,Method,S 2 DiNet: Towards lightweight and fast high-resolution dichotomous image segmentation,"Shuhan Chen, Haonan Tang, Yuan Huang, Lifeng Zhang, Xuelong Hu",164,,2025-8,Issue/Volume,10.1016/j.patcog.2025.111506,https://doi.org/10.1016/j.patcog.2025.111506
609,Method,TSTKD: Triple-spike train kernel-driven supervised learning algorithm,"Guojun Chen, Guoen Wang",164,,2025-8,Issue/Volume,10.1016/j.patcog.2025.111525,https://doi.org/10.1016/j.patcog.2025.111525
610,Method,Unsupervised group re-identification from aerial perspective via strategic member harmonization,"Hongxu Chen, Quan Zhang, Xiaohua Xie, Jianhuang Lai",164,,2025-8,Issue/Volume,10.1016/j.patcog.2025.111508,https://doi.org/10.1016/j.patcog.2025.111508
611,Method,An efficient approach for finger vein verification to solving the biometric recognition technique,"Dharmalingam Muthusamy, Rakkimuthu Ponnusamy",164,,2025-8,Issue/Volume,10.1016/j.patcog.2025.111563,https://doi.org/10.1016/j.patcog.2025.111563
612,Method,A generically Contrastive Spatiotemporal Representation Enhancement for 3D skeleton action recognition,"Shaojie Zhang, Jianqin Yin, Yonghao Dang",164,,2025-8,Issue/Volume,10.1016/j.patcog.2025.111521,https://doi.org/10.1016/j.patcog.2025.111521
613,Method,TLR-3DRN: Unsupervised single-view reconstruction via tri-layer renderer,"HaoYu Guo, Ying Li, Chunyan Deng",164,,2025-8,Issue/Volume,10.1016/j.patcog.2025.111568,https://doi.org/10.1016/j.patcog.2025.111568
614,Method,CLEAR: Cross-Transformers With Pre-Trained Language Model for Person Attribute Recognition and Retrieval,"Doanh C. Bui, Thinh V. Le, Ba Hung Ngo, Tae Jong Choi",164,,2025-8,Issue/Volume,10.1016/j.patcog.2025.111486,https://doi.org/10.1016/j.patcog.2025.111486
615,Method,Multi-Agent policy gradients with dynamic weighted value decomposition,"Shifei Ding, Xiaomin Dong, Jian Zhang, Lili Guo, Wei Du, Chenglong Zhang",164,,2025-8,Issue/Volume,10.1016/j.patcog.2025.111576,https://doi.org/10.1016/j.patcog.2025.111576
616,Method,AFIFC: Adaptive fuzzy neighborhood mutual information-based feature selection via label correlation,"Lin Sun, Feng Xu, Weiping Ding, Jiucheng Xu",164,,2025-8,Issue/Volume,10.1016/j.patcog.2025.111577,https://doi.org/10.1016/j.patcog.2025.111577
617,Method,ADGaze: Anisotropic Gaussian Label Distribution Learning for fine-grained gaze estimation,"Duantengchuan Li, Shutong Wang, Wanli Zhao, Lingyun Kang, Liangshan Dong, Jiazhang Wang, Xiaoguang Wang",164,,2025-8,Issue/Volume,10.1016/j.patcog.2025.111536,https://doi.org/10.1016/j.patcog.2025.111536
618,Method,EACE: Explain Anomaly via Counterfactual Explanations,"Peng Zhou, Qihui Tong, Shiji Chen, Yunyun Zhang, Xindong Wu",164,,2025-8,Issue/Volume,10.1016/j.patcog.2025.111532,https://doi.org/10.1016/j.patcog.2025.111532
619,Method,Bridging domain spaces for unsupervised domain adaptation,"Jaemin Na, Heechul Jung, Hyung Jin Chang, Wonjun Hwang",164,,2025-8,Issue/Volume,10.1016/j.patcog.2025.111537,https://doi.org/10.1016/j.patcog.2025.111537
620,Method,Behavior capture guided engagement recognition,"Yijun Bei, Songyuan Guo, Kewei Gao, Zunlei Feng",164,,2025-8,Issue/Volume,10.1016/j.patcog.2025.111534,https://doi.org/10.1016/j.patcog.2025.111534
621,Method,REHair: Efficient hairstyle transfer robust to face misalignment,"Yiwen Xu, Liping Ling, Qingxu Lin, Ying Fang, Tiesong Zhao",164,,2025-8,Issue/Volume,10.1016/j.patcog.2025.111533,https://doi.org/10.1016/j.patcog.2025.111533
622,Method,Meta-learning of pseudo force field generation and estimation for enhancing 3D molecular property prediction,"Yufei Luo, Heran Yang, Jian Sun",164,,2025-8,Issue/Volume,10.1016/j.patcog.2025.111531,https://doi.org/10.1016/j.patcog.2025.111531
623,Method,HIAN: A hybrid interactive attention network for multimodal sarcasm detection,"Yongtang Bao, Xin Zhao, Peng Zhang, Yue Qi, Haojie Li",164,,2025-8,Issue/Volume,10.1016/j.patcog.2025.111535,https://doi.org/10.1016/j.patcog.2025.111535
624,Method,NRGAN: A Noise-resilient GAN with adaptive feature modulation for SAR image segmentation,"Shuo Lian, Jianchao Fan, Jun Wang",164,,2025-8,Issue/Volume,10.1016/j.patcog.2025.111490,https://doi.org/10.1016/j.patcog.2025.111490
625,Method,Leveraging facial landmarks improves generalization ability for deepfake detection,"Qi Gao, Baopeng Zhang, Jianghao Wu, Wenxin Luo, Zhu Teng, Jianping Fan",164,,2025-8,Issue/Volume,10.1016/j.patcog.2025.111528,https://doi.org/10.1016/j.patcog.2025.111528
626,Method,DEVICE: Depth and Visual Concepts Aware Transformer for OCR-based image captioning,"Dongsheng Xu, Qingbao Huang, Xingmao Zhang, Haonan Cheng, Feng Shuang, Yi Cai",164,,2025-8,Issue/Volume,10.1016/j.patcog.2025.111522,https://doi.org/10.1016/j.patcog.2025.111522
627,Method,Guiding Prototype Networks with label semantics for few-shot text classification,"Xinyue Liu, Yunlong Gao, Linlin Zong, Wenxin Liang, Bo Xu",164,,2025-8,Issue/Volume,10.1016/j.patcog.2025.111497,https://doi.org/10.1016/j.patcog.2025.111497
628,Method,Zero-Shot Sketch-Based Image Retrieval with teacher-guided and student-centered cross-modal bidirectional knowledge distillation,"Jiale Du, Yang Liu, Xinbo Gao, Jungong Han, Lei Zhang",164,,2025-8,Issue/Volume,10.1016/j.patcog.2025.111529,https://doi.org/10.1016/j.patcog.2025.111529
629,Method,Low-light image enhancement via Clustering Contrastive Learning for visual recognition,"Guanglei Sheng, Gang Hu, Xiaofeng Wang, Wei Chen, Jinlin Jiang",164,,2025-8,Issue/Volume,10.1016/j.patcog.2025.111554,https://doi.org/10.1016/j.patcog.2025.111554
630,Method,Contrastive Domain Adaptation with Test-Time Training for Out-of-Context News Detection,"Yimeng Gu, Mengqi Zhang, Ignacio Castro, Shu Wu, Gareth Tyson",164,,2025-8,Issue/Volume,10.1016/j.patcog.2025.111530,https://doi.org/10.1016/j.patcog.2025.111530
631,Method,A bijective inference network for interpretable identification of RNA N 6 -methyladenosine modification sites,"Guodong Li, Yue Yang, Dongxu Li, Xiaorui Su, Zhi Zeng, Pengwei Hu, Lun Hu",164,,2025-8,Issue/Volume,10.1016/j.patcog.2025.111541,https://doi.org/10.1016/j.patcog.2025.111541
632,Method,Contribution-based imbalanced hybrid resampling ensemble,"Lingyun Zhao, Fei Han, Qinghua Ling, Yubin Ge, Yuze Zhang, Qing Liu, Henry Han",164,,2025-8,Issue/Volume,10.1016/j.patcog.2025.111553,https://doi.org/10.1016/j.patcog.2025.111553
633,Method,Adaptive spatial and scale label assignment for anchor-free object detection,"Min Dang, Gang Liu, Chao Chen, Di Wang, Xike Li, Quan Wang",164,,2025-8,Issue/Volume,10.1016/j.patcog.2025.111549,https://doi.org/10.1016/j.patcog.2025.111549
634,Method,Self-randomized focuses effectively boost metric-based few-shot classifiers,"Zhen Li, Zhongyuan Liu, Dongliang Chang, Aneeshan Sain, Xiaoxu Li, Zhanyu Ma, Jing-Hao Xue, Yi-Zhe Song",164,,2025-8,Issue/Volume,10.1016/j.patcog.2025.111538,https://doi.org/10.1016/j.patcog.2025.111538
635,Method,Concept-guided domain generalization for semantic segmentation,"Muxin Liao, Wei Li, Chengle Yin, Yuling Jin, Yingqiong Peng",164,,2025-8,Issue/Volume,10.1016/j.patcog.2025.111550,https://doi.org/10.1016/j.patcog.2025.111550
636,Method,MPE: Multi-frame prediction error-based video anomaly detection framework for robust anomaly inference,"Yujun Kim, Young-Gab Kim",164,,2025-8,Issue/Volume,10.1016/j.patcog.2025.111595,https://doi.org/10.1016/j.patcog.2025.111595
637,Method,SyntaPulse: An unsupervised framework for sentiment annotation and semantic topic extraction,"Hadis Bashiri, Hassan Naderi",164,,2025-8,Issue/Volume,10.1016/j.patcog.2025.111593,https://doi.org/10.1016/j.patcog.2025.111593
638,Method,Interpretable 2.5D network by hierarchical attention and consistency learning for 3D MRI classification,"Shuting Pang, Yidi Chen, Xiaoshuang Shi, Rui Wang, Mingzhe Dai, Xiaofeng Zhu, Bin Song, Kang Li",164,,2025-8,Issue/Volume,10.1016/j.patcog.2025.111539,https://doi.org/10.1016/j.patcog.2025.111539
639,Method,Neural Normalized Cut: A differential and generalizable approach for spectral clustering,"Wei He, Shangzhi Zhang, Chun-Guang Li, Xianbiao Qi, Rong Xiao, Jun Guo",164,,2025-8,Issue/Volume,10.1016/j.patcog.2025.111545,https://doi.org/10.1016/j.patcog.2025.111545
640,Method,Anisotropic multiresolution analyses for deepfake detection,"Wei Huang, Michelangelo Valsecchi, Michael Multerer",164,,2025-8,Issue/Volume,10.1016/j.patcog.2025.111551,https://doi.org/10.1016/j.patcog.2025.111551
641,Method,HaarFuse: A dual-branch infrared and visible light image fusion network based on Haar wavelet transform,"Yuequn Wang, Jie Liu, Jianli Wang, Leqiang Yang, Bo Dong, Zhengwei Li",164,,2025-8,Issue/Volume,10.1016/j.patcog.2025.111594,https://doi.org/10.1016/j.patcog.2025.111594
642,Method,SAPFormer: Shape-aware propagation Transformer for point clouds,"Gang Xiao, Sihan Ge, Yangsheng Zhong, Zhongcheng Xiao, Junfeng Song, Jiawei Lu",164,,2025-8,Issue/Volume,10.1016/j.patcog.2025.111578,https://doi.org/10.1016/j.patcog.2025.111578
643,Method,Tensor-based incomplete multiple kernel clustering with auto-weighted late fusion alignment,"Xiaoxing Guo, Gui-Fu Lu",164,,2025-8,Issue/Volume,10.1016/j.patcog.2025.111601,https://doi.org/10.1016/j.patcog.2025.111601
644,Method,Graph augmentation guided federated knowledge distillation for multisite functional MRI analysis,"Qianqian Wang, Junhao Zhang, Long Li, Lishan Qiao, Pew-Thian Yap, Mingxia Liu",164,,2025-8,Issue/Volume,10.1016/j.patcog.2025.111559,https://doi.org/10.1016/j.patcog.2025.111559
645,Method,Balanced seed selection for K-means clustering with determinantal point process,"Namita Bajpai, Jiaul H. Paik, Sudeshna Sarkar",164,,2025-8,Issue/Volume,10.1016/j.patcog.2025.111548,https://doi.org/10.1016/j.patcog.2025.111548
646,Method,Robustifying vision transformer for image forgery localization with multi-exit architectures,"Zenan Shi, Haipeng Chen, Dong Zhang",164,,2025-8,Issue/Volume,10.1016/j.patcog.2025.111565,https://doi.org/10.1016/j.patcog.2025.111565
647,Method,Efficient Sampling-based Gaussian Processes for few-shot semantic segmentation,"Xin-Yi Zhang, Xian-Kai Lu, Yi-Long Yin, Han-Jia Ye, De-Chuan Zhan",164,,2025-8,Issue/Volume,10.1016/j.patcog.2025.111542,https://doi.org/10.1016/j.patcog.2025.111542
648,Method,Meta-distribution-based ensemble sampler for imbalanced semi-supervised learning,"Zhihan Ning, Chaoxun Guo, David Zhang",164,,2025-8,Issue/Volume,10.1016/j.patcog.2025.111552,https://doi.org/10.1016/j.patcog.2025.111552
649,Method,DC-CLIP: Multilingual CLIP Compression via vision-language distillation and vision-language alignment,"Wenbo Zhang, Yifan Zhang, Jianfeng Lin, Binqiang Huang, Jinlu Zhang, Wenhao Yu",164,,2025-8,Issue/Volume,10.1016/j.patcog.2025.111547,https://doi.org/10.1016/j.patcog.2025.111547
650,Method,Dynamic feature regularized loss for weakly supervised semantic segmentation,"Bingfeng Zhang, Jimin Xiao, Yao Zhao",164,,2025-8,Issue/Volume,10.1016/j.patcog.2025.111540,https://doi.org/10.1016/j.patcog.2025.111540
651,Method,HMSFT: Hierarchical Multi-scale Spatial-Frequency-Temporal collaborative transformer for 3D human pose estimation,"Hehao Zhang, Zhengping Hu, Shuai Bi, Jirui Di, Zhe Sun",164,,2025-8,Issue/Volume,10.1016/j.patcog.2025.111562,https://doi.org/10.1016/j.patcog.2025.111562
652,Method,Spectral approximation of Gaussian random graph Laplacians and applications to pattern recognition,"Rajeev Airani, Sachin Kamble",164,,2025-8,Issue/Volume,10.1016/j.patcog.2025.111555,https://doi.org/10.1016/j.patcog.2025.111555
653,Method,Deep Wavelet Temporal-Frequency Attention for nonlinear fMRI factorization in ASD,"Fengqin Wang, Hengjin Ke, Hongyin Ma, Yunbo Tang",165,,2025-9,Issue/Volume,10.1016/j.patcog.2025.111543,https://doi.org/10.1016/j.patcog.2025.111543
654,Method,Hierarchy-Based Diagram-Sentence Matching on Dual-Modal Graphs,"Wenjun Wu, Lingling Zhang, Jun Liu, Ming Ren, Xin Hu, Jiaxin Wang, Qianying Wang",165,,2025-9,Issue/Volume,10.1016/j.patcog.2025.111556,https://doi.org/10.1016/j.patcog.2025.111556
655,Method,An information bottleneck approach for feature selection,"Qi Zhang, Mingfei Lu, Shujian Yu, Jingmin Xin, Badong Chen",164,,2025-8,Issue/Volume,10.1016/j.patcog.2025.111564,https://doi.org/10.1016/j.patcog.2025.111564
656,Method,Hierarchical multi-granular multi-label contrastive learning,"Haixiang Li, Min Fang, Xiao Li, Bo Chen, Guizhi Wang",164,,2025-8,Issue/Volume,10.1016/j.patcog.2025.111567,https://doi.org/10.1016/j.patcog.2025.111567
657,Method,A feature pair-based neural network embedded decision tree for synergistic drug combination prediction,"Jiayu Zou, Lianlian Wu, Kunhong Liu, Yong Xu, Song He, Xiaochen Bo",164,,2025-8,Issue/Volume,10.1016/j.patcog.2025.111608,https://doi.org/10.1016/j.patcog.2025.111608
658,Method,Dual structure-aware consensus graph learning for incomplete multi-view clustering,"Lilei Sun, Wai Keung Wong, Yusen Fu, Jie Wen, Mu Li, Yuwu Lu, Lunke Fei",165,,2025-9,Issue/Volume,10.1016/j.patcog.2025.111582,https://doi.org/10.1016/j.patcog.2025.111582
659,Method,Attention-driven acoustic properties learning for underwater target ranging,"Xiaohui Chu, Hantao Zhou, Yan Zhang, Yachao Zhang, Runze Hu, Haoran Duan, Yawen Huang, Yefeng Zheng, Rongrong Ji",164,,2025-8,Issue/Volume,10.1016/j.patcog.2025.111560,https://doi.org/10.1016/j.patcog.2025.111560
660,Method,Identity-aware infrared person image generation and re-identification via controllable diffusion model,"Xizhuo Yu, Chaojie Fan, Zhizhong Zhang, Yongbo Wang, Chunyang Chen, Tianjian Yu, Yong Peng",165,,2025-9,Issue/Volume,10.1016/j.patcog.2025.111561,https://doi.org/10.1016/j.patcog.2025.111561
661,Method,Unsupervised multiplex graph representation learning via maximizing coding rate reduction,"Xin Wang, Liang Peng, Rongyao Hu, Ping Hu, Xiaofeng Zhu",165,,2025-9,Issue/Volume,10.1016/j.patcog.2025.111557,https://doi.org/10.1016/j.patcog.2025.111557
662,Method,Randomized quaternion tensor UTV decompositions for color image and color video processing,"Liqiao Yang, Jifei Miao, Tai-Xiang Jiang, Yanlin Zhang, Kit Ian Kou",165,,2025-9,Issue/Volume,10.1016/j.patcog.2025.111580,https://doi.org/10.1016/j.patcog.2025.111580
663,Method,Robust trajectory forecasting in autonomous systems using mixtures of Student’s T-distributions with T-DistNet,"Adrien Lafage, Gianni Franchi, Mathieu Barbier, David Filliat",165,,2025-9,Issue/Volume,10.1016/j.patcog.2025.111524,https://doi.org/10.1016/j.patcog.2025.111524
664,Method,LMFNet: Lightweight Multimodal Fusion Network for high-resolution remote sensing image segmentation,"Tong Wang, Guanzhou Chen, Xiaodong Zhang, Chenxi Liu, Jiaqi Wang, Xiaoliang Tan, Wenlin Zhou, Chanjuan He",164,,2025-8,Issue/Volume,10.1016/j.patcog.2025.111579,https://doi.org/10.1016/j.patcog.2025.111579
665,Method,Layerlink: Bridging remote sensing object detection and large vision models with efficient fine-tuning,"Xingkui Zhu, Dingkang Liang, Xingyu Jiang, Yiran Guan, Yuliang Liu, Yingying Zhu, Xiang Bai",165,,2025-9,Issue/Volume,10.1016/j.patcog.2025.111583,https://doi.org/10.1016/j.patcog.2025.111583
666,Method,Granular-ball computing-based Random Walk for anomaly detection,"Sihan Wang, Zhong Yuan, Shitong Cheng, Hongmei Chen, Dezhong Peng",165,,2025-9,Issue/Volume,10.1016/j.patcog.2025.111588,https://doi.org/10.1016/j.patcog.2025.111588
667,Method,Partial multi-label feature selection based on label distribution learning,"Yaojin Lin, Yulin Li, Shidong Lin, Lei Guo, Yu Mao",164,,2025-8,Issue/Volume,10.1016/j.patcog.2025.111523,https://doi.org/10.1016/j.patcog.2025.111523
668,Method,Transformer-driven feature fusion network and visual feature coding for multi-label image classification,"Pingzhu Liu, Wenbin Qian, Jintao Huang, Yanqiang Tu, Yiu-Ming Cheung",164,,2025-8,Issue/Volume,10.1016/j.patcog.2025.111584,https://doi.org/10.1016/j.patcog.2025.111584
669,Method,Online Signature Verification based on the Lagrange formulation with 2D and 3D robotic models,"Moises Diaz, Miguel A. Ferrer, Juan M. Gil, Rafael Rodriguez, Peirong Zhang, Lianwen Jin",164,,2025-8,Issue/Volume,10.1016/j.patcog.2025.111581,https://doi.org/10.1016/j.patcog.2025.111581
670,Method,Domain consistency learning for continual test-time adaptation in image semantic segmentation,"Yanyu Ye, Wei Wei, Lei Zhang, Chen Ding, Yanning Zhang",165,,2025-9,Issue/Volume,10.1016/j.patcog.2025.111585,https://doi.org/10.1016/j.patcog.2025.111585
671,Method,Eye-SCAN: Eye-Movement-Attention-based Spatial Channel Adaptive Network for traffic accident prediction,"Xiaohui Yang, Yu Qiao, Tongzhen Si, Jing Wang, Tao Xu",165,,2025-9,Issue/Volume,10.1016/j.patcog.2025.111590,https://doi.org/10.1016/j.patcog.2025.111590
672,Method,Self-supervised polarization image dehazing method via frequency domain generative adversarial networks,"Rui Sun, Long Chen, Tanbin Liao, Zhiguo Fan",165,,2025-9,Issue/Volume,10.1016/j.patcog.2025.111615,https://doi.org/10.1016/j.patcog.2025.111615
673,Method,3D microvascular reconstruction in retinal OCT angiography images via domain-adaptive learning,"Jiong Zhang, Shuai Yu, Yonghuai Liu, Dan Zhang, Jianyang Xie, Tao Chen, Yalin Zheng, Huazhu Fu, Yitian Zhao",165,,2025-9,Issue/Volume,10.1016/j.patcog.2025.111494,https://doi.org/10.1016/j.patcog.2025.111494
674,Method,Real-world nighttime image dehazing using contrastive and adversarial learning,"Jingwen Deng, Patrick P.K. Chan, Daniel S. Yeung",165,,2025-9,Issue/Volume,10.1016/j.patcog.2025.111596,https://doi.org/10.1016/j.patcog.2025.111596
675,Method,Learning position-aware implicit neural network for real-world face inpainting,"Bo Zhao, Huan Yang, Jianlong Fu",165,,2025-9,Issue/Volume,10.1016/j.patcog.2025.111598,https://doi.org/10.1016/j.patcog.2025.111598
676,Method,Generalizable person re-identification method using bi-stream interactive learning with feature reconstruction,"Feng Min, Yuhui Liu, Yixin Mao",165,,2025-9,Issue/Volume,10.1016/j.patcog.2025.111591,https://doi.org/10.1016/j.patcog.2025.111591
677,Method,Multi-modal hypergraph contrastive learning for medical image segmentation,"Weipeng Jing, Junze Wang, Donglin Di, Dandan Li, Yang Song, Lei Fan",165,,2025-9,Issue/Volume,10.1016/j.patcog.2025.111544,https://doi.org/10.1016/j.patcog.2025.111544
678,Method,MSKA: Multi-stream keypoint attention network for sign language recognition and translation,"Mo Guan, Yan Wang, Guangkun Ma, Jiarui Liu, Mingzu Sun",165,,2025-9,Issue/Volume,10.1016/j.patcog.2025.111602,https://doi.org/10.1016/j.patcog.2025.111602
679,Method,Integrated subset selection and bandwidth estimation algorithm for geographically weighted regression,"Hyunwoo Lee, Young Woong Park",165,,2025-9,Issue/Volume,10.1016/j.patcog.2025.111589,https://doi.org/10.1016/j.patcog.2025.111589
680,Method,Disentanglement and codebook learning-induced feature match network to diagnose neurodegenerative diseases on incomplete multimodal data,"Wei Xiong, Tao Wang, Xiumei Chen, Yue Zhang, Wencong Zhang, Qianjin Feng, Meiyan Huang",165,,2025-9,Issue/Volume,10.1016/j.patcog.2025.111597,https://doi.org/10.1016/j.patcog.2025.111597
681,Method,DSDC-NET: Semi-supervised superficial OCTA vessel segmentation for false positive reduction,"Xinyi Liu, Hailan Shen, Wenyan Zhong, Wanqing Xiong, Zailiang Chen",165,,2025-9,Issue/Volume,10.1016/j.patcog.2025.111592,https://doi.org/10.1016/j.patcog.2025.111592
682,Method,Brain anatomy prior modeling to forecast clinical progression of cognitive impairment with structural MRI,"Lintao Zhang, Jinjian Wu, Lihong Wang, Li Wang, David C. Steffens, Shijun Qiu, Guy G. Potter, Mingxia Liu",165,,2025-9,Issue/Volume,10.1016/j.patcog.2025.111603,https://doi.org/10.1016/j.patcog.2025.111603
683,Method,Adaptively robust high-order tensor factorization for low-rank tensor reconstruction,"Zihao Song, Yongyong Chen, Zhao Weihua",165,,2025-9,Issue/Volume,10.1016/j.patcog.2025.111600,https://doi.org/10.1016/j.patcog.2025.111600
684,Method,Rank-revealing fully-connected tensor network decomposition and its application to tensor completion,"Yun-Yang Liu, Xi-Le Zhao, Gemine Vivone",165,,2025-9,Issue/Volume,10.1016/j.patcog.2025.111610,https://doi.org/10.1016/j.patcog.2025.111610
685,Method,Indoor scene multi-object tracking based on region search and memory buffer pool,"Yang Li, Guanci Yang, Zhidong Su, Shaobo Li, Jing Yang, Ling He",165,,2025-9,Issue/Volume,10.1016/j.patcog.2025.111623,https://doi.org/10.1016/j.patcog.2025.111623
686,Method,FILP-3D: Enhancing 3D few-shot class-incremental learning with pre-trained vision-language models,"Wan Xu, Tianyu Huang, Tianyuan Qu, Guanglei Yang, Yiwen Guo, Wangmeng Zuo",165,,2025-9,Issue/Volume,10.1016/j.patcog.2025.111558,https://doi.org/10.1016/j.patcog.2025.111558
687,Method,Online Asymmetric Supervised Discrete Cross-Modal Hashing for Streaming Multimedia Data,"Fan Yang, Xinqi Liu, Fumin Ma, Xiaojian Ding, Kaixiang Wang",165,,2025-9,Issue/Volume,10.1016/j.patcog.2025.111604,https://doi.org/10.1016/j.patcog.2025.111604
688,Method,Time-intervals-related pattern selection for continuous event prediction,"Nevo Itzhak, Szymon Jaroszewicz, Robert Moskovitch",168,,2025-12,Issue/Volume,10.1016/j.patcog.2025.111546,https://doi.org/10.1016/j.patcog.2025.111546
689,Method,Class activation map guided level sets for weakly supervised semantic segmentation,"Yifan Wang, Gerald Schaefer, Xiyao Liu, Jing Dong, Linglin Jing, Ye Wei, Xianghua Xie, Hui Fang",165,,2025-9,Issue/Volume,10.1016/j.patcog.2025.111566,https://doi.org/10.1016/j.patcog.2025.111566
690,Method,Learning hyperspectral noisy label with global and local hypergraph laplacian energy,"Cheng Shi, Linfeng Lu, Minghua Zhao, Xinhong Hei, Chi-Man Pun, Qiguang Miao",165,,2025-9,Issue/Volume,10.1016/j.patcog.2025.111606,https://doi.org/10.1016/j.patcog.2025.111606
691,Method,Cascade residual learning based adaptive feature aggregation for light field super-resolution,"Hao Zhang, Wenhui Zhou, Lili Lin, Andrew Lumsdaine",165,,2025-9,Issue/Volume,10.1016/j.patcog.2025.111616,https://doi.org/10.1016/j.patcog.2025.111616
692,Method,Dynamic accumulated attention map for interpreting evolution of decision-making in vision transformer,"Yi Liao, Yongsheng Gao, Weichuan Zhang",165,,2025-9,Issue/Volume,10.1016/j.patcog.2025.111607,https://doi.org/10.1016/j.patcog.2025.111607
693,Method,Bidirectional trained tree-structured decoder for Handwritten Mathematical Expression Recognition,"Hanbo Cheng, Chenyu Liu, Pengfei Hu, Zhenrong Zhang, Jiefeng Ma, Jun Du",165,,2025-9,Issue/Volume,10.1016/j.patcog.2025.111599,https://doi.org/10.1016/j.patcog.2025.111599
694,Method,Visual fidelity and full-scale interaction driven network for infrared and visible image fusion,"Liye Mei, Xinglong Hu, Zhaoyi Ye, Zhiwei Ye, Chuan Xu, Sheng Liu, Cheng Lei",165,,2025-9,Issue/Volume,10.1016/j.patcog.2025.111612,https://doi.org/10.1016/j.patcog.2025.111612
695,Method,Complementary label learning with multi-view data and a semi-supervised labeling mechanism,"Long Tang, Yelei Liu, Yingjie Tian, Panos M Pardalos",165,,2025-9,Issue/Volume,10.1016/j.patcog.2025.111651,https://doi.org/10.1016/j.patcog.2025.111651
696,Method,Automated design of neural networks with multi-scale convolutions via multi-path weight sampling,"Junhao Huang, Bing Xue, Yanan Sun, Mengjie Zhang, Gary G. Yen",165,,2025-9,Issue/Volume,10.1016/j.patcog.2025.111605,https://doi.org/10.1016/j.patcog.2025.111605
697,Method,UniHDSA: A unified relation prediction approach for hierarchical document structure analysis,"Jiawei Wang, Kai Hu, Qiang Huo",165,,2025-9,Issue/Volume,10.1016/j.patcog.2025.111617,https://doi.org/10.1016/j.patcog.2025.111617
698,Method,Video summarization with temporal-channel visual transformer,"Xiaoyan Tian, Ye Jin, Zhao Zhang, Peng Liu, Xianglong Tang",165,,2025-9,Issue/Volume,10.1016/j.patcog.2025.111631,https://doi.org/10.1016/j.patcog.2025.111631
699,Method,A novel heterogeneous data classification approach combining gradient boosting decision trees and hybrid structure model,"Feng Xu, Yuting Huang, Hui Wang, Zizhu Fan",165,,2025-9,Issue/Volume,10.1016/j.patcog.2025.111614,https://doi.org/10.1016/j.patcog.2025.111614
700,Method,Cycle-VQA: A Cycle-Consistent Framework for Robust Medical Visual Question Answering,"Lin Fan, Xun Gong, Cenyang Zheng, Xuli Tan, Jiao Li, Yafei Ou",165,,2025-9,Issue/Volume,10.1016/j.patcog.2025.111609,https://doi.org/10.1016/j.patcog.2025.111609
701,Method,Adversarial temporal sentence grounding by learning from external data,"Tingting Han, Kai Wang, Jun Yu, Sicheng Zhao, Jianping Fan",165,,2025-9,Issue/Volume,10.1016/j.patcog.2025.111621,https://doi.org/10.1016/j.patcog.2025.111621
702,Method,Leveraging multi-level regularization for efficient Domain Adaptation of Black-box Predictors,"Wei Li, Wenyi Zhao, Xipeng Pan, Pengcheng Zhou, Huihua Yang",165,,2025-9,Issue/Volume,10.1016/j.patcog.2025.111611,https://doi.org/10.1016/j.patcog.2025.111611
703,Method,FN-NET: Adaptive data augmentation network for fine-grained visual categorization,"Shuo Ye, Qinmu Peng, Yiu-ming Cheung, Yu Wang, Ziqian Zou, Xinge You",165,,2025-9,Issue/Volume,10.1016/j.patcog.2025.111618,https://doi.org/10.1016/j.patcog.2025.111618
704,Method,Single source domain generalization for palm biometrics,"Congcong Jia, Xingbo Dong, Yen Lung Lai, Andrew Beng Jin Teoh, Ziyuan Yang, Xiaoyan Zhang, Liwen Wang, Zhe Jin, Lianqiang Yang",165,,2025-9,Issue/Volume,10.1016/j.patcog.2025.111620,https://doi.org/10.1016/j.patcog.2025.111620
705,Method,Deepfake detection with domain generalization and mask-guided supervision,"Jicheng Li, Yongjian Hu, Beibei Liu, Huimin She, Chang-Tsun Li",165,,2025-9,Issue/Volume,10.1016/j.patcog.2025.111622,https://doi.org/10.1016/j.patcog.2025.111622
706,Method,Hyperspectral image restoration via the collaboration of low-rank tensor denoising and completion,"Tianheng Zhang, Jianli Zhao, Sheng Fang, Zhe Li, Qing Zhang, Maoguo Gong",165,,2025-9,Issue/Volume,10.1016/j.patcog.2025.111629,https://doi.org/10.1016/j.patcog.2025.111629
707,Method,Multi-information Fusion Graph Convolutional Network for cancer driver gene identification,"Die Hu, Yanbei Liu, Xiao Wang, Lei Geng, Fang Zhang, Zhitao Xiao, Jerry Chun-Wei Lin",165,,2025-9,Issue/Volume,10.1016/j.patcog.2025.111619,https://doi.org/10.1016/j.patcog.2025.111619
708,Method,Trace Back and Go Ahead: Completing partial annotation for continual semantic segmentation,"Yuxuan Luo, Jinpeng Chen, Runmin Cong, Horace Ho Shing Ip, Sam Kwong",165,,2025-9,Issue/Volume,10.1016/j.patcog.2025.111613,https://doi.org/10.1016/j.patcog.2025.111613
709,Method,SymGraphAU: Prior knowledge based symbolic graph for action unit recognition,"Weicheng Xie, Fan Yang, Junliang Zhang, Siyang Song, Linlin Shen, Zitong Yu, Cheng Luo",165,,2025-9,Issue/Volume,10.1016/j.patcog.2025.111640,https://doi.org/10.1016/j.patcog.2025.111640
710,Method,Advancing evolution characterization in dynamic networks: A quantum walk and thermodynamics perspective,"Deng Pan, Yingyue Zhang, Shenglong Liu, Zhihong Zhang",165,,2025-9,Issue/Volume,10.1016/j.patcog.2025.111630,https://doi.org/10.1016/j.patcog.2025.111630
711,Method,Partial consistent adversarial unified framework for unsupervised non-contrast CT cross-domain adaptation and segmentation,"Qikui Zhu, Yanqing Wang, Shaoming Zhu, Bo Du",165,,2025-9,Issue/Volume,10.1016/j.patcog.2025.111638,https://doi.org/10.1016/j.patcog.2025.111638
712,Method,All-in-one weather removal via Multi-Depth Gated Transformer with gradient modulation,"Xiang Li, Jianwu Li",165,,2025-9,Issue/Volume,10.1016/j.patcog.2025.111643,https://doi.org/10.1016/j.patcog.2025.111643
713,Method,Cross-testing methodology for pattern learning and model transfer in rare fog events detection,Gaetano Zazzaro,165,,2025-9,Issue/Volume,10.1016/j.patcog.2025.111649,https://doi.org/10.1016/j.patcog.2025.111649
714,Method,Boundary-aware and cross-modal fusion network for enhanced multi-modal brain tumor segmentation,Tongxue Zhou,165,,2025-9,Issue/Volume,10.1016/j.patcog.2025.111637,https://doi.org/10.1016/j.patcog.2025.111637
715,Method,Implicit Image-to-Image Schrödinger Bridge for image restoration,"Yuang Wang, Siyeop Yoon, Pengfei Jin, Matthew Tivnan, Sifan Song, Zhennong Chen, Rui Hu, Li Zhang, Quanzheng Li, Zhiqiang Chen, Dufan Wu",165,,2025-9,Issue/Volume,10.1016/j.patcog.2025.111627,https://doi.org/10.1016/j.patcog.2025.111627
716,Method,Data-driven recognition of uncertainty by integrating matrix factorization and kernel smoothing methods,"Ying Kou, Zhong Wan, Dandan Zhao",165,,2025-9,Issue/Volume,10.1016/j.patcog.2025.111650,https://doi.org/10.1016/j.patcog.2025.111650
717,Method,Infrared small target detection based on hypergraph and asymmetric penalty function,"Yuan Luo, Xiaorun Li, Shuhan Chen",165,,2025-9,Issue/Volume,10.1016/j.patcog.2025.111634,https://doi.org/10.1016/j.patcog.2025.111634
718,Method,CSA: Cross-scale alignment with adaptive semantic aggregation and filter for image–text retrieval,"Zheng Liu, Junhao Xu, Shanshan Gao, Zhumin Chen",165,,2025-9,Issue/Volume,10.1016/j.patcog.2025.111647,https://doi.org/10.1016/j.patcog.2025.111647
719,Method,FaTNET: Feature-alignment transformer network for human pose transfer,"Yu Luo, Chengzhi Yuan, Lin Gao, Weiwei Xu, Xiaosong Yang, Pengjie Wang",165,,2025-9,Issue/Volume,10.1016/j.patcog.2025.111626,https://doi.org/10.1016/j.patcog.2025.111626
720,Method,Generative compositor for few-shot visual information extraction,"Zhibo Yang, Wei Hua, Sibo Song, Cong Yao, Yingying Zhu, Wenqing Cheng, Xiang Bai",165,,2025-9,Issue/Volume,10.1016/j.patcog.2025.111624,https://doi.org/10.1016/j.patcog.2025.111624
721,Method,Stochastic limited memory bundle algorithm for clustering in big data,"Napsu Karmitsa, Ville-Pekka Eronen, Marko M. Mäkelä, Tapio Pahikkala, Antti Airola",165,,2025-9,Issue/Volume,10.1016/j.patcog.2025.111654,https://doi.org/10.1016/j.patcog.2025.111654
722,Method,Granular Ball K-Class Twin Support Vector Classifier,"M.A. Ganaie, Vrushank Ahire, Anouck Girard",166,,2025-10,Issue/Volume,10.1016/j.patcog.2025.111636,https://doi.org/10.1016/j.patcog.2025.111636
723,Method,Cross-task and time-aware adversarial attack framework for perception of autonomous driving,"Yantao Lu, Ning Liu, Yilan Li, Jinchao Chen, Senem Velipasalar",165,,2025-9,Issue/Volume,10.1016/j.patcog.2025.111652,https://doi.org/10.1016/j.patcog.2025.111652
724,Method,Scaled robust linear embedding with adaptive neighbors preserving,"Yunlong Gao, Qinting Wu, Xinjing Wang, Tingting Lin, Jinyan Pan, Chao Cao, Guifang Shao, Qingyuan Zhu, Feiping Nie",165,,2025-9,Issue/Volume,10.1016/j.patcog.2025.111625,https://doi.org/10.1016/j.patcog.2025.111625
725,Method,Beyond mask: Rethinking guidance types in few-shot segmentation,"Shijie Chang, Youwei Pang, Xiaoqi Zhao, Huchuan Lu, Lihe Zhang",165,,2025-9,Issue/Volume,10.1016/j.patcog.2025.111635,https://doi.org/10.1016/j.patcog.2025.111635
726,Method,Confidence guided semi-supervised cross-modality person re-identification,"Xiaoke Zhu, Lingyun Dong, Xiaopan Chen, Xinyu Zhang, Fumin Qi, Xiao-Yuan Jing",165,,2025-9,Issue/Volume,10.1016/j.patcog.2025.111669,https://doi.org/10.1016/j.patcog.2025.111669
727,Method,Robustly solving P n L problem using Clifford tori,"Yinlong Liu, Xueli Liu, Shengyong Ding, Zhi-Xin Yang",166,,2025-10,Issue/Volume,10.1016/j.patcog.2025.111659,https://doi.org/10.1016/j.patcog.2025.111659
728,Method,Multi-grained contrast for data-efficient unsupervised representation learning,"Chengchao Shen, Jianzhong Chen, Jianxin Wang",165,,2025-9,Issue/Volume,10.1016/j.patcog.2025.111655,https://doi.org/10.1016/j.patcog.2025.111655
729,Method,Scene-enhanced multi-scale temporal aware network for video moment retrieval,"Di Wang, Yousheng Yu, Shaofeng Li, Haodi Zhong, Xiao Liang, Lin Zhao",165,,2025-9,Issue/Volume,10.1016/j.patcog.2025.111642,https://doi.org/10.1016/j.patcog.2025.111642
730,Method,Multi-granularity interaction and feature recombination network for fine-grained visual classification,"Xiao Ke, Yuhang Cai, Baitao Chen, Hao Liu, Wenzhong Guo",166,,2025-10,Issue/Volume,10.1016/j.patcog.2025.111632,https://doi.org/10.1016/j.patcog.2025.111632
731,Method,Hierarchical diffusion models for generating various pattern vehicles in infrared aerial images,"Nan Zhang, Youmeng Liu, Hao Liu, Tian Tian, Jiayi Ma, Jinwen Tian",166,,2025-10,Issue/Volume,10.1016/j.patcog.2025.111658,https://doi.org/10.1016/j.patcog.2025.111658
732,Method,Language–Image Consistency Augmentation and Distillation Network for visual grounding,"Xiao Ke, Peirong Xu, Wenzhong Guo",166,,2025-10,Issue/Volume,10.1016/j.patcog.2025.111663,https://doi.org/10.1016/j.patcog.2025.111663
733,Method,Spectral Contrastive Clustering,"Jerome Williams, Antonio Robles-Kelly",166,,2025-10,Issue/Volume,10.1016/j.patcog.2025.111671,https://doi.org/10.1016/j.patcog.2025.111671
734,Method,Co-evidential fusion with information volume for semi-supervised medical image segmentation,"Yuanpeng He, Lijian Li, Tianxiang Zhan, Chi-Man Pun, Wenpin Jiao, Zhi Jin",166,,2025-10,Issue/Volume,10.1016/j.patcog.2025.111639,https://doi.org/10.1016/j.patcog.2025.111639
735,Method,Skew-probabilistic neural networks for learning from imbalanced data,"Shraddha M. Naik, Tanujit Chakraborty, Madhurima Panja, Abdenour Hadid, Bibhas Chakraborty",165,,2025-9,Issue/Volume,10.1016/j.patcog.2025.111677,https://doi.org/10.1016/j.patcog.2025.111677
736,Method,MDSI: Pluggable Multi-strategy Decoupling with Semantic Integration for RGB-D Gesture Recognition,"Fengyi Fang, Zihan Liao, Zhehan Kan, Guijin Wang, Wenming Yang",166,,2025-10,Issue/Volume,10.1016/j.patcog.2025.111653,https://doi.org/10.1016/j.patcog.2025.111653
737,Method,Corner selection and dual network blender for efficient view synthesis in outdoor scenes,"Mohannad Al-Jaafari, Firas Abedi, You Yang, Qiong Liu",166,,2025-10,Issue/Volume,10.1016/j.patcog.2025.111668,https://doi.org/10.1016/j.patcog.2025.111668
738,Method,Domain generalization for image classification with dynamic decision boundary,"Zhiming Cheng, Mingxia Liu, Defu Yang, Zhidong Zhao, Chenggang Yan, Shuai Wang",166,,2025-10,Issue/Volume,10.1016/j.patcog.2025.111678,https://doi.org/10.1016/j.patcog.2025.111678
739,Method,Improving imbalanced medical image classification through GAN-based data augmentation methods,"Hongwei Ding, Nana Huang, Yaoxin Wu, Xiaohui Cui",166,,2025-10,Issue/Volume,10.1016/j.patcog.2025.111680,https://doi.org/10.1016/j.patcog.2025.111680
740,Method,Exploring dynamic plane representations for neural scene reconstruction,"Ruihong Yin, Yunlu Chen, Sezer Karaoglu, Theo Gevers",166,,2025-10,Issue/Volume,10.1016/j.patcog.2025.111683,https://doi.org/10.1016/j.patcog.2025.111683
741,Method,MLLM as video narrator: Mitigating modality imbalance in video moment retrieval,"Weitong Cai, Jiabo Huang, Shaogang Gong, Hailin Jin, Yang Liu",166,,2025-10,Issue/Volume,10.1016/j.patcog.2025.111670,https://doi.org/10.1016/j.patcog.2025.111670
742,Method,LLDiffusion: Learning degradation representations in diffusion models for low-light image enhancement,"Tao Wang, Kaihao Zhang, Yong Zhang, Wenhan Luo, Björn Stenger, Tong Lu, Tae-Kyun Kim, Wei Liu",166,,2025-10,Issue/Volume,10.1016/j.patcog.2025.111628,https://doi.org/10.1016/j.patcog.2025.111628
743,Method,Dual-function discriminator for semantic image synthesis in variational GANs,"Aihua Ke, Bo Cai, Yujie Huang, Jian Luo, Yaoxiang Yu, Le Li",166,,2025-10,Issue/Volume,10.1016/j.patcog.2025.111684,https://doi.org/10.1016/j.patcog.2025.111684
744,Method,Cascaded Physical-constraint Conditional Variational Auto Encoder with socially-aware diffusion for pedestrian trajectory prediction,"Haojie Chen, Zhuo Wang, Hongde Qin, Xiaokai Mu",166,,2025-10,Issue/Volume,10.1016/j.patcog.2025.111667,https://doi.org/10.1016/j.patcog.2025.111667
745,Method,Masked auto-encoding and scatter-decoupling transformer for polarimetric SAR image classification,"Jie Geng, Lijia Dong, Yuhang Zhang, Wen Jiang",166,,2025-10,Issue/Volume,10.1016/j.patcog.2025.111660,https://doi.org/10.1016/j.patcog.2025.111660
746,Method,Auto-adjustable dual-information graph regularized NMF for multiview data clustering,"Shuo Li, Chen Yang, Hui Guo",166,,2025-10,Issue/Volume,10.1016/j.patcog.2025.111679,https://doi.org/10.1016/j.patcog.2025.111679
747,Method,Secure reversible privacy protection for face multiple attribute editing,"Yating Zeng, Xinpeng Zhang, Guorui Feng",166,,2025-10,Issue/Volume,10.1016/j.patcog.2025.111662,https://doi.org/10.1016/j.patcog.2025.111662
748,Method,Separation of Unknown Features and Samples for Unbiased Source-free Open Set Domain Adaptation,"Fu Li, Yifan Lan, Yuwu Lu, Wai Keung Wong, Ming Zhao, Zhihui Lai, Xuelong Li",166,,2025-10,Issue/Volume,10.1016/j.patcog.2025.111661,https://doi.org/10.1016/j.patcog.2025.111661
749,Method,A dynamic predictive transformer with temporal relevance regression for action detection,"Matthew Korban, Peter Youngs, Scott T. Acton",166,,2025-10,Issue/Volume,10.1016/j.patcog.2025.111644,https://doi.org/10.1016/j.patcog.2025.111644
750,Method,Domain adaptive depth completion via spatial-error consistency,"Lingyu Xiao, Jinhui Wu, Junjie Hu, Ziyu Li, Wankou Yang",166,,2025-10,Issue/Volume,10.1016/j.patcog.2025.111645,https://doi.org/10.1016/j.patcog.2025.111645
751,Method,Rethinking transformers with convolution and graph embeddings for few-shot molecular property discovery,"Luis H.M. Torres, Joel P. Arrais, Bernardete Ribeiro",166,,2025-10,Issue/Volume,10.1016/j.patcog.2025.111657,https://doi.org/10.1016/j.patcog.2025.111657
752,Method,IFShip: Interpretable fine-grained ship classification with domain knowledge-enhanced vision-language models,"Mingning Guo, Mengwei Wu, Yuxiang Shen, Haifeng Li, Chao Tao",166,,2025-10,Issue/Volume,10.1016/j.patcog.2025.111672,https://doi.org/10.1016/j.patcog.2025.111672
753,Method,DecloudFormer: Quest the key to consistent thin cloud removal of wide-swath multi-spectral images,"Mingkai Li, Qizhi Xu, Kaiqi Li, Wei Li",166,,2025-10,Issue/Volume,10.1016/j.patcog.2025.111664,https://doi.org/10.1016/j.patcog.2025.111664
754,Method,Class and Domain Low-rank Tensor Learning for Multi-source Domain Adaptation,"Yuwu Lu, Huiling Fu, Zhihui Lai, Xuelong Li",167,,2025-11,Issue/Volume,10.1016/j.patcog.2025.111675,https://doi.org/10.1016/j.patcog.2025.111675
755,Method,Gradient-based class weighting for unsupervised domain adaptation in dense prediction visual tasks,"Roberto Alcover-Couso, Marcos Escudero-Viñolo, Juan C. SanMiguel, Jesus Bescos",166,,2025-10,Issue/Volume,10.1016/j.patcog.2025.111633,https://doi.org/10.1016/j.patcog.2025.111633
756,Method,Conformal e-prediction,Vladimir Vovk,166,,2025-10,Issue/Volume,10.1016/j.patcog.2025.111674,https://doi.org/10.1016/j.patcog.2025.111674
757,Method,Prototype-augmented mean teacher for robust semi-supervised medical image segmentation,"Huaikun Zhang, Pei Ma, Jizhao Liu, Jing Lian, Yide Ma",166,,2025-10,Issue/Volume,10.1016/j.patcog.2025.111722,https://doi.org/10.1016/j.patcog.2025.111722
758,Method,BE-ECM: Belief Entropy-based Evidential C-Means and its application in data clustering,"Jixiang Deng, Guohui Zhou, Yong Deng, Kang Hao Cheong",167,,2025-11,Issue/Volume,10.1016/j.patcog.2025.111676,https://doi.org/10.1016/j.patcog.2025.111676
759,Method,Unpaired recurrent learning for real-world video de-hazing,"Prashant W. Patil, Santosh Nagnath Randive, Sunil Gupta, Santu Rana, Svetha Venkatesh, Subrahmanyam Murala",166,,2025-10,Issue/Volume,10.1016/j.patcog.2025.111698,https://doi.org/10.1016/j.patcog.2025.111698
760,Method,Ricci curvature discretizations for head pose estimation from a single image,"Andrea Francesco Abate, Lucia Cascone, Michele Nappi",166,,2025-10,Issue/Volume,10.1016/j.patcog.2025.111648,https://doi.org/10.1016/j.patcog.2025.111648
761,Method,Cross-domain distribution adversarial diffusion model for synthesizing contrast-enhanced abdomen CT imaging,"Qikui Zhu, Shaoming Zhu, Bo Du, Yanqing Wang",166,,2025-10,Issue/Volume,10.1016/j.patcog.2025.111695,https://doi.org/10.1016/j.patcog.2025.111695
762,Method,OIL-AD: An anomaly detection framework for decision-making sequences,"Chen Wang, Sarah Erfani, Tansu Alpcan, Christopher Leckie",166,,2025-10,Issue/Volume,10.1016/j.patcog.2025.111656,https://doi.org/10.1016/j.patcog.2025.111656
763,Method,Sample selection for noisy partial label learning with interactive contrastive learning,"Xiaotong Yu, Shiding Sun, Yingjie Tian",166,,2025-10,Issue/Volume,10.1016/j.patcog.2025.111681,https://doi.org/10.1016/j.patcog.2025.111681
764,Method,Cross-domain person re-identification via learning Heterogeneous Pseudo Labels,"Zhong Zhang, Di He, Shuang Liu",166,,2025-10,Issue/Volume,10.1016/j.patcog.2025.111702,https://doi.org/10.1016/j.patcog.2025.111702
765,Method,Multi-channel set polynomial based label regularized graph neural networks against extreme data scarcity,"Jingxiao Zhang, Shifei Ding, Jian Zhang, Lili Guo, Ling Ding",166,,2025-10,Issue/Volume,10.1016/j.patcog.2025.111754,https://doi.org/10.1016/j.patcog.2025.111754
766,Method,A novel federated learning framework for semantic segmentation of terminal block in smart substation,"Rong Xie, Zhong Chen, Weiguo Cao, Congying Wu, Tiecheng Li",167,,2025-11,Issue/Volume,10.1016/j.patcog.2025.111665,https://doi.org/10.1016/j.patcog.2025.111665
767,Method,Growing-before-pruning: A progressive neural architecture search strategy via group sparsity and deterministic annealing,"Xiaotong Lu, Weisheng Dong, Zhenxuan Fang, Jie Lin, Xin Li, Guangming Shi",166,,2025-10,Issue/Volume,10.1016/j.patcog.2025.111697,https://doi.org/10.1016/j.patcog.2025.111697
768,Method,Knowledge-enhanced and structure-enhanced representation learning for protein–ligand binding affinity prediction,"Mei Li, Ye Cao, Xiaoguang Liu, Hua Ji",166,,2025-10,Issue/Volume,10.1016/j.patcog.2025.111701,https://doi.org/10.1016/j.patcog.2025.111701
769,Method,Frequency-Aware Self-Supervised Group Activity Recognition with skeleton sequences,"Guoquan Wang, Mengyuan Liu, Hong Liu, Jinyan Zhang, Peini Guo, Ruijia Fan, Siyu Chen",167,,2025-11,Issue/Volume,10.1016/j.patcog.2025.111710,https://doi.org/10.1016/j.patcog.2025.111710
770,Method,A framework for global role-based author name disambiguation,"Lan Huang, Jiayuan Zhang, Bo Wang, Zixu Li, Shu Wang, Rui Zhang",166,,2025-10,Issue/Volume,10.1016/j.patcog.2025.111703,https://doi.org/10.1016/j.patcog.2025.111703
771,Method,"Unsupervised anomaly detection with a temporal continuation, confidence-aware VAE-GAN","Zeyu Xing, Owais Mehmood, William A.P. Smith",166,,2025-10,Issue/Volume,10.1016/j.patcog.2025.111699,https://doi.org/10.1016/j.patcog.2025.111699
772,Method,Unsupervised video anomaly detection by memory network with autoencoders in euclidean and non-euclidean spaces,"Jinmyeong Kim, Sung-Bae Cho",167,,2025-11,Issue/Volume,10.1016/j.patcog.2025.111759,https://doi.org/10.1016/j.patcog.2025.111759
773,Method,Cross-Modality Interactive Attention Network for AI-generated image quality assessment,"Tianwei Zhou, Songbai Tan, Leida Li, Baoquan Zhao, Qiuping Jiang, Guanghui Yue",167,,2025-11,Issue/Volume,10.1016/j.patcog.2025.111693,https://doi.org/10.1016/j.patcog.2025.111693
774,Method,Consensus Incomplete Multi-View Clustering with Nonconvex Tensor Smooth Graph Learning,"Shanshan Wu, Gui-Fu Lu",167,,2025-11,Issue/Volume,10.1016/j.patcog.2025.111764,https://doi.org/10.1016/j.patcog.2025.111764
775,Method,Enhancing robustness and sparsity: Least squares one-class support vector machine,"Anuradha Kumari, M. Tanveer",167,,2025-11,Issue/Volume,10.1016/j.patcog.2025.111691,https://doi.org/10.1016/j.patcog.2025.111691
776,Method,PRGS: Patch-to-Region Graph Search for Visual Place Recognition,"Weiliang Zuo, Liguo Liu, Yizhe Li, Yanqing Shen, Fuhua Xiang, Jingmin Xin, Nanning Zheng",166,,2025-10,Issue/Volume,10.1016/j.patcog.2025.111673,https://doi.org/10.1016/j.patcog.2025.111673
777,Method,Sketch-SparseNet: Sparse convolution framework for sketch recognition,"Jingru Yang, Jin Wang, Yang Zhou, Guodong Lu, Yu Sun, Huan Yu, Heming Fang, Zhihui Li, Shengfeng He",167,,2025-11,Issue/Volume,10.1016/j.patcog.2025.111682,https://doi.org/10.1016/j.patcog.2025.111682
778,Method,Crack segmentation network via difference convolution-based encoder and hybrid CNN-Mamba multi-scale attention,"Jianming Zhang, Shigen Zhang, Dianwen Li, Jianxin Wang, Jin Wang",167,,2025-11,Issue/Volume,10.1016/j.patcog.2025.111723,https://doi.org/10.1016/j.patcog.2025.111723
779,Method,Higher-order Enhanced Contrastive-based Graph Anomaly Detection Without Graph Augmentation,"Jingtao Hu, Siwei Wang, Jingcan Duan, Hu Jin, Xinwang Liu, En Zhu",167,,2025-11,Issue/Volume,10.1016/j.patcog.2025.111666,https://doi.org/10.1016/j.patcog.2025.111666
780,Method,CIT: Rethinking class-incremental semantic segmentation with a Class Independent Transformation,"Jinchao Ge, Bowen Zhang, Akide Liu, Vu Minh Hieu Phan, Qi Chen, Yangyang Shu, Yang Zhao",167,,2025-11,Issue/Volume,10.1016/j.patcog.2025.111707,https://doi.org/10.1016/j.patcog.2025.111707
781,Method,Dual-branch adjacent connection and channel mixing network for video crowd counting,"Miaogen Ling, Jixuan Chen, Yongwen Liu, Wei Fang, Xin Geng",167,,2025-11,Issue/Volume,10.1016/j.patcog.2025.111709,https://doi.org/10.1016/j.patcog.2025.111709
782,Method,Real-time small object detection using adaptive weighted fusion of efficient positional features,"Xin Ding, Ruichen Zhang, Qiong Liu, You Yang",167,,2025-11,Issue/Volume,10.1016/j.patcog.2025.111717,https://doi.org/10.1016/j.patcog.2025.111717
783,Method,DSTrack: Diffusion-based sequence learning for visual object tracking,"Zhixing Wang, Kai Wang, Chuanming Tang, Xiang Li, Jianlin Zhang, Lianli Gao",168,,2025-12,Issue/Volume,10.1016/j.patcog.2025.111694,https://doi.org/10.1016/j.patcog.2025.111694
784,Method,Low-redundancy distillation for continual learning,"Ruiqi Liu, Boyu Diao, Libo Huang, Zijia An, Hangda Liu, Zhulin An, Yongjun Xu",167,,2025-11,Issue/Volume,10.1016/j.patcog.2025.111712,https://doi.org/10.1016/j.patcog.2025.111712
785,Method,CORE: Multi-link graph attention network with inter-regional collaboration for continuous sign language recognition,"Yan Zhang, Wanli Xue, Yuxi Zhou, Tiantian Yuan, Shengyong Chen",167,,2025-11,Issue/Volume,10.1016/j.patcog.2025.111716,https://doi.org/10.1016/j.patcog.2025.111716
786,Method,Adaptive depth position encoding for sparse query-based 3D object detection from multi-camera images,"Junjie Linghu, Qiang Ling",167,,2025-11,Issue/Volume,10.1016/j.patcog.2025.111747,https://doi.org/10.1016/j.patcog.2025.111747
787,Method,ShareGS: Hole completion with sparse inputs based on reusing selected scene information,"Yuhang Hong, Bo Tao, Zeyu Gong",167,,2025-11,Issue/Volume,10.1016/j.patcog.2025.111729,https://doi.org/10.1016/j.patcog.2025.111729
788,Method,Hierarchical Context Learning of object components for unsupervised semantic segmentation,"Dong Bao, Jun Zhou, Gervase Tuxworth, Jue Zhang, Yongsheng Gao",167,,2025-11,Issue/Volume,10.1016/j.patcog.2025.111713,https://doi.org/10.1016/j.patcog.2025.111713
789,Method,Incremental Multiview Point Cloud Registration with Two-stage Candidate Retrieval,"Shiqi Li, Jihua Zhu, Yifan Xie, Mingchen Zhu",167,,2025-11,Issue/Volume,10.1016/j.patcog.2025.111705,https://doi.org/10.1016/j.patcog.2025.111705
790,Method,Multi-branch Space Sharing Feature Aggregation for contrastive multi-view clustering,"Yuanyang Zhang, Weiqing Yan, Chang Tang, Wujie Zhou, Jian Jin",167,,2025-11,Issue/Volume,10.1016/j.patcog.2025.111704,https://doi.org/10.1016/j.patcog.2025.111704
791,Method,Efficient group based Hilbert encoding and decoding algorithms,"Lianyin Jia, Songyu Wang, Shaowen Sun, Jiaman Ding, Mengjuan Li, Jinguo You, Shaojie Qiao",167,,2025-11,Issue/Volume,10.1016/j.patcog.2025.111718,https://doi.org/10.1016/j.patcog.2025.111718
792,Method,Clarity in chaos: Boosting few-shot classification through information suppression and sparsification,"Xiaoxu Li, Luchen Ji, Rui Zhu, Zhanyu Ma, Jing-Hao Xue",167,,2025-11,Issue/Volume,10.1016/j.patcog.2025.111726,https://doi.org/10.1016/j.patcog.2025.111726
793,Method,Candidate-aware graph prompt-tuning for recommendation,"Haojie Li, Guanfeng Liu, Qiang Hu, Yan Wang, Dunwei Gong, Junwei Du",167,,2025-11,Issue/Volume,10.1016/j.patcog.2025.111733,https://doi.org/10.1016/j.patcog.2025.111733
794,Method,Multidimensional nonlinear transform-based tensor representation for high-dimensional image reconstruction,"Zhi-Wei Shi, Yu-Bang Zheng, Yi Zhang, Heng-Chao Li",168,,2025-12,Issue/Volume,10.1016/j.patcog.2025.111734,https://doi.org/10.1016/j.patcog.2025.111734
795,Method,Target-Directed Progressive Gradient Adjusting for transfer learning,"Yijun Bei, Kewei Gao, Zhuoyang Zhao, Sen Lin, Erteng Liu, Zunlei Feng",167,,2025-11,Issue/Volume,10.1016/j.patcog.2025.111731,https://doi.org/10.1016/j.patcog.2025.111731
796,Method,Constraining multimodal distribution for domain adaptation in stereo matching,"Zhelun Shen, Zhuo Li, Chenming Wu, Zhibo Rao, Lina Liu, Yuchao Dai, Liangjun Zhang",167,,2025-11,Issue/Volume,10.1016/j.patcog.2025.111727,https://doi.org/10.1016/j.patcog.2025.111727
797,Method,Efficient frequency feature aggregation transformer for image super-resolution,"Jianwen Song, Arcot Sowmya, Changming Sun",167,,2025-11,Issue/Volume,10.1016/j.patcog.2025.111735,https://doi.org/10.1016/j.patcog.2025.111735
798,Method,Rethinking iterative stereo matching from a diffusion bridge model perspective,"Yuguang Shi, Sifan Zhou, Wei Wang, Xiaobo Lu",167,,2025-11,Issue/Volume,10.1016/j.patcog.2025.111737,https://doi.org/10.1016/j.patcog.2025.111737
799,Method,Visual attention-guided multi-perspective learning and location-aware network for infrared small target detection,"Xiaoyang Yuan, Yan Zhang, Chunling Yang, Jiankai Zhu, Hanwen Zhang",167,,2025-11,Issue/Volume,10.1016/j.patcog.2025.111706,https://doi.org/10.1016/j.patcog.2025.111706
800,Method,Network slimming using L p ( p < 1 ) regularization,"Fengrui Ji, Xinwang Chen, Renxin Chu, Baolin Liu",167,,2025-11,Issue/Volume,10.1016/j.patcog.2025.111711,https://doi.org/10.1016/j.patcog.2025.111711
801,Method,Budget-aware pruning: Handling multiple domains with less parameters,"Samuel Felipe dos Santos, Rodrigo Berriel, Thiago Oliveira-Santos, Nicu Sebe, Jurandy Almeida",167,,2025-11,Issue/Volume,10.1016/j.patcog.2025.111714,https://doi.org/10.1016/j.patcog.2025.111714
802,Method,MF2N: Multiview feature fusion network for pancreatic cancer segmentation,"Jie Xue, Qi Li, Guanzhong Gong, Xiyu Liu, Chao Li, Lianghui Cheng, Shulei Chang, Shujun Liang, Dengwang Li",167,,2025-11,Issue/Volume,10.1016/j.patcog.2025.111738,https://doi.org/10.1016/j.patcog.2025.111738
803,Method,Self-adaptive image-text fusion for medical image classification,"Jian Zhang, Kaihao He, Zunlei Feng, Shuifa Sun, Xiaoyan Sun, Zhenming Yuan, Jun Yu",167,,2025-11,Issue/Volume,10.1016/j.patcog.2025.111715,https://doi.org/10.1016/j.patcog.2025.111715
804,Method,Robust face anti-spoofing with Dual Probabilistic Modeling,"Yuanhan Zhang, Yichao Wu, Zhenfei Yin, Jing Shao, Ziwei Liu",167,,2025-11,Issue/Volume,10.1016/j.patcog.2025.111700,https://doi.org/10.1016/j.patcog.2025.111700
805,Method,tanh As a robust feature scaling method in training deep learning models with imbalanced data,"Aijia Yang, Min Zhang, Huai Chen, Taihao Li, Shupeng Liu, Xiaoyin Xu",167,,2025-11,Issue/Volume,10.1016/j.patcog.2025.111746,https://doi.org/10.1016/j.patcog.2025.111746
806,Method,SVD-KD: SVD-based hidden layer feature extraction for Knowledge distillation,"Jianhua Zhang, Yi Gao, Mian Zhou, Ruyu Liu, Xu Cheng, Saša V. Nikolić, Shengyong Chen",167,,2025-11,Issue/Volume,10.1016/j.patcog.2025.111721,https://doi.org/10.1016/j.patcog.2025.111721
807,Method,Context transformer with multiscale fusion for robust facial emotion recognition,"Yanling Gan, Luhui Xu, Shuxiang Song, Xiaomei Tao",167,,2025-11,Issue/Volume,10.1016/j.patcog.2025.111720,https://doi.org/10.1016/j.patcog.2025.111720
808,Method,A unified framework of data augmentation using large language models for text-based cross-modal retrieval,"Lijia Si, Caili Guo, Zheng Li, Yang Yang",167,,2025-11,Issue/Volume,10.1016/j.patcog.2025.111755,https://doi.org/10.1016/j.patcog.2025.111755
809,Method,Shape-centered representation learning for visible–infrared person re-identification,"Shuang Li, Jiaxu Leng, Ji Gan, Mengjingcheng Mo, Xinbo Gao",167,,2025-11,Issue/Volume,10.1016/j.patcog.2025.111756,https://doi.org/10.1016/j.patcog.2025.111756
810,Method,Graph relation distillation for efficient biomedical instance segmentation,"Xiaoyu Liu, Yueyi Zhang, Zhiwei Xiong, Wei Huang, Bo Hu, Xiaoyan Sun, Feng Wu",167,,2025-11,Issue/Volume,10.1016/j.patcog.2025.111748,https://doi.org/10.1016/j.patcog.2025.111748
811,Method,SmokeAgent: Multimodal agent for fine-grained smoke event analysis in large-scale wild environments,"Yichao Cao, Feng Yang, Xuanpeng Li, Xiaobo Lu",167,,2025-11,Issue/Volume,10.1016/j.patcog.2025.111765,https://doi.org/10.1016/j.patcog.2025.111765
812,Method,Knowledge Integration for Grounded Situation Recognition,"Jiaming Lei, Sijing Wu, Lin Li, Lei Chen, Jun Xiao, Yi Yang, Long Chen",167,,2025-11,Issue/Volume,10.1016/j.patcog.2025.111766,https://doi.org/10.1016/j.patcog.2025.111766
813,Method,TRRS-DM: Two-stage Resampling and Residual Shifting for high-fidelity texture inpainting of Terracotta Warriors utilizing Diffusion Models,"Xin Cao, Peiyuan Quan, Yuzhu Mao, Rui Cao, Linzhi Su, Kang Li",167,,2025-11,Issue/Volume,10.1016/j.patcog.2025.111753,https://doi.org/10.1016/j.patcog.2025.111753
814,Method,Expanding conformal prediction to system identification,"Saleh Msaddi, Tufan Kumbasar",167,,2025-11,Issue/Volume,10.1016/j.patcog.2025.111758,https://doi.org/10.1016/j.patcog.2025.111758
815,Method,Opinion-unaware blind stereoscopic image quality assessment: A comprehensive study,"Jiebin Yan, Yuming Fang, Xuelin Liu, Wenhui Jiang, Yang Liu",167,,2025-11,Issue/Volume,10.1016/j.patcog.2025.111749,https://doi.org/10.1016/j.patcog.2025.111749
816,Method,Deep learning techniques for Video Instance Segmentation: A survey,"Chenhao Xu, Chang-Tsun Li, Yongjian Hu, Chee Peng Lim, Douglas Creighton",167,,2025-11,Issue/Volume,10.1016/j.patcog.2025.111763,https://doi.org/10.1016/j.patcog.2025.111763
817,Method,FocusMorph: A novel multi-scale fusion network for 3D brain MR image registration,"Tianyong Liu, Zhiqing Zhang, Guojia Fan, Nan Li, Chengwu Xu, Bin Li, Gang Zhao, Shoujun Zhou",167,,2025-11,Issue/Volume,10.1016/j.patcog.2025.111761,https://doi.org/10.1016/j.patcog.2025.111761
818,Method,SA-CVSR: Scale-Arbitrary Compressed Video Super-Resolution,"Gang He, Chang Wu, Guancheng Quan, Xinquan Lai, Yunsong Li",167,,2025-11,Issue/Volume,10.1016/j.patcog.2025.111745,https://doi.org/10.1016/j.patcog.2025.111745
819,Method,Synergistic fusion framework: Integrating training and non-training processes for accelerated graph convolution network-based recommendation,"Fan Mo, Xin Fan, Chongxian Chen, Hayato Yamana",167,,2025-11,Issue/Volume,10.1016/j.patcog.2025.111829,https://doi.org/10.1016/j.patcog.2025.111829
820,Method,From a multi-period perspective: A periodic dynamics forecasting network for multivariate time series forecasting,"Gang Tan, Yueyang Wang, Ziyi Xiao, Dandan He, Guodong Sa",167,,2025-11,Issue/Volume,10.1016/j.patcog.2025.111760,https://doi.org/10.1016/j.patcog.2025.111760
821,Method,TriHSPAM: Triclustering heterogeneous longitudinal clinical data using sequential patterns,"Diogo F. Soares, Rui Henriques, Sara C. Madeira",167,,2025-11,Issue/Volume,10.1016/j.patcog.2025.111762,https://doi.org/10.1016/j.patcog.2025.111762
822,Method,GraphMamba: Whole slide image classification meets graph-driven selective state space model,"Tingting Zheng, Hongxun Yao, Sicheng Zhao, Kui Jiang, Yi Xiao",167,,2025-11,Issue/Volume,10.1016/j.patcog.2025.111768,https://doi.org/10.1016/j.patcog.2025.111768
823,Method,Zero-shot image denoising with hollow pair sampling and noise-aware attention,"Sheng Wang, Chaoyue Zhao, Qiao Wang, Mingzhi Liu, Chao Mou, Fu Xu",167,,2025-11,Issue/Volume,10.1016/j.patcog.2025.111779,https://doi.org/10.1016/j.patcog.2025.111779
824,Method,Encoding sampling pattern for robust and generalized MRI reconstruction,"Lina Sun, Hong Wang, Qi Xie, Yefeng Zheng, Deyu Meng",168,,2025-12,Issue/Volume,10.1016/j.patcog.2025.111772,https://doi.org/10.1016/j.patcog.2025.111772
825,Method,Voxel Pillar Multi-frame Cross Attention Network for sparse point cloud robust single object tracking,"Luda Zhao, Yihua Hu, Xing Yang, Yicheng Wang, Zhenglei Dou, Yan Zhang",167,,2025-11,Issue/Volume,10.1016/j.patcog.2025.111771,https://doi.org/10.1016/j.patcog.2025.111771
826,Method,A novel hypergraph neural network combining multi-view learning with density awareness,"Jianpeng Liao, Jun Yan, Qian Tao, Enze Zhang, Yanchao Zhang",168,,2025-12,Issue/Volume,10.1016/j.patcog.2025.111775,https://doi.org/10.1016/j.patcog.2025.111775
827,Method,ST-CGNet: A spatiotemporal gesture recognition network with triplet attention and dual feature fusion,"Jing Hu, Songtao Liu, Mingzhou Liu, Tingyu Zhou, Jiale Lu, Xingyan Zuo",167,,2025-11,Issue/Volume,10.1016/j.patcog.2025.111767,https://doi.org/10.1016/j.patcog.2025.111767
828,Method,YOLOv8-MAH: Multi-attribute recognition model for Vehicles,"Yazhou Zhao, Hongdong Zhao, Jianfeng Shi",167,,2025-11,Issue/Volume,10.1016/j.patcog.2025.111849,https://doi.org/10.1016/j.patcog.2025.111849
829,Method,LEGO: LLM-enhanced genetic optimization for underwater robot image restoration,"Yuanzheng Ma, Fan Xia, Liwei Lin, Xun Guan",168,,2025-12,Issue/Volume,10.1016/j.patcog.2025.111782,https://doi.org/10.1016/j.patcog.2025.111782
830,Method,CIEG-Net: Context Information Enhanced Gated Network for multimodal sentiment analysis,"Zhongyuan Chen, Chong Lu, Yihan Wang",168,,2025-12,Issue/Volume,10.1016/j.patcog.2025.111785,https://doi.org/10.1016/j.patcog.2025.111785
831,Method,A multi-level detection guided and co-encoding network for infrared and visible image fusion,"Bowen Zheng, Renhua Wang, Xiaowen Liu, Jing Li",168,,2025-12,Issue/Volume,10.1016/j.patcog.2025.111778,https://doi.org/10.1016/j.patcog.2025.111778
832,Method,SDIP: Self-reinforcement deep image prior framework for image processing,"Ziyu Shu, Zhixin Pan",168,,2025-12,Issue/Volume,10.1016/j.patcog.2025.111786,https://doi.org/10.1016/j.patcog.2025.111786
833,Method,Regional Type II multivariate Laplace descriptor based on Lie group,"Dengfeng Liao, Guangzhong Liu, Hengda Wang",167,,2025-11,Issue/Volume,10.1016/j.patcog.2025.111776,https://doi.org/10.1016/j.patcog.2025.111776
834,Method,Sparse Bayesian learning for dynamical modelling on product manifolds,"Chao Tan, Huan Zhao, Han Ding",168,,2025-12,Issue/Volume,10.1016/j.patcog.2025.111708,https://doi.org/10.1016/j.patcog.2025.111708
835,Method,Exp-VQA: Fine-grained facial expression analysis via visual question answering,"Yujian Yuan, Jiabei Zeng, Shiguang Shan",168,,2025-12,Issue/Volume,10.1016/j.patcog.2025.111783,https://doi.org/10.1016/j.patcog.2025.111783
836,Method,Long and Short-Term Collaborative Decision-Making Transformer for Online Action Detection and Anticipation,"Sensen Wang, Chi Zhang, Le Wang, Yuehu Liu",168,,2025-12,Issue/Volume,10.1016/j.patcog.2025.111773,https://doi.org/10.1016/j.patcog.2025.111773
837,Method,R2G: Reasoning to ground in 3D scenes,"Yixuan Li, Zan Wang, Wei Liang",168,,2025-12,Issue/Volume,10.1016/j.patcog.2025.111728,https://doi.org/10.1016/j.patcog.2025.111728
838,Method,Motion Deep Association for spatio-temporal object tracking,"Husheng Guo, Xihao Du, Wenjian Wang",168,,2025-12,Issue/Volume,10.1016/j.patcog.2025.111787,https://doi.org/10.1016/j.patcog.2025.111787
839,Method,SAM-Net: Semantic-assisted multimodal network for action recognition in RGB-D videos,"Dan Liu, Fanrong Meng, Jinpeng Mi, Mao Ye, Qingdu Li, Jianwei Zhang",168,,2025-12,Issue/Volume,10.1016/j.patcog.2025.111725,https://doi.org/10.1016/j.patcog.2025.111725
840,Method,Leveraging face-prior knowledge for general face representation learning,"Haomiao Sun, Mingjie He, Shiguang Shan, Hu Han",168,,2025-12,Issue/Volume,10.1016/j.patcog.2025.111784,https://doi.org/10.1016/j.patcog.2025.111784
841,Method,A memory-augmented multi-task collaborative framework for unsupervised traffic anomaly detection in driving videos,"Rongqin Liang, Yuanman Li, Yingxin Yi, Jiantao Zhou, Xia Li",168,,2025-12,Issue/Volume,10.1016/j.patcog.2025.111789,https://doi.org/10.1016/j.patcog.2025.111789
842,Method,Implicit neural representation model for camera relocalization in multiple scenes,"Shun Yao, Yongmei Cheng, Fei Yang, Mikhail G. Mozerov",168,,2025-12,Issue/Volume,10.1016/j.patcog.2025.111791,https://doi.org/10.1016/j.patcog.2025.111791
843,Method,FCA-Net: Accelerating stereo image compression through cascade alignment of side information,"Yichong Xia, Yujun Huang, Bin Chen, Genping Wang, Haoqian Wang, Yaowei Wang",168,,2025-12,Issue/Volume,10.1016/j.patcog.2025.111799,https://doi.org/10.1016/j.patcog.2025.111799
844,Method,Non-rigid object detection via fast one-class model,"Xubing Yang, Jingyao LiShen, Li Zhang, Xijian Fan, Qiaolin Ye, Liyong Fu",168,,2025-12,Issue/Volume,10.1016/j.patcog.2025.111821,https://doi.org/10.1016/j.patcog.2025.111821
845,Method,SRML: Structure-relation mutual learning network for few-shot image classification,"Xiaoxu Li, Lang Wang, Rui Zhu, Zhanyu Ma, Jie Cao, Jing-Hao Xue",168,,2025-12,Issue/Volume,10.1016/j.patcog.2025.111822,https://doi.org/10.1016/j.patcog.2025.111822
846,Method,Dynamic bound adaptive gradient methods with belief in observed gradients,"Qian Xiang, Xiaodan Wang, Lei Lei, Yafei Song",168,,2025-12,Issue/Volume,10.1016/j.patcog.2025.111819,https://doi.org/10.1016/j.patcog.2025.111819
847,Method,DiffDark: Multi-prior integration driven diffusion model for low-light image enhancement,"Renzhi Hu, Ting Luo, Gangyi Jiang, Yeyao Chen, Haiyong Xu, Leiming Liu, Zhouyan He",168,,2025-12,Issue/Volume,10.1016/j.patcog.2025.111814,https://doi.org/10.1016/j.patcog.2025.111814
848,Method,A method of road damage detection for complex background images based on region guidance network,"Jie Li, Zhong Qu, Shiyan Wang, Shufang Xia",168,,2025-12,Issue/Volume,10.1016/j.patcog.2025.111780,https://doi.org/10.1016/j.patcog.2025.111780
849,Method,A storage-efficient LSH scheme for high-dimensional ANN search,"Wenyue Huang, Jingjian Zhang, Youlong Yang",168,,2025-12,Issue/Volume,10.1016/j.patcog.2025.111805,https://doi.org/10.1016/j.patcog.2025.111805
850,Method,Levy’s flight-based dragonfly optimized machine learning framework to identify medicinal plants through leaf images,"Silky Sachar, Anuj kumar",168,,2025-12,Issue/Volume,10.1016/j.patcog.2025.111879,https://doi.org/10.1016/j.patcog.2025.111879
851,Method,Efficient multi-view discrete co-clustering with learned graph,"Jiaqi Nie, Qianyao Qiang, Jason Chen Zhang, Fei Hao",168,,2025-12,Issue/Volume,10.1016/j.patcog.2025.111811,https://doi.org/10.1016/j.patcog.2025.111811
852,Method,Reweighted angle two-dimensional principal component analysis for feature extraction,"Zuoxun Tan, Hu Yang",168,,2025-12,Issue/Volume,10.1016/j.patcog.2025.111817,https://doi.org/10.1016/j.patcog.2025.111817
853,Method,U3M: Unbiased Multiscale Modal Fusion Model for Multimodal Semantic Segmentation,"Bingyu Li, Da Zhang, Zhiyuan Zhao, Junyu Gao, Xuelong Li",168,,2025-12,Issue/Volume,10.1016/j.patcog.2025.111801,https://doi.org/10.1016/j.patcog.2025.111801
854,Method,CMANet: A CNN-Mamba aggregation network for face super-resolution,"Ziyi Wu, Tao Lu, Yanduo Zhang, Xiaoyu Chai",168,,2025-12,Issue/Volume,10.1016/j.patcog.2025.111859,https://doi.org/10.1016/j.patcog.2025.111859
855,Method,Scale-free and unbiased transformer with tokenization for cell type annotation from single-cell RNA-seq data,"Hongwei Zhang, Ziyang Jiang, Song Zhang, Liyun Tu, David Carlson",168,,2025-12,Issue/Volume,10.1016/j.patcog.2025.111724,https://doi.org/10.1016/j.patcog.2025.111724
856,Method,Fusion of global and adaptive local information for few-shot image classification,"Ting Xiao, Yiqing Xia, Ruiqi Tang, Wenli Du, Zhe Wang",168,,2025-12,Issue/Volume,10.1016/j.patcog.2025.111802,https://doi.org/10.1016/j.patcog.2025.111802
857,Method,Towards a structured analysis of domain perturbations in Tubular Geometry,"Yang Tao, Xiaofeng Cao, Yi Chang",168,,2025-12,Issue/Volume,10.1016/j.patcog.2025.111815,https://doi.org/10.1016/j.patcog.2025.111815
858,Method,VLPA-CLIP: Video Language Prompting and Adapting CLIP for efficient video action recognition,"Hao Wang, Fang Liu, Licheng Jiao, Jiahao Wang, Shuo Li, Lingling Li, Puhua Chen, Xu Liu, Wenping Ma",168,,2025-12,Issue/Volume,10.1016/j.patcog.2025.111770,https://doi.org/10.1016/j.patcog.2025.111770
859,Method,Semi-template framework for retrosynthesis prediction using graph neural network,"Zongao Ye, Limin Yu, Fei Ma",168,,2025-12,Issue/Volume,10.1016/j.patcog.2025.111825,https://doi.org/10.1016/j.patcog.2025.111825
860,Method,Multi-level disparity-guided transformers for light field spatial super-resolution,"Yigeng Liao, Le Song, Gaoyan Zhang, Fengzhou Fang",168,,2025-12,Issue/Volume,10.1016/j.patcog.2025.111803,https://doi.org/10.1016/j.patcog.2025.111803
861,Method,iFADIT: Invertible Face Anonymization via Disentangled Identity Transform,"Lin Yuan, Kai Liang, Xiong Li, Tao Wu, Nannan Wang, Xinbo Gao",168,,2025-12,Issue/Volume,10.1016/j.patcog.2025.111807,https://doi.org/10.1016/j.patcog.2025.111807
862,Method,Complementary two-branch Transformer for multi-label image retrieval,"Ying Li, Shuaiyu Deng, Chunming Guan, Jiaquan Gao",168,,2025-12,Issue/Volume,10.1016/j.patcog.2025.111806,https://doi.org/10.1016/j.patcog.2025.111806
863,Method,PIC: Domain generalization by path information constraint,"Jilong Zhu, Junbao Zhuo, Shuhui Wang",168,,2025-12,Issue/Volume,10.1016/j.patcog.2025.111769,https://doi.org/10.1016/j.patcog.2025.111769
864,Method,COD-SAM: Camouflage object detection using SAM,"Dongyang Gao, Yichao Zhou, Hui Yan, Chen Chen, Xiyuan Hu",168,,2025-12,Issue/Volume,10.1016/j.patcog.2025.111826,https://doi.org/10.1016/j.patcog.2025.111826
865,Method,Feature space expansion and compression with spatial–spectral augmentation for hyperspectral image Class-Incremental Learning,"Ran Wu, Huanyu Liu, Zongcheng Yue, Chiu-Wing Sham, Jun-Bao Li",168,,2025-12,Issue/Volume,10.1016/j.patcog.2025.111830,https://doi.org/10.1016/j.patcog.2025.111830
866,Method,S2R2Net: A network architecture for efficient inference with sample-specific redundancy reduction,"Yicheng Yan, Xianfeng Li",168,,2025-12,Issue/Volume,10.1016/j.patcog.2025.111831,https://doi.org/10.1016/j.patcog.2025.111831
867,Method,Spatially adaptive pyramid feature fusion for scale-aware crowd counting,"Shenjian Gong, Zhaoliang Yao, Wangmeng Zuo, Jian Yang, PongChi Yuen, Shanshan Zhang",168,,2025-12,Issue/Volume,10.1016/j.patcog.2025.111832,https://doi.org/10.1016/j.patcog.2025.111832
868,Method,Advanced dialog state tracking with noetic graphs for complex human-machine interactions,"Jingyang Li, Shengli Song, Sitong Yan, Guangneng Hu, Chengen Lai, Yulong Zhou",168,,2025-12,Issue/Volume,10.1016/j.patcog.2025.111842,https://doi.org/10.1016/j.patcog.2025.111842
869,Method,MPA-YOLO: Steel surface defect detection based on improved YOLOv8 framework,"Yanli Zhou, Zhanfang Zhao",168,,2025-12,Issue/Volume,10.1016/j.patcog.2025.111897,https://doi.org/10.1016/j.patcog.2025.111897
870,Method,"What, when and where: Spatial-aware temporal action segmentation","Zhichao Zheng, Ying Zhou, Yi Chen, Junsheng Zhou, Yanhui Gu",168,,2025-12,Issue/Volume,10.1016/j.patcog.2025.111833,https://doi.org/10.1016/j.patcog.2025.111833
871,Method,Self-distillation salient object detection via generalized diversity loss,"Yunfei Zheng, Jibin Yang, Haijun Tao, Yong Wang, Lei Chen, Yang Wang, Tieyong Cao",168,,2025-12,Issue/Volume,10.1016/j.patcog.2025.111804,https://doi.org/10.1016/j.patcog.2025.111804
872,Method,CAM: Causality-driven Adaptive Sparsity and Hierarchical Memory for robust out-of-distribution learning in GNNs,"Ran Chen, Huaguang Zhu, Bofei Xiao, TieFeng Ma",168,,2025-12,Issue/Volume,10.1016/j.patcog.2025.111812,https://doi.org/10.1016/j.patcog.2025.111812
873,Method,Hypergraph representation learning for identifying circRNA-disease associations,"Yang Li, Xuegang Hu, Peipei Li, Lei Wang, Zhuhong You",168,,2025-12,Issue/Volume,10.1016/j.patcog.2025.111835,https://doi.org/10.1016/j.patcog.2025.111835
874,Method,One-pass online learning under evolving feature data streams: A non-parametric model,"Han Zhou, Hongpeng Yin, Bin Wang, Chenglin Liao",168,,2025-12,Issue/Volume,10.1016/j.patcog.2025.111719,https://doi.org/10.1016/j.patcog.2025.111719
875,Method,Fusing deep and hand-crafted features by deep canonically correlated contractive autoencoder for offline signature verification,"Xingbiao Zhao, Lidong Zheng, Panli Yuan, Yuchen Zheng",168,,2025-12,Issue/Volume,10.1016/j.patcog.2025.111834,https://doi.org/10.1016/j.patcog.2025.111834
876,Method,Spatio-temporal Feature-level Augmentation Vision Transformer for video-based person re-identification,"Minjung Kim, MyeongAh Cho, Heansung Lee, Sangyoun Lee",168,,2025-12,Issue/Volume,10.1016/j.patcog.2025.111813,https://doi.org/10.1016/j.patcog.2025.111813
877,Method,CM-MCNet: Convolution and multilayer perceptron-integrated multiscale coordinate network for infrared and visible image fusion,"Jinping Liu, Shiyi Liu, Lijuan Huang, Lihui Cen",168,,2025-12,Issue/Volume,10.1016/j.patcog.2025.111843,https://doi.org/10.1016/j.patcog.2025.111843
878,Method,Challenge-aware U-net for breast lesion segmentation in ultrasound images,"Dengdi Sun, Changxu Dong, Yuchen Yan, Bo Jiang, Yayang Duan, Zhengzheng Tu, Chaoxue Zhang",168,,2025-12,Issue/Volume,10.1016/j.patcog.2025.111851,https://doi.org/10.1016/j.patcog.2025.111851
879,Method,ContX: Scene context prediction via context bank and layout perception,"Jingxin Liang, Yangyang Xu, Haorui Song, Yuqin Lu, Yuhui Deng, Yiyi Long, Yan Huang, Shengxin Liu, Jianbo Jiao, Shengfeng He",168,,2025-12,Issue/Volume,10.1016/j.patcog.2025.111852,https://doi.org/10.1016/j.patcog.2025.111852
880,Method,HDTCNet: A hybrid-dimensional convolutional network for multivariate time series classification,"Yongli Gu, Xiang Yan, Hanlin Qin, Naveed Akhtar, Shuai Yuan, Honghao Fu, Shuowen Yang, Ajmal Mian",168,,2025-12,Issue/Volume,10.1016/j.patcog.2025.111837,https://doi.org/10.1016/j.patcog.2025.111837
881,Method,AGFormer: An anchor-guided transformer for class imbalance in remote sensing change detection,"Jiaen Chen, Da Wu, Quanqing Ma, Shengjie Xu, Yuchen Zheng",168,,2025-12,Issue/Volume,10.1016/j.patcog.2025.111839,https://doi.org/10.1016/j.patcog.2025.111839
882,Method,Label enhancement by manifold fusion of feature and label spaces,"Jing Wang, Zhiqiang Kou, Yuheng Jia, Jianhui Lv, Xin Geng",168,,2025-12,Issue/Volume,10.1016/j.patcog.2025.111854,https://doi.org/10.1016/j.patcog.2025.111854
883,Method,FaceChain-MMID: Generating highly identity-consistent realistic portraits via dividing &amp; merging multi-modal representations,"Chao Xu, Fei Wang, Cheng Yu, Baigui Sun, Jian Zhao",168,,2025-12,Issue/Volume,10.1016/j.patcog.2025.111858,https://doi.org/10.1016/j.patcog.2025.111858
884,Method,Cross-domain hyperspectral image classification,"Zhiyu Jiang, Jianing Li, Shijie Xu, Zhuozhao Liu, Dandan Ma, Qi Wang, Yuan Yuan",168,,2025-12,Issue/Volume,10.1016/j.patcog.2025.111836,https://doi.org/10.1016/j.patcog.2025.111836
885,Method,Dual-space Co-training for Large-scale Multi-view Clustering,"Zisen Kong, Zhiqiang Fu, Dongxia Chang, Yiming Wang, Yao Zhao",168,,2025-12,Issue/Volume,10.1016/j.patcog.2025.111844,https://doi.org/10.1016/j.patcog.2025.111844
886,Method,Dilated feature distillation attention network for efficient image super-resolution,"Quanwei Hu, Yinggan Tang, Chunning Bu",168,,2025-12,Issue/Volume,10.1016/j.patcog.2025.111856,https://doi.org/10.1016/j.patcog.2025.111856
887,Method,Conformal e-testing,"Vladimir Vovk, Ilia Nouretdinov, Alex Gammerman",168,,2025-12,Issue/Volume,10.1016/j.patcog.2025.111841,https://doi.org/10.1016/j.patcog.2025.111841
888,Method,Underwater image enhancement via color constraints and transmission-guided modeling,"Kaichen Chi, Qiang Li",168,,2025-12,Issue/Volume,10.1016/j.patcog.2025.111840,https://doi.org/10.1016/j.patcog.2025.111840
