No,Type,Title,Authors,Volume,Issue,Published,Status,DOI,Paper_Link
1,Dataset,"A comprehensive survey of oracle character recognition: Challenges, datasets, methodology, and beyond","Jing Li, Xueke Chi, Qiufeng Wang, Kaizhu Huang, Da-Han Wang, Yongge Liu, Cheng-Lin Liu",169.0,,2026-1,Issue/Volume,10.1016/j.patcog.2025.111824,https://doi.org/10.1016/j.patcog.2025.111824
2,Dataset,Skeleton-prompt: A cross-dataset transfer learning approach for skeleton action recognition,"Mingqi Lu, Xiaobo Lu, Jun Liu",169.0,,2026-1,Issue/Volume,10.1016/j.patcog.2025.111885,https://doi.org/10.1016/j.patcog.2025.111885
3,Dataset,Towards to real world vehicle privacy protection: A new dataset and benchmark,"Jiayi Lin, Chengming Zou, Long Lan, Yong Luo, Yue Yu, Yaowei Wang, Wei Zeng, Yonghong Tian",169.0,,2026-1,Issue/Volume,10.1016/j.patcog.2025.111918,https://doi.org/10.1016/j.patcog.2025.111918
4,Dataset,Supervised incremental feature selection using regularization vector for dynamic multi-scale interval valued datasets,"Zihan Feng, Xiaoyan Zhang",170.0,,2026-2,Issue/Volume,10.1016/j.patcog.2025.111985,https://doi.org/10.1016/j.patcog.2025.111985
5,Dataset,SpIRL: Spatially-aware image representation learning under the supervision of relative position descriptors,"Logan Servant, Michaël Clément, Laurent Wendling, Camille Kurtz",170.0,,2026-2,Issue/Volume,10.1016/j.patcog.2025.112013,https://doi.org/10.1016/j.patcog.2025.112013
6,Dataset,Dual-regularized mixed spatial attention network for breast MRI classification: dataset and methodology,"Zongmo Huang, Ying Jiang, Guowu Yang, Yuting Wang, Wenjing Yang",170.0,,2026-2,Issue/Volume,10.1016/j.patcog.2025.112039,https://doi.org/10.1016/j.patcog.2025.112039
7,Dataset,TPFS: A three-phase heuristic feature selection algorithm for large-scale sample datasets,"Haoran Su, Jinkun Chen",170.0,,2026-2,Issue/Volume,10.1016/j.patcog.2025.112084,https://doi.org/10.1016/j.patcog.2025.112084
8,Dataset,Multi-level graph self-supervised learning for multi-modal medical corpus construction,"Yuping Lin, Jingxi Feng, Xudong Chen, Rundong Xue, Jue Jiang, Zhiqiang Tian, Juan Wang",171.0,,2026-3,Issue/Volume,10.1016/j.patcog.2025.112113,https://doi.org/10.1016/j.patcog.2025.112113
9,Dataset,Hyper adversarial tuning for boosting adversarial robustness of pretrained large vision transformers,"Kangtao Lv, Wenyan Fan, Huangsen Cao, Kainan Tu, Yihuai Xu, Zhimeng Zhang, Yang Li, Xin Ding, Yongwei Wang",171.0,,2026-3,Issue/Volume,10.1016/j.patcog.2025.112158,https://doi.org/10.1016/j.patcog.2025.112158
10,Dataset,OpenCIL: Benchmarking out-of-distribution detection in class incremental learning,"Wenjun Miao, Guansong Pang, Trong-Tung Nguyen, Ruohuan Fang, Jin Zheng, Xiao Bai",171.0,,2026-3,Issue/Volume,10.1016/j.patcog.2025.112163,https://doi.org/10.1016/j.patcog.2025.112163
11,Dataset,Precision at scale: Domain-specific datasets on-demand,"Jesús M. Rodríguez-de-Vera, Imanol G. Estepa, Ignacio Sarasúa, Bhalaji Nagarajan, Petia Radeva",171.0,,2026-3,Issue/Volume,10.1016/j.patcog.2025.112236,https://doi.org/10.1016/j.patcog.2025.112236
12,Dataset,mChartQA and mChartQABench: A multimodal-only solution for complex chart question-answering,"Jingxuan Wei, Nan Xu, Guiyong Chang, Yin Luo, Bihui Yu, Ruifeng Guo",172.0,,2026-4,Issue/Volume,10.1016/j.patcog.2025.112348,https://doi.org/10.1016/j.patcog.2025.112348
13,Dataset,Leveraging synthetic data for zero–shot and few–shot circle detection in real–world domains,"Paolo Andreini, Marco Tanfoni, Simone Bonechi, Monica Bianchini",172.0,,2026-4,Issue/Volume,10.1016/j.patcog.2025.112407,https://doi.org/10.1016/j.patcog.2025.112407
14,Dataset,Benchmarking the spatial robustness of DNNs via natural and adversarial localized corruptions,"Giulia Marchiori Pietrosanti, Giulio Rossolini, Alessandro Biondi, Giorgio Buttazzo",172.0,,2026-4,Issue/Volume,10.1016/j.patcog.2025.112412,https://doi.org/10.1016/j.patcog.2025.112412
15,Dataset,A framework for bias-aware dataset evaluation in soft facial attribute recognition,"Lucia Cascone, Michele Nappi, Chiara Pero, Xinggang Wang",172.0,,2026-4,Issue/Volume,10.1016/j.patcog.2025.112416,https://doi.org/10.1016/j.patcog.2025.112416
16,Dataset,RGBX-DiffusionDet: a framework for multi-modal RGB-X object detection using DiffusionDet,"Eliraz Orfaig, Inna Stainvas, Igal Bilik",172.0,,2026-4,Issue/Volume,10.1016/j.patcog.2025.112460,https://doi.org/10.1016/j.patcog.2025.112460
17,Dataset,The MERIT dataset: Modelling and efficiently rendering interpretable transcripts,"Ignacio de Rodrigo, Alberto Sanchez-Cuadrado, Jaime Boal, Alvaro J. Lopez-Lopez",172.0,,2026-4,Issue/Volume,10.1016/j.patcog.2025.112502,https://doi.org/10.1016/j.patcog.2025.112502
18,Dataset,CoMPR: Efficient point cloud dataset condensation via bidirectional matching and point recycling,"Hongliang Zhang, Xiaoqi An, Jiawei Lian, Lei Luo, Jian Yang",172.0,,2026-4,Issue/Volume,10.1016/j.patcog.2025.112494,https://doi.org/10.1016/j.patcog.2025.112494
19,Dataset,FGPR: A large-scale dataset and benchmark for fine-grained product retrieval,"Ruisong Zhang, Jie Hu, Zhong-Zhi Li, Chuang Wang, Cheng-Lin Liu",172.0,,2026-4,Issue/Volume,10.1016/j.patcog.2025.112523,https://doi.org/10.1016/j.patcog.2025.112523
20,Dataset,Multi-year long-term person re-identification using gait and HAR features,"David Freire-Obregón, Oliverio J. Santana, Javier Lorenzo-Navarro, Daniel Hernández-Sosa, Modesto Castrillón-Santana",172.0,,2026-4,Issue/Volume,10.1016/j.patcog.2025.112627,https://doi.org/10.1016/j.patcog.2025.112627
21,Dataset,"Revisiting color-event based tracking: A unified network, dataset, and metric","Chuanming Tang, Xiao Wang, Ju Huang, Bo Jiang, Lin Zhu, Shifeng Chen, Jianlin Zhang, Yaowei Wang, Yonghong Tian",172.0,,2026-4,Issue/Volume,10.1016/j.patcog.2025.112718,https://doi.org/10.1016/j.patcog.2025.112718
22,Dataset,NEPose: A novel benchmark dataset with an improved framework for vision-based nasal endoscope pose estimation,"Liangjing Shao, Benshuang Chen, Yawen Liu, Xinrong Chen",172.0,,2026-4,Issue/Volume,10.1016/j.patcog.2025.112724,https://doi.org/10.1016/j.patcog.2025.112724
23,Dataset,Generalizable poisoning-resistant backdoor detection and removal framework: From dataset perspective,"Baolin Li, Tao Hu, Xinlei Liu, Jichao Xie, Peng Yi",172.0,,2026-4,Issue/Volume,10.1016/j.patcog.2025.112766,https://doi.org/10.1016/j.patcog.2025.112766
24,Dataset,Visual reasoning consistency and robustness analysis of multimodal LLMs,"Nidhal Jegham, Marwan Abdelatti, Abdeltawab Hendawi",172.0,,2026-4,Issue/Volume,10.1016/j.patcog.2025.112765,https://doi.org/10.1016/j.patcog.2025.112765
25,Dataset,A large-scale drone based thermal infrared benchmark and inception transformer network for crowd counting,"Xing Wang, Timing Li, Ya Liu, Shuanglong Yao, Ye Liu, Nan Yang, Pengfei Zhu",173.0,,2026-5,Issue/Volume,10.1016/j.patcog.2025.112778,https://doi.org/10.1016/j.patcog.2025.112778
26,Dataset,Developing distance-based genetic programming classifiers by reconstructing datasets for imbalanced binary classification,"Wenyang Meng, Ying Li, Fan Zhang, Xiaoying Gao, Jianbin Ma",173.0,,2026-5,Issue/Volume,10.1016/j.patcog.2025.112825,https://doi.org/10.1016/j.patcog.2025.112825
27,Dataset,HFD-Net: A benchmark framework of foreign object detection for high-speed train,"Hui Lin, Baolin Liu, Junqi Li, Xueshan Li",173.0,,2026-5,Issue/Volume,10.1016/j.patcog.2025.112932,https://doi.org/10.1016/j.patcog.2025.112932
28,Dataset,Neural network-based framework for wide visibility dehazing with synthetic benchmarks,"Lin Li, Ru Lei, Kun Zhang, Lingchen Sun, Rustam Stolkin",175.0,,2026-7,Issue/Volume,10.1016/j.patcog.2026.113056,https://doi.org/10.1016/j.patcog.2026.113056
29,Dataset,DemoFace: A Demographic Pixelated Face Biometric Image-Text Embedding Dataset with Fairness Baselines,"Abu Sufian, Anirudha Ghosh, Debaditya Barman, Cosimo Distante, Marco Leo, Farhana Sultana",175.0,,2026-7,Issue/Volume,10.1016/j.patcog.2026.113091,https://doi.org/10.1016/j.patcog.2026.113091
30,Dataset,SaURL-TS: A self-adaptive framework for unsupervised time series representation learning,"Yusen Liu, Zhichen Lai, Hua Lu, Xu Cheng, Tianqing Zhu, Xiufeng Liu, Huan Huo",175.0,,2026-7,Issue/Volume,10.1016/j.patcog.2026.113129,https://doi.org/10.1016/j.patcog.2026.113129
31,Dataset,ParkinsonNet: A unified end-to-end framework for estimating Parkinson’s disease motor symptom severity,"Yande Li, Fang Ba, Minglun Gong, Li Cheng",176.0,,2026-8,Issue/Volume,10.1016/j.patcog.2026.113109,https://doi.org/10.1016/j.patcog.2026.113109
32,Dataset,A two-stage learning framework with a beam image dataset for automatic laser resonator alignment,"Shaoxiang Guo, Donald Risbridger, David A. Robb, Xianwen Kong, M. J. Daniel Esser, Michael J. Chantler, Richard M. Carter, Mustafa Suphi Erden",176.0,,2026-8,Issue/Volume,10.1016/j.patcog.2026.113145,https://doi.org/10.1016/j.patcog.2026.113145
33,Dataset,Semantic change detection of roads and bridges: A fine-grained dataset and multimodal frequency-driven detector,"Qing-Ling Shu, Si-Bao Chen, Xiao Wang, Zhi-Hui You, Wei Lu, Jin Tang, Bin Luo",176.0,,2026-8,Issue/Volume,10.1016/j.patcog.2026.113191,https://doi.org/10.1016/j.patcog.2026.113191
34,Dataset,STOOD-X: Explainable out-of-distribution detection via nonparametric statistical testing on large-scale datasets,"Iván Sevillano-García, Julián Luengo, Francisco Herrera",177.0,,2026-9,Issue/Volume,10.1016/j.patcog.2026.113254,https://doi.org/10.1016/j.patcog.2026.113254
35,Dataset,Hyperanimal: Identity hypersphere guided synthetic datasets generation for individual animal identification,"Yue Yang, Zongming Peng, Tie Liu, Peng Chen, Zongyong Deng, Qijun Zhao",177.0,,2026-9,Issue/Volume,10.1016/j.patcog.2026.113252,https://doi.org/10.1016/j.patcog.2026.113252
36,Dataset,A benchmark and method for photographed table reasoning,"Xiaoqiang Kang, Zimu Wang, Xiaochen Zi, Xiaobo Jin, Kaizhu Huang, Fei Yin, Qiufeng Wang",178.0,,2026-10,Issue/Volume,10.1016/j.patcog.2026.113355,https://doi.org/10.1016/j.patcog.2026.113355
37,Dataset,SDC: a parameter-free clustering algorithm for incomplete datasets,"Qi Li, Xianjun Zeng, Shuliang Wang, Wenhao Zhu, Sijie Ruan, Jiale Dai",177.0,,2026-9,Issue/Volume,10.1016/j.patcog.2026.113363,https://doi.org/10.1016/j.patcog.2026.113363
38,Dataset,A benchmark For multi-lingual vision-language learning in remote sensing image captioning,"Qi Wang, Qing Zhou, Tao Yang, Junyu Gao, Weiping Ni, Junzheng Wu",178.0,,2026-10,Issue/Volume,10.1016/j.patcog.2026.113399,https://doi.org/10.1016/j.patcog.2026.113399
39,Dataset,Multimodal metaphor understanding and generation in MLLMs: A dataset and reasoning framework,"Senqi Yang, Dongyu Zhang, Zihang Du, Haojia Li, Guiru Wang, Qi Wu, Wanqiu Liao, Zeqi Hao, Wei Guo, Mingshuo Pan, Hongfei Lin",178.0,,2026-10,Issue/Volume,10.1016/j.patcog.2026.113369,https://doi.org/10.1016/j.patcog.2026.113369
40,Dataset,Real-IAD Variety: Pushing Industrial Anomaly Detection Dataset to a Modern Era,"Wenbing Zhu, Chengjie Wang, Bin-Bin Gao, Jiangning Zhang, Guannan Jiang, Jie Hu, Zhenye Gan, Lidong Wang, Ziqing Zhou, Jianghui Zhang, Linjie Cheng, Yurui Pan, Bo Peng, Mingmin Chi, Lizhuang Ma",178.0,,2026-10,Issue/Volume,10.1016/j.patcog.2026.113354,https://doi.org/10.1016/j.patcog.2026.113354
41,Dataset,UWRGBD1k: A large-scale RGBD dataset of underwater object tracking,"Kaixiang Yan, Wenhua Qian, Cong Bi, Peng Liu",179.0,,2026-11,Issue/Volume,10.1016/j.patcog.2026.113487,https://doi.org/10.1016/j.patcog.2026.113487
42,Dataset,WildAnimal650+: A large-scale annotated dataset for generalized animal segmentation in unconstrained environments,"Rima Hasna Yamouni, Rim Trabelsi, Adnane Cabani, Malek Garrach, Oumayma Sassi, Fatma Abdelkefi",179.0,,2026-11,Issue/Volume,10.1016/j.patcog.2026.113525,https://doi.org/10.1016/j.patcog.2026.113525
43,Dataset,BeltCrack: The first sequential-image industrial conveyor belt crack detection dataset and its baseline with triple-domain feature learning,"Jianghong Huang, Luping Ji, Xin Ma, Mao Ye",179.0,,2026-11,Issue/Volume,10.1016/j.patcog.2026.113598,https://doi.org/10.1016/j.patcog.2026.113598
44,Dataset,MFID-200: A multimodal footprint dataset and spatial-temporal prompted transformer for identification,"Xudong Zhou, Yan Zhang, Xuchen Fan, Nian Wang, Wenxia Bao",179.0,,2026-11,Issue/Volume,10.1016/j.patcog.2026.113581,https://doi.org/10.1016/j.patcog.2026.113581
45,Dataset,Visual anomaly detection under complex view-illumination interplay: A large-scale benchmark,"Yunkang Cao, Yuqi Cheng, Yuxin Zhang, Xiaohao Xu, Yiheng Zhang, Yihan Sun, Yuxiang Tan, Xiaonan Huang, Chao Huang, Weiming Shen",179.0,,2026-11,Issue/Volume,10.1016/j.patcog.2026.113666,https://doi.org/10.1016/j.patcog.2026.113666
46,Dataset,MM-MoralBench: A multimodal moral evaluation benchmark for large vision-language models,"Bei Yan, Jie Zhang, Zhiyuan Chen, Shiguang Shan, Xilin Chen",179.0,,2026-11,Issue/Volume,10.1016/j.patcog.2026.113624,https://doi.org/10.1016/j.patcog.2026.113624
47,Dataset,"Benchmarking real-world medical image classification with noisy labels: Challenges, practice, and outlook","Yuan Ma, Junlin Hou, Chao Zhang, Yukun Zhou, Zongyuan Ge, Haoran Xie, Lie Ju",179.0,,2026-11,Issue/Volume,10.1016/j.patcog.2026.113647,https://doi.org/10.1016/j.patcog.2026.113647
48,Dataset,Medical image segmentation via Attention-enhanced Mamba with learnable Symmetry scan and a benchmark,"Xiaowei Zhao, Chenglong Li, Jin Tang, Chuanfu Li",179.0,,2026-11,Issue/Volume,10.1016/j.patcog.2026.113680,https://doi.org/10.1016/j.patcog.2026.113680
49,Dataset,Incomplete cross-modality class-incremental learning in visible-thermal recognition,"Xinjie Yao, Yanxian Bi, Yu Wang, Pengfei Zhu, Ruipu Zhao, Weihao Li, Wanyu Lin, Kai Li, Qinghua Hu",179.0,,2026-11,Issue/Volume,10.1016/j.patcog.2026.113681,https://doi.org/10.1016/j.patcog.2026.113681
50,Dataset,GroundCap: A visually grounded image captioning dataset with object and action identification,"Daniel A.P. Oliveira, Lourenço Teodoro, David Martins de Matos",179.0,,2026-11,Issue/Volume,10.1016/j.patcog.2026.113703,https://doi.org/10.1016/j.patcog.2026.113703
51,Dataset,MindDialog: A large-scale benchmark for counseling dialogue understanding and generation,"He Hu, Juzheng Si, Qianning Wang, Tengjin Weng, Yihong Ji, Jiyue Jiang, Fei Ma, Yucheng Zhou, Laizhong Cui, Qi Tian",179.0,,2026-11,Issue/Volume,10.1016/j.patcog.2026.113766,https://doi.org/10.1016/j.patcog.2026.113766
52,Dataset,ATCMD-Bench: Agentic Traditional Chinese Medicine diagnosis benchmark for Large Language Models via multi-agent simulation,"Junxiang Lin, Gang Dai, Wenjie Peng, Shuangping Huang, Yingrong Lao, Huamin Zhang, Tianshui Chen",179.0,,2026-11,Issue/Volume,10.1016/j.patcog.2026.113679,https://doi.org/10.1016/j.patcog.2026.113679
53,Dataset,BenchCIR: Benchmarking robustness in composed image retrieval across modalities,"Shitong Sun, Qilei Li, Shaogang Gong, Weitong Cai, Philip Torr, Jindong Gu",179.0,,2026-11,Issue/Volume,10.1016/j.patcog.2026.113724,https://doi.org/10.1016/j.patcog.2026.113724
54,Dataset,Advancing metallic surface defect detection via anomaly-guided pretraining on a large industrial dataset,"Chuni Liu, Hongjie Li, Jiaqi Du, Yangyang Hou, Qian Sun, Lei Jin, Ke Xu",179.0,,2026-11,Issue/Volume,10.1016/j.patcog.2026.113788,https://doi.org/10.1016/j.patcog.2026.113788
55,Dataset,MultiSensor-Home: Multi-modal multi-view dataset and benchmarks for action recognition in home environments,"Trung Thanh Nguyen, Yasutomo Kawanishi, Vijay John, Takahiro Komamizu, Ichiro Ide",179.0,,2026-11,Issue/Volume,10.1016/j.patcog.2026.113810,https://doi.org/10.1016/j.patcog.2026.113810
56,Dataset,A short video anomaly detection benchmark with temporal-guided multi-feature fusion for weak supervision,"Yaxin Yang, Chao Han, Jun Wan",179.0,,2026-11,Issue/Volume,10.1016/j.patcog.2026.113739,https://doi.org/10.1016/j.patcog.2026.113739
57,Dataset,CDSP: Enhancing CLIP-based weakly supervised semantic segmentation with dataset-specific prototypes,"Yujie Diao, Ruiguo Yu, Yuan Tian, Jie Gao, Mei Yu, Xuewei Li",179.0,,2026-11,Issue/Volume,10.1016/j.patcog.2026.113851,https://doi.org/10.1016/j.patcog.2026.113851
58,Dataset,CMDPAD: A Chinese multimodal dynamic personality and affect dataset for affect prediction in conversations,"Zisen Zhou, Heng Xie, Chang Wen, Xuefei Liu, Jianhua Tao, Zhengqi Wen, Changsheng Li, Zheng Lian, Jinming Zhao, Bingsen Xiong, Shaozheng Qin",179.0,,2026-11,Issue/Volume,10.1016/j.patcog.2026.113822,https://doi.org/10.1016/j.patcog.2026.113822
59,Dataset,Multimodal personality detection on social media: A novel benchmark dataset and effective framework,"Keen Liu, Yinghan Shen, Xinrui Tan, Minghang Liu, Yihang Liu, Zihe Huang, Huawei Shen",179.0,,2026-11,Issue/Volume,10.1016/j.patcog.2026.113903,https://doi.org/10.1016/j.patcog.2026.113903
60,Dataset,A comprehensive survey of action quality assessment: Method and benchmark,"Kanglei Zhou, Ruizhi Cai, Liyuan Wang, Hubert P.H. Shum, Xiaohui Liang",179.0,,2026-11,Issue/Volume,10.1016/j.patcog.2026.113933,https://doi.org/10.1016/j.patcog.2026.113933
61,Dataset,Benchmarking Multimodal Large Language Models for missing modality completion in product catalogues,"Junchen Fu, Wenhao Deng, Kaiwen Zheng, Ioannis Arapakis, Yu Ye, Yongxin Ni, Joemon M. Jose, Xuri Ge",180.0,,2026-12,Issue/Volume,10.1016/j.patcog.2026.114020,https://doi.org/10.1016/j.patcog.2026.114020
62,Dataset,A benchmark for robust salient object detection in adverse weather conditions,"Quan Chen, Xiong Yang, Bolun Zheng, Rongfeng Lu, Xiaokai Yang, Qianyu Zhang, Yu Liu, Xiaofei Zhou",180.0,,2026-12,Issue/Volume,10.1016/j.patcog.2026.114003,https://doi.org/10.1016/j.patcog.2026.114003
63,Dataset,Graph theory-based dynamic unsupervised feature selection method for interval-valued datasets,"Xuan Shen, Xiaoyan Zhang",180.0,,2026-12,Issue/Volume,10.1016/j.patcog.2026.114034,https://doi.org/10.1016/j.patcog.2026.114034
64,Dataset,Representation-centric survey of supervised skeletal action recognition and the new benchmark,"Yang Liu, Jiyao Yang, Madhawa Perera, Pan Ji, Dongwoo Kim, Min Xu, Tianyang Wang, Saeed Anwar, Tom Gedeon, Lei Wang, Zhenyue Qin",180.0,,2026-12,Issue/Volume,10.1016/j.patcog.2026.114140,https://doi.org/10.1016/j.patcog.2026.114140
65,Dataset,Occlusion-aware visual object tracking with explicit temporal state modeling and dual-memory mechanism,"Zhipeng Chen, Linning Peng, Tianyu Wang, Cheng Zeng, Yijin Pan, Jun-Bo Wang",180.0,,2026-12,Issue/Volume,10.1016/j.patcog.2026.114155,https://doi.org/10.1016/j.patcog.2026.114155
66,Dataset,IC-Bench: Benchmarking robustness of large multimodal models to common corruptions on image captioning,"Xuelin Liu, Xinpeng Fang, Jiebin Yan, Chengyang Fang, Yuming Fang",180.0,,2026-12,Issue/Volume,10.1016/j.patcog.2026.114272,https://doi.org/10.1016/j.patcog.2026.114272
67,Dataset,ENVISAGE: An image captioning dataset and conformal uncertainty modeling framework to assist visually impaired individuals,"Özkan Çaylı, Volkan Kılıç, Wenwu Wang",180.0,,2026-12,Issue/Volume,10.1016/j.patcog.2026.114298,https://doi.org/10.1016/j.patcog.2026.114298
68,Dataset,CCSEMO: A Chinese Counseling Speech Emotion Dataset annotated via a unified standardized annotation framework,"Zhixing Guo, Yang Liu, Yudong Yang, Hangbin Yu, Rongfeng Su, Nan Yan, Lan Wang",180.0,,2026-12,Issue/Volume,10.1016/j.patcog.2026.114277,https://doi.org/10.1016/j.patcog.2026.114277
69,Dataset,"Explainable multimodal classroom activity recognition: Dataset, metrics, and benchmark","Cunling Bian, Xiaofang Wang, Tao Wang, Weigang Lu",180.0,,2026-12,Issue/Volume,10.1016/j.patcog.2026.114268,https://doi.org/10.1016/j.patcog.2026.114268
70,Dataset,Open-VSRD: A large-scale dynamic dataset and diffusion framework for video shadow removal,"Xinjie Li, Xinlei Dai, Yang Zhao, Fangxing Zhang, Xiaoping Liu",180.0,,2026-12,Issue/Volume,10.1016/j.patcog.2026.114568,https://doi.org/10.1016/j.patcog.2026.114568
71,Dataset,CoSI-Gaze: Context-Spatial Integration for gaze target detection and social gaze prediction,"Fei Chang, Jiabei Zeng, Dongmei Jiang, Shiguang Shan",180.0,,2026-12,Issue/Volume,10.1016/j.patcog.2026.114552,https://doi.org/10.1016/j.patcog.2026.114552
72,Dataset,DHQA-4D: A large-scale dataset and LMM-based metric for dynamic 4D digital human quality assessment,"Yunhao Li, Sijing Wu, Yucheng Zhu, Huiyu Duan, Zicheng Zhang, Wei Sun, Xiongkuo Min, Guangtao Zhai",180.0,,2026-12,Issue/Volume,10.1016/j.patcog.2026.114567,https://doi.org/10.1016/j.patcog.2026.114567
73,Dataset,StructFuse: Harmonizing multiple structural cues for diffusion-driven image compositing,"Waqas Ahmed, Dean Diepeveen, Ferdous Sohel",180.0,,2026-12,Issue/Volume,10.1016/j.patcog.2026.114609,https://doi.org/10.1016/j.patcog.2026.114609
74,Dataset,Benchmarking different parameter-efficient fine-tuning methods for Visual Place Recognition,"Rouwan Wu, Jingbei Li, Yuxiang Liu, Yu Liu, Shen Yan, Maojun Zhang",180.0,,2026-12,Issue/Volume,10.1016/j.patcog.2026.114655,https://doi.org/10.1016/j.patcog.2026.114655
75,Method,Online task-free continual learning via Expansible Vision Transformer,"Fei Ye, Adrian G. Bors",169.0,,2026-1,Issue/Volume,10.1016/j.patcog.2025.111730,https://doi.org/10.1016/j.patcog.2025.111730
76,Method,Quality transformer for human parsing,"Yao Guo, Lu Yang, Pu Cao, Shan Li, Yilin Zhou, Qing Song",169.0,,2026-1,Issue/Volume,10.1016/j.patcog.2025.111736,https://doi.org/10.1016/j.patcog.2025.111736
77,Method,Fast distance-enhanced graph convolutional network for skeleton-based action recognition,"Jinze Huo, Haibin Cai, Qinggang Meng",169.0,,2026-1,Issue/Volume,10.1016/j.patcog.2025.111827,https://doi.org/10.1016/j.patcog.2025.111827
78,Method,Perceptual image compression with textual side information,"Shi-Yu Qin, Bin Chen, Yu-Jun Huang, Bao-Yi An, Tao Dai, Shu-Tao Xia",169.0,,2026-1,Issue/Volume,10.1016/j.patcog.2025.111848,https://doi.org/10.1016/j.patcog.2025.111848
79,Method,HF A 2 RE: Enhancing adversarial robustness via Hyperspherical Feature Aggregation,"Heqi Peng, Mingxuan Chen, Yunhong Wang, Yuanfang Guo",169.0,,2026-1,Issue/Volume,10.1016/j.patcog.2025.111857,https://doi.org/10.1016/j.patcog.2025.111857
80,Method,Feature matters: Revisiting channel attention for Temporal Action Detection,"Guo Chen, Yin-Dong Zheng, Wei Zhu, Jiahao Wang, Tong Lu",169.0,,2026-1,Issue/Volume,10.1016/j.patcog.2025.111846,https://doi.org/10.1016/j.patcog.2025.111846
81,Method,Two-stage knowledge distillation for visible-infrared person re-identification,"Jiangming Shi, Xiangbo Yin, Demao Zhang, Zhizhong Zhang, Yuan Xie, Yanyun Qu",169.0,,2026-1,Issue/Volume,10.1016/j.patcog.2025.111850,https://doi.org/10.1016/j.patcog.2025.111850
82,Method,Query-enhanced motion transformer with dilated static query and bridged dynamic query,"Miao Kang, Liushuai Shi, Ke Ye, Sanping Zhou, Nanning Zheng",169.0,,2026-1,Issue/Volume,10.1016/j.patcog.2025.111847,https://doi.org/10.1016/j.patcog.2025.111847
83,Method,Locality-driven flexible consensus graph learning for multi-view clustering,"Bocheng Wang, Jiawei Wang, Chusheng Zeng, Mulin Chen",169.0,,2026-1,Issue/Volume,10.1016/j.patcog.2025.111853,https://doi.org/10.1016/j.patcog.2025.111853
84,Method,Detecting and explaining structural changes in an evolving graph using a martingale,"Shen-Shyang Ho, Tarun Teja Kairamkonda, Izhar Ali",169.0,,2026-1,Issue/Volume,10.1016/j.patcog.2025.111855,https://doi.org/10.1016/j.patcog.2025.111855
85,Method,Video and noise collaboratively guided semi-supervised diffusion model for video action detection,"Qiming Zhang, Zhengping Hu, Yulu Wang, Hehao Zhang, Jirui Di",169.0,,2026-1,Issue/Volume,10.1016/j.patcog.2025.111925,https://doi.org/10.1016/j.patcog.2025.111925
86,Method,Robust object detection in adverse weather with feature decorrelation via independence learning,"Yutao Zhang, Shiyu Xuan, Zechao Li",169.0,,2026-1,Issue/Volume,10.1016/j.patcog.2025.111790,https://doi.org/10.1016/j.patcog.2025.111790
87,Method,Instance-wise distributionally robust nonnegative matrix factorization,"Wafa Barkhoda, Amjad Seyedi, Nicolas Gillis, Fardin Akhlaghian Tab",169.0,,2026-1,Issue/Volume,10.1016/j.patcog.2025.111732,https://doi.org/10.1016/j.patcog.2025.111732
88,Method,MGRAG: MultiModal grid-aware retrieval augmentation generation framework for power grid work tickets,"Jiangbing Mao, Chenfeng Zheng, Wenliang Liu, Zhihong Zhang",169.0,,2026-1,Issue/Volume,10.1016/j.patcog.2025.111845,https://doi.org/10.1016/j.patcog.2025.111845
89,Method,Multi-scale feature fusion for breast tumor grading using dual-adaptive attention mechanisms,"Israr Hussain, Zhihui Lai, Heng Kong, Fazil Hussain",169.0,,2026-1,Issue/Volume,10.1016/j.patcog.2025.111838,https://doi.org/10.1016/j.patcog.2025.111838
90,Method,SAEN-BGS: Energy-efficient spiking autoencoder network for background subtraction,"Zhixuan Zhang, Xiao Peng Li, Qi Liu",169.0,,2026-1,Issue/Volume,10.1016/j.patcog.2025.111792,https://doi.org/10.1016/j.patcog.2025.111792
91,Method,Boosting endomicroscopy image recognition with contrastive learning and bag-of-words,"Jingjun Zhou, Gang Zheng, Qian Liu",169.0,,2026-1,Issue/Volume,10.1016/j.patcog.2025.111823,https://doi.org/10.1016/j.patcog.2025.111823
92,Method,Nighttime image dehazing via a physics-aware dynamic neural model with progressive contrastive regularization,"Yun Liang, Xinjie Xiao, Zihan Zhou, Lianghui Li, Yuhui Quan",169.0,,2026-1,Issue/Volume,10.1016/j.patcog.2025.111863,https://doi.org/10.1016/j.patcog.2025.111863
93,Method,Hybrid region and population hypergraph neural network for mild cognitive impairment detection,"Jie Wang, Luohuang Wu, Hulin Kuang, Jianxin Wang",169.0,,2026-1,Issue/Volume,10.1016/j.patcog.2025.111864,https://doi.org/10.1016/j.patcog.2025.111864
94,Method,DMF-SIM: Dual-Model Framework for super-resolution reconstruction and denoising in Structured Illumination Microscopy,"Yue Huo, Zhi Deng, Peng Zhang, Zixuan Lu, Feifan Zhang, Meiqi Li, Yiwei Hou, Peng Xi, Wei Huang, Yanning Zhang",169.0,,2026-1,Issue/Volume,10.1016/j.patcog.2025.111865,https://doi.org/10.1016/j.patcog.2025.111865
95,Method,High-quality coronary artery segmentation via fuzzy logic modeling coupled with dynamic graph convolutional network,"Caixia Dong, Duwei Dai, Yang Li, Songhua Xu",169.0,,2026-1,Issue/Volume,10.1016/j.patcog.2025.111891,https://doi.org/10.1016/j.patcog.2025.111891
96,Method,Improving mutation pathogenicity prediction of metal-binding sites in proteins with a panoramic attention mechanism,"Yuan Zhang, Jiafeng Wu, Qiuye Zhao, Mingyuan Dong, Junsheng Deng, Xieping Gao, Kai Hu, Dapeng Xiong",169.0,,2026-1,Issue/Volume,10.1016/j.patcog.2025.111935,https://doi.org/10.1016/j.patcog.2025.111935
97,Method,Visual complexity guided diffusion defender for video object tracking and recognition,"Shaochuan Zhao, Tianyang Xu, Hui Li, Xiao-Jun Wu, Josef Kittler",169.0,,2026-1,Issue/Volume,10.1016/j.patcog.2025.111867,https://doi.org/10.1016/j.patcog.2025.111867
98,Method,Desensitizing for improving corruption robustness in point cloud classification through adversarial training,"Zhiqiang Tian, Weigang Li, Chunhua Deng, Junwei Hu, Yongqiang Wang, Wenping Liu",169.0,,2026-1,Issue/Volume,10.1016/j.patcog.2025.111862,https://doi.org/10.1016/j.patcog.2025.111862
99,Method,MPM-Net: Multi-task interactive network with progressive multi-granularity learning for herbal medicine recognition,"Kaiwen Yang, Guanqun Ding, Leyuan Sun, Jingzhong Chen, Guangying Du, Quan Zheng, Tao Zhang",169.0,,2026-1,Issue/Volume,10.1016/j.patcog.2025.111868,https://doi.org/10.1016/j.patcog.2025.111868
100,Method,ADSUNet: Accumulation-difference-based Siamese U-Net for inter-frame infrared dim and small target detection,"Liuwei Zhang, Yuyang Xi, Zhipeng Wang, Wang Zhang, Fanjiao Tan, Qingyu Hou",169.0,,2026-1,Issue/Volume,10.1016/j.patcog.2025.111942,https://doi.org/10.1016/j.patcog.2025.111942
101,Method,DLIENet: A lightweight low-light image enhancement network via knowledge distillation,"Ling Zhang, Zhenyu Li, Liang Cheng, Qing Zhang, Zheng Liu, Xiaolong Zhang, Chunxia Xiao",169.0,,2026-1,Issue/Volume,10.1016/j.patcog.2025.111777,https://doi.org/10.1016/j.patcog.2025.111777
102,Method,Twin proximal support vector regression with Gauss–Laplace mixed noise,"Chao Liu, Quan Qian",169.0,,2026-1,Issue/Volume,10.1016/j.patcog.2025.111860,https://doi.org/10.1016/j.patcog.2025.111860
103,Method,Graph-empowered Text-to-SQL generation on Electronic Medical Records,"Qian Chen, Jun Peng, Baiyang Song, Yiyi Zhou, Rongrong Ji",169.0,,2026-1,Issue/Volume,10.1016/j.patcog.2025.111800,https://doi.org/10.1016/j.patcog.2025.111800
104,Method,Towards robust sentiment analysis with multimodal interaction graph and hybrid contrastive learning,"Peizhu Gong, Jin Liu, Xiliang Zhang, Xingye Li, Lai Wei, Huihua He",169.0,,2026-1,Issue/Volume,10.1016/j.patcog.2025.111870,https://doi.org/10.1016/j.patcog.2025.111870
105,Method,MMoFusion: Multi-modal co-speech motion generation with diffusion model,"Sen Wang, Jiangning Zhang, Xin Tan, Zhifeng Xie, Chengjie Wang, Lizhuang Ma",169.0,,2026-1,Issue/Volume,10.1016/j.patcog.2025.111774,https://doi.org/10.1016/j.patcog.2025.111774
106,Method,Transform domain tensor-based deep unrolling network for single-frame infrared small target detection,"Bin Xiao, Yue Hu",169.0,,2026-1,Issue/Volume,10.1016/j.patcog.2025.111956,https://doi.org/10.1016/j.patcog.2025.111956
107,Method,RIDE: Redensification-based intrinsic density estimation for knowledge graphs,"Wei-Kun Kong, Yiping Duan, Xiaoming Tao, Yueran Zu",169.0,,2026-1,Issue/Volume,10.1016/j.patcog.2025.111876,https://doi.org/10.1016/j.patcog.2025.111876
108,Method,Source-free domain adaptation for unsupervised radar-based human activity recognition,"Xu Si, Chi Zhang, Siwei Li, Jing Liang",169.0,,2026-1,Issue/Volume,10.1016/j.patcog.2025.111866,https://doi.org/10.1016/j.patcog.2025.111866
109,Method,Leveraging multi-class background description and token dictionary representation for hyperspectral anomaly detection,"Zhiwei Wang, Kun Tan, Xue Wang, Wen Zhang",169.0,,2026-1,Issue/Volume,10.1016/j.patcog.2025.111945,https://doi.org/10.1016/j.patcog.2025.111945
110,Method,Multiview feature selection combining latent space and similarity structure learning,"Zhuowen Li, Hongmei Chen, Tengyu Yin, Zhong Yuan, Chuan Luo, Shi-Jinn Horng, Tianrui Li",169.0,,2026-1,Issue/Volume,10.1016/j.patcog.2025.111874,https://doi.org/10.1016/j.patcog.2025.111874
111,Method,More video-relevant paragraph captioning via Perturbed Attention Self-Distillation,"Yiqi Gao, Wei Suo, Mengyang Sun, Le Liu, Peng Wang",169.0,,2026-1,Issue/Volume,10.1016/j.patcog.2025.111871,https://doi.org/10.1016/j.patcog.2025.111871
112,Method,Normalized cut co-clustering with out-of-sample extension,"Jingyu Wang, Mingqing Liu, Feiping Nie, Xuelong Li",169.0,,2026-1,Issue/Volume,10.1016/j.patcog.2025.111881,https://doi.org/10.1016/j.patcog.2025.111881
113,Method,Open-world Weakly-Supervised Object Localization,"Jinheng Xie, Zhaochuan Luo, Rouyi Li, Yawen Huang, Haozhe Liu, Yuexiang Li, Yefeng Zheng, Yang Zhang, Linlin Shen, Mike Zheng Shou",169.0,,2026-1,Issue/Volume,10.1016/j.patcog.2025.111808,https://doi.org/10.1016/j.patcog.2025.111808
114,Method,Dual Assignment of labels for end-to-end fully convolutional object detection,"Yiqun Chen, Qiang Chen, Qinghao Hu, Jian Cheng",169.0,,2026-1,Issue/Volume,10.1016/j.patcog.2025.111877,https://doi.org/10.1016/j.patcog.2025.111877
115,Method,Domain incremental learning for object detection,"Gen Luo, Jiamu Sun, Lei Jin, Yiyi Zhou, Qiang Xu, Rongrong Fu, Xiaoshuai Sun, Rongrong Ji",170.0,,2026-2,Issue/Volume,10.1016/j.patcog.2025.111882,https://doi.org/10.1016/j.patcog.2025.111882
116,Method,UniFormaly: Towards task-agnostic unified framework for visual anomaly detection,"Yujin Lee, Harin Lim, Seoyoon Jang, Hyunsoo Yoon",169.0,,2026-1,Issue/Volume,10.1016/j.patcog.2025.111820,https://doi.org/10.1016/j.patcog.2025.111820
117,Method,AutoScaler: Self scale alignment for handwritten mathematical expression recognition,"Wentao Yang, Jiaxin Zhang, Lianwen Jin",171.0,,2026-3,Issue/Volume,10.1016/j.patcog.2025.111872,https://doi.org/10.1016/j.patcog.2025.111872
118,Method,AdaPrompt-IR: Adaptive learning to perceive degradation semantic and prompting for all-in-one image restoration,"Wei Sun, Qianzhou Wang, Yaqi Wang, Zhiqiang Hou, Qingsen Yan, Yanning Zhang",169.0,,2026-1,Issue/Volume,10.1016/j.patcog.2025.111875,https://doi.org/10.1016/j.patcog.2025.111875
119,Method,Progressive frequency-decoupled network with neighbor-aware self-evolving convolution kernels for pansharpening,"Rui Miao, Fengguang Peng, Dong Dong, Hang Shi",169.0,,2026-1,Issue/Volume,10.1016/j.patcog.2025.111888,https://doi.org/10.1016/j.patcog.2025.111888
120,Method,Hybrid quantum sparse coding and dynamic convolution capsule network for enhanced image classification,Zhong Shu,169.0,,2026-1,Issue/Volume,10.1016/j.patcog.2025.111974,https://doi.org/10.1016/j.patcog.2025.111974
121,Method,PID: Physics-Informed Diffusion Model for Infrared Image Generation,"Fangyuan Mao, Jilin Mei, Shun Lu, Fuyang Liu, Liang Chen, Fangzhou Zhao, Yu Hu",169.0,,2026-1,Issue/Volume,10.1016/j.patcog.2025.111816,https://doi.org/10.1016/j.patcog.2025.111816
122,Method,Visual perception-inspired 3D point cloud sampling,"Xu Wang, Yi Jin, Hui Yu, Yigang Cen, Yidong Li",169.0,,2026-1,Issue/Volume,10.1016/j.patcog.2025.111883,https://doi.org/10.1016/j.patcog.2025.111883
123,Method,Making clustering methods workable for shapes using the ordinary Procrustes sum of squares,"Kazunori Iwata, Yuki Nontani, Kazushi Mimura",169.0,,2026-1,Issue/Volume,10.1016/j.patcog.2025.111878,https://doi.org/10.1016/j.patcog.2025.111878
124,Method,UC-PUAL: A universally consistent classifier of positive-unlabelled data,"Xiaoke Wang, Rui Zhu, Jing-Hao Xue",169.0,,2026-1,Issue/Volume,10.1016/j.patcog.2025.111892,https://doi.org/10.1016/j.patcog.2025.111892
125,Method,"Efficient ℓ2,1-norm graph for robust semi-supervised classification","Xiaoguang Qiao, Caikou Chen, Weiye Wang, Qian Peng, Abdul Ghafar",169.0,,2026-1,Issue/Volume,10.1016/j.patcog.2025.111890,https://doi.org/10.1016/j.patcog.2025.111890
126,Method,Deformable Feature Alignment and Refinement for moving infrared small target detection,"Dengyan Luo, Yanping Xiang, Hu Wang, Luping Ji, Shuai Li, Mao Ye",169.0,,2026-1,Issue/Volume,10.1016/j.patcog.2025.111894,https://doi.org/10.1016/j.patcog.2025.111894
127,Method,A multi-model dynamic filtering of label noise for regression,"Gaoxia Jiang, Fan Lei, Wenjian Wang",169.0,,2026-1,Issue/Volume,10.1016/j.patcog.2025.111887,https://doi.org/10.1016/j.patcog.2025.111887
128,Method,Insights into imbalance-aware Multilabel Prototype Generation mechanisms for k -Nearest Neighbor classification in noisy scenarios,"Jose J. Valero-Mas, Carlos Penarrubia, Francisco J. Castellanos, Antonio Javier Gallego, Jorge Calvo-Zaragoza",169.0,,2026-1,Issue/Volume,10.1016/j.patcog.2025.111884,https://doi.org/10.1016/j.patcog.2025.111884
129,Method,Fully PolSAR image reconstruction for enhanced land cover mapping,"Xu Sun, Junyu Gao, Yuan Yuan",169.0,,2026-1,Issue/Volume,10.1016/j.patcog.2025.111895,https://doi.org/10.1016/j.patcog.2025.111895
130,Method,FCRNet: Learning non-linear correspondences variation via a graph-based feature embedding for false correspondence removal,"Ruiyuan Li, Zhaolin Xiao, Meng Zhang, Haiyan Jin, Haonan Su",169.0,,2026-1,Issue/Volume,10.1016/j.patcog.2025.111903,https://doi.org/10.1016/j.patcog.2025.111903
131,Method,Rethinking multi-pattern mining from a perspective of pattern prototype learning,"Guanghui Shi, Xuefeng Liang, Xiaoyu Lin",169.0,,2026-1,Issue/Volume,10.1016/j.patcog.2025.111896,https://doi.org/10.1016/j.patcog.2025.111896
132,Method,TOFFNet: A Texture Orientation-based Feature Fusion Network for contactless multimodal finger recognition,"Siqi Wang, Zishuang Wang, Jiapeng Lin, Wenming Yang, Qingmin Liao",169.0,,2026-1,Issue/Volume,10.1016/j.patcog.2025.111898,https://doi.org/10.1016/j.patcog.2025.111898
133,Method,Constrained and directional ensemble attention for facial action unit detection,"Zhiwen Shao, Bikuan Chen, Yong Zhou, Xuehuai Shi, Canlin Li, Lizhuang Ma, Dit-Yan Yeung",169.0,,2026-1,Issue/Volume,10.1016/j.patcog.2025.111904,https://doi.org/10.1016/j.patcog.2025.111904
134,Method,Unveiling explainability in face anti-spoofing: Hybrid feature extraction with XAI-guided feature aggregation,"Ravi Pratap Singh, Ratnakar Dash, Ramesh Kumar Mohapatra",169.0,,2026-1,Issue/Volume,10.1016/j.patcog.2025.111905,https://doi.org/10.1016/j.patcog.2025.111905
135,Method,Generative attack in complex real-world scenarios,"Hongyu Peng, Gong Cheng, Xuxiang Sun",169.0,,2026-1,Issue/Volume,10.1016/j.patcog.2025.111893,https://doi.org/10.1016/j.patcog.2025.111893
136,Method,Leveraging negative correlation for Full-Range Self-Attention in Vision Transformers,"Wei Long, Ziyang Chen, Wenting Li, Yongjun Zhang, He Yao, Jiaxin Peng, Zhongwei Cui",169.0,,2026-1,Issue/Volume,10.1016/j.patcog.2025.111899,https://doi.org/10.1016/j.patcog.2025.111899
137,Method,A cooperative hybrid breeding swarm intelligence algorithm for feature selection,"Mengqing Mei, Songsong Zhang, Zhiwei Ye, Mingwei Wang, Wen Zhou, Jia Yang, Jixin Zhang, Lingyu Yan, Jun Shen",169.0,,2026-1,Issue/Volume,10.1016/j.patcog.2025.111901,https://doi.org/10.1016/j.patcog.2025.111901
138,Method,Cutting through the noise: Explaining residuals in multivariate time series with motif analysis,"Miguel G. Silva, Sara C. Madeira, Rui Henriques",169.0,,2026-1,Issue/Volume,10.1016/j.patcog.2025.111900,https://doi.org/10.1016/j.patcog.2025.111900
139,Method,Prototype-guided text-based person search on rich Chinese descriptions,"Ziqiang Wu, Bingpeng Ma",169.0,,2026-1,Issue/Volume,10.1016/j.patcog.2025.111781,https://doi.org/10.1016/j.patcog.2025.111781
140,Method,MA-FSAR: Multimodal Adaptation of CLIP for few-shot action recognition,"Jiazheng Xing, Jian Zhao, Chao Xu, Mengmeng Wang, Guang Dai, Yong Liu, Jingdong Wang, Xuelong Li",169.0,,2026-1,Issue/Volume,10.1016/j.patcog.2025.111902,https://doi.org/10.1016/j.patcog.2025.111902
141,Method,MIMAR-OSA: Enhancing obstructive sleep apnea diagnosis through multimodal data integration and missing modality reconstruction,"Xihe Qiu, Yingchen Wei, Xiaoyu Tan, Weidi Xu, Haodong Wang, Jingru Ma, Jingjing Huang, Zhijun Fang",169.0,,2026-1,Issue/Volume,10.1016/j.patcog.2025.111917,https://doi.org/10.1016/j.patcog.2025.111917
142,Method,DB-SBR: A dual-backbone model for student behavior recognition,"Lin Wang, Xiaolong Xu",169.0,,2026-1,Issue/Volume,10.1016/j.patcog.2025.111996,https://doi.org/10.1016/j.patcog.2025.111996
143,Method,Multi-graph Graph matching for coronary artery semantic labeling in invasive coronary angiograms,"Chen Zhao, Zhihui Xu, Pukar Baral, Michel Esposito, Weihua Zhou",169.0,,2026-1,Issue/Volume,10.1016/j.patcog.2025.111943,https://doi.org/10.1016/j.patcog.2025.111943
144,Method,A graph transformer-based foundation model for brain functional connectivity network,"Yulong Wang, Vince D Calhoun, Godfrey D Pearlson, Peter Kochunov, Theo G.M. van Erp, Yuhui Du",169.0,,2026-1,Issue/Volume,10.1016/j.patcog.2025.111988,https://doi.org/10.1016/j.patcog.2025.111988
145,Method,Dual-masked contrastive learning based hypergraph foundation model for whole slide images,"Xueying Zhou, Saisai Ding, Wenhua Zhang, Juncheng Li, Jun Wang, Jiasheng Chen, Jun Shi",169.0,,2026-1,Issue/Volume,10.1016/j.patcog.2025.111995,https://doi.org/10.1016/j.patcog.2025.111995
146,Method,An unlabelled data-driven sparse coding fusion framework for tumor classification,"Xiaohui Yang, Quanling Zhao, Wenming Wu, Limin Su",169.0,,2026-1,Issue/Volume,10.1016/j.patcog.2025.111989,https://doi.org/10.1016/j.patcog.2025.111989
147,Method,CE-AH: A contrast-enhanced attention hierarchical network for Alzheimer's disease diagnosis based on structural MRI,"Tianxiang Wang, Qun Dai, Han Lu",169.0,,2026-1,Issue/Volume,10.1016/j.patcog.2025.111986,https://doi.org/10.1016/j.patcog.2025.111986
148,Method,Densely activated self-attention for semantic segmentation,"Liwen Xiao, Wenze Liu, Zhicheng Wang, Yiran Wang, Zhiyu Pan, Hao Lu, Zhiguo Cao",170.0,,2026-2,Issue/Volume,10.1016/j.patcog.2025.111920,https://doi.org/10.1016/j.patcog.2025.111920
149,Method,Hypergraph-based semantic and topological self-supervised learning for brain disease diagnosis,"Xiangmin Han, Mengqi Lei, Junchang Li",169.0,,2026-1,Issue/Volume,10.1016/j.patcog.2025.111921,https://doi.org/10.1016/j.patcog.2025.111921
150,Method,Cross-lingual font generation via patch-level style contrastive learning and relative position awareness,"Jinshan Zeng, Yiyang Yuan, Xijia Wang, Yan Zhang, Yefei Wang",169.0,,2026-1,Issue/Volume,10.1016/j.patcog.2025.111937,https://doi.org/10.1016/j.patcog.2025.111937
151,Method,Trunk-branch contrastive network with multi-view deformable aggregation for multi-view action recognition,"Yingyuan Yang, Guoyuan Liang, Can Wang, Xiaojun Wu",169.0,,2026-1,Issue/Volume,10.1016/j.patcog.2025.111923,https://doi.org/10.1016/j.patcog.2025.111923
152,Method,Novel dimensionality reduction approaches for higher-order multidimensional data,"Alaeddine Zahir, Khalide Jbilou, Ahmed Ratnani",169.0,,2026-1,Issue/Volume,10.1016/j.patcog.2025.111938,https://doi.org/10.1016/j.patcog.2025.111938
153,Method,On the design fundamentals of diffusion models: A survey,"Ziyi Chang, George A. Koulieris, Hyung Jin Chang, Hubert P.H. Shum",169.0,,2026-1,Issue/Volume,10.1016/j.patcog.2025.111934,https://doi.org/10.1016/j.patcog.2025.111934
154,Method,Structural feature enhanced transformer for fine-grained image recognition,"Ying Yu, Wei Wei, Cairong Zhao, Jin Qian, Enhong Chen",169.0,,2026-1,Issue/Volume,10.1016/j.patcog.2025.111955,https://doi.org/10.1016/j.patcog.2025.111955
155,Method,CVACL-MA: Comprehensive variate analysis and collaborative learning with multi-adapter for multivariate time series forecasting,"Junjie Ye, Chengli Zhou, Xiaojun Zhou, Yaqun Huang, Chunna Zhao",169.0,,2026-1,Issue/Volume,10.1016/j.patcog.2025.111936,https://doi.org/10.1016/j.patcog.2025.111936
156,Method,CPG: Contrastive Patch-Graph learning for 3D point cloud,"Junjie Zhou, Yingde Song, Chinwai Chiu, Yongping Xiong, Yuxin Luo, Siyang Song",169.0,,2026-1,Issue/Volume,10.1016/j.patcog.2025.111954,https://doi.org/10.1016/j.patcog.2025.111954
157,Method,A brainwave verification system integrating passwords with EEG templates for online identification and authentication,"Hongze Zhao, Yijun Wang, Xiaorong Gao",169.0,,2026-1,Issue/Volume,10.1016/j.patcog.2025.112009,https://doi.org/10.1016/j.patcog.2025.112009
158,Method,DDS-NAS: Dynamic data selection within neural architecture search via on-line hard example mining applied to image classification,"Matt Poyser, Toby P. Breckon",169.0,,2026-1,Issue/Volume,10.1016/j.patcog.2025.111948,https://doi.org/10.1016/j.patcog.2025.111948
159,Method,DFINet: Dynamic feedback iterative network for infrared small target detection,"Jing Wu, Changhai Luo, Zhaobing Qiu, Liqiong Chen, Rixiang Ni, Yunxiang Li, Feng Huang, Jian Wu",169.0,,2026-1,Issue/Volume,10.1016/j.patcog.2025.111958,https://doi.org/10.1016/j.patcog.2025.111958
160,Method,No blind alignment but generation: A different view of continuous sign language recognition based on diffusion,"Xi Geng, Yunan Li, Zhuoqi Ma, Zixiang Lu, Qiguang Miao",169.0,,2026-1,Issue/Volume,10.1016/j.patcog.2025.111960,https://doi.org/10.1016/j.patcog.2025.111960
161,Method,Few-Shot Object Detection algorithm with active representative sample selection based on Density Peak Clustering,"Zhou Liang, Jiangtao Ren",169.0,,2026-1,Issue/Volume,10.1016/j.patcog.2025.111949,https://doi.org/10.1016/j.patcog.2025.111949
162,Method,Nonconvex tensor multiview subspace clustering with bipartite graph regularization,"Min Li, Xue Yao, Mingqing Xiao, Weiwei Wang",169.0,,2026-1,Issue/Volume,10.1016/j.patcog.2025.111818,https://doi.org/10.1016/j.patcog.2025.111818
163,Method,Graph Perceiver IO: A general architecture for graph-structured data,"Seyun Bae, Hoyoon Byun, Changdae Oh, Yoon-Sik Cho, Kyungwoo Song",169.0,,2026-1,Issue/Volume,10.1016/j.patcog.2025.111889,https://doi.org/10.1016/j.patcog.2025.111889
164,Method,Hypergraph-driven landmark detection foundation model on echocardiography for cardiac function quantification,"Suyu Dong, Delong Li, Yixin Sun, Xiaoxiao Hu, Yuming Zhao",170.0,,2026-2,Issue/Volume,10.1016/j.patcog.2025.111927,https://doi.org/10.1016/j.patcog.2025.111927
165,Method,Hyper-BTS: Brain tumor segmentation based on hypergraph guidance,"Qianren Guo, Yuehang Wang, Yongji Zhang, Hong Qi, Yuhua Hu, Yu Jiang",169.0,,2026-1,Issue/Volume,10.1016/j.patcog.2025.111926,https://doi.org/10.1016/j.patcog.2025.111926
166,Method,MGCM: Multi-modal graph convolutional mamba for cancer survival prediction,"Jiaqi Cui, Yilun Li, Dinggang Shen, Yan Wang",169.0,,2026-1,Issue/Volume,10.1016/j.patcog.2025.111991,https://doi.org/10.1016/j.patcog.2025.111991
167,Method,Generalizing across non-stationary series via learning dynamic causal factors,"Weifeng Zhang, Yan Liu, Xovee Xu, Fan Zhou, Ting Zhong, Kunpeng Zhang",169.0,,2026-1,Issue/Volume,10.1016/j.patcog.2025.111928,https://doi.org/10.1016/j.patcog.2025.111928
168,Method,Rethinking contrastive learning in session-based recommendation,"Xiaokun Zhang, Bo Xu, Fenglong Ma, Zhizheng Wang, Liang Yang, Hongfei Lin",169.0,,2026-1,Issue/Volume,10.1016/j.patcog.2025.111924,https://doi.org/10.1016/j.patcog.2025.111924
169,Method,Efficiently Harmonizing Information Sharing for Heterogeneous Graph Contrastive Learning,"Xiangkai Zhu, Chao Li, Yeyu Yan, Jinhu Fu, Zhongying Zhao, Qingtian Zeng",169.0,,2026-1,Issue/Volume,10.1016/j.patcog.2025.111873,https://doi.org/10.1016/j.patcog.2025.111873
170,Method,Reconstructing data representation for multi-label feature selection,"Yuling Fan, Peizhong Liu, Jinghua Liu",169.0,,2026-1,Issue/Volume,10.1016/j.patcog.2025.111941,https://doi.org/10.1016/j.patcog.2025.111941
171,Method,RF M S U : A multivariate symmetrical uncertainty-based random forest,"Miguel García-Torres, Francisco Saucedo, Federico Divina, Santiago Gómez-Guerrero",169.0,,2026-1,Issue/Volume,10.1016/j.patcog.2025.111939,https://doi.org/10.1016/j.patcog.2025.111939
172,Method,Implicit alignment and query refinement for RGB-T semantic segmentation,"Chang Liu, Haizhuang Liu, Junbao Zhuo, Bochao Zou, Jiansheng Chen, Qianchuan Zhao, Huimin Ma",169.0,,2026-1,Issue/Volume,10.1016/j.patcog.2025.111951,https://doi.org/10.1016/j.patcog.2025.111951
173,Method,Modality-specificity multi-aware evidence fusion algorithm using CFP and OCT for fundus diseases diagnosis,"Yang Yu, Hongqing Zhu, Tianwei Qian, Ning Chen, Bingcang Huang",169.0,,2026-1,Issue/Volume,10.1016/j.patcog.2025.111957,https://doi.org/10.1016/j.patcog.2025.111957
174,Method,Dual similarity enhanced hybrid orthogonal fusion for multimodal named entity recognition,"Chunmao Jiang, Yongpeng Wang, Baoping Xiong",169.0,,2026-1,Issue/Volume,10.1016/j.patcog.2025.111940,https://doi.org/10.1016/j.patcog.2025.111940
175,Method,DT-RSRGAN: An one-off domain translation generative model for real image super-resolution,"Haiyu Zhang, Shaolin Su, Yu Zhu, Lingmei Zhang, Qingsen Yan, Jinqiu Sun, Yanning Zhang",169.0,,2026-1,Issue/Volume,10.1016/j.patcog.2025.111944,https://doi.org/10.1016/j.patcog.2025.111944
176,Method,Dynamic multi-modal hypergraph learning for semi-supervised multi-label image recognition,"Chen Zhang, Cheng Xu, Yu Xie, Wenjie Mao, Bin Yu",169.0,,2026-1,Issue/Volume,10.1016/j.patcog.2025.111959,https://doi.org/10.1016/j.patcog.2025.111959
177,Method,GSM: Global Semantic Memory,"Jiahao Li, Yiqiang Chen, Yunbing Xing, Yang Gu, Xiangyuan Lan",169.0,,2026-1,Issue/Volume,10.1016/j.patcog.2025.111950,https://doi.org/10.1016/j.patcog.2025.111950
178,Method,Confident learning-based noise correction for crowdsourcing,"Bingrui Su, Liangxiao Jiang, Shanshan Si",169.0,,2026-1,Issue/Volume,10.1016/j.patcog.2025.111962,https://doi.org/10.1016/j.patcog.2025.111962
179,Method,Multimodal latent emotion recognition from micro-expression and physiological signal,"Liangfei Zhang, Yifei Qian, Ognjen Arandjelović, Tianyi Zhu, Hongjiang Xiao",169.0,,2026-1,Issue/Volume,10.1016/j.patcog.2025.111963,https://doi.org/10.1016/j.patcog.2025.111963
180,Method,HumanRecon: Neural reconstruction of dynamic human using geometric cues and physical priors,"Junhui Yin, Wei Yin, Hao Chen, Xuqian Ren, Zhanyu Ma, Jun Guo, Yifan Liu",169.0,,2026-1,Issue/Volume,10.1016/j.patcog.2025.111964,https://doi.org/10.1016/j.patcog.2025.111964
181,Method,Stock investment selection via time series subpatterns and multi-relationship fusion,"Yandi Shi, Jing Chi, Suochao Yi, Caiming Zhang",169.0,,2026-1,Issue/Volume,10.1016/j.patcog.2025.111919,https://doi.org/10.1016/j.patcog.2025.111919
182,Method,A Taylor expansion-based texture and edge-preserving interpolation approach for arbitrary-scale image super-resolution,"Shibo Wang, Yuming Xing, Shengzhu Shi, Zhichang Guo",169.0,,2026-1,Issue/Volume,10.1016/j.patcog.2025.111965,https://doi.org/10.1016/j.patcog.2025.111965
183,Method,Deep supervised anomaly detection for generalized face forgery detection,"Fan Zhang, Ting Yang, Lin Cao, Kangning Du, Yanan Guo, Peiran Song, Chen Shao",169.0,,2026-1,Issue/Volume,10.1016/j.patcog.2025.111976,https://doi.org/10.1016/j.patcog.2025.111976
184,Method,Refining pseudo-labels through iterative mix-up for weakly supervised semantic segmentation,"Yifan Wang, Kunhao Yuan, Gerald Schaefer, Xiyao Liu, Linglin Jing, Kehua Guo, James Z. Wang, Hui Fang",169.0,,2026-1,Issue/Volume,10.1016/j.patcog.2025.111975,https://doi.org/10.1016/j.patcog.2025.111975
185,Method,Neural spatial–temporal tensor representation for infrared small target detection,"Fengyi Wu, Simin Liu, Haoan Wang, Bingjie Tao, Junhai Luo, Zhenming Peng",169.0,,2026-1,Issue/Volume,10.1016/j.patcog.2025.111929,https://doi.org/10.1016/j.patcog.2025.111929
186,Method,Generalized ordered Wasserstein distance for sequential data,"Tung Doan, Hiep To, Hong Vuong, Muriel Visani, Atsuhiro Takasu, Khoat Than",169.0,,2026-1,Issue/Volume,10.1016/j.patcog.2025.111952,https://doi.org/10.1016/j.patcog.2025.111952
187,Method,Bayesian forward regularization replacing Ridge in online randomized neural network with multiple output layers,"Junda Wang, Minghui Hu, Ning Li, Ponnuthurai Nagaratnam Suganthan",170.0,,2026-2,Issue/Volume,10.1016/j.patcog.2025.111886,https://doi.org/10.1016/j.patcog.2025.111886
188,Method,Boundary feature alignment for semi-supervised medical image segmentation,"Yigeng Huang, Suwen Li, Zheng Guo, Qiao Mei, Zhuo Han, Xiujuan Wang, Huanqin Wang",170.0,,2026-2,Issue/Volume,10.1016/j.patcog.2025.111946,https://doi.org/10.1016/j.patcog.2025.111946
189,Method,Phys-EdiGAN: A privacy-preserving method for editing physiological signals in facial videos,"Xiaoguang Tu, Zhiyi Niu, Juhang Yin, Yanyan Zhang, Ming Yang, Lin Wei, Yu Wang, Zhaoxin Fan, Jian Zhao",169.0,,2026-1,Issue/Volume,10.1016/j.patcog.2025.111966,https://doi.org/10.1016/j.patcog.2025.111966
190,Method,Lighting dark images with linear attention and decoupled network,"Jiazhang Zheng, Qiuping Liao, Lei Li, Cheng Li, Yangxing Liu",170.0,,2026-2,Issue/Volume,10.1016/j.patcog.2025.111930,https://doi.org/10.1016/j.patcog.2025.111930
191,Method,Leveraging pre-trained models for kernel machines,"Yawen Chen, Zeyi Wen, Jian Chen, Jin Huang",170.0,,2026-2,Issue/Volume,10.1016/j.patcog.2025.111961,https://doi.org/10.1016/j.patcog.2025.111961
192,Method,Advancing federated domain generalization in ophthalmology: Vision enhancement and consistency assurance for multicenter fundus image segmentation,"Yuxin Ye, Nian Liu, Yang Zhao, Xianxun Zhu, Jun Wang, Yan Liu",169.0,,2026-1,Issue/Volume,10.1016/j.patcog.2025.111993,https://doi.org/10.1016/j.patcog.2025.111993
193,Method,MemoryFusion: A novel architecture for infrared and visible image fusion based on memory unit,"Jiachen He, Xiaoqing Luo, Zhancheng Zhang, Xiao-jun Wu",170.0,,2026-2,Issue/Volume,10.1016/j.patcog.2025.112004,https://doi.org/10.1016/j.patcog.2025.112004
194,Method,"Online multi-label streaming feature selection by affinity significance, affinity relevance and affinity redundancy","Jianhua Dai, Duo Xu, Chucai Zhang",170.0,,2026-2,Issue/Volume,10.1016/j.patcog.2025.111990,https://doi.org/10.1016/j.patcog.2025.111990
195,Method,SAR image change detection via generalized extreme value (GEV) modeling,"Fan Zhang, Sijin Zheng, Fei Ma, Qiang Yin, Yongsheng Zhou",170.0,,2026-2,Issue/Volume,10.1016/j.patcog.2025.112040,https://doi.org/10.1016/j.patcog.2025.112040
196,Method,Beyond conformal predictors: Adaptive Conformal Inference with confidence predictors,"Johan Hallberg Szabadváry, Tuwe Löfström",170.0,,2026-2,Issue/Volume,10.1016/j.patcog.2025.111999,https://doi.org/10.1016/j.patcog.2025.111999
197,Method,Unaligned multi-view clustering via diversified anchor graph fusion,"Hongyu Jiang, Hong Tao, Zhangqi Jiang, Chenping Hou",170.0,,2026-2,Issue/Volume,10.1016/j.patcog.2025.111977,https://doi.org/10.1016/j.patcog.2025.111977
198,Method,GasSeg: A lightweight real-time infrared gas segmentation network for edge devices,"Huan Yu, Jin Wang, Jingru Yang, Kaixiang Huang, Yang Zhou, Fengtao Deng, Guodong Lu, Shengfeng He",170.0,,2026-2,Issue/Volume,10.1016/j.patcog.2025.111931,https://doi.org/10.1016/j.patcog.2025.111931
199,Method,Nearest-neighbor class prototype prompt and simulated logits for continual learning,"Yue Lu, Jie Tan, Shizhou Zhang, Yinghui Xing, Guoqiang Liang, Yanning Zhang",170.0,,2026-2,Issue/Volume,10.1016/j.patcog.2025.111933,https://doi.org/10.1016/j.patcog.2025.111933
200,Method,An end-to-end shadow removal framework with an intuitive interaction scheme,"Ding Yuan, Yuqian Meng, Hanyang Liu, Yachun Feng, Hong Zhang, Yifan Yang",170.0,,2026-2,Issue/Volume,10.1016/j.patcog.2025.112001,https://doi.org/10.1016/j.patcog.2025.112001
201,Method,Do it yourself dynamic single image super resolution network via ODE,"Xiao Zhang, Zhen Zhang, Wei Wei, Lei Zhang, Yanning Zhang",170.0,,2026-2,Issue/Volume,10.1016/j.patcog.2025.111987,https://doi.org/10.1016/j.patcog.2025.111987
202,Method,Graph pre-trained framework with spatio-temporal importance masking and fine-grained optimizing for neural decoding,"Ziyu Li, Zhiyuan Zhu, Qing Li, Xia Wu",170.0,,2026-2,Issue/Volume,10.1016/j.patcog.2025.112006,https://doi.org/10.1016/j.patcog.2025.112006
203,Method,Bidirectional skip-frame prediction for video anomaly detection with intra-domain disparity-driven attention,"Jiahao Lyu, Minghua Zhao, Jing Hu, Runtao Xi, Xuewen Huang, Shuangli Du, Cheng Shi, Tian Ma",170.0,,2026-2,Issue/Volume,10.1016/j.patcog.2025.112010,https://doi.org/10.1016/j.patcog.2025.112010
204,Method,SceneLLM: Implicit language reasoning in LLM for dynamic scene graph generation,"Hang Zhang, Zhuoling Li, Jun Liu",170.0,,2026-2,Issue/Volume,10.1016/j.patcog.2025.111992,https://doi.org/10.1016/j.patcog.2025.111992
205,Method,C2SLM: A Correlation-based Clustering-assisted Sparse Learning Model for Electric Vehicle Market Demand Forecasting,"Muting Ma, Mesut Yavuz, Matthew Hudnall, Qin Wang",170.0,,2026-2,Issue/Volume,10.1016/j.patcog.2025.111984,https://doi.org/10.1016/j.patcog.2025.111984
206,Method,Learning embedded label-specific features for partial multi-label learning,"Xiaohan Xu, Hao Wang, Jialu Yao, Zan Zhang",170.0,,2026-2,Issue/Volume,10.1016/j.patcog.2025.112005,https://doi.org/10.1016/j.patcog.2025.112005
207,Method,Dynamic selection of Gaussian samples for object detection on drone images via shape sensing,"Yixuan Li, Yulong Xu, Renwu Sun, Pengnian Wu, Meng Zhang",170.0,,2026-2,Issue/Volume,10.1016/j.patcog.2025.111978,https://doi.org/10.1016/j.patcog.2025.111978
208,Method,Dynamic example network for class-agnostic object counting,"Xinyan Liu, Guorong Li, Yuankai Qi, Ziheng Yan, Weigang Zhang, Laiyun Qing, Qingming Huang",170.0,,2026-2,Issue/Volume,10.1016/j.patcog.2025.111998,https://doi.org/10.1016/j.patcog.2025.111998
209,Method,Caudo-Diff: Diffusion calibrated pseudo labels in guided latent space for minimally supervised medical segmentation,"Baoqi Yu, Yong Liu",170.0,,2026-2,Issue/Volume,10.1016/j.patcog.2025.112007,https://doi.org/10.1016/j.patcog.2025.112007
210,Method,VCGPrompt: Visual Concept Graph-Aware Prompt Learning for Vision-Language Models,"Mengjia Wang, Fang Liu, Licheng Jiao, Shuo Li, Lingling Li, Puhua Chen, Xu Liu, Wenping Ma",170.0,,2026-2,Issue/Volume,10.1016/j.patcog.2025.112012,https://doi.org/10.1016/j.patcog.2025.112012
211,Method,LiteNeRFAvatar: A lightweight NeRF with local feature learning for dynamic human avatar,"Junjun Pan, Xiaoyu Li, Junxuan Bai, Ju Dai",170.0,,2026-2,Issue/Volume,10.1016/j.patcog.2025.112008,https://doi.org/10.1016/j.patcog.2025.112008
212,Method,UR2P-Dehaze: Learning a Simple Image Dehaze Enhancer via Unpaired Rich Physical Prior,"Minglong Xue, Shuaibin Fan, Shivakumara Palaiahnakote, Mingliang Zhou",170.0,,2026-2,Issue/Volume,10.1016/j.patcog.2025.111997,https://doi.org/10.1016/j.patcog.2025.111997
213,Method,Boosting zero-shot learning through neuro-symbolic integration,"Francesco Manigrasso, Fabrizio Lamberti, Lia Morra",170.0,,2026-2,Issue/Volume,10.1016/j.patcog.2025.111869,https://doi.org/10.1016/j.patcog.2025.111869
214,Method,Domain-invariant representation learning via SAM for blood cell classification,"Yongcheng Li, Lingcong Cai, Ying Lu, Cheng Lin, Yupeng Zhang, Jingyan Jiang, Genan Dai, Bowen Zhang, Jingzhou Cao, Xiangzhong Zhang, Xiaomao Fan",170.0,,2026-2,Issue/Volume,10.1016/j.patcog.2025.112000,https://doi.org/10.1016/j.patcog.2025.112000
215,Method,Learning region-aware style-content feature transformations for face image beautification,"Zhen Xu, Si Wu",170.0,,2026-2,Issue/Volume,10.1016/j.patcog.2025.111861,https://doi.org/10.1016/j.patcog.2025.111861
216,Method,WANN-DPC: Density peaks finding clustering based on Weighted Adaptive Nearest Neighbors,"Juanying Xie, Huan Yan, Mingzhao Wang, Philip W. Grant, Witold Pedrycz",170.0,,2026-2,Issue/Volume,10.1016/j.patcog.2025.111953,https://doi.org/10.1016/j.patcog.2025.111953
217,Method,Multi-task dynamic graph learning for brain disorder identification with functional MRI,"Yunling Ma, Chaojun Zhang, Di Xiong, Han Zhang, Shihui Ying",170.0,,2026-2,Issue/Volume,10.1016/j.patcog.2025.111922,https://doi.org/10.1016/j.patcog.2025.111922
218,Method,Improve ranking algorithms based on matrix factorization in rating systems,"Shuyan Chen, Shengli Zhang, Gengzhong Zheng",170.0,,2026-2,Issue/Volume,10.1016/j.patcog.2025.112011,https://doi.org/10.1016/j.patcog.2025.112011
219,Method,AFPN: Alignment feature pyramid network for real-time semantic segmentation,"Yongsheng Dong, Chongchong Mao, Lintao Zheng, Qingtao Wu, Mingchuan Zhang, Xuelong Li",170.0,,2026-2,Issue/Volume,10.1016/j.patcog.2025.112019,https://doi.org/10.1016/j.patcog.2025.112019
220,Method,Enhancing robustness and efficiency of least square twin SVM via granular computing,"M. Tanveer, R.K. Sharma, A. Quadir, M. Sajid",170.0,,2026-2,Issue/Volume,10.1016/j.patcog.2025.112021,https://doi.org/10.1016/j.patcog.2025.112021
221,Method,A survey on image compressive sensing: From classical theory to the latest explicable deep learning,"Lijun Zhao, Yufeng Zhang, Xinlu Wang, Jinjing Zhang, Huihui Bai, Anhong Wang",170.0,,2026-2,Issue/Volume,10.1016/j.patcog.2025.112022,https://doi.org/10.1016/j.patcog.2025.112022
222,Method,MDGP-forest: A novel deep forest for multi-class imbalanced learning based on multi-class disassembly and feature construction enhanced by genetic programming,"Zhikai Lin, Yong Xu, Kunhong Liu, Liyan Chen",170.0,,2026-2,Issue/Volume,10.1016/j.patcog.2025.112070,https://doi.org/10.1016/j.patcog.2025.112070
223,Method,AniFaceDiff: Animating stylized avatars via parametric conditioned diffusion models,"Ken Chen, Sachith Seneviratne, Wei Wang, Dongting Hu, Sanjay Saha, Md. Tarek Hasan, Sanka Rasnayaka, Tamasha Malepathirana, Mingming Gong, Saman Halgamuge",170.0,,2026-2,Issue/Volume,10.1016/j.patcog.2025.112017,https://doi.org/10.1016/j.patcog.2025.112017
224,Method,Robust facial expression recognition by simultaneously addressing hard and mislabeled samples,"Yuandong Min, Ruyi Xu, Jingying Chen, Yanfeng Ji, Xiaodi Liu",170.0,,2026-2,Issue/Volume,10.1016/j.patcog.2025.112026,https://doi.org/10.1016/j.patcog.2025.112026
225,Method,Structure anchor graph learning for multi-view clustering,"Wei Guo, Zhe Wang, Wei Shao",170.0,,2026-2,Issue/Volume,10.1016/j.patcog.2025.111880,https://doi.org/10.1016/j.patcog.2025.111880
226,Method,Deep matrix factorization with adaptive weights for multi-view clustering,"Yasser Khalafaoui, Basarab Matei, Martino Lovisetto, Nistor Grozavu",170.0,,2026-2,Issue/Volume,10.1016/j.patcog.2025.112027,https://doi.org/10.1016/j.patcog.2025.112027
227,Method,Mamba-YOLO: Multi-level adaptive rectangular convolution for Document Layout Analysis,"Wenkang Ma, Mingzhe Cao, Jinyue Ma, Zhenyang Dong, Chaozhi Yang, Zongmin Li",170.0,,2026-2,Issue/Volume,10.1016/j.patcog.2025.112031,https://doi.org/10.1016/j.patcog.2025.112031
228,Method,Disentangled representation learning with causal effect transmission in variational autoencoder,"Dianlong You, Zexuan Li, Jiawei Shen, Zhao Yu, Shunfu Jin, Xindong Wu",170.0,,2026-2,Issue/Volume,10.1016/j.patcog.2025.112018,https://doi.org/10.1016/j.patcog.2025.112018
229,Method,IDEAL: Independent domain embedding augmentation learning,"Zelin Yang, Lin Xu, Shiyang Yan, Haixia Bi, Fan Li",170.0,,2026-2,Issue/Volume,10.1016/j.patcog.2025.112024,https://doi.org/10.1016/j.patcog.2025.112024
230,Method,Point Geometrical Coulomb Force: An explicit and robust embedding for point cloud analysis,"Haojun Xu, Ling Hu, Qinsong Li, Shengjun Liu, Dong-ming Yan, Xinru Liu",170.0,,2026-2,Issue/Volume,10.1016/j.patcog.2025.112025,https://doi.org/10.1016/j.patcog.2025.112025
231,Method,AMGSN: Adaptive mask-guide supervised network for debiased facial expression recognition,"Tianlong Gu, Hao Li, Xuan Feng, Yiqin Luo",170.0,,2026-2,Issue/Volume,10.1016/j.patcog.2025.112023,https://doi.org/10.1016/j.patcog.2025.112023
232,Method,Unbalanced episode meta-learning with Bi-Sparse contrastive network for hyperspectral target detection,"Quanyong Liu, Yang Xu, Zebin Wu, Jiangtao Peng, Zhihui Wei",170.0,,2026-2,Issue/Volume,10.1016/j.patcog.2025.112030,https://doi.org/10.1016/j.patcog.2025.112030
233,Method,A video anomaly detection framework based on semantic consistency and multi-attribute feature complementarity,"Chuanxu Wang, Zitai Jiang, Haigang Deng, Chunjuan Yan",170.0,,2026-2,Issue/Volume,10.1016/j.patcog.2025.112016,https://doi.org/10.1016/j.patcog.2025.112016
234,Method,Context-Semantic Quality Awareness Network for fine-grained visual categorization,"Qin Xu, Sitong Li, Jiahui Wang, Bo Jiang, Bin Luo, Jinhui Tang",170.0,,2026-2,Issue/Volume,10.1016/j.patcog.2025.112033,https://doi.org/10.1016/j.patcog.2025.112033
235,Method,ST-KeyS: Self-supervised Transformer for Keyword Spotting in historical handwritten documents,"Sana Khamekhem Jemni, Sourour Ammar, Mohamed Ali Souibgui, Yousri Kessentini, Abbas Cheddad",170.0,,2026-2,Issue/Volume,10.1016/j.patcog.2025.112036,https://doi.org/10.1016/j.patcog.2025.112036
236,Method,Robust oblique projection and weighted NMF for hyperspectral unmixing,"Yasin Hashemi-Nazari, Azita Tajaddini, Farid Saberi-Movahed, Fernando Alonso-Fernandez, Prayag Tiwari",170.0,,2026-2,Issue/Volume,10.1016/j.patcog.2025.112029,https://doi.org/10.1016/j.patcog.2025.112029
237,Method,Mixture of coarse and fine-grained prompt tuning for vision-language model,"Yansheng Gao, Zixi Zhu, Shengsheng Wang",170.0,,2026-2,Issue/Volume,10.1016/j.patcog.2025.112074,https://doi.org/10.1016/j.patcog.2025.112074
238,Method,EC-SLAM: Effectively constrained neural RGB-D SLAM with TSDF hash encoding and joint optimization,"Guanghao Li, Qi Chen, Yuxiang Yan, Jian Pu",170.0,,2026-2,Issue/Volume,10.1016/j.patcog.2025.112034,https://doi.org/10.1016/j.patcog.2025.112034
239,Method,Enhancing outdoor vision: Binocular desnowing with dual-stream temporal transformer,"En Yu, Jie Lu, Kaihao Zhang, Guangquan Zhang",170.0,,2026-2,Issue/Volume,10.1016/j.patcog.2025.112075,https://doi.org/10.1016/j.patcog.2025.112075
240,Method,Feature selection based on rough diversity entropy,"Xiongtao Zou, Jianhua Dai",170.0,,2026-2,Issue/Volume,10.1016/j.patcog.2025.112032,https://doi.org/10.1016/j.patcog.2025.112032
241,Method,MHAN: Multi-head hybrid attention network for facial expression recognition,"Xiaofeng Wang, Tianbo Han, Songling Liu, Muhammad Shahroz Ajmal, Lu Chen, Yongqin Zhang, Yonghuai Liu",170.0,,2026-2,Issue/Volume,10.1016/j.patcog.2025.112015,https://doi.org/10.1016/j.patcog.2025.112015
242,Method,Improving adversarial transferability and imperceptibility with loss landscape and diffusion model,"Jiayang Liu, Weiming Zhang, Han Fang, Wenbo Zhou, Ee-Chien Chang, Siew-Kei Lam",170.0,,2026-2,Issue/Volume,10.1016/j.patcog.2025.112076,https://doi.org/10.1016/j.patcog.2025.112076
243,Method,Multi-hop graph structural modeling for cancer-related circRNA-miRNA interaction prediction,"Mengmeng Wei, Lei Wang, Xiaorui Su, Bowei Zhao, Zhuhong You",170.0,,2026-2,Issue/Volume,10.1016/j.patcog.2025.112078,https://doi.org/10.1016/j.patcog.2025.112078
244,Method,Weakly supervised crowd counting with joint CNN and transformer network,"Fusen Wang, Kai Liu, Ning Wei, Nong Sang, Xiaofeng Xia, Jun Sang",171.0,,2026-3,Issue/Volume,10.1016/j.patcog.2025.112077,https://doi.org/10.1016/j.patcog.2025.112077
245,Method,Multi-head graph contrastive learning with hop augmentation for node classification,"Minhao Zou, Yutong Wang, Xiaofeng Meng, Zhongxue Gan, Chun Guan, Siyang Leng",170.0,,2026-2,Issue/Volume,10.1016/j.patcog.2025.112055,https://doi.org/10.1016/j.patcog.2025.112055
246,Method,Factorization model with total variation regularizer for image reconstruction and subgradient algorithm,"Bujin Li, Shaohua Pan, Yitian Qian",170.0,,2026-2,Issue/Volume,10.1016/j.patcog.2025.112038,https://doi.org/10.1016/j.patcog.2025.112038
247,Method,Point2pix-Zero: Point-driven refined diffusion for multi-object image editing,"Siyuan Wang, Yuyao Yan, Xi Yang, Rui Zhang, Qiufeng Wang, Guangliang Cheng, Kaizhu Huang",170.0,,2026-2,Issue/Volume,10.1016/j.patcog.2025.112041,https://doi.org/10.1016/j.patcog.2025.112041
248,Method,A multi-scale gate network for high-quality image deblurring,"Shu Tang, Yufu Lin, Xinbo Gao, Shuli Yang, Jiaxu Leng, Zengdan Pan, Hao Tian",170.0,,2026-2,Issue/Volume,10.1016/j.patcog.2025.112050,https://doi.org/10.1016/j.patcog.2025.112050
249,Method,TGFormer: Towards temporal graph transformer with auto-correlation mechanism,"Hongjiang Chen, Pengfei Jiao, Ming Du, Xuan Guo, Zhidong Zhao, Di Jin, Xiao Liu",170.0,,2026-2,Issue/Volume,10.1016/j.patcog.2025.112053,https://doi.org/10.1016/j.patcog.2025.112053
250,Method,Verifiably robust conformal prediction for probabilistic guarantees under adversarial attacks,"Linus Jeary, Tom Kuipers, Mehran Hosseini, Nicola Paoletti",170.0,,2026-2,Issue/Volume,10.1016/j.patcog.2025.112051,https://doi.org/10.1016/j.patcog.2025.112051
251,Method,Graph neural networks with flow conservation constraints for real-time origin–destination matrix completion,"Zhongyue Zhang, Jing Yang, Xiaoxu Chen, Yuankai Wu",170.0,,2026-2,Issue/Volume,10.1016/j.patcog.2025.112046,https://doi.org/10.1016/j.patcog.2025.112046
252,Method,High-frequency structure transformer for magnetic resonance image super-resolution,"Chaowei Fang, Bolin Fu, De Cheng, Lechao Cheng, Dingwen Zhang",170.0,,2026-2,Issue/Volume,10.1016/j.patcog.2025.112037,https://doi.org/10.1016/j.patcog.2025.112037
253,Method,One-pass online learning from data streams with unpredictable feature evolution,"Peng Zhang, Hongpeng Yin, Han Zhou",171.0,,2026-3,Issue/Volume,10.1016/j.patcog.2025.112003,https://doi.org/10.1016/j.patcog.2025.112003
254,Method,Dual-level aggregation network for video-based visible-infrared group re-identification,"Jianghao Xiong, Xiaohua Xie, Jian-Huang Lai",170.0,,2026-2,Issue/Volume,10.1016/j.patcog.2025.112079,https://doi.org/10.1016/j.patcog.2025.112079
255,Method,GKC-Net: Gated KAN with Channel-Position Attention Mechanism for Image Deraining,"Mengsi Gong, Jilin Yu, Zhiwen Wang, Senlin Chi",170.0,,2026-2,Issue/Volume,10.1016/j.patcog.2025.112080,https://doi.org/10.1016/j.patcog.2025.112080
256,Method,Coupled tensor train decomposition in federated learning,"Xiangtao Zhang, Eleftherios Kofidis, Ruituo Wu, Ce Zhu, Le Zhang, Yipeng Liu",170.0,,2026-2,Issue/Volume,10.1016/j.patcog.2025.112067,https://doi.org/10.1016/j.patcog.2025.112067
257,Method,Domain adaptive video summarization using generalized transformer,"Ziyi Wang, Yubo Zhu, Xinxiao Wu",170.0,,2026-2,Issue/Volume,10.1016/j.patcog.2025.112059,https://doi.org/10.1016/j.patcog.2025.112059
258,Method,Uncertainty-aware efficient subgraph isomorphism using graph topology,"Arpan Kusari, Wenbo Sun",170.0,,2026-2,Issue/Volume,10.1016/j.patcog.2025.112044,https://doi.org/10.1016/j.patcog.2025.112044
259,Method,Unveiling hidden vulnerabilities in digital human generation via adversarial attacks,"Zhiying Li, Yeying Jin, Fan Shen, Zhi Liu, Weibin Chen, Pengju Zhang, Xiaomei Zhang, Boyu Chen, Michael Shen, Kejian Wu, Zhaoxin Fan, Jin Dong",170.0,,2026-2,Issue/Volume,10.1016/j.patcog.2025.112042,https://doi.org/10.1016/j.patcog.2025.112042
260,Method,Improve noise tolerance of robust feature selection via block-sparse projection learning,"Jie Wang, Zheng Wang, Yu Guo, Rong Wang, Fei Wang, Feiping Nie",170.0,,2026-2,Issue/Volume,10.1016/j.patcog.2025.112028,https://doi.org/10.1016/j.patcog.2025.112028
261,Method,HSENet: Hierarchical semantic-enriched network for multi-modal image fusion,"Xinyu Liu, Rui Ming, Songlin Du, Lianghua He, Haibo Luo, Guobao Xiao",170.0,,2026-2,Issue/Volume,10.1016/j.patcog.2025.112043,https://doi.org/10.1016/j.patcog.2025.112043
262,Method,Adaptive kernel subspace clustering with discrete group structure constraint,"Wenyu Hu, Shaoting Peng, Tinghua Wang, Gaohang Yu, Jialin Hua",171.0,,2026-3,Issue/Volume,10.1016/j.patcog.2025.112045,https://doi.org/10.1016/j.patcog.2025.112045
263,Method,Hybrid training of deep neural networks with multiple output layers for tabular data classification,"Mohamed Hamdy, Abdulaziz Al-Ali, Ponnuthurai N. Suganthan, Hussein Aly",170.0,,2026-2,Issue/Volume,10.1016/j.patcog.2025.112035,https://doi.org/10.1016/j.patcog.2025.112035
264,Method,GS-Net: Point cloud sampling with graph neural networks,"Xiaolei Chen, Jie Chen, Shoumeng Qiu, Xiangyang Xue, Jian Pu",170.0,,2026-2,Issue/Volume,10.1016/j.patcog.2025.112054,https://doi.org/10.1016/j.patcog.2025.112054
265,Method,MICCAI 2023 STS Challenge: A retrospective study of semi-supervised approaches for teeth segmentation,"Yaqi Wang, Yifan Zhang, Xiaodiao Chen, Shuai Wang, Dahong Qian, Fan Ye, Feng Xu, Hongyuan Zhang, Ruilong Dan, Qianni Zhang, Xingru Huang, Zhao Huang, Jun Liu, Zhiwen Zheng, Chengyu Wu, Yunxiang Li, Zhi Li, Zhean Ma, Weiwei Cui, Shan Luo, Chengkai Wang, Yifei Chen, Tianhao Li, Yi Liu, Xiang Feng, Jiaxue Ni, Dongyun Liu, Qixuan Wang, Zhouhao Lin, Wei Song, Yuanlin Li, Bing Wang, Chunshi Wang, Qiupu Chen, Mingqian Li, Huiyu Zhou, Qun Jin",170.0,,2026-2,Issue/Volume,10.1016/j.patcog.2025.112049,https://doi.org/10.1016/j.patcog.2025.112049
266,Method,A hybrid dual-augmentation constraint framework for single-source domain generalization in medical image segmentation,"Ruofan Wang, Jintao Guo, Jian Zhang, Lei Qi, Qian Yu, Yinghuan Shi",170.0,,2026-2,Issue/Volume,10.1016/j.patcog.2025.112082,https://doi.org/10.1016/j.patcog.2025.112082
267,Method,Rethinking 6-DoF grasp detection: A flexible framework for high-quality grasping,"Pengwei Xie, Siang Chen, Wei Tang, Kaiqin Yang, Guijin Wang",170.0,,2026-2,Issue/Volume,10.1016/j.patcog.2025.112088,https://doi.org/10.1016/j.patcog.2025.112088
268,Method,MSBP-Net: A multi-scale boundary prediction network for automated polyp segmentation,"Xing-Liang Pan, Ju-Rong Ding, Xia Li, Shuo Liu, Jie Wang, Bo Hua, Guo-Zhi Tang, Chang-Hua Zhong",170.0,,2026-2,Issue/Volume,10.1016/j.patcog.2025.112101,https://doi.org/10.1016/j.patcog.2025.112101
269,Method,Learning multi-agent communication via graph contrastive learning,"Wei Du, Zhengfan Chen, Shifei Ding, Chenglong Zhang, Wei Guo, Yuqing Sun, Guoxian Yu, Lizhen Cui",171.0,,2026-3,Issue/Volume,10.1016/j.patcog.2025.112093,https://doi.org/10.1016/j.patcog.2025.112093
270,Method,A dual-stage focus measure for vector-valued images in shape from focus,"Khurram Ashfaq, Muhammad Tariq Mahmood",170.0,,2026-2,Issue/Volume,10.1016/j.patcog.2025.112112,https://doi.org/10.1016/j.patcog.2025.112112
271,Method,All-in-one adverse weather removal via dual state space-based diffusion model with degradation-aware guidance,"Dirui Xie, Xiaofang Hu, Yue Zhou, Shukai Duan",171.0,,2026-3,Issue/Volume,10.1016/j.patcog.2025.112081,https://doi.org/10.1016/j.patcog.2025.112081
272,Method,Staircase Sign Method: Boosting adversarial attacks by mitigating gradient distortion,"Pengpeng Zeng, Shengming Yuan, Qilong Zhang, Huimin Deng, Hui Xu, Lianli Gao",170.0,,2026-2,Issue/Volume,10.1016/j.patcog.2025.111983,https://doi.org/10.1016/j.patcog.2025.111983
273,Method,Learning relationship-guided vision-language transformer for facial attribute recognition,"Si Chen, Mingxuan Lei, Da-Han Wang, Xu-Yao Zhang, Yan Yan, Shunzhi Zhu",170.0,,2026-2,Issue/Volume,10.1016/j.patcog.2025.112063,https://doi.org/10.1016/j.patcog.2025.112063
274,Method,Cross-alignment for efficient visual object tracking,"Shilei Wang, Mingjiang Liang, Shaoli Huang, Jifeng Ning, Gong Cheng",170.0,,2026-2,Issue/Volume,10.1016/j.patcog.2025.112048,https://doi.org/10.1016/j.patcog.2025.112048
275,Method,Class-incremental learning network for real-time anomaly recognition in surveillance environments,"Adnan Hussain, Waseem Ullah, Noman Khan, Zulfiqar Ahmad Khan, Hikmat Yar, Sung Wook Baik",170.0,,2026-2,Issue/Volume,10.1016/j.patcog.2025.112064,https://doi.org/10.1016/j.patcog.2025.112064
276,Method,Coarse-to-fine crack cue for robust crack detection,"Zelong Liu, Yuliang Gu, Zhichao Sun, Huachao Zhu, Xin Xiao, Bo Du, Laurent Najman, Yongchao Xu",171.0,,2026-3,Issue/Volume,10.1016/j.patcog.2025.112107,https://doi.org/10.1016/j.patcog.2025.112107
277,Method,Text-guided camouflaged object detection,"Zefeng Chen, Yunqi Xue, Zhijiang Li, Philip Torr, Jindong Gu",170.0,,2026-2,Issue/Volume,10.1016/j.patcog.2025.112058,https://doi.org/10.1016/j.patcog.2025.112058
278,Method,WCFE-Net: Weight constraint and flick enforcement for improving performance of binary neural networks,"Songwei Pei, Xiangshun Zhao, Mingyu Yuan",170.0,,2026-2,Issue/Volume,10.1016/j.patcog.2025.112085,https://doi.org/10.1016/j.patcog.2025.112085
279,Method,Subspace-orbit randomized algorithms for low rank approximations of third-order tensors in t-product format,"Xuezhong Wang, Kai Wang, Changxin Mo",170.0,,2026-2,Issue/Volume,10.1016/j.patcog.2025.112066,https://doi.org/10.1016/j.patcog.2025.112066
280,Method,OBEPA: Object-embedding Predictive Alignment for Semi-Supervised Object Detection,"Zunran Wang, Zhonghua Li, Zhijian Chen, Zhao Cao",171.0,,2026-3,Issue/Volume,10.1016/j.patcog.2025.112057,https://doi.org/10.1016/j.patcog.2025.112057
281,Method,A memory-tree driven network for multi-view fusion anomaly detection,"Xu Liu, Chunlei Wu, Huan Zhang, Leiquan Wang",170.0,,2026-2,Issue/Volume,10.1016/j.patcog.2025.112106,https://doi.org/10.1016/j.patcog.2025.112106
282,Method,DPL: Dual-prior learning for weakly-supervised semantic segmentation in driving scenes,"Yongqiang Li, Chuanping Hu, Kai Ren, Hao Xi, Jinhao Fan",170.0,,2026-2,Issue/Volume,10.1016/j.patcog.2025.112090,https://doi.org/10.1016/j.patcog.2025.112090
283,Method,TransVFC: A transformable video feature compression framework for machines,"Yuxiao Sun, Yao Zhao, Meiqin Liu, Chao Yao, Huihui Bai, Chunyu Lin, Weisi Lin",171.0,,2026-3,Issue/Volume,10.1016/j.patcog.2025.112091,https://doi.org/10.1016/j.patcog.2025.112091
284,Method,Mamba-Stereo: Mamba Regularization for Stereo matching,"Shaoxuan Suo, Jinxin Liu, Huihui Miao",170.0,,2026-2,Issue/Volume,10.1016/j.patcog.2025.112120,https://doi.org/10.1016/j.patcog.2025.112120
285,Method,A unified gradient-flow-based GAN framework with diffusion condition guided,"Chang Wan, Yanwei Fu, Minglu Li, Jungang Lou, Liyuan Chen, Zhonglong Zheng",171.0,,2026-3,Issue/Volume,10.1016/j.patcog.2025.112083,https://doi.org/10.1016/j.patcog.2025.112083
286,Method,Conditional cross-domain prompt optimization for domain adaptation,"Bo Zhou, Long Liu, Chenyue Fan, Zhipeng Zhao",170.0,,2026-2,Issue/Volume,10.1016/j.patcog.2025.112100,https://doi.org/10.1016/j.patcog.2025.112100
287,Method,Probabilistic smooth attention for deep multiple instance learning in medical imaging,"Francisco M. Castro-Macías, Pablo Morales-Álvarez, Yunan Wu, Rafael Molina, Aggelos K. Katsaggelos",171.0,,2026-3,Issue/Volume,10.1016/j.patcog.2025.112097,https://doi.org/10.1016/j.patcog.2025.112097
288,Method,Instruction-guided fusion of multi-layer visual features in Large Vision-Language Models,"Xu Li, Yi Zheng, Haotian Chen, Xiaolei Chen, Yuxuan Liang, Chenghang Lai, Bin Li, Xiangyang Xue",170.0,,2026-2,Issue/Volume,10.1016/j.patcog.2025.111932,https://doi.org/10.1016/j.patcog.2025.111932
289,Method,THTFormer: Topology-adaptive hypergraph transformer network for skeleton-based action recognition,"Nan Ma, Genbao Xu, Yiheng Han, Beining Sun",171.0,,2026-3,Issue/Volume,10.1016/j.patcog.2025.112125,https://doi.org/10.1016/j.patcog.2025.112125
290,Method,Adaptive feature selection based on fuzzy rough set fusion model with class variance,"Changzhong Wang, Yang Zhang, Shuang An, Tingquan Deng",170.0,,2026-2,Issue/Volume,10.1016/j.patcog.2025.112014,https://doi.org/10.1016/j.patcog.2025.112014
291,Method,Prompt-affinity multi-modal class centroids for unsupervised domain adaption,"Xingwei Deng, Yangtao Wang, Yanzhao Xie, Xiaocui Li, Maobin Tang, Meie Fang, Wensheng Zhang",170.0,,2026-2,Issue/Volume,10.1016/j.patcog.2025.112095,https://doi.org/10.1016/j.patcog.2025.112095
292,Method,Image splicing localization method driven by device difference feature guidance,"Xiaofeng Wang, Yihang Wang, Ningning Bai, Ruidong Han, Jianpeng Hou, Tongtong Xu, Xi Huang, Shanmin Pang",171.0,,2026-3,Issue/Volume,10.1016/j.patcog.2025.112002,https://doi.org/10.1016/j.patcog.2025.112002
293,Method,Incremental rotation averaging revisited,"Xiang Gao, Hainan Cui, Yangdong Liu, Shuhan Shen",170.0,,2026-2,Issue/Volume,10.1016/j.patcog.2025.112089,https://doi.org/10.1016/j.patcog.2025.112089
294,Method,Fully test-time rPPG estimation via synthetic signal-guided feature learning,"Pei-Kai Huang, Tzu-Hsien Chen, Ya-Ting Chan, Kuan-Wen Chen, Shih-Yu Yang, Yen-Chun Chou, Chiou-Ting Hsu",170.0,,2026-2,Issue/Volume,10.1016/j.patcog.2025.112102,https://doi.org/10.1016/j.patcog.2025.112102
295,Method,Joint low-rank and sparse components extraction for cross-domain recognition,"Zhixiang Zeng, Weijun Sun, Xiaozhao Fang, Guoxu Zhou, Shengli Xie",171.0,,2026-3,Issue/Volume,10.1016/j.patcog.2025.112121,https://doi.org/10.1016/j.patcog.2025.112121
296,Method,Artwork protection against unauthorized neural style transfer and aesthetic color distance metric,"Zhongliang Guo, Yifei Qian, Shuai Zhao, Junhao Dong, Yanli Li, Ognjen Arandjelović, Lei Fang, Chun Pong Lau",171.0,,2026-3,Issue/Volume,10.1016/j.patcog.2025.112105,https://doi.org/10.1016/j.patcog.2025.112105
297,Method,M2Beats 2.0: When motion meets beats in short-form videos twice,"Yongchang Zhang, Ao Lv, Shuai He, Haiyang Zhang, Anlong Ming",171.0,,2026-3,Issue/Volume,10.1016/j.patcog.2025.111967,https://doi.org/10.1016/j.patcog.2025.111967
298,Method,ABM: An Automatic Body Measurement framework via body deformation and topology-aware B-spline approximation,"Xin Ning, Limin Jiang, Liping Zhang, Tingran Wang, Yuhao Wang, Weijun Li, Pengjiang Qian",171.0,,2026-3,Issue/Volume,10.1016/j.patcog.2025.112060,https://doi.org/10.1016/j.patcog.2025.112060
299,Method,Towards Redundancy-Free Sub-networks in Continual Learning,"Cheng Chen, Lianli Gao, Pengpeng Zeng, Mingsheng Cao, Heng Tao Shen",171.0,,2026-3,Issue/Volume,10.1016/j.patcog.2025.112020,https://doi.org/10.1016/j.patcog.2025.112020
300,Method,Information-coupled MRI acceleration via multi-modal mapping and progressive masking,"Jiawei Jiang, Jiacheng Chen, Honghui Xu, Yuhang He, Jianwei Zheng",171.0,,2026-3,Issue/Volume,10.1016/j.patcog.2025.112061,https://doi.org/10.1016/j.patcog.2025.112061
301,Method,Unified image restoration and enhancement: Degradation calibrated cycle reconstruction diffusion model,"Minglong Xue, Jinhong He, Shivakumara Palaiahnakote, Mingliang Zhou",171.0,,2026-3,Issue/Volume,10.1016/j.patcog.2025.112073,https://doi.org/10.1016/j.patcog.2025.112073
302,Method,RSPH: Robust self-paced hashing for cross-modal retrieval,"Donglin Zhang, Zhikai Hu, Xiao-Jun Wu, Josef Kittler",171.0,,2026-3,Issue/Volume,10.1016/j.patcog.2025.112072,https://doi.org/10.1016/j.patcog.2025.112072
303,Method,Bayes-optimal minimax probability machines,"Sebastián Maldonado, Julio López, Miguel Carrasco, Paul Bosch",171.0,,2026-3,Issue/Volume,10.1016/j.patcog.2025.112068,https://doi.org/10.1016/j.patcog.2025.112068
304,Method,Multi resolution based local adaptive guided filter for fast large scale image denoising,"Yuanmin Wang, Jinsong Leng",171.0,,2026-3,Issue/Volume,10.1016/j.patcog.2025.112110,https://doi.org/10.1016/j.patcog.2025.112110
305,Method,High–performance grasp pose detection via point cloud serialization attention,"Haiyuan Gui, Shanchen Pang, Xiao He, Teng Wang, Sibo Qiao, Luqi Wang, Shihang Yu",171.0,,2026-3,Issue/Volume,10.1016/j.patcog.2025.112099,https://doi.org/10.1016/j.patcog.2025.112099
306,Method,Neural recommendation by user-item-user and item-user-item relation modeling,"Yuan-Yuan Xu, Hui Xiao, Heng-Ru Zhang, Dan-Dong Wang, Kun Wang, Fan Min",171.0,,2026-3,Issue/Volume,10.1016/j.patcog.2025.112104,https://doi.org/10.1016/j.patcog.2025.112104
307,Method,Robust unsupervised visual tracking via image-to-video identity knowledge transferring,"Bin Kang, Zongyu Wang, Dong Liang, Tianyu Ding, Songlin Du",171.0,,2026-3,Issue/Volume,10.1016/j.patcog.2025.112109,https://doi.org/10.1016/j.patcog.2025.112109
308,Method,AttDNet: An attribute-driven deep learning network for visual emotion analysis,"Xiumei Wang, Yanzong Cheng, Peitao Cheng, Xi Zhang",171.0,,2026-3,Issue/Volume,10.1016/j.patcog.2025.112098,https://doi.org/10.1016/j.patcog.2025.112098
309,Method,LESOD: Lightweight and efficient network for RGB-D salient object detection,"Mingyu Zhong, Jing Sun, Fasheng Wang, Fuming Sun",171.0,,2026-3,Issue/Volume,10.1016/j.patcog.2025.112103,https://doi.org/10.1016/j.patcog.2025.112103
310,Method,A systematic review of interpretability and explainability for speech emotion features in automatic speech emotion recognition,"Hiruni Maleesa Jayasinghe, Kok Wai Wong, Anupiya Nugaliyadde",171.0,,2026-3,Issue/Volume,10.1016/j.patcog.2025.112122,https://doi.org/10.1016/j.patcog.2025.112122
311,Method,L2MLP: A novel MLP-based locality learning method for point cloud analysis,"Zhiyuan Zhang, Zhihui Li, Panhe Hu, Junpeng Shi",171.0,,2026-3,Issue/Volume,10.1016/j.patcog.2025.112115,https://doi.org/10.1016/j.patcog.2025.112115
312,Method,Capsule networks do not need to model everything,"Riccardo Renzulli, Enzo Tartaglione, Marco Grangetto",171.0,,2026-3,Issue/Volume,10.1016/j.patcog.2025.112119,https://doi.org/10.1016/j.patcog.2025.112119
313,Method,Active contour model combining frequency domain information for noisy vessel image segmentation,"Xin Jiang, Chong Feng, Tianyi Han, Boying Wu, Yunyun Yang",171.0,,2026-3,Issue/Volume,10.1016/j.patcog.2025.112126,https://doi.org/10.1016/j.patcog.2025.112126
314,Method,Physics–Environment Interaction Network for dense crowd behavior recognition,"Jiaqi Yu, Yanshan Zhou, Renjie Pan, Pingrui Lai, Hua Yang",170.0,,2026-2,Issue/Volume,10.1016/j.patcog.2025.112123,https://doi.org/10.1016/j.patcog.2025.112123
315,Method,Training-free subject-enhanced attention guidance for compositional text-to-image generation,"Shengyuan Liu, Bo Wang, Ye Ma, Te Yang, Quan Chen, Di Dong",170.0,,2026-2,Issue/Volume,10.1016/j.patcog.2025.112111,https://doi.org/10.1016/j.patcog.2025.112111
316,Method,Multilevel cross-domain relational network for drug repositioning,"Dongjiang Niu, Xiaofeng Wang, Zengqian Deng, Bowen Tang, Zhen Li",171.0,,2026-3,Issue/Volume,10.1016/j.patcog.2025.112114,https://doi.org/10.1016/j.patcog.2025.112114
317,Method,CCPNet: Joining the pooling transformer and target context for medical image segmentation,"Yakun Yang, Xiangping Liu, Hongcheng Xue, Chungang Feng, Hao Qu, Longhe Wang, Lin Li",171.0,,2026-3,Issue/Volume,10.1016/j.patcog.2025.112139,https://doi.org/10.1016/j.patcog.2025.112139
318,Method,Gauging- β : Border-aware hierarchical clustering based on density and proximity,"Jinli Yao, Yong Zeng",171.0,,2026-3,Issue/Volume,10.1016/j.patcog.2025.112128,https://doi.org/10.1016/j.patcog.2025.112128
319,Method,A novel broad learning network with residual technique,"Han Su, Zhongyan Li, Wanquan Liu, Jiankai Chen",171.0,,2026-3,Issue/Volume,10.1016/j.patcog.2025.112134,https://doi.org/10.1016/j.patcog.2025.112134
320,Method,EIFA-KD: Explicit and implicit feature augmentation with knowledge distillation for long-tailed visual data classification,"Xiyan Deng, Xiaoli Wang, Yifan Sun, Xusheng Zhao, Siju Tian, Minqi Li, Yuping Wang",171.0,,2026-3,Issue/Volume,10.1016/j.patcog.2025.112129,https://doi.org/10.1016/j.patcog.2025.112129
321,Method,LiGAPU: A LiDAR point cloud upsampling network for multiple complex scenes,"Bolin Fu, Mingzhe Sui, Huajian Li, Fei Yang, Hang Yao, Tengfang Deng, Xing Zhang",170.0,,2026-2,Issue/Volume,10.1016/j.patcog.2025.112132,https://doi.org/10.1016/j.patcog.2025.112132
322,Method,CLTR: Continual learning time-varying regularization for robust classification of noisy label images,"Yanhong Li, Zhiqing Guo, Liejun Wang",171.0,,2026-3,Issue/Volume,10.1016/j.patcog.2025.112137,https://doi.org/10.1016/j.patcog.2025.112137
323,Method,Efficient greedy optimization method for k-means,"Yuan Yuan, Lin Zhao, Shenfei Pei, Feiping Nie",171.0,,2026-3,Issue/Volume,10.1016/j.patcog.2025.112140,https://doi.org/10.1016/j.patcog.2025.112140
324,Method,Sarcasm detection enhanced by multi-modal topics using denoising diffusion probabilistic models,"Xiaoqiang Zhang, Guangyao Li, Xiaomeng Li, Buwen Liang, Ying Chen",171.0,,2026-3,Issue/Volume,10.1016/j.patcog.2025.112130,https://doi.org/10.1016/j.patcog.2025.112130
325,Method,Single image defocus deblurring via multimodal-guided diffusion and depth-aware fusion,"Xiaopan Li, Shiqian Wu, Qile Zhu, Shoulie Xie, Sos Agaian",171.0,,2026-3,Issue/Volume,10.1016/j.patcog.2025.112133,https://doi.org/10.1016/j.patcog.2025.112133
326,Method,A dynamic context-aware aggregation strategy for small object detection,"Minhu Yang, Hexiang Bai, Jianlong Hu, Deyu Li",170.0,,2026-2,Issue/Volume,10.1016/j.patcog.2025.112127,https://doi.org/10.1016/j.patcog.2025.112127
327,Method,Kernel-aware dynamic convolution for dense prediction,"Gaoge Han, Mingjiang Liang, Jinglei Tang, Yongkang Cheng, Shaoli Huang, Wei Liu",171.0,,2026-3,Issue/Volume,10.1016/j.patcog.2025.112131,https://doi.org/10.1016/j.patcog.2025.112131
328,Method,Pixel2Noise: A lightweight self-supervised denoising for single image zero-shot recognition,"Minghai Jiao, Yixian Liu, Jing Wang, Yuhuai Peng",171.0,,2026-3,Issue/Volume,10.1016/j.patcog.2025.112148,https://doi.org/10.1016/j.patcog.2025.112148
329,Method,Enhanced human lower-limb motion recognition using flexible sensor array and relative position image,"Chao Lian, Wayne Jason Li, Yafeng Kang, Wenjing Li, Dongyu Zhou, Zhikun Zhan, Meng Chen, Jiao Suo, Yuliang Zhao",171.0,,2026-3,Issue/Volume,10.1016/j.patcog.2025.112142,https://doi.org/10.1016/j.patcog.2025.112142
330,Method,Hierarchical feature distillation model via dual-stage projections and graph embedding label propagation for emotion recognition,"Chao Ren, Jinbo Chen, Rui Li, Yijiang Chen, Tianzhi Wang, Weihao Zheng, Xiaowei Zhang, Bin Hu",171.0,,2026-3,Issue/Volume,10.1016/j.patcog.2025.112143,https://doi.org/10.1016/j.patcog.2025.112143
331,Method,A segmentation knowledge-based global-local attention network for tumor classification in breast ultrasound images,"Tao Jiang, Ying Li, Yifang Li, Wenyu Xing, Ming Yu, Feng Xie, Dean Ta",171.0,,2026-3,Issue/Volume,10.1016/j.patcog.2025.112152,https://doi.org/10.1016/j.patcog.2025.112152
332,Method,SemiSketch: An ancient mural sketch extraction network based on reference prior and gradient frequency compensation,"Zhe Yu, Jun Wang, Shuyi Qu, Qunxi Zhang, Yirong Ma, Shenglin Peng, Jinye Peng",171.0,,2026-3,Issue/Volume,10.1016/j.patcog.2025.112146,https://doi.org/10.1016/j.patcog.2025.112146
333,Method,High-fidelity 3D reconstruction via unified NeRF-mesh optimization with geometric and color consistency,"Rama Bastola Neupane, Kan Li, Zhuqing Mao",170.0,,2026-2,Issue/Volume,10.1016/j.patcog.2025.112071,https://doi.org/10.1016/j.patcog.2025.112071
334,Method,USGS: Enhancing sparse view synthesis with unseen viewpoint regularization in 3D Gaussian splatting,"Yao Zhang, Jiangshu Wei, Yuchao Wang, Jiajun Liu",170.0,,2026-2,Issue/Volume,10.1016/j.patcog.2025.112087,https://doi.org/10.1016/j.patcog.2025.112087
335,Method,Separate to generalization: Two-branch feature separation framework for generalized underwater image restoration,"Jiahao Qi, Xingyue Liu, Chen Chen, Kangchen Bin, Ping Zhong",170.0,,2026-2,Issue/Volume,10.1016/j.patcog.2025.112092,https://doi.org/10.1016/j.patcog.2025.112092
336,Method,Aligned music notation and lyrics transcription,"Eliseo Fuentes-Martínez, Antonio Ríos-Vila, Juan C. Martinez-Sevilla, David Rizo, Jorge Calvo-Zaragoza",170.0,,2026-2,Issue/Volume,10.1016/j.patcog.2025.112094,https://doi.org/10.1016/j.patcog.2025.112094
337,Method,Colonic polyp segmentation based on transformer-convolutional neural networks fusion,"Chenxi Luo, Yuanyuan Wang, Zhaohong Deng, Qiongdan Lou, Zhuangzhuang Zhao, Yuxi Ge, Shudong Hu",170.0,,2026-2,Issue/Volume,10.1016/j.patcog.2025.112116,https://doi.org/10.1016/j.patcog.2025.112116
338,Method,IFA: Illumination-aware feature aggregation model for salient object detection,"Miao Li, Hongyun Zhang, Kecan Cai, Witold Pedrycz, Duoqian Miao, Ying Gao",171.0,,2026-3,Issue/Volume,10.1016/j.patcog.2025.112118,https://doi.org/10.1016/j.patcog.2025.112118
339,Method,3D Portrait Stylization with Adaptive Semantic Editing based on GAN Latent Codes,"Yantao Song, Xiangchong Jia, Jieru Jia, Yudong Liang, Xinyan Liang",171.0,,2026-3,Issue/Volume,10.1016/j.patcog.2025.112069,https://doi.org/10.1016/j.patcog.2025.112069
340,Method,LoRA-based continual learning with constraints on critical parameter changes,"Shimou Ling, Liang Zhang, Jiangwei Zhao, Lili Pan, Hongliang Li",171.0,,2026-3,Issue/Volume,10.1016/j.patcog.2025.112086,https://doi.org/10.1016/j.patcog.2025.112086
341,Method,Partial label learning with semi-supervised clustering disambiguation,"Jun-Ying Liu, Jian-Ping Sun, Ya-Hong Zhao, Bin-Bin Jia, Min-Ling Zhang",171.0,,2026-3,Issue/Volume,10.1016/j.patcog.2025.112138,https://doi.org/10.1016/j.patcog.2025.112138
342,Method,HTVR: Hierarchical text-to-video retrieval based on relative similarity,"Donglin Zhang, Zhiwen Wang, Zhikai Hu, Xiao-Jun Wu",171.0,,2026-3,Issue/Volume,10.1016/j.patcog.2025.112145,https://doi.org/10.1016/j.patcog.2025.112145
343,Method,Interpretable multi-view clustering via anchor graph-based tensor decomposition with convergence guarantees,"Jingyu Wang, Tingquan Deng, Ming Yang",171.0,,2026-3,Issue/Volume,10.1016/j.patcog.2025.112124,https://doi.org/10.1016/j.patcog.2025.112124
344,Method,SuperCM: Improving semi-supervised learning and domain adaptation through differentiable clustering,"Durgesh Singh, Ahcène Boubekki, Robert Jenssen, Michael Kampffmeyer",171.0,,2026-3,Issue/Volume,10.1016/j.patcog.2025.112117,https://doi.org/10.1016/j.patcog.2025.112117
345,Method,FRIES: Framework for inconsistency estimation of saliency metrics,"Revoti Prasad Bora, Philipp Terhörst, Raymond Veldhuis, Raghavendra Ramachandra, Kiran Raja",171.0,,2026-3,Issue/Volume,10.1016/j.patcog.2025.112136,https://doi.org/10.1016/j.patcog.2025.112136
346,Method,DiffusionEngine: Diffusion model is scalable data engine for object detection,"Manlin Zhang, Jie Wu, Yuxi Ren, Jiahong Yang, Ming Li, Andy J. Ma",171.0,,2026-3,Issue/Volume,10.1016/j.patcog.2025.112141,https://doi.org/10.1016/j.patcog.2025.112141
347,Method,Mitigating label noise impact: A plug-and-play RECIST-based iterative label refinement teacher-student learning paradigm for medical image segmentation,"Zhaoshuo Diao, Yan Zhang, Ye Yuan, Qian Wang, Ying Zhang, Yue Gao",171.0,,2026-3,Issue/Volume,10.1016/j.patcog.2025.112155,https://doi.org/10.1016/j.patcog.2025.112155
348,Method,High-order Aligned Deep Complementary and View-Specific Similarity Graphs for Unsupervised Multi-View Feature Selection,"Jian-Sheng Wu, Jia-Tao Yu, Jun-Yun Wu, Weidong Min, Wei-Shi Zheng",171.0,,2026-3,Issue/Volume,10.1016/j.patcog.2025.112047,https://doi.org/10.1016/j.patcog.2025.112047
349,Method,Mitigating fusion bias for RGB-D salient object detection,"Yang Yang, Nianchang Huang, Qiang Zhang, Jungong Han",171.0,,2026-3,Issue/Volume,10.1016/j.patcog.2025.112135,https://doi.org/10.1016/j.patcog.2025.112135
350,Method,Modalities collaboration and granularities interaction for fine–grained sketch-based image retrieval,"Yafei Zhang, Junchao Ge, Jiaman Ding, Neng Dong, Shaojie Qiao, Zhengtao Yu, Huafeng Li",171.0,,2026-3,Issue/Volume,10.1016/j.patcog.2025.112157,https://doi.org/10.1016/j.patcog.2025.112157
351,Method,ReBaR: Reference-based reasoning for robust pose estimation from monocular images,"Yongkang Cheng, Mingjiang Liang, Jifeng Ning, Gaoge Han, Wei Liu, Shaoli Huang",170.0,,2026-2,Issue/Volume,10.1016/j.patcog.2025.112096,https://doi.org/10.1016/j.patcog.2025.112096
352,Method,OV-GT3D: A generalizable open-vocabulary two-stage 3D detector with dual path distillation,"Zhihao Sun, Xiuwei Xu, Bin Fan, Jiwen Lu, Hongmin Liu",171.0,,2026-3,Issue/Volume,10.1016/j.patcog.2025.112156,https://doi.org/10.1016/j.patcog.2025.112156
353,Method,LungConVT-Net: A visual transformer network with blended features for Pneumonia detection,"Asifuzzaman Lasker, Mridul Ghosh, Md Obaidullah Sk, Teresa Goncalves, Chandan Chakraborty, Kaushik Roy",171.0,,2026-3,Issue/Volume,10.1016/j.patcog.2025.112150,https://doi.org/10.1016/j.patcog.2025.112150
354,Method,TWFNet: Introducing transitional weather conditions for autonomous driving with a spatio-temporal forecasting network,"Kondapally Madhavi, K. Naveen Kumar, C. Gayathri",171.0,,2026-3,Issue/Volume,10.1016/j.patcog.2025.112154,https://doi.org/10.1016/j.patcog.2025.112154
355,Method,Visual and text prompts guided interpretable network for universal low-dose CT MAR,"Baoshun Shi, Bing Chen, Shaolei Zhang, Ke Jiang, Shuo Liu",171.0,,2026-3,Issue/Volume,10.1016/j.patcog.2025.112052,https://doi.org/10.1016/j.patcog.2025.112052
356,Method,FacialTalk: Audio-driven high-fidelity facial portrait generation using 3D facial prior,"Daowu Yang, Ying Liu, Qiyun Yang, Ruihui Li",171.0,,2026-3,Issue/Volume,10.1016/j.patcog.2025.111994,https://doi.org/10.1016/j.patcog.2025.111994
357,Method,Triple-branch attention network with multiscale facial region feature selection for facial emotion recognition,"Kyeong Tae Kim, Jae Young Choi",170.0,,2026-2,Issue/Volume,10.1016/j.patcog.2025.112164,https://doi.org/10.1016/j.patcog.2025.112164
358,Method,From indoor to outdoor: Unsupervised domain adaptive gait recognition,"Likai Wang, Wei Feng, Ruize Han, Xiangqun Zhang, Yanjie Wei, Song Wang",171.0,,2026-3,Issue/Volume,10.1016/j.patcog.2025.112159,https://doi.org/10.1016/j.patcog.2025.112159
359,Method,Time-series analysis of cellular shapes using transported velocity fields,"Ximu Deng, Rituparna Sarkar, Elisabeth Labruyere, Jean-Christophe Olivo-Marin, Anuj Srivastava",171.0,,2026-3,Issue/Volume,10.1016/j.patcog.2025.112056,https://doi.org/10.1016/j.patcog.2025.112056
360,Method,Safeguarding the target: Enhancing multi-source domain adaptation through domain reorganization,"Yuwei He, Guiguang Ding, Yuchen Guo, Fan Yang, Tao He",171.0,,2026-3,Issue/Volume,10.1016/j.patcog.2025.112151,https://doi.org/10.1016/j.patcog.2025.112151
361,Method,Recognition of near-duplicate periodic patterns by continuous metrics with approximation guarantees,"Olga D. Anosova, Daniel E. Widdowson, Vitaliy A. Kurlin",171.0,,2026-3,Issue/Volume,10.1016/j.patcog.2025.112108,https://doi.org/10.1016/j.patcog.2025.112108
362,Method,FEQIN: A feature-enhanced query interaction network for breast ultrasound segmentation,"Xiling Luo, Le Ou-Yang",171.0,,2026-3,Issue/Volume,10.1016/j.patcog.2025.112168,https://doi.org/10.1016/j.patcog.2025.112168
363,Method,Mining representative tokens via transformer-based multi-modal interaction for RGB-T tracking,"Pujian Lai, Dong Gao, Shilei Wang, Gong Cheng",171.0,,2026-3,Issue/Volume,10.1016/j.patcog.2025.112162,https://doi.org/10.1016/j.patcog.2025.112162
364,Method,Long-term pre-training for temporal action detection with transformers,"Jihwan Kim, Miso Lee, Jae-Pil Heo",171.0,,2026-3,Issue/Volume,10.1016/j.patcog.2025.112144,https://doi.org/10.1016/j.patcog.2025.112144
365,Method,Softmatch distance: A novel distance for weakly-supervised trend change detection in bi-temporal images,"Yuqun Yang, Xu Tang, Xiangrong Zhang, Changzhe Jiao, Jingjing Ma, Licheng Jiao",171.0,,2026-3,Issue/Volume,10.1016/j.patcog.2025.112169,https://doi.org/10.1016/j.patcog.2025.112169
366,Method,Disparity guidance and spatial-angular interaction for single-view-based light field synthesis,"Yifan Yang, Zhen Qiu, Shuhai Zhang, Mingkui Tan",171.0,,2026-3,Issue/Volume,10.1016/j.patcog.2025.112147,https://doi.org/10.1016/j.patcog.2025.112147
367,Method,Boosting illuminant estimation in deep color constancy through brightness robustness enhancement,"Mengda Xie, Chengzhi Zhong, Yiling He, Zhan Qin, Meie Fang",171.0,,2026-3,Issue/Volume,10.1016/j.patcog.2025.112153,https://doi.org/10.1016/j.patcog.2025.112153
368,Method,Medical image segmentation using dual-decoder mutual teaching with a mean teacher framework,"Juan Zhang, Gaoqiang Jiang, Zhongwen Li, Bihan Tian, Shuchen Yu, Qingxiang Yu, Jie Zhou, Hao Chen, Jiantao Pu, Quanyong Yi, Lei Wang",171.0,,2026-3,Issue/Volume,10.1016/j.patcog.2025.112184,https://doi.org/10.1016/j.patcog.2025.112184
369,Method,RETTA: Retrieval-enhanced test-time adaptation for zero-shot video captioning,"Yunchuan Ma, Laiyun Qing, Guorong Li, Yuankai Qi, Amin Beheshti, Quan Z. Sheng, Qingming Huang",171.0,,2026-3,Issue/Volume,10.1016/j.patcog.2025.112170,https://doi.org/10.1016/j.patcog.2025.112170
370,Method,Reconsidering the interplay between behaviors: A cross-attentive behavior-aware GCN-based recommendation,"Dezheng Meng, Jinyu Zhang, Chao Li, Zhongying Zhao",171.0,,2026-3,Issue/Volume,10.1016/j.patcog.2025.112167,https://doi.org/10.1016/j.patcog.2025.112167
371,Method,Temporal consistent multi-view perception for robust embodied manipulation,"Haoyuan Chen, Rushuai Yang, Junjie Zhang, Xiaoyu Wen, Yi Chen, Dengxiu Yu, Chenjia Bai, Zhen Wang",171.0,,2026-3,Issue/Volume,10.1016/j.patcog.2025.112177,https://doi.org/10.1016/j.patcog.2025.112177
372,Method,LogicMix: Sample mixing data augmentation for multi-label image classification with partial labels,"Chak Fong Chong, Jielong Guo, Xu Yang, Wei Ke, Pedro Henriques Abreu, Yapeng Wang, Sio-Kei Im",171.0,,2026-3,Issue/Volume,10.1016/j.patcog.2025.112186,https://doi.org/10.1016/j.patcog.2025.112186
373,Method,Incomplete multi-view clustering with cross-view generation via pre-trained transformer,"Hang Gao, Cheng Liu, Hongming Sun, Gaoyang Li, Ying Li, You Zhou, Wei Du",171.0,,2026-3,Issue/Volume,10.1016/j.patcog.2025.112166,https://doi.org/10.1016/j.patcog.2025.112166
374,Method,A feature selection method based on clonal selection with beneficial noise,"Wenshan Li, Chenyi Huang, Ao Liu, Yilin Zhang, Beibei Li, Junjiang He, Wenbo Fang, Hongxia Wang",171.0,,2026-3,Issue/Volume,10.1016/j.patcog.2025.112175,https://doi.org/10.1016/j.patcog.2025.112175
375,Method,Adaptive proximal regularization for image smoothing,"Yang Yang, Shunli Ji, Lanling Zeng, Keyang Cheng",171.0,,2026-3,Issue/Volume,10.1016/j.patcog.2025.112176,https://doi.org/10.1016/j.patcog.2025.112176
376,Method,GraphMSR: A graph foundation model-based approach for MRI image super-resolution with multimodal semantic integration,"Zhiquan Qin, Zihao He, Yan Zhang, Yunhang Shen, Ke Li",171.0,,2026-3,Issue/Volume,10.1016/j.patcog.2025.112178,https://doi.org/10.1016/j.patcog.2025.112178
377,Method,Person image generation via regional style rectification,"Guiyu Xia, Yun Liu, Zhedong Jin, Yubao Sun",171.0,,2026-3,Issue/Volume,10.1016/j.patcog.2025.112062,https://doi.org/10.1016/j.patcog.2025.112062
378,Method,Token pyramid pooling-driven style adapter learning with dual-view balanced loss for imbalanced diabetic retinopathy grading,"Jilu Zhao, Xiaoqing Zhang, Jiawei Zhang, Hanxi Sun, Qiushi Nie, Zunjie Xiao, Linxia Xiao, Fengyun Zhang, Yan Hu, Jiang Liu",171.0,,2026-3,Issue/Volume,10.1016/j.patcog.2025.112194,https://doi.org/10.1016/j.patcog.2025.112194
379,Method,Multiple temporal scale aggregate network for temporal action segmentation,"Zhichao Zheng, Ying Zhou, Yi Chen, Yanhui Gu, Junsheng Zhou, Zheyan Ji",171.0,,2026-3,Issue/Volume,10.1016/j.patcog.2025.112165,https://doi.org/10.1016/j.patcog.2025.112165
380,Method,Dual-hierarchical knowledge distillation for video captioning,"HuiLan Luo, SiQi Wan, Xia Cai, ChanJuan Wang, HongKun Chen",171.0,,2026-3,Issue/Volume,10.1016/j.patcog.2025.112192,https://doi.org/10.1016/j.patcog.2025.112192
381,Method,SegMIC: A universal model for medical image segmentation through in-context learning,"Jianwei Zhao, Fan Yang, Xin Li, Zhicheng Jiao, Qiang Zhai, Xiaomeng Li, De Wu, Huazhu Fu, Hong Cheng",171.0,,2026-3,Issue/Volume,10.1016/j.patcog.2025.112179,https://doi.org/10.1016/j.patcog.2025.112179
382,Method,Improving domain generalization via enhanced style transfer incorporating PCA,"Bing Hu, Chong-zhi Gao, Liangzhao Yu",171.0,,2026-3,Issue/Volume,10.1016/j.patcog.2025.112171,https://doi.org/10.1016/j.patcog.2025.112171
383,Method,A core knowledge reasoning architecture for scene graph,"Na Tian, Youjia Shao, Xiangfu Ding, Li Wang, Wencang Zhao",171.0,,2026-3,Issue/Volume,10.1016/j.patcog.2025.112183,https://doi.org/10.1016/j.patcog.2025.112183
384,Method,Domain aware post training quantization for vision transformers in deployment,"Li Wang, Chao Zeng, Miao Zhang, Jianlong Wu, Liqiang Nie",171.0,,2026-3,Issue/Volume,10.1016/j.patcog.2025.112182,https://doi.org/10.1016/j.patcog.2025.112182
385,Method,A coarse-fine matching method as the visual guidance of uniform allowances for robot grinding,"Jingyu Sun, Yadong Gong, Mingjun Liu, Xianli Zhao, Jibin Zhao",171.0,,2026-3,Issue/Volume,10.1016/j.patcog.2025.112189,https://doi.org/10.1016/j.patcog.2025.112189
386,Method,GrEp: Graph-based epithelial cell classification refinement in histopathology H&amp;E images,"Ana Leni Frei, Javier Garcia-Baroja, Tilman Rau, Christina Neppl, Alessandro Lugli, Wiebke Solass, Martin Wartenberg, Andreas Fischer, Inti Zlobec",171.0,,2026-3,Issue/Volume,10.1016/j.patcog.2025.112197,https://doi.org/10.1016/j.patcog.2025.112197
387,Method,Corrigendum to “MA-FSAR: Multimodal Adaptation of CLIP for few-shot action recognition” [Pattern Recognition 169 (2026) 111902],"Jiazheng Xing, Jian Zhao, Chao Xu, Mengmeng Wang, Guang Dai, Yong Liu, Jingdong Wang, Xuelong Li",171.0,,2026-3,Issue/Volume,10.1016/j.patcog.2025.112160,https://doi.org/10.1016/j.patcog.2025.112160
388,Method,Self-supervised learning video anomaly detection based on time interval prediction and noise classification,"Yishuo Liu, Chuanxu Wang, Qingyang Yang, Lanxiao Li, Binghui Wang",171.0,,2026-3,Issue/Volume,10.1016/j.patcog.2025.112198,https://doi.org/10.1016/j.patcog.2025.112198
389,Method,Experimental evaluation of Szemerédi’s regularity lemma in graph-based clustering,"Jian Hou, Juntao Ge, Huaqiang Yuan, Marcello Pelillo",171.0,,2026-3,Issue/Volume,10.1016/j.patcog.2025.112205,https://doi.org/10.1016/j.patcog.2025.112205
390,Method,Fast multi-view clustering via tensor hyperbolic tangent- p norm minimization,"Yongbo Yu, Zhoumin Lu, Jingjing Xue, Rong Wang, Zongcheng Miao, Feiping Nie",171.0,,2026-3,Issue/Volume,10.1016/j.patcog.2025.112195,https://doi.org/10.1016/j.patcog.2025.112195
391,Method,MPR-net: Medicinal plant recognition network with dual-branch attention fusion,"Zhanyan Tang, Yusen Fu, Mu Li, Huiling Liang, Yibing Tang, Jie Wen",171.0,,2026-3,Issue/Volume,10.1016/j.patcog.2025.112185,https://doi.org/10.1016/j.patcog.2025.112185
392,Method,SFIR: Optimizing spatial and frequency domains for image restoration,"Yubin Gu, Yuan Meng, Siting Chen, Jiayi Ji, Xiaoshuai Sun, Weijian Ruan, Rongrong Ji",171.0,,2026-3,Issue/Volume,10.1016/j.patcog.2025.112188,https://doi.org/10.1016/j.patcog.2025.112188
393,Method,Locally adaptive one-class classifier fusion with dynamic ℓp-Norm constraints for robust anomaly detection,"Sepehr Nourmohammadi, Arda Sarp Yenicesu, Shervin Rahimzadeh Arashloo, Ozgur S. Oguz",171.0,,2026-3,Issue/Volume,10.1016/j.patcog.2025.112204,https://doi.org/10.1016/j.patcog.2025.112204
394,Method,Video-based human pose estimation via feature decoupling and multi-hypothesis calibration,"Runyang Feng, Tze Ho Elden Tse, Haoming Chen, Hyung Jin Chang, Haifeng Zhong, Yixing Gao",171.0,,2026-3,Issue/Volume,10.1016/j.patcog.2025.112193,https://doi.org/10.1016/j.patcog.2025.112193
395,Method,Multi-branch perturbation learning with constraint simulation for semi-supervised semantic segmentation,"Ruyu Liu, Feng Xiao, Jianhua Zhang, Xiufeng Liu, Xu Cheng, Shengyong Chen, Bo Sun, Houxiang Zhang",171.0,,2026-3,Issue/Volume,10.1016/j.patcog.2025.112200,https://doi.org/10.1016/j.patcog.2025.112200
396,Method,A general dual-view framework for instance weighted naive Bayes,"Huan Zhang, Kexin Meng, Pei Lv, Shuo He, Mingliang Xu",171.0,,2026-3,Issue/Volume,10.1016/j.patcog.2025.112181,https://doi.org/10.1016/j.patcog.2025.112181
397,Method,DecoupleNet: Domain-specific task decoupling network for low-light image enhancement,"Peiliang Huang, Xianmin Chen, Xiaoxu Feng, Qiangqiang Wang, Dingwen Zhang, Longfei Han, Junwei Han",171.0,,2026-3,Issue/Volume,10.1016/j.patcog.2025.112203,https://doi.org/10.1016/j.patcog.2025.112203
398,Method,Spectral analysis on 3D orthogonal moments for effective terrain matching,"Junjie Zhou, Quan Hu, Kedong Wang, Jinling Wang",171.0,,2026-3,Issue/Volume,10.1016/j.patcog.2025.112212,https://doi.org/10.1016/j.patcog.2025.112212
399,Method,DocAligner: Automating the annotation of photographed documents through real-virtual alignment,"Jiaxin Zhang, Peirong Zhang, Huiyi Cheng, Xinhong Chen, Haowei Xu, Kai Ding, Lianwen Jin",171.0,,2026-3,Issue/Volume,10.1016/j.patcog.2025.112191,https://doi.org/10.1016/j.patcog.2025.112191
400,Method,Image dehazing via RGB-FIR multimodal fusion and collaborative learning,"Ruolin Du, Han Wang, Wenjie Liu, Guangcheng Wang, Kui Jiang, Hanseok Ko",171.0,,2026-3,Issue/Volume,10.1016/j.patcog.2025.112206,https://doi.org/10.1016/j.patcog.2025.112206
401,Method,One-step late fusion multiple kernel clustering via tensorized adaptive multi-scale partition fusion,Xinrui Lu,171.0,,2026-3,Issue/Volume,10.1016/j.patcog.2025.112220,https://doi.org/10.1016/j.patcog.2025.112220
402,Method,Image compression using optimal transport mapping based on ranking visual saliency,"Zihang Li, Dongsheng An, Xianfeng Gu, Xiaoyin Xu, Min Zhang",171.0,,2026-3,Issue/Volume,10.1016/j.patcog.2025.112201,https://doi.org/10.1016/j.patcog.2025.112201
403,Method,Light field collaborative perception for visual object tracking,"Mianzhao Wang, Fan Shi, Xu Cheng, Meng Zhao",171.0,,2026-3,Issue/Volume,10.1016/j.patcog.2025.112196,https://doi.org/10.1016/j.patcog.2025.112196
404,Method,Practical privacy-preserving federated learning based on multiparty homomorphic encryption for large-scale models,"Xian Qin, Xue Yang, Xiaohu Tang",171.0,,2026-3,Issue/Volume,10.1016/j.patcog.2025.112174,https://doi.org/10.1016/j.patcog.2025.112174
405,Method,Research progress on the application of deep learning in fingerprint recognition,"An Peng, Rui Huang",171.0,,2026-3,Issue/Volume,10.1016/j.patcog.2025.112216,https://doi.org/10.1016/j.patcog.2025.112216
406,Method,Robust tube localization for Mars Sample Return: Lightweight YOLO-segmentation with angle-guided PnP,"Daniel Posada, Tu-Hoa Pham, Nikos Mavrakis, Philip Bailey",171.0,,2026-3,Issue/Volume,10.1016/j.patcog.2025.112190,https://doi.org/10.1016/j.patcog.2025.112190
407,Method,Improved bimodal segmentation of multi-light images based on feature fusion,"Wei Zeng, Yiru Wang, Caihua Chen, Chaoyu Yao, Dongyu Zheng, Sheng Wang",171.0,,2026-3,Issue/Volume,10.1016/j.patcog.2025.111947,https://doi.org/10.1016/j.patcog.2025.111947
408,Method,MoCoPCI: Inter-frame motion correlation guided efficient 3D point cloud interpolation,"Pengfei Yang, Feng Wu, Minyang Liu, Ting Zhong, Fan Zhou",171.0,,2026-3,Issue/Volume,10.1016/j.patcog.2025.112199,https://doi.org/10.1016/j.patcog.2025.112199
409,Method,A novel score function for conformal prediction in rule-based binary classification,"Sara Narteni, Alberto Carlevaro, Fabrizio Dabbene, Marco Muselli, Maurizio Mongelli",171.0,,2026-3,Issue/Volume,10.1016/j.patcog.2025.112219,https://doi.org/10.1016/j.patcog.2025.112219
410,Method,Encoder-Decoder nonnegative matrix factorization with β -divergence for data clustering,"Sayvan Soleymanbaigi, Amjad Seyedi, Fardin Akhlaghian Tab, Fatemeh Daneshfar",171.0,,2026-3,Issue/Volume,10.1016/j.patcog.2025.112211,https://doi.org/10.1016/j.patcog.2025.112211
411,Method,Sliced Wasserstein graph kernel for measuring global topological similarity of brain functional networks,"Kai Ma, Qi Zhu, Xuyun Wen, Xibei Yang, Daoqiang Zhang",171.0,,2026-3,Issue/Volume,10.1016/j.patcog.2025.112208,https://doi.org/10.1016/j.patcog.2025.112208
412,Method,An adaptive multi-graph fusion for tumor grading in pathology images,"Islam Alzoubi, Bowen Xin, Rolf Bjerkvig, Jian Wang, Xiuying Wang",171.0,,2026-3,Issue/Volume,10.1016/j.patcog.2025.112214,https://doi.org/10.1016/j.patcog.2025.112214
413,Method,DiffClick: Click-differentiated enhancement network for interactive segmentation,"Siqi Song, Siyue Yu, Huiyu Zhou, Xiaowei Huang, Limin Yu, Jimin Xiao",171.0,,2026-3,Issue/Volume,10.1016/j.patcog.2025.112217,https://doi.org/10.1016/j.patcog.2025.112217
414,Method,An effective two-stage auto-weighted multi-view consensus clustering via bipartite graph,"Zhenni Jiang, Hui Li, Xiyu Liu, Wenke Zang",171.0,,2026-3,Issue/Volume,10.1016/j.patcog.2025.112202,https://doi.org/10.1016/j.patcog.2025.112202
415,Method,IDEA: Image description enhanced CLIP-adapter for image classification,"Zhipeng Ye, Feng Jiang, Qiufeng Wang, Kaizhu Huang, Jiaqi Huang",171.0,,2026-3,Issue/Volume,10.1016/j.patcog.2025.112224,https://doi.org/10.1016/j.patcog.2025.112224
416,Method,MG-Mono: A lightweight multi-granularity method for self-supervised monocular depth estimation,"Pengfei Wang, Shuhan Liu, Qiang Li, Yugen Yi, Jianzhong Wang",171.0,,2026-3,Issue/Volume,10.1016/j.patcog.2025.112223,https://doi.org/10.1016/j.patcog.2025.112223
417,Method,Are deep learning models robust to partial object occlusion in visual recognition tasks?,"Kaleb Kassaw, Francesco Luzi, Leslie M. Collins, Jordan M. Malof",171.0,,2026-3,Issue/Volume,10.1016/j.patcog.2025.112215,https://doi.org/10.1016/j.patcog.2025.112215
418,Method,GridCLIP: One-stage object detection by grid-level CLIP representation learning,"Jiayi Lin, Shitong Sun, Shaogang Gong",171.0,,2026-3,Issue/Volume,10.1016/j.patcog.2025.112187,https://doi.org/10.1016/j.patcog.2025.112187
419,Method,DIA: Deriving linguistic information from auxiliary languages for remote sensing image captioning,"Tao Yang, Qing Zhou, Qi Wang",171.0,,2026-3,Issue/Volume,10.1016/j.patcog.2025.112209,https://doi.org/10.1016/j.patcog.2025.112209
420,Method,Cross-domain aggregation frequency fusion transformer for lightweight image super-resolution,"Mang Hu, Jiansi Ren, Min Hu, Ziyang Li",171.0,,2026-3,Issue/Volume,10.1016/j.patcog.2025.112221,https://doi.org/10.1016/j.patcog.2025.112221
421,Method,Image harmonization in complex degradation scenes,"Guanlin Li, Bin Zhao, Xuelong Li",171.0,,2026-3,Issue/Volume,10.1016/j.patcog.2025.112227,https://doi.org/10.1016/j.patcog.2025.112227
422,Method,DAHI: a fast and efficient density aided hyper inference technique for large scene object detection,"Jonay Suárez–Ramírez, Daniel Santana–Cedrés, Nelson Monzón",171.0,,2026-3,Issue/Volume,10.1016/j.patcog.2025.112228,https://doi.org/10.1016/j.patcog.2025.112228
423,Method,YOLO-FCE: A feature and clustering enhanced object detection model for species classification,"Qianqian Zhang, Khandakar Ahmed, Muhammad Imad Khan, Hua Wang, Youyang Qu",171.0,,2026-3,Issue/Volume,10.1016/j.patcog.2025.112218,https://doi.org/10.1016/j.patcog.2025.112218
424,Method,Modeling and clustering of heterogeneous multivariate categorical sequences,"Yingying Zhang, Volodymyr Melnykov",171.0,,2026-3,Issue/Volume,10.1016/j.patcog.2025.112149,https://doi.org/10.1016/j.patcog.2025.112149
425,Method,ArtGlyphDiffuser: Text-driven artistic glyph generation via Style-to-CLIP Projection and Multi-Level Controlled diffusion,"Xiongbo Lu, Yaxiong Chen, Yi Rong, Shengwu Xiong",171.0,,2026-3,Issue/Volume,10.1016/j.patcog.2025.112172,https://doi.org/10.1016/j.patcog.2025.112172
426,Method,Corrigendum to “FaceChain-MMID: Generating highly identity-consistent realistic portraits via dividing &amp; merging multi-modal representations” [Pattern Recognition 168 (2025) 111858],"Chao Xu, Fei Wang, Cheng Yu, Baigui Sun, Jian Zhao",171.0,,2026-3,Issue/Volume,10.1016/j.patcog.2025.112161,https://doi.org/10.1016/j.patcog.2025.112161
427,Method,Deep learnable spectral decomposition of 3D baby faces,"Michael Zappe, Antonia Alomar, Marius George Linguraru, Gemma Piella, Federico M. Sukno",171.0,,2026-3,Issue/Volume,10.1016/j.patcog.2025.112180,https://doi.org/10.1016/j.patcog.2025.112180
428,Method,Learning from not-all-negative N-tuples and unlabeled data,"Shuying Huang, Junpeng Li, Changchun Hua, Yana Yang",171.0,,2026-3,Issue/Volume,10.1016/j.patcog.2025.112230,https://doi.org/10.1016/j.patcog.2025.112230
429,Method,Complementary bidirectional fusion for multi-view graph clustering,"Yanjin Tan, Danyang Wu, Xiaojun Yang, Cen Chen, Hong Man, Jin Xu",171.0,,2026-3,Issue/Volume,10.1016/j.patcog.2025.112229,https://doi.org/10.1016/j.patcog.2025.112229
430,Method,Central point link learning guided sparse dynamic diagonal embedding for feature selection,"Ronghua Shang, Jiarui Kong, Weitong Zhang, Yangyang Li",171.0,,2026-3,Issue/Volume,10.1016/j.patcog.2025.112233,https://doi.org/10.1016/j.patcog.2025.112233
431,Method,TSBA: A two-stage poison-only backdoor attack on visual object tracking,"Yilang Zhang, Yanjun Pu, Jingzheng Li, Shuxin Zhao, Bo Lang",171.0,,2026-3,Issue/Volume,10.1016/j.patcog.2025.112222,https://doi.org/10.1016/j.patcog.2025.112222
432,Method,GraphMamba: Graph-driven spatial order-aware Mamba for medical image segmentation,"Chengjin Yu, Hao Zhang, Cailing Pu, Sangyin Lv, Jing Yu, Xiaorui Wu, Dongsheng Ruan, Hanyu Xuan, Yuanting Yan",171.0,,2026-3,Issue/Volume,10.1016/j.patcog.2025.112231,https://doi.org/10.1016/j.patcog.2025.112231
433,Method,Slowly expanding neural network for class incremental learning,"Zhengjin Xu, Xuyang Li, Xiaobin Chang, Wei-Shi Zheng, Ruixuan Wang",171.0,,2026-3,Issue/Volume,10.1016/j.patcog.2025.112213,https://doi.org/10.1016/j.patcog.2025.112213
434,Method,A general outlier filtering method for feature matching via local motion consistency based Markov network,"Fan Fan, Songchu Deng, Yong Ma, Jun Huang",171.0,,2026-3,Issue/Volume,10.1016/j.patcog.2025.112226,https://doi.org/10.1016/j.patcog.2025.112226
435,Method,Bridging attention fusion-based multi-view graph neural networks for spatial gene expression prediction,"Weicheng Sun, Ping Zhang, Jinsheng Xu, Weihan Zhang, Yongbin Zeng, Li Li",171.0,,2026-3,Issue/Volume,10.1016/j.patcog.2025.112207,https://doi.org/10.1016/j.patcog.2025.112207
436,Method,A general aggregation federated learning intervention algorithm based on do-calculus,"Zhenyuan Huang, Wenzhong Tang, Hui Zhang, Haijun Yang",171.0,,2026-3,Issue/Volume,10.1016/j.patcog.2025.112210,https://doi.org/10.1016/j.patcog.2025.112210
437,Method,ConsistencyTrack: A robust multi-object tracker with a generation strategy of consistency model,"Lifan Jiang, Zhihui Wang, Siqi Yin, Guangxiao Ma, Peng Zhang, Boxi Wu",171.0,,2026-3,Issue/Volume,10.1016/j.patcog.2025.112225,https://doi.org/10.1016/j.patcog.2025.112225
438,Method,Structured knowledge-inspired two-stage knowledge alignment framework for Alzheimer’s disease diagnosis,"Fulin Zheng, Hong Wang, Tianyu Liu, Feiyan Feng, Kai Wu, Cheng Liang",171.0,,2026-3,Issue/Volume,10.1016/j.patcog.2025.112234,https://doi.org/10.1016/j.patcog.2025.112234
439,Method,Frequency-enhanced contextual conversion network for esophageal lesion segmentation,"Ziqi Tang, Xiaotong Niu, Long Rong, Yizhe Zhang, Yawei Bi, Nan Ru, Longsong Li, Ningli Chai, Tao Zhou",171.0,,2026-3,Issue/Volume,10.1016/j.patcog.2025.112235,https://doi.org/10.1016/j.patcog.2025.112235
440,Method,Cross-modal generalizable visual-language models via inter-modal bidirectional supervision for enhanced pathology image recognition,"Lingxuan Hou, Yan Zhuang, Yuhua Xie, Hangyi Kan, Zhiwei Huang, Jiangli Lin",171.0,,2026-3,Issue/Volume,10.1016/j.patcog.2025.112240,https://doi.org/10.1016/j.patcog.2025.112240
441,Method,Causal unsupervised semantic segmentation,"Junho Kim, Byung-Kwan Lee, Yong Man Ro",171.0,,2026-3,Issue/Volume,10.1016/j.patcog.2025.112173,https://doi.org/10.1016/j.patcog.2025.112173
442,Method,STGFormer: Spatio-temporal GraphFormer for 3D human pose estimation in video,"Yang Liu, Zhiyong Zhang",171.0,,2026-3,Issue/Volume,10.1016/j.patcog.2025.112239,https://doi.org/10.1016/j.patcog.2025.112239
443,Method,Underwater image enhancement by diffusion model with customized CLIP-classifier,"Shuaixin Liu, Kunqian Li, Yilin Ding, Qi Qi",171.0,,2026-3,Issue/Volume,10.1016/j.patcog.2025.112232,https://doi.org/10.1016/j.patcog.2025.112232
444,Method,CORE-CLIP: Smart collaborative reasoning driven by CLIP for human-object interaction detection,"Yuequan Yang, Haojun Zhang, Zhiqiang Cao, Jiarui Hong, Junzhi Yu, Xu Wang",171.0,,2026-3,Issue/Volume,10.1016/j.patcog.2025.112242,https://doi.org/10.1016/j.patcog.2025.112242
445,Method,Robust locality regularized non-negative matrix factorization with structure preservation for image classification,"Minghua Wan, Ying Zhao, Jun Yin, Chengli Sun, Guowei Yang",171.0,,2026-3,Issue/Volume,10.1016/j.patcog.2025.112241,https://doi.org/10.1016/j.patcog.2025.112241
446,Method,Targeted attack via adversarial patch outside bounding box,"Kang Deng, Qixiang Chen, Yu Zhang, Zhi Lin, Shenjian Gong, Zhenyu Liang, Anjie Peng, Xing Yang, Defu Lian",171.0,,2026-3,Issue/Volume,10.1016/j.patcog.2025.112244,https://doi.org/10.1016/j.patcog.2025.112244
447,Method,ADA framework for unsupervised domain adaptation person re-identification,"Wei Zhang, Peijun Ye, Dihu Chen, Tao Su",171.0,,2026-3,Issue/Volume,10.1016/j.patcog.2025.112238,https://doi.org/10.1016/j.patcog.2025.112238
448,Method,MA-Neck: Mutual attention-based feature enhancement for lightweight object detection,"Dongxu Cheng, Hao Li, Zifang Zhou, Yan Yang",171.0,,2026-3,Issue/Volume,10.1016/j.patcog.2025.112254,https://doi.org/10.1016/j.patcog.2025.112254
449,Method,Unpaired overwater image defogging using inverted dark channel prior-guided cycle-consistent generative adversarial network,"Yaozong Mo, Chaofeng Li, Tuxin Guan, Qiuping Jiang, Wenqi Ren, Wenwu Wang, Xiao-Jun Wu",171.0,,2026-3,Issue/Volume,10.1016/j.patcog.2025.112255,https://doi.org/10.1016/j.patcog.2025.112255
450,Method,GBK-DPC: Density peak clustering based on granular ball with K-nearest neighbor,"Yongting Ni, Jin Qian, Enhong Chen, Shaowei Yan, Jiangang Ye",171.0,,2026-3,Issue/Volume,10.1016/j.patcog.2025.112243,https://doi.org/10.1016/j.patcog.2025.112243
451,Method,Predictive summarization framework for resource-constrained device surveillance videos,"Tabiya Manzoor Beigh, Dr. V. Prasanna Venkatesan, J. Arumugam",171.0,,2026-3,Issue/Volume,10.1016/j.patcog.2025.112274,https://doi.org/10.1016/j.patcog.2025.112274
452,Method,Globally localized alignment with category shifts for multisource domain adaptation,"Ming Zhao, Wanming Huang, Yuwu Lu, Zhihui Lai, Xuelong Li",171.0,,2026-3,Issue/Volume,10.1016/j.patcog.2025.112286,https://doi.org/10.1016/j.patcog.2025.112286
453,Method,Self cycle strategy for unpaired visible-to-infrared image translation,"Decao Ma, Juan Su, Bing Li, Yong Xian, Shaopeng Li, Yao Ding",171.0,,2026-3,Issue/Volume,10.1016/j.patcog.2025.112253,https://doi.org/10.1016/j.patcog.2025.112253
454,Method,Bayesian classifier calibration based on synthesized samples for zero-shot Chinese character recognition,"Xiang Ao, Xiao-Hui Li, Xu-Yao Zhang, Cheng-Lin Liu",171.0,,2026-3,Issue/Volume,10.1016/j.patcog.2025.112251,https://doi.org/10.1016/j.patcog.2025.112251
455,Method,A recurrent-attention mechanism for medical image segmentation,"Guorun Li, Lei Liu, Yuefeng Du, Peng Liu, Xiaoyu Li, Taiguo Qi, Zhi Qiao, Du Chen, Zhenghe Song",171.0,,2026-3,Issue/Volume,10.1016/j.patcog.2025.112252,https://doi.org/10.1016/j.patcog.2025.112252
456,Method,Fusion of window controls to recognize and analyze erasable patterns over data streams,"Doyoon Kim, Hyeonmo Kim, Seungwan Park, Doyoung Kim, Hanju Kim, Myungha Cho, Unil Yun",171.0,,2026-3,Issue/Volume,10.1016/j.patcog.2025.112283,https://doi.org/10.1016/j.patcog.2025.112283
457,Method,Attention-assisted multilevel fusion framework for generalized iris presentation attack detection,"Caiyong Wang, Lin Li, Fukang Guo, Haiyu Wang, Zhaofeng He, Zhenan Sun",171.0,,2026-3,Issue/Volume,10.1016/j.patcog.2025.112262,https://doi.org/10.1016/j.patcog.2025.112262
458,Method,Adaptive feature selection-based feature reconstruction network for few-shot learning,"Jie Ren, Yaohui An, Tao Lei, Junpo Yang, Wenyue Zhang, Zicheng Pan, Yi Liao, Yongsheng Gao, Changming Sun, Weichuan Zhang",171.0,,2026-3,Issue/Volume,10.1016/j.patcog.2025.112289,https://doi.org/10.1016/j.patcog.2025.112289
459,Method,Reasoning step by step via a neural-symbolic geometry problem solver,"Yaxian Wang, Bifan Wei, Yinghong Ma, Xudong Jiang, Henghui Ding, Zhongmin Cai, Jun Liu",171.0,,2026-3,Issue/Volume,10.1016/j.patcog.2025.112261,https://doi.org/10.1016/j.patcog.2025.112261
460,Method,Improving uncertainty estimation in deep neural networks by modeling class and instance uncertainty,"Dimitrios Spanos, Nikolaos Passalis, Anastasios Tefas",171.0,,2026-3,Issue/Volume,10.1016/j.patcog.2025.112267,https://doi.org/10.1016/j.patcog.2025.112267
461,Method,Reasoning elicitation and multi-granularity contrastive learning for text-rich image understanding in large vision-language models,"Jiazhi Xia, Xiangyu Zhu, Bingchuan Jiang, Shichao Kan",171.0,,2026-3,Issue/Volume,10.1016/j.patcog.2025.112278,https://doi.org/10.1016/j.patcog.2025.112278
462,Method,A carving hierarchical information integration network for medical image segmentation,"Yutong Zhang, Yuefei Wang, Yuxuan Wan, Qinyu Zhao, Liangyan Zhao, Binxiong Li, Li Zhang, Zhixuan Chen",171.0,,2026-3,Issue/Volume,10.1016/j.patcog.2025.112291,https://doi.org/10.1016/j.patcog.2025.112291
463,Method,Recurrent progressive fusion-based learning for multi-source remote sensing image classification,"Xinchen Zhang, Hao Zhu, Xiaotong Li, Biao Hou, Wenhao Zhao, Xiaoyu Yi, Wenping Ma, Licheng Jiao",171.0,,2026-3,Issue/Volume,10.1016/j.patcog.2025.112284,https://doi.org/10.1016/j.patcog.2025.112284
464,Method,Macro-expression-guided micro-expression recognition: A motion similarity perspective,"Chenquan Gan, Junhao Xiao, Qingyi Zhu, Ye Zhu",171.0,,2026-3,Issue/Volume,10.1016/j.patcog.2025.112237,https://doi.org/10.1016/j.patcog.2025.112237
465,Method,DLPP-UL: Dose-level parameter prompted unpaired learning for low-dose CT image restoration,"Yaoduo Zhang, Wenyu Zhang, Gaofeng Chen, Pengfei Wang, Danyang Li, Jianhua Ma, Ji He",171.0,,2026-3,Issue/Volume,10.1016/j.patcog.2025.112272,https://doi.org/10.1016/j.patcog.2025.112272
466,Method,Learning feature-enhanced multi-scale network for SE(3)-equivariant motion prediction,"Nanzhe Huang, Suo Zhao, Dong Li, Ruixuan Yu",171.0,,2026-3,Issue/Volume,10.1016/j.patcog.2025.112270,https://doi.org/10.1016/j.patcog.2025.112270
467,Method,Recurrent submatrix feature transfer collaborative filtering via nuclear norm regularization,"Jing Wang, Cheng Yao, Hao Lin",171.0,,2026-3,Issue/Volume,10.1016/j.patcog.2025.112271,https://doi.org/10.1016/j.patcog.2025.112271
468,Method,One framework to rule them all: Unifying multimodal tasks with LLM neural-tuning,"Hao Sun, Yu Song, Jiaqing Liu, Jihong Hu, Yen-Wei Chen, Lanfen Lin",171.0,,2026-3,Issue/Volume,10.1016/j.patcog.2025.112275,https://doi.org/10.1016/j.patcog.2025.112275
469,Method,Enhancing federated learning through exploring filter-aware relationships and personalizing local structures,"Ziyuan Yang, Zerui Shao, Hui Yu, Huijie Huangfu, Andrew Beng Jin Teoh, Xiaoxiao Li, Hongming Shan, Yi Zhang",171.0,,2026-3,Issue/Volume,10.1016/j.patcog.2025.112281,https://doi.org/10.1016/j.patcog.2025.112281
470,Method,Splitting criteria for ordinal decision trees: An experimental study,"Rafael Ayllón-Gavilán, Francisco José Martínez-Estudillo, David Guijo-Rubio, César Hervás-Martínez, Pedro Antonio Gutiérrez",171.0,,2026-3,Issue/Volume,10.1016/j.patcog.2025.112273,https://doi.org/10.1016/j.patcog.2025.112273
471,Method,Twin learning for domain agnostic time series analysis: A regime-switch approach,"Kunpeng Xu, Lifei Chen, Shengrui Wang",171.0,,2026-3,Issue/Volume,10.1016/j.patcog.2025.112065,https://doi.org/10.1016/j.patcog.2025.112065
472,Method,TIPS: Two-level prompt selection for more stability-plasticity balance in continual learning,"Zhikun Feng, Liang Peng, Kang Dang, Mian Zhou, Ping Kuang, MingYu Wu, Liu Yu, Jionglong Su",171.0,,2026-3,Issue/Volume,10.1016/j.patcog.2025.112276,https://doi.org/10.1016/j.patcog.2025.112276
473,Method,CM-CCL: Collaborative multi-scale concept-cognitive learning for knowledge discovery,"Weihua Xu, Jinbo Wang, Qinghua Zhang",171.0,,2026-3,Issue/Volume,10.1016/j.patcog.2025.112268,https://doi.org/10.1016/j.patcog.2025.112268
474,Method,Pest manager: A systematic framework for precise pest monitoring in invisible grain pile storage environments,"Chuanyang Ma, Jiangtao Li, Xingqun Qi, Muyi Sun, Huiling Zhou",171.0,,2026-3,Issue/Volume,10.1016/j.patcog.2025.112294,https://doi.org/10.1016/j.patcog.2025.112294
475,Method,RGBT tracking via supervised mutual guiding,"Lei Liu, Chenglong Li, Jin Tang, Changhe Li",171.0,,2026-3,Issue/Volume,10.1016/j.patcog.2025.112295,https://doi.org/10.1016/j.patcog.2025.112295
476,Method,Adversarial spectral perturbation for single-domain generalized object detection,"Xiangsheng Wang, Kangcheng Bin, Xiaojian Wang, Pengcheng Wan, Ting Hu, Ping Zhong",171.0,,2026-3,Issue/Volume,10.1016/j.patcog.2025.112264,https://doi.org/10.1016/j.patcog.2025.112264
477,Method,Adaptive momentum weight averaging reduces initialization noise,"Jia Wan, Ziquan Liu, Junyu Gao, Xia Wu, Antoni B. Chan",171.0,,2026-3,Issue/Volume,10.1016/j.patcog.2025.112297,https://doi.org/10.1016/j.patcog.2025.112297
478,Method,Multi-modal graph-aware pre-training for disease classification and cross-modal retrieval in chest radiology,"Ruibin Chen, Weidong Min, Qing Han, Jiahao Li, Longfei Li, Haifan Wu",171.0,,2026-3,Issue/Volume,10.1016/j.patcog.2025.112263,https://doi.org/10.1016/j.patcog.2025.112263
479,Method,Skea-Topo: A skeleton-aware loss function for topologically accurate boundary segmentation,"Chuni Liu, Boyuan Ma, Yujie Xie, Xiaojuan Ban, Haiyou Huang, Hao Wang, Weihua Xue, Ke Xu",171.0,,2026-3,Issue/Volume,10.1016/j.patcog.2025.112265,https://doi.org/10.1016/j.patcog.2025.112265
480,Method,Few-shot image generation via information transfer from the built Geodesic surface,"Yuexing Han, Liheng Ruan, Bing Wang",172.0,,2026-4,Issue/Volume,10.1016/j.patcog.2025.112293,https://doi.org/10.1016/j.patcog.2025.112293
481,Method,Temporal-invariant video contrastive learning: A novel perspective from brain knowledge,"Wei Lin, Changxing Jing, Xinghao Ding, Huanqiang Zeng",171.0,,2026-3,Issue/Volume,10.1016/j.patcog.2025.112256,https://doi.org/10.1016/j.patcog.2025.112256
482,Method,FADMB: Fully attention-based dual memory bank network for weakly supervised video anomaly detection,"Zhiming Luo, Shuheng Huang, Kun Yang, Jianzhe Gao, Shaozi Li",172.0,,2026-4,Issue/Volume,10.1016/j.patcog.2025.112288,https://doi.org/10.1016/j.patcog.2025.112288
483,Method,A degree-corrected stochastic block model for community discovery in signed networks with heterogeneous degree distributions,"Zhejian Yang, Yang Li, Bo Yu, Jifeng Hu, Hechang Chen",171.0,,2026-3,Issue/Volume,10.1016/j.patcog.2025.112285,https://doi.org/10.1016/j.patcog.2025.112285
484,Method,MMIFprompt: Efficient modality-aware prompting for multimodal medical image fusion,"Lisi Wei, Xihang Hu, Kai Diao, Na Ta, Yunjie Tu, Xiaoli Zhang",171.0,,2026-3,Issue/Volume,10.1016/j.patcog.2025.112266,https://doi.org/10.1016/j.patcog.2025.112266
485,Method,Leverage cross-domain variations for generalizable person ReID representation learning,"Qilei Li, Shitong Sun, Weitong Cai, Shaogang Gong",171.0,,2026-3,Issue/Volume,10.1016/j.patcog.2025.112292,https://doi.org/10.1016/j.patcog.2025.112292
486,Method,Token-based dynamic bit-width assignment for ViT quantization,"Dohyung Kim, Jaehyeon Moon, Junghyup Lee, Geon Lee, Jeimin Jeon, Bumsub Ham",171.0,,2026-3,Issue/Volume,10.1016/j.patcog.2025.112269,https://doi.org/10.1016/j.patcog.2025.112269
487,Method,Source-free domain adaptation using prompt learning for medical image segmentation,"Shishuai Hu, Zehui Liao, Yong Xia",171.0,,2026-3,Issue/Volume,10.1016/j.patcog.2025.112290,https://doi.org/10.1016/j.patcog.2025.112290
488,Method,Unsupervised heterogeneous group streaming feature selection,"Peng Zhou, Qianzhen Chen, Lei Sang, Shu Zhao, Xindong Wu",171.0,,2026-3,Issue/Volume,10.1016/j.patcog.2025.112280,https://doi.org/10.1016/j.patcog.2025.112280
489,Method,Spatial-frequency cross-shift learning perceptive transformer features in decoupled hashing,"Jing Zhang, Shuli Cheng, Liejun Wang",171.0,,2026-3,Issue/Volume,10.1016/j.patcog.2025.112287,https://doi.org/10.1016/j.patcog.2025.112287
490,Method,GC-GS: Gradient control Gaussian splatting with various image degradation,"Qida Cao, Jiajun Ding, Qingyuan Tang, Tianning Zhao, Xiaoling Gu, Jianping Fan, Zhou Yu",171.0,,2026-3,Issue/Volume,10.1016/j.patcog.2025.112304,https://doi.org/10.1016/j.patcog.2025.112304
491,Method,SSRDepth: Combining semantic segmentation and relative depth for monocular metric depth estimation,"Yuhang Zou, Xiaoming Chen, Zhangyan Zhao, Chenghua Zhang, Haipeng Liu",171.0,,2026-3,Issue/Volume,10.1016/j.patcog.2025.112279,https://doi.org/10.1016/j.patcog.2025.112279
492,Method,Advection-diffusion spatiotemporal recurrent network for regional wind speed prediction,"Shidong Chen, Baoquan Zhang, Dong Liu, Xutao Li, Yunming Ye, Kenghong Lin, Rui Ye",171.0,,2026-3,Issue/Volume,10.1016/j.patcog.2025.112282,https://doi.org/10.1016/j.patcog.2025.112282
493,Method,Dual-frequency awareness network for lightweight super resolution,"Yongsheng Dong, Hongjie Zhou, Ruijuan Zheng, Xuelong Li",171.0,,2026-3,Issue/Volume,10.1016/j.patcog.2025.112308,https://doi.org/10.1016/j.patcog.2025.112308
494,Method,DiffChar: A fast conditional diffusion model for air-writing Chinese character generation,"Weixi Zhao, Meiqi Wu, Weiqiang Wang",171.0,,2026-3,Issue/Volume,10.1016/j.patcog.2025.112307,https://doi.org/10.1016/j.patcog.2025.112307
495,Method,Data imputation by pursuing better classification: A supervised kernel-based method,"Ruikai Yang, Fan He, Mingzhen He, Kaijie Wang, Xiaolin Huang",171.0,,2026-3,Issue/Volume,10.1016/j.patcog.2025.112312,https://doi.org/10.1016/j.patcog.2025.112312
496,Method,Semi-supervised medical image segmentation via pseudo-labeling refinement and dual-adaptive adjustment schemes,"Bin Zheng, Wenyi Zhao, Wentao Liu, Ziyang He, Chuanbo Qin, Huihua Yang",171.0,,2026-3,Issue/Volume,10.1016/j.patcog.2025.112310,https://doi.org/10.1016/j.patcog.2025.112310
497,Method,Unsupervised cross-domain semantic segmentation on multi-modality ovarian tumor ultrasound data,"Shuchang Lyu, Qi Zhao, Wenpei Bai, Linghan Cai, Guangliang Cheng, Guangxia Cui, Min Yang, Lijiang Chen, Huiyu Zhou",171.0,,2026-3,Issue/Volume,10.1016/j.patcog.2025.112311,https://doi.org/10.1016/j.patcog.2025.112311
498,Method,Selective-relaxed contrastive learning for hyperspectral image classification with noisy labels,"Jie Wang, Ziang Niu, Zheng Wang, Liaoyuan Tang, Bo Yan, Rong Wang, Feiping Nie",171.0,,2026-3,Issue/Volume,10.1016/j.patcog.2025.112298,https://doi.org/10.1016/j.patcog.2025.112298
499,Method,Enhancing predictive performance on long-tail trajectories via clustering and specialized decoders,"G. Ganeshaaraj, Tharindu Fernando, Sridha Sridharan, Clinton Fookes",171.0,,2026-3,Issue/Volume,10.1016/j.patcog.2025.112315,https://doi.org/10.1016/j.patcog.2025.112315
500,Method,Adaptive feature boosting and distribution refinement for graph clustering,"Jingxin Liu, Xiangyan Tang, Renda Han, Wenxuan Tu, Ruili Wang",171.0,,2026-3,Issue/Volume,10.1016/j.patcog.2025.112309,https://doi.org/10.1016/j.patcog.2025.112309
501,Method,Arbitrary style transfer via cube and cube root network and warping constraint,"Xiaoming Yu, Jie Tian, Zhenhua Hu",171.0,,2026-3,Issue/Volume,10.1016/j.patcog.2025.112314,https://doi.org/10.1016/j.patcog.2025.112314
502,Method,Deep portfolio selection with contrastively aligned cross-modal attention,"Yupeng Fang, Huichou Huang, Ruirui Liu, Chaoyu Chen, Haoxian Liu, Qingyao Wu",171.0,,2026-3,Issue/Volume,10.1016/j.patcog.2025.112305,https://doi.org/10.1016/j.patcog.2025.112305
503,Method,MGFNet: Multi-granularity medical pattern fusion network for patient risk prediction,"Lin Cheng, Yuliang Shi, Xiaojing Yu, Xinyu Li, Xinjun Wang, Zhongmin Yan, Zhiyong Chen",172.0,,2026-4,Issue/Volume,10.1016/j.patcog.2025.112302,https://doi.org/10.1016/j.patcog.2025.112302
504,Method,Deep learning for DBT classification with saliency-guided 2D synthesis,"Marco Cantone, Ciro Russo, Federico~V.~L. Dell’Ascenza, Claudio Marrocco, Alessandro Bria",172.0,,2026-4,Issue/Volume,10.1016/j.patcog.2025.112316,https://doi.org/10.1016/j.patcog.2025.112316
505,Method,Learning multi-scale spatial-frequency features for image denoising,"Xu Zhao, Chen Zhao, Xiantao Hu, Hongliang Zhang, Ying Tai, Jian Yang",172.0,,2026-4,Issue/Volume,10.1016/j.patcog.2025.112300,https://doi.org/10.1016/j.patcog.2025.112300
506,Method,CPSL: A semi-supervised framework with class prototype-based modeling for combating noisy labels,"Qiangqiang Xia, Feifei Lee, Lin Xie, Shuai Yang, Qing Bao, Qiu Chen",171.0,,2026-3,Issue/Volume,10.1016/j.patcog.2025.112318,https://doi.org/10.1016/j.patcog.2025.112318
507,Method,Domain adapter for visual object tracking based on hyperspectral video,"Long Gao, Yunhe Zhang, Langkun Chen, Yan Jiang, Gang He, Weiying Xie, Yunsong Li",172.0,,2026-4,Issue/Volume,10.1016/j.patcog.2025.112296,https://doi.org/10.1016/j.patcog.2025.112296
508,Method,Enhancing cloud security with authentication for securing sensitive information,"Kavuri K.S.V.A. Satheesh, T. Krishna Sree",171.0,,2026-3,Issue/Volume,10.1016/j.patcog.2025.112345,https://doi.org/10.1016/j.patcog.2025.112345
509,Method,Multimodal sentiment analysis based on label semantic guidance under social links,"Yun Liu, Xiaoming Zhang, Bo Zhang, Guofeng He, Ke Zhou, Zhoujun Li",171.0,,2026-3,Issue/Volume,10.1016/j.patcog.2025.112277,https://doi.org/10.1016/j.patcog.2025.112277
510,Method,Cascaded neural memory ODEs for predicting fluence maps in rectal cancer IMRT,"Xiangjie Tan, Ying Song, Qiang Wang, Chengrong Yu, Zhang Yi, Junjie Hu",171.0,,2026-3,Issue/Volume,10.1016/j.patcog.2025.112301,https://doi.org/10.1016/j.patcog.2025.112301
511,Method,KANBalance: Kolmogorov–Arnold network mitigates class imbalance,"Jaber Qezelbash-Chamak, Karen Hicklin, Minhee Kim",171.0,,2026-3,Issue/Volume,10.1016/j.patcog.2025.112325,https://doi.org/10.1016/j.patcog.2025.112325
512,Method,Hyperspectral space transformations for texture classification,"Alice Porebski, Souraya Ouaidar Hadir, Thierry Gensane, Nicolas Vandenbroucke",172.0,,2026-4,Issue/Volume,10.1016/j.patcog.2025.112335,https://doi.org/10.1016/j.patcog.2025.112335
513,Method,RVSA-3D: Voxel-based fully sparse attention 3D object detection for rail transit obstacle perception,"Lirong Lian, Yong Qin, Zhiwei Cao, Yang Gao, Wei Li, Xiaoqing Cheng",171.0,,2026-3,Issue/Volume,10.1016/j.patcog.2025.112324,https://doi.org/10.1016/j.patcog.2025.112324
514,Method,Clustering-guided contrastive prototype learning: Towards semi-supervised medical image segmentation,"Zihe Lv, Zhengda Wu, Jinghua Zhu",171.0,,2026-3,Issue/Volume,10.1016/j.patcog.2025.112321,https://doi.org/10.1016/j.patcog.2025.112321
515,Method,FRCAE: Feature regularization meta-learning with channel-wise attention expansion,"Maofa Wang, Zhixiong Leng, Pingping Hu, Jingjing Huang, Binrui Wang, Kun Zhou, Guanyu Hu, Bingchen Yan, Lang Wu, Yanlin Xu, Quan Wan, Zhiguo Zhou",171.0,,2026-3,Issue/Volume,10.1016/j.patcog.2025.112334,https://doi.org/10.1016/j.patcog.2025.112334
516,Method,Semi-supervised feature selection with concept factorization and robust label learning,"Razieh Sheikhpour, Farid Saberi-Movahed, Mahdi Jalili, Kamal Berahmand",172.0,,2026-4,Issue/Volume,10.1016/j.patcog.2025.112317,https://doi.org/10.1016/j.patcog.2025.112317
517,Method,Copula-based conformal prediction for prioritized heterogeneous multi-task learning,"Bruce Cyusa Mukama, Soundouss Messoudi, Sébastien Destercke, Sylvain Rousseau",172.0,,2026-4,Issue/Volume,10.1016/j.patcog.2025.112347,https://doi.org/10.1016/j.patcog.2025.112347
518,Method,TranSpike: Pixel-wise frequency reconstruction and spike interaction for remote photoplethysmography,"Hang Shao, Lei Luo, Jianjun Qian, Chuanfei Hu, Shuo Chen, Jian Yang",171.0,,2026-3,Issue/Volume,10.1016/j.patcog.2025.112329,https://doi.org/10.1016/j.patcog.2025.112329
519,Method,TBiGAN-based parallel networks for remaining useful life prediction of multi-stage degraded bearings,"Zheng Jianfei, Chen Dongnan, Hu Changhua, Han Qihui, Pei Hong",172.0,,2026-4,Issue/Volume,10.1016/j.patcog.2025.112349,https://doi.org/10.1016/j.patcog.2025.112349
520,Method,Texture-aware transformer with pose-patch mapping for occluded person re-identification,"Dengwen Wang, Guanyu Xing, Yanli Liu",172.0,,2026-4,Issue/Volume,10.1016/j.patcog.2025.112341,https://doi.org/10.1016/j.patcog.2025.112341
521,Method,Multi-scale feature sharing and collaborative sampling for unsupervised vehicle re-identification,"Jia-Jia Li, Si-Bao Chen, Chris Ding, Bin Luo",172.0,,2026-4,Issue/Volume,10.1016/j.patcog.2025.112353,https://doi.org/10.1016/j.patcog.2025.112353
522,Method,Zero-shot skeleton-based action recognition with dual visual-text alignment,"Jidong Kuang, Hongsong Wang, Chaolei Han, Yang Zhang, Jie Gui",171.0,,2026-3,Issue/Volume,10.1016/j.patcog.2025.112342,https://doi.org/10.1016/j.patcog.2025.112342
523,Method,Unsupervised domain adaptation for cardiac MRI segmentation via adversarial learning in latent space,"Fan Zheng, Hengfei Cui, Yanning Zhang, Yong Xia",172.0,,2026-4,Issue/Volume,10.1016/j.patcog.2025.112328,https://doi.org/10.1016/j.patcog.2025.112328
524,Method,Efficacy of varying sensing features for enhanced performance of deep-learning-informed multidimensional force platform,"Hu Luo, Yuxin Ma, Zesheng Wang, Jiewen Li, Xin Ma, Wen-Ming Chen",172.0,,2026-4,Issue/Volume,10.1016/j.patcog.2025.112327,https://doi.org/10.1016/j.patcog.2025.112327
525,Method,Reliable classification through rank-based conformal prediction sets,"Rui Luo, Zhixin Zhou",172.0,,2026-4,Issue/Volume,10.1016/j.patcog.2025.112330,https://doi.org/10.1016/j.patcog.2025.112330
526,Method,GLGF-CR: A Gated Local-Global Fusion approach for cloud removal in real-world remote sensing,"Ganchao Liu, Jiawei Qiu, Jincheng Huang, Yuan Yuan",172.0,,2026-4,Issue/Volume,10.1016/j.patcog.2025.112319,https://doi.org/10.1016/j.patcog.2025.112319
527,Method,Deep intrinsic image decomposition via physics-aware neural networks,"Yan Huang, Kangjie Liu, Tengyue Chen, Yong Xu, Hui Ji",172.0,,2026-4,Issue/Volume,10.1016/j.patcog.2025.112299,https://doi.org/10.1016/j.patcog.2025.112299
528,Method,DiffTrajectory: Mitigating cumulative errors and enhancing inference efficiency in diffusion-based trajectory prediction,"Chengcheng Li, Luqi Gong, Leiheng Xu, Xin Wang",172.0,,2026-4,Issue/Volume,10.1016/j.patcog.2025.112339,https://doi.org/10.1016/j.patcog.2025.112339
529,Method,Discriminative attention based weighted sparse representation of visual objects in complex scenarios,"Ge Yang, Tingquan Deng, Ming Yang, Changzhong Wang",172.0,,2026-4,Issue/Volume,10.1016/j.patcog.2025.112354,https://doi.org/10.1016/j.patcog.2025.112354
530,Method,Prior tokenization-based interactive segmentation with Vision Transformers,"Zongyuan Ding, Boyu Wang, Hongyuan Wang, Tao Wang",172.0,,2026-4,Issue/Volume,10.1016/j.patcog.2025.112361,https://doi.org/10.1016/j.patcog.2025.112361
531,Method,You look from old classes: Towards accurate few shot class-incremental learning,"Yijie Hu, Kaizhu Huang, Wei Wang, Xiaowei Huang, Qiufeng Wang",172.0,,2026-4,Issue/Volume,10.1016/j.patcog.2025.112352,https://doi.org/10.1016/j.patcog.2025.112352
532,Method,UniForCE: The Unimodality Forest method for Clustering and Estimation of the number of clusters,"Georgios Vardakas, Argyris Kalogeratos, Aristidis Likas",172.0,,2026-4,Issue/Volume,10.1016/j.patcog.2025.112357,https://doi.org/10.1016/j.patcog.2025.112357
533,Method,A mondrian conformal predictive system with improved decision trees for uncertainty quantification under heteroscedasticity,"Ruiyao Zhang, Ping Zhou",172.0,,2026-4,Issue/Volume,10.1016/j.patcog.2025.112338,https://doi.org/10.1016/j.patcog.2025.112338
534,Method,Backdoor defense based on adversarial prediction proximity and contrastive knowledge distillation,"Lin Huang, Leo Yu Zhang, Ching-Chun Chang, Wei Wang, Chuan Qin",172.0,,2026-4,Issue/Volume,10.1016/j.patcog.2025.112336,https://doi.org/10.1016/j.patcog.2025.112336
535,Method,Noise-tolerant scheme and explicit regularizer for deep active learning with noisy oracles,"Yanchao Li, Ziteng Xie, Hongwu Zhong, Guangwei Gao",172.0,,2026-4,Issue/Volume,10.1016/j.patcog.2025.112313,https://doi.org/10.1016/j.patcog.2025.112313
536,Method,Dual-decoder collaborative learning with multi-hybrid view augmentation for self-supervised 3D action recognition,"Wenming Cao, Yingfei Wu, Xinpeng Yin",172.0,,2026-4,Issue/Volume,10.1016/j.patcog.2025.112351,https://doi.org/10.1016/j.patcog.2025.112351
537,Method,A deep spatio-temporal architecture for dynamic ECN analysis with Granger causality based causal discovery,"Faming Xu, Yiding Wang, Gang Qu, Vince D. Calhoun, Julia M. Stephen, Tony W. Wilson, Yu-Ping Wang, Chen Qiao",172.0,,2026-4,Issue/Volume,10.1016/j.patcog.2025.112346,https://doi.org/10.1016/j.patcog.2025.112346
538,Method,TP-LReID: Lifelong person re-identification using text prompts,"Zhaoshuo Liu, Zhiwei Guo, Chaolu Feng, Wei Li, Kun Yu, Jun Hu, Jinzhu Yang",172.0,,2026-4,Issue/Volume,10.1016/j.patcog.2025.112326,https://doi.org/10.1016/j.patcog.2025.112326
539,Method,LayerMix: Enhanced Data Augmentation for Robust Deep Learning,"Hafiz Mughees Ahmad, Dario Morle, Afshin Rahimi",172.0,,2026-4,Issue/Volume,10.1016/j.patcog.2025.112332,https://doi.org/10.1016/j.patcog.2025.112332
540,Method,Enhancing visual representation of untrimmed videos by counteracting visuality threatening content,"Gwangjin Lee, Won Jo, Hyunwoo Kim, Yukyung Choi",172.0,,2026-4,Issue/Volume,10.1016/j.patcog.2025.112343,https://doi.org/10.1016/j.patcog.2025.112343
541,Method,Spatial multi-semantic features guided spectral-friendly transformer network for hyperspectral image classification,"Xiaoyan Yu, Mingzhu Tai, Yuyang Wang, Zhenqiu Shu, Liehuang Zhu",172.0,,2026-4,Issue/Volume,10.1016/j.patcog.2025.112337,https://doi.org/10.1016/j.patcog.2025.112337
542,Method,Robust scene text understanding with OCR token and word alignment for Text-VQA and text-caption,"Zan-Xia Jin, Pinle Qin, Suzhen Lin, Jia Qin, Shuangjiao Zhai, Jianchao Zeng, Xu-Cheng Yin",172.0,,2026-4,Issue/Volume,10.1016/j.patcog.2025.112362,https://doi.org/10.1016/j.patcog.2025.112362
543,Method,An efficient community-aware pre-training method for graph neural networks,"Zhenhua Huang, Wenhao Zhou, Yihang Jiang, Zhaohong Jia, Linyuan Lü, Yunjie Ma",172.0,,2026-4,Issue/Volume,10.1016/j.patcog.2025.112340,https://doi.org/10.1016/j.patcog.2025.112340
544,Method,Wavelet-guided diffusion enhancement network with directional learning for single-pixel imaging,"Dawei Song, Qiurong Yan, Hui Wang, Jian Yang, Xiaolong Luo",172.0,,2026-4,Issue/Volume,10.1016/j.patcog.2025.112322,https://doi.org/10.1016/j.patcog.2025.112322
545,Method,Cross-domain-aware deep unfolding transformer for hyperspectral image super-resolution,"Xuheng Cao, Xuquan Wang, Xiong Dun, Yusheng Lian, Xinbin Cheng, Xiaopeng Hao",172.0,,2026-4,Issue/Volume,10.1016/j.patcog.2025.112374,https://doi.org/10.1016/j.patcog.2025.112374
546,Method,Unsupervised domain adaptation via style-aware self-intermediate domain,"Lianyu Wang, Meng Wang, Daoqiang Zhang, Huazhu Fu",172.0,,2026-4,Issue/Volume,10.1016/j.patcog.2025.112344,https://doi.org/10.1016/j.patcog.2025.112344
547,Method,Fourier-enhanced semi-supervised proxy learning for ultra-fine-grained novel class discovery,"Qiupu Chen, Hongkui Jiang, Lin Jiao, Zhou Li, Taosheng Xu, Xue Wang, Rujing Wang",172.0,,2026-4,Issue/Volume,10.1016/j.patcog.2025.112369,https://doi.org/10.1016/j.patcog.2025.112369
548,Method,"Zoom-shot: Fast, efficient and unsupervised zero-shot knowledge transfer from CLIP to vision encoders","Jordan Shipard, Arnold Wiliem, Kien Nguyen Thanh, Wei Xiang, Clinton Fookes",172.0,,2026-4,Issue/Volume,10.1016/j.patcog.2025.112323,https://doi.org/10.1016/j.patcog.2025.112323
549,Method,BORT 2 : Bi-level optimization for robust target training in multi-source domain adaptation,"Zhongying Deng, Da Li, Xiaojiang Peng, Yi-Zhe Song, Tao Xiang",172.0,,2026-4,Issue/Volume,10.1016/j.patcog.2025.112367,https://doi.org/10.1016/j.patcog.2025.112367
550,Method,Learning label-specific features for multi-dimensional classification,"Zan Zhang, Jialin Zhou, Jialu Yao, Lin Liu, Jiuyong Li, Lei Li, Xindong Wu",172.0,,2026-4,Issue/Volume,10.1016/j.patcog.2025.112365,https://doi.org/10.1016/j.patcog.2025.112365
551,Method,Nonuniform low-light image enhancement via noise-aware decomposition and adaptive correction,"Jiancai Huang, Zhaohui Jiang, Xingjian Liu, Yap-Peng Tan, Weihua Gui",172.0,,2026-4,Issue/Volume,10.1016/j.patcog.2025.112370,https://doi.org/10.1016/j.patcog.2025.112370
552,Method,Noise-aware state-space method for underwater object detection,"Jingchun Zhou, Xudong Wang, Mingjie Li, Zongxin He, Wentian Xin, Xiuguo Zhang",172.0,,2026-4,Issue/Volume,10.1016/j.patcog.2025.112375,https://doi.org/10.1016/j.patcog.2025.112375
553,Method,An adaptive weighted active contour based HRNet for underwater image segmentation,"Bo Chen, Jing Ji, Junwei Li, Xiaoli Sun, Feng Gong",172.0,,2026-4,Issue/Volume,10.1016/j.patcog.2025.112368,https://doi.org/10.1016/j.patcog.2025.112368
554,Method,Learning interpretable binary codes via semantic alignment for customized image retrieval,"Shishi Qiao, Ruiping Wang, Xilin Chen",172.0,,2026-4,Issue/Volume,10.1016/j.patcog.2025.112380,https://doi.org/10.1016/j.patcog.2025.112380
555,Method,Quaternionic reweighted amplitude flow for phase retrieval in image reconstruction,"Ren Hu, Pan Lian",172.0,,2026-4,Issue/Volume,10.1016/j.patcog.2025.112363,https://doi.org/10.1016/j.patcog.2025.112363
556,Method,CTNet: Color transformation network for low-light image enhancement,"Lidong Xie, Runmin Cong, Ju Dai, Wenhan Yang, Junjun Pan, Hao Wu",172.0,,2026-4,Issue/Volume,10.1016/j.patcog.2025.112360,https://doi.org/10.1016/j.patcog.2025.112360
557,Method,Efficient and compact tensor wheel decomposition for tensor completion,"Peilin Yang, Yuning Qiu, Zhenhao Huang, Guoxu Zhou, Qibin Zhao",172.0,,2026-4,Issue/Volume,10.1016/j.patcog.2025.112377,https://doi.org/10.1016/j.patcog.2025.112377
558,Method,TSAR: A two-stage approach to motion artifact reduction in OCTA images,"Benteng Ma, Xiaomeng Li, Xu Lin, Xiaoyu Bai, Dongping Shao, Chubin Ou, Lin An, Jia Qin, Kwang-Ting Cheng",172.0,,2026-4,Issue/Volume,10.1016/j.patcog.2025.112364,https://doi.org/10.1016/j.patcog.2025.112364
559,Method,FSF-Net: Enhance 4D occupancy forecasting with coarse BEV scene flow for autonomous driving,"Erxin Guo, Pei An, You Yang, Qiong Liu, An-An Liu",172.0,,2026-4,Issue/Volume,10.1016/j.patcog.2025.112372,https://doi.org/10.1016/j.patcog.2025.112372
560,Method,A novel image enhancement method based on image decomposition and deep neural networks,"Yao Xiao, Youshen Xia",172.0,,2026-4,Issue/Volume,10.1016/j.patcog.2025.112371,https://doi.org/10.1016/j.patcog.2025.112371
561,Method,AFFusion: Atmospheric scattering enhancement and frequency integrated spatial-channel attention for infrared and visible image fusion,"Jiwei Hu, Chengcheng Song, Qiwen Jin, Kin-Man Lam",172.0,,2026-4,Issue/Volume,10.1016/j.patcog.2025.112379,https://doi.org/10.1016/j.patcog.2025.112379
562,Method,SequencePAR: Understanding pedestrian attributes via a sequence generation paradigm,"Jiandong Jin, Xiao Wang, Yin Lin, Chenglong Li, Lili Huang, Aihua Zheng, Jin Tang",172.0,,2026-4,Issue/Volume,10.1016/j.patcog.2025.112356,https://doi.org/10.1016/j.patcog.2025.112356
563,Method,Multi-target federated backdoor attack based on feature aggregation,"Lingguag Hao, Kuangrong Hao, Bing Wei, Xue-Song Tang",172.0,,2026-4,Issue/Volume,10.1016/j.patcog.2025.112333,https://doi.org/10.1016/j.patcog.2025.112333
564,Method,Adaptive latent disease state learning for multimodal Alzheimer’s disease biomarker detection with missing modalities,"Zhi Chen, Fengli Zhang, Yun Zhang, Jiajing Zhu, Qiaoqin Li, Yongguo Liu",172.0,,2026-4,Issue/Volume,10.1016/j.patcog.2025.112389,https://doi.org/10.1016/j.patcog.2025.112389
565,Method,A Locality-sensitive hashing based instance selection method with its application to acceleration of feature selection,"Fan Song, Xiao Zhang, Jinhai Li, Changlin Mei",172.0,,2026-4,Issue/Volume,10.1016/j.patcog.2025.112390,https://doi.org/10.1016/j.patcog.2025.112390
566,Method,Ultra-efficient 3D shape reconstruction: Line-coded absolute phase unwrapping algorithm,"Haihua An, Yiping Cao, Hechen Zhang",172.0,,2026-4,Issue/Volume,10.1016/j.patcog.2025.112366,https://doi.org/10.1016/j.patcog.2025.112366
567,Method,Linguistic query-guided mask generation for referring image segmentation,"Zhichao Wei, Xiaohao Chen, Mingqiang Chen, Hao Li, Zilong Dong, Siyu Zhu",172.0,,2026-4,Issue/Volume,10.1016/j.patcog.2025.112306,https://doi.org/10.1016/j.patcog.2025.112306
568,Method,A query-driven twin network framework with optimization-based meta-learning for few-shot hyperspectral image classification,"Jian Zhu, Pengxin Wang, Jian Hui, Xin Ye",172.0,,2026-4,Issue/Volume,10.1016/j.patcog.2025.112331,https://doi.org/10.1016/j.patcog.2025.112331
569,Method,Distantly supervised reinforcement localization for real-world object distribution estimation,"Haojie Guo, Junyu Gao, Yuan Yuan",172.0,,2026-4,Issue/Volume,10.1016/j.patcog.2025.112385,https://doi.org/10.1016/j.patcog.2025.112385
570,Method,Cross-channel blur invariants of color and multispectral images,"Václav Košík, Jan Flusser, Filip Šroubek",172.0,,2026-4,Issue/Volume,10.1016/j.patcog.2025.112358,https://doi.org/10.1016/j.patcog.2025.112358
571,Method,Robust spatio-temporal graph neural networks with sparse structure learning,"Yupei Zhang, Yuxin Li, Shuhui Liu, Xuequn Shang",172.0,,2026-4,Issue/Volume,10.1016/j.patcog.2025.112383,https://doi.org/10.1016/j.patcog.2025.112383
572,Method,discDC: Unsupervised discriminative deep image clustering via confidence-driven self-labeling,"Jinyu Cai, Wenzhong Guo, Yunhe Zhang, Jicong Fan",172.0,,2026-4,Issue/Volume,10.1016/j.patcog.2025.112382,https://doi.org/10.1016/j.patcog.2025.112382
573,Method,A variable gaussian kernel scale active contour model based on Jeffreys divergence for ICT image segmentation,"Zexin Liu, Qi Li, Junyao Wang, Tingyuan Deng, Rifeng Zhou, Yufang Cai, Fenglin Liu",172.0,,2026-4,Issue/Volume,10.1016/j.patcog.2025.112384,https://doi.org/10.1016/j.patcog.2025.112384
574,Method,Learning to complement with multiple humans,"Zheng Zhang, Cuong Nguyen, Kevin Wells, Thanh-Toan Do, Gustavo Carneiro",172.0,,2026-4,Issue/Volume,10.1016/j.patcog.2025.112376,https://doi.org/10.1016/j.patcog.2025.112376
575,Method,MCoCa: Towards fine-grained multimodal control in image captioning,"Shanshan Zhao, Teng Wang, Jinrui Zhang, Xiangchen Wang, Feng Zheng",172.0,,2026-4,Issue/Volume,10.1016/j.patcog.2025.112381,https://doi.org/10.1016/j.patcog.2025.112381
576,Method,Understanding and tackling the modality imbalance problem in multimodal survival prediction,"Chicheng Zhou, Minghui Wang, Yi Shi, Anli Zhang, Ao Li",172.0,,2026-4,Issue/Volume,10.1016/j.patcog.2025.112398,https://doi.org/10.1016/j.patcog.2025.112398
577,Method,Vision-by-prompt: Context-aware dual prompts for composed video retrieval,"Hao Wang, Fang Liu, Licheng Jiao, Jiahao Wang, Shuo Li, Lingling Li, Puhua Chen, Xu Liu",172.0,,2026-4,Issue/Volume,10.1016/j.patcog.2025.112378,https://doi.org/10.1016/j.patcog.2025.112378
578,Method,Dual-teacher self-distillation registration for multi-modality medical image fusion,"Aimei Dong, Jingyuan Xu, Long Wang",172.0,,2026-4,Issue/Volume,10.1016/j.patcog.2025.112373,https://doi.org/10.1016/j.patcog.2025.112373
579,Method,HopGAT: A multi-hop graph attention network with heterophily and degree awareness,"Han Zhang, Huan Wang, Mingjing Han",172.0,,2026-4,Issue/Volume,10.1016/j.patcog.2025.112387,https://doi.org/10.1016/j.patcog.2025.112387
580,Method,Hierarchical community-based graph generation model for improving structural diversity,"Masoomeh Sadat Razavi, Abdolreza Mirzaei, Mehran Safayani",172.0,,2026-4,Issue/Volume,10.1016/j.patcog.2025.112320,https://doi.org/10.1016/j.patcog.2025.112320
581,Method,A graph contrastive learning network for change detection with heterogeneous remote sensing images,"Zhiyong Lv, Sizhe Cheng, Linfu Xie, Junhuai Li, Minghua Zhao",172.0,,2026-4,Issue/Volume,10.1016/j.patcog.2025.112394,https://doi.org/10.1016/j.patcog.2025.112394
582,Method,"Edge Craft Odyssey: Navigating guided super-resolution with a fast, precise, and lightweight network","Armin Mehri, Parichehr Behjati, Dario Carpio, Angel D. Sappa",172.0,,2026-4,Issue/Volume,10.1016/j.patcog.2025.112392,https://doi.org/10.1016/j.patcog.2025.112392
583,Method,Joint luminance-chrominance learning for quality assessment of low-light image enhancement,"Tuxin Guan, Qiuping Jiang, Xiongli Chai, Chaofeng Li",172.0,,2026-4,Issue/Volume,10.1016/j.patcog.2025.112395,https://doi.org/10.1016/j.patcog.2025.112395
584,Method,Federated cross-source learning for lung nodule segmentation with data characteristic-aware weight optimization,"Xinjun Bian, Huan Lin, Yumeng Wang, Lingqiao Li, Zhenbing Liu, Huadeng Wang, Zhenwei Shi, Yi Qian, Zaiyi Liu, Rushi Lan, Xipeng Pan",172.0,,2026-4,Issue/Volume,10.1016/j.patcog.2025.112396,https://doi.org/10.1016/j.patcog.2025.112396
585,Method,Asymmetric simulation-enhanced flow reconstruction for incomplete multimodal learning,"Jiacheng Yao, Jing Zhang, Yixiao Wang, Li Zhuo",172.0,,2026-4,Issue/Volume,10.1016/j.patcog.2025.112413,https://doi.org/10.1016/j.patcog.2025.112413
586,Method,IRIS: An information path planning method based on reinforcement learning and information-directed sampling,"Ziyuan Liu, Yan Zhuang, Peng Wu, Yuanchang Liu",172.0,,2026-4,Issue/Volume,10.1016/j.patcog.2025.112400,https://doi.org/10.1016/j.patcog.2025.112400
587,Method,Joint Adversarial Attack: An Effective Approach to Evaluate Robustness of 3D Object Tracking,"Riran Cheng, Xupeng Wang, Ferdous Sohel, Hang Lei",172.0,,2026-4,Issue/Volume,10.1016/j.patcog.2025.112359,https://doi.org/10.1016/j.patcog.2025.112359
588,Method,DURN: Data uncertainty-driven robust network for mural sketch detection,"Shenglin Peng, Xingguo Zhao, Jun Wang, Lin Wang, Shuyi Qu, Jingye Peng, Xianlin Peng",172.0,,2026-4,Issue/Volume,10.1016/j.patcog.2025.112404,https://doi.org/10.1016/j.patcog.2025.112404
589,Method,A boundary-enhanced and target-driven deformable convolutional network for abdominal multi-organ segmentation,"Jianguo Ju, Menghao Liu, Wenhuan Song, Tongtong Zhang, Jindong Liu, Pengfei Xu, Ziyu Guan",172.0,,2026-4,Issue/Volume,10.1016/j.patcog.2025.112386,https://doi.org/10.1016/j.patcog.2025.112386
590,Method,Jailbreak attack with multimodal virtual scenario hypnosis for vision-language models,"Xiayang Shi, Shangfeng Chen, Gang Zhang, Wei Wei, Yinlin Li, Zhaoxin Fan, Jingjing Liu",172.0,,2026-4,Issue/Volume,10.1016/j.patcog.2025.112391,https://doi.org/10.1016/j.patcog.2025.112391
591,Method,Learn depth space from light field via a distance-constraint query mechanism,"Hao Sheng, Rongshan Chen, Ruixuan Cong, Da Yang, Zhenglong Cui, Sizhe Wang",172.0,,2026-4,Issue/Volume,10.1016/j.patcog.2025.112403,https://doi.org/10.1016/j.patcog.2025.112403
592,Method,Unsupervised instance segmentation with superpixels,Cuong Manh Hoang,172.0,,2026-4,Issue/Volume,10.1016/j.patcog.2025.112402,https://doi.org/10.1016/j.patcog.2025.112402
593,Method,Fast multi-view discrete clustering with two solvers,"Qianyao Qiang, Bin Zhang, Jason Chen Zhang, Feiping Nie",172.0,,2026-4,Issue/Volume,10.1016/j.patcog.2025.112415,https://doi.org/10.1016/j.patcog.2025.112415
594,Method,MIGF-Net: Multimodal interaction-guided fusion network for image aesthetics assessment,"Yun Liu, Zhipeng Wen, Leida Li, Peiguang Jing, Daoxin Fan",172.0,,2026-4,Issue/Volume,10.1016/j.patcog.2025.112401,https://doi.org/10.1016/j.patcog.2025.112401
595,Method,Knowledge tailoring: Bridging the teacher-student gap in semantic segmentation,"Seokhwa Cheung, Seungbeom Woo, Taehoon Kim, Wonjun Hwang",172.0,,2026-4,Issue/Volume,10.1016/j.patcog.2025.112399,https://doi.org/10.1016/j.patcog.2025.112399
596,Method,D3PD: Dual distillation and dynamic fusion for camera-radar 3D perception,"Junyin Wang, Chenghu Du, Tongao Ge, Bingyi Liu, Shengwu Xiong",172.0,,2026-4,Issue/Volume,10.1016/j.patcog.2025.112350,https://doi.org/10.1016/j.patcog.2025.112350
597,Method,A text-only weakly supervised learning framework for text spotting via text-to-polygon generator,"Gege Zhang, Zhiyong Gan, Ling Deng, Shuaicheng Niu, Zhenghua Peng, Gang Dai, Shuangping Huang, Xiangmin Xu",172.0,,2026-4,Issue/Volume,10.1016/j.patcog.2025.112408,https://doi.org/10.1016/j.patcog.2025.112408
598,Method,Aegis: A domain generalization framework for medical image segmentation by mitigating feature misalignment,"Yuheng Xu, Taiping Zhang, Yuqi Fang",172.0,,2026-4,Issue/Volume,10.1016/j.patcog.2025.112406,https://doi.org/10.1016/j.patcog.2025.112406
599,Method,Time series adaptive mode decomposition (TAMD): Method for improving forecasting accuracy in the apparel industry,"Guangbao Zhou, Pengliang Liu, Quanle Lin, Miao Qian, Zhong Xiang, Zeyu Zheng, Lixian Liu",172.0,,2026-4,Issue/Volume,10.1016/j.patcog.2025.112417,https://doi.org/10.1016/j.patcog.2025.112417
600,Method,Hyper-network curvature: A new representation method for high-order brain network analysis,"Kai Ma, Tianyu Du, Qi Zhu, Xuyun Wen, Jiashuang Huang, Xibei Yang, Daoqiang Zhang",172.0,,2026-4,Issue/Volume,10.1016/j.patcog.2025.112397,https://doi.org/10.1016/j.patcog.2025.112397
601,Method,SATE: Efficient knowledge distillation with implicit student-aware teacher ensembles,"Diqi Chen, Yang Li, Jiajun Liu, Jun Zhou, Yongsheng Gao",172.0,,2026-4,Issue/Volume,10.1016/j.patcog.2025.112355,https://doi.org/10.1016/j.patcog.2025.112355
602,Method,MonoA 2 : Adaptive depth with augmented head for monocular 3D object detection,"Jinpeng Dong, Sanping Zhou, Yufeng Hu, Yuhao Huang, Jingjing Jiang, Weiliang Zuo, Shitao Chen, Nanning Zheng",172.0,,2026-4,Issue/Volume,10.1016/j.patcog.2025.112418,https://doi.org/10.1016/j.patcog.2025.112418
603,Method,Learning from majority label: A novel problem in multi-class multiple-instance learning,"Kaito Shiku, Shinnosuke Matsuo, Daiki Suehiro, Ryoma Bise",172.0,,2026-4,Issue/Volume,10.1016/j.patcog.2025.112425,https://doi.org/10.1016/j.patcog.2025.112425
604,Method,MMP: Enhancing unsupervised graph anomaly detection with multi-view message passing,"Weihu Song, Lei Li, Mengxiao Zhu, Yue Pei, Haogang Zhu",172.0,,2026-4,Issue/Volume,10.1016/j.patcog.2025.112388,https://doi.org/10.1016/j.patcog.2025.112388
605,Method,Feature subset weighting for distance-based supervised learning,"Adnan Theerens, Yvan Saeys, Chris Cornelis",172.0,,2026-4,Issue/Volume,10.1016/j.patcog.2025.112424,https://doi.org/10.1016/j.patcog.2025.112424
606,Method,Adaptive integration of textual context and visual embeddings for underrepresented vision classification,"Seongyeop Kim, Hyung-Il Kim, Yong Man Ro",172.0,,2026-4,Issue/Volume,10.1016/j.patcog.2025.112420,https://doi.org/10.1016/j.patcog.2025.112420
607,Method,Federated automatic latent variable selection in multi-output Gaussian processes,"Jingyi Gao, Seokhyun Chung",172.0,,2026-4,Issue/Volume,10.1016/j.patcog.2025.112410,https://doi.org/10.1016/j.patcog.2025.112410
608,Method,PCFFusion: Progressive cross-modal feature fusion network for infrared and visible images,"Shuying Huang, Kai Zhang, Yong Yang, Weiguo Wan",172.0,,2026-4,Issue/Volume,10.1016/j.patcog.2025.112419,https://doi.org/10.1016/j.patcog.2025.112419
609,Method,Clinical knowledge enhanced medical image classification,"Zhikang Xu, Jiye Liang, Zhipeng Wei, Xiaodong Yue, Deyu Li",172.0,,2026-4,Issue/Volume,10.1016/j.patcog.2025.112414,https://doi.org/10.1016/j.patcog.2025.112414
610,Method,Preserving privacy without compromising accuracy: Machine unlearning for handwritten text recognition,"Lei Kang, Xuanshuo Fu, Lluis Gomez, Alicia Fornés, Ernest Valveny, Dimosthenis Karatzas",172.0,,2026-4,Issue/Volume,10.1016/j.patcog.2025.112411,https://doi.org/10.1016/j.patcog.2025.112411
611,Method,Adaptive multi-view consistency clustering via structure-enhanced contrastive learning,"Xuqian Xue, Qi Cai, Zhanwei Zhang, Yiming Lei, Hongming Shan, Junping Zhang",172.0,,2026-4,Issue/Volume,10.1016/j.patcog.2025.112409,https://doi.org/10.1016/j.patcog.2025.112409
612,Method,Gradient semi-masking for improving adversarial robustness,"Xinlei Liu, Tao Hu, Peng Yi, Baolin Li, Jichao Xie, Hailong Ma",172.0,,2026-4,Issue/Volume,10.1016/j.patcog.2025.112433,https://doi.org/10.1016/j.patcog.2025.112433
613,Method,Structural-prior guided bi-generative network for image inpainting,"Jiajun Zhang, Jizhao Liu, Huaikun Zhang, Jibao Zhang, Jing Lian",172.0,,2026-4,Issue/Volume,10.1016/j.patcog.2025.112432,https://doi.org/10.1016/j.patcog.2025.112432
614,Method,Retinex-guided generative diffusion prior for low-light image enhancement,"Zunjin Zhao, Daming Shi",172.0,,2026-4,Issue/Volume,10.1016/j.patcog.2025.112421,https://doi.org/10.1016/j.patcog.2025.112421
615,Method,A progressive attention network with transformer for multi-label image recognition,"Sulan Zhang, Zhenwen Liao, Jianeng Li, Lihua Hu, Jifu Zhang",172.0,,2026-4,Issue/Volume,10.1016/j.patcog.2025.112439,https://doi.org/10.1016/j.patcog.2025.112439
616,Method,4DStyleGaussian: Generalizable 4D style transfer with Gaussian splatting,"Wanlin Liang, Hongbin Xu, Weitao Chen, Feng Xiao, Wenxiong Kang",172.0,,2026-4,Issue/Volume,10.1016/j.patcog.2025.112422,https://doi.org/10.1016/j.patcog.2025.112422
617,Method,Preference isolation forest for structure-based anomaly detection,"Filippo Leveni, Luca Magri, Cesare Alippi, Giacomo Boracchi",172.0,,2026-4,Issue/Volume,10.1016/j.patcog.2025.112405,https://doi.org/10.1016/j.patcog.2025.112405
618,Method,Layer-wise correlation and attention discrepancy distillation for semantic segmentation,"Jianping Gou, Kaijie Chen, Cheng Chen, Weihua Ou, Xin Luo, Zhang Yi",172.0,,2026-4,Issue/Volume,10.1016/j.patcog.2025.112438,https://doi.org/10.1016/j.patcog.2025.112438
619,Method,Condense loss: Exploiting vector magnitude during person Re-identification training process,"Xi Yang, Wenjiao Dong, Yingzhi Tang, Gu Zheng, Nannan Wang, Xinbo Gao",172.0,,2026-4,Issue/Volume,10.1016/j.patcog.2025.112443,https://doi.org/10.1016/j.patcog.2025.112443
620,Method,Buffer-free class-incremental learning with out-of-distribution detection,"Srishti Gupta, Daniele Angioni, Maura Pintor, Ambra Demontis, Lea Schönherr, Fabio Roli, Battista Biggio",172.0,,2026-4,Issue/Volume,10.1016/j.patcog.2025.112441,https://doi.org/10.1016/j.patcog.2025.112441
621,Method,A simple yet lightweight module for enhancing domain generalization through relative representation,"Meng Cao, Songcan Chen",172.0,,2026-4,Issue/Volume,10.1016/j.patcog.2025.112423,https://doi.org/10.1016/j.patcog.2025.112423
622,Method,Global–local evolution modeling with cyclic patterns for temporal knowledge graph reasoning,"Xiaojun Bi, Longfei Li",171.0,,2026-3,Issue/Volume,10.1016/j.patcog.2025.111828,https://doi.org/10.1016/j.patcog.2025.111828
623,Method,Entropy-informed weighting channel normalizing flow for deep generative models,"Wei Chen, Shian Du, Shigui Li, Delu Zeng, John Paisley",172.0,,2026-4,Issue/Volume,10.1016/j.patcog.2025.112442,https://doi.org/10.1016/j.patcog.2025.112442
624,Method,Multi-frequency shared-feature-learning based diffusion model for removing surgical smoke,"Hao Li, Xiangyu Zhai, Ziwei Liang, Jie Xue, Bin Jin, Haitao Niu, Guangyong Zhang, Huanxin Ding, Dengwang Li, Pu Huang",172.0,,2026-4,Issue/Volume,10.1016/j.patcog.2025.112447,https://doi.org/10.1016/j.patcog.2025.112447
625,Method,Decoding the brain via multi-view brain topology contrastive learning,"Ziyu Li, Zhiyuan Zhu, Qing Li, Xia Wu",172.0,,2026-4,Issue/Volume,10.1016/j.patcog.2025.112445,https://doi.org/10.1016/j.patcog.2025.112445
626,Method,AM40: Enhancing action recognition through matting-driven interaction analysis,"Siqi Liang, Wenxuan Liu, Zhe Li, Kui Jiang, Siyuan Yang, Chia-Wen Lin, Xian Zhong",172.0,,2026-4,Issue/Volume,10.1016/j.patcog.2025.112393,https://doi.org/10.1016/j.patcog.2025.112393
627,Method,TransSTC: transformer tracker meets efficient spatial-temporal cues,"Hong Zhang, Wanli Xing, Yifan Yang, Hanyang Liu, Ding Yuan",172.0,,2026-4,Issue/Volume,10.1016/j.patcog.2025.112303,https://doi.org/10.1016/j.patcog.2025.112303
628,Method,Corrigendum to “DiffTrajectory: Mitigating Cumulative Errors and Enhancing Inference Efficiency in Diffusion-Based Trajectory Prediction” [Pattern Recognition 172 (2026) 112339],"Chengcheng Li, Luqi Gong, Leiheng Xu, Xin Wang",172.0,,2026-4,Issue/Volume,10.1016/j.patcog.2025.112440,https://doi.org/10.1016/j.patcog.2025.112440
629,Method,LayerCLIP: A fine-grained class activation map for weakly supervised semantic segmentation,"Lingma Sun, Le Zou, Xianghu Lv, Zhize Wu, Xiaofeng Wang",172.0,,2026-4,Issue/Volume,10.1016/j.patcog.2025.112452,https://doi.org/10.1016/j.patcog.2025.112452
630,Method,Dynamic clustering transformer for LiDAR-based 3D object detection,"Yubo Cui, Zhiheng Li, Zheng Fang",172.0,,2026-4,Issue/Volume,10.1016/j.patcog.2025.112444,https://doi.org/10.1016/j.patcog.2025.112444
631,Method,Tiny object detection based on dynamic scale-awareness label assignment and contextual enhancement,"Tianyang Zhang, Xiangrong Zhang, Chaozhuo Hua, Guanchun Wang, Xiao Han, Licheng Jiao",172.0,,2026-4,Issue/Volume,10.1016/j.patcog.2025.112449,https://doi.org/10.1016/j.patcog.2025.112449
632,Method,Multi-view biclustering via non-negative matrix tri-factorisation,"Ella S.C. Orme, Theodoulos Rodosthenous, Marina Evangelou",172.0,,2026-4,Issue/Volume,10.1016/j.patcog.2025.112454,https://doi.org/10.1016/j.patcog.2025.112454
633,Method,Continual face forgery detection based on relation-aware spatial-frequency interaction aggregation and contrastive learning,"Yanzhi Xu, Jinchang Ren, Aiqing Fang, Muhammad Irfan, Jiangbin Zheng",172.0,,2026-4,Issue/Volume,10.1016/j.patcog.2025.112456,https://doi.org/10.1016/j.patcog.2025.112456
634,Method,HMSNet: Hilbert curve enhanced Mamba for real-time semantic segmentation,"Lianyin Jia, Aoxiang Gao, Mengjuan Li, Xiaodong Fu, Haihe Zhou, Jiaman Ding",172.0,,2026-4,Issue/Volume,10.1016/j.patcog.2025.112457,https://doi.org/10.1016/j.patcog.2025.112457
635,Method,Cooperative multi-task learning and reliability assessment for glioma segmentation and IDH genotyping,"Meng Li, Du Jiang, Juntong Yun, Rong Liu, Ying Sun, Gongfa Li",172.0,,2026-4,Issue/Volume,10.1016/j.patcog.2025.112467,https://doi.org/10.1016/j.patcog.2025.112467
636,Method,Language model encoded multi-scale feature fusion and transformation for predicting protein-peptide binding sites,"Hua Zhang, Pengliang Chen, Xiaoqi Yang, Junhao Wang, Guogen Shan, Bi Chen, Bo Jiang",172.0,,2026-4,Issue/Volume,10.1016/j.patcog.2025.112487,https://doi.org/10.1016/j.patcog.2025.112487
637,Method,Towards unified molecule-enhanced pathology image representation learning via integrating spatial transcriptomics,"Minghao Han, Dingkang Yang, Jiabei Cheng, Xukun Zhang, Zizhi Chen, Haopeng Kuang, Lihua Zhang",172.0,,2026-4,Issue/Volume,10.1016/j.patcog.2025.112458,https://doi.org/10.1016/j.patcog.2025.112458
638,Method,Hypergraph regularization-based anchor learning for multi-view clustering,"Yunpeng Zeng, Peng Song, Beihua Yang, Changjia Wang, Guanghao Du, Yanwei Yu, Wenming Zheng",172.0,,2026-4,Issue/Volume,10.1016/j.patcog.2025.112465,https://doi.org/10.1016/j.patcog.2025.112465
639,Method,Multi-AD: cross-domain unsupervised anomaly detection for medical and industrial applications,"Wahyu Rahmaniar, Kenji Suzuki",172.0,,2026-4,Issue/Volume,10.1016/j.patcog.2025.112486,https://doi.org/10.1016/j.patcog.2025.112486
640,Method,Conformal prediction of molecule-induced cancer cell growth inhibition challenged by strong distribution shifts,"Saiveth Hernandez-Hernandez, Qianrong Guo, Pedro J. Ballester",172.0,,2026-4,Issue/Volume,10.1016/j.patcog.2025.112501,https://doi.org/10.1016/j.patcog.2025.112501
641,Method,Dual-level noise augmentation for graph clustering with triplet-wise contrastive learning,"Tianxiang Zhao, Youqing Wang, Shilong Xu, Tianchuan Yang, Junbin Gao, Jipeng Guo",172.0,,2026-4,Issue/Volume,10.1016/j.patcog.2025.112463,https://doi.org/10.1016/j.patcog.2025.112463
642,Method,FedFAT: Frequency adpative interpolation for federated domain generalization on heterogeneous medical images,"Donghao Wang, Yingchun Cui, Mingyang Li, Heran Xi, Jinghua Zhu",172.0,,2026-4,Issue/Volume,10.1016/j.patcog.2025.112459,https://doi.org/10.1016/j.patcog.2025.112459
643,Method,A multi-layer processing and coarse filtering network for accurate feature matching,"Yuan Guo, Wenpeng Li, Ping Zhai",172.0,,2026-4,Issue/Volume,10.1016/j.patcog.2025.112464,https://doi.org/10.1016/j.patcog.2025.112464
644,Method,Trend-aware time series clustering via self-attentive LSTM,"Chongyan Wu, Bin Yu",172.0,,2026-4,Issue/Volume,10.1016/j.patcog.2025.112455,https://doi.org/10.1016/j.patcog.2025.112455
645,Method,Corrigendum to “Efficient multi-view discrete co-clustering with learned graph” [Pattern Recognition 168 (2025) 111811],"Jiaqi Nie, Qianyao Qiang, Jason Chen Zhang, Fei Hao",172.0,,2026-4,Issue/Volume,10.1016/j.patcog.2025.112453,https://doi.org/10.1016/j.patcog.2025.112453
646,Method,SAR image change detection based on saliency region guidance and SIFT keypoint extraction,"Lu Wang, Bailiang Sun, Chunhui Zhao, Suleman Mazhar, Tomoaki Ohtsuki, P. Takis Mathiopoulos, Fumiyuki Adachi",172.0,,2026-4,Issue/Volume,10.1016/j.patcog.2025.112471,https://doi.org/10.1016/j.patcog.2025.112471
647,Method,Improving lesion segmentation in medical images by global and regional feature compensation,"Chuhan Wang, Zhenghao Chen, Jean Y.H. Yang, Jinman Kim",172.0,,2026-4,Issue/Volume,10.1016/j.patcog.2025.112461,https://doi.org/10.1016/j.patcog.2025.112461
648,Method,Salient object ranking with reinforcement learning,"Qi Gao, Heng Li, Jianpin Chen, Xinyu Chai",172.0,,2026-4,Issue/Volume,10.1016/j.patcog.2025.112499,https://doi.org/10.1016/j.patcog.2025.112499
649,Method,Improving adversarial transferability via semantic-style joint expectation perturbations,"Zhi Lin, Bingwen Wang, Xixi Wang, Yu Zhang, Xiao Wang, Kang Deng, Anjie Peng, Jin Tang, Xing Yang",172.0,,2026-4,Issue/Volume,10.1016/j.patcog.2025.112474,https://doi.org/10.1016/j.patcog.2025.112474
650,Method,A novel vision transformer with selective residual in multihead self-attention for pattern recognition,"Arun Kumar Sharma, Nishchal K. Verma",172.0,,2026-4,Issue/Volume,10.1016/j.patcog.2025.112497,https://doi.org/10.1016/j.patcog.2025.112497
651,Method,STAR-Net: an interpretable model-aided network for remote sensing image denoising,"Jingjing Liu, Jiashun Jin, Xianchao Xiu, Jianhua Zhang, Wanquan Liu",172.0,,2026-4,Issue/Volume,10.1016/j.patcog.2025.112496,https://doi.org/10.1016/j.patcog.2025.112496
652,Method,A lightweight multilevel multiscale dual-path fusion network for remote sensing semantic segmentation,"Hong Ye, Jiaming Chang, Ke Wang, Zhaohong Jia, Wei Sun, Zhiwei Li",172.0,,2026-4,Issue/Volume,10.1016/j.patcog.2025.112483,https://doi.org/10.1016/j.patcog.2025.112483
653,Method,DBL: Dual-Level balanced learning for long-Tailed classification,"Zheng Wu, Kehua Guo, Sheng Ren, Bin Hu, Xiangyuan Zhu, Rui Ding",172.0,,2026-4,Issue/Volume,10.1016/j.patcog.2025.112448,https://doi.org/10.1016/j.patcog.2025.112448
654,Method,SeeD: Online similarity-preserving pattern discovery for streaming trajectories,"Junhua Fang, Jiayi Li, Chunhui Feng, Zhicheng Pan, Pingfu Chao, Jiajie Xu, Pengpeng Zhao",172.0,,2026-4,Issue/Volume,10.1016/j.patcog.2025.112446,https://doi.org/10.1016/j.patcog.2025.112446
655,Method,A collaborative spatial–frequency learning network for infrared and visible image fusion,"Hongbin Yu, Xiangcan Du, Wei Song, Haojie Zhou, Junyi Zhang",172.0,,2026-4,Issue/Volume,10.1016/j.patcog.2025.112480,https://doi.org/10.1016/j.patcog.2025.112480
656,Method,Dynamic proxy domain generalizes the crowd localization by better binary segmentation,"Junyu Gao, Da Zhang, Qiyu Wang, Zhiyuan Zhao, Xuelong Li",172.0,,2026-4,Issue/Volume,10.1016/j.patcog.2025.112481,https://doi.org/10.1016/j.patcog.2025.112481
657,Method,CLIP can understand depth,"Sohee Kim, Jisu Kang, Dunam Kim, Seokju Lee",172.0,,2026-4,Issue/Volume,10.1016/j.patcog.2025.112475,https://doi.org/10.1016/j.patcog.2025.112475
658,Method,Error-Resilient incomplete multi-View clustering: Mitigating imputation-induced error accumulation,"Xuanlong Ma, Yanhong She, Fenfang Xie, Guo Zhong",172.0,,2026-4,Issue/Volume,10.1016/j.patcog.2025.112477,https://doi.org/10.1016/j.patcog.2025.112477
659,Method,Affinity-aware uncertainty quantification for learning with noisy labels,"Zhihao Zhou, Rui Li, Wenjie Ai, Xueying Li, Zhu Teng, Baopeng Zhang, Junwei Du",172.0,,2026-4,Issue/Volume,10.1016/j.patcog.2025.112495,https://doi.org/10.1016/j.patcog.2025.112495
660,Method,Illumination and identity feature disentanglement network: Optimizing the performance of finger-vein recognition in outdoor multi-illumination,"Yingfan Cheng, Huabin Wang, Wu Zheng, Xin Li",172.0,,2026-4,Issue/Volume,10.1016/j.patcog.2025.112472,https://doi.org/10.1016/j.patcog.2025.112472
661,Method,Learning hierarchical uncertainty from hybrid representations for neural active reconstruction,"Shuaixian Wang, Yaokun Li, Chenhui Guo, Guang Tan",172.0,,2026-4,Issue/Volume,10.1016/j.patcog.2025.112493,https://doi.org/10.1016/j.patcog.2025.112493
662,Method,Heterogeneous graph contrastive learning with spectral augmentation and dual aggregation,"Jing Zhang, Wan Zhang, Xiaoqian Jiang, Yingjie Xie, Yali Yuan, Shunmei Meng, Cangqi Zhou",172.0,,2026-4,Issue/Volume,10.1016/j.patcog.2025.112505,https://doi.org/10.1016/j.patcog.2025.112505
663,Method,Wavelet-based physically guided normalization network for real-time traffic dehazing,"Shengdong Zhang, Xiaoqin Zhang, Linlin Shen, Shaohua Wan, Wenqi Ren",172.0,,2026-4,Issue/Volume,10.1016/j.patcog.2025.112451,https://doi.org/10.1016/j.patcog.2025.112451
664,Method,An efficient and lightweight pyramid attention for image deblurring,"Xia Hua, Guoliang Xiang, Haiwen Yuan, Lu Zou, Lei Wang, Hanyu Hong",172.0,,2026-4,Issue/Volume,10.1016/j.patcog.2025.112506,https://doi.org/10.1016/j.patcog.2025.112506
665,Method,Anisotropic p th-order TV-based Retinex decomposition with adaptive reflectance regularizer for low-light image enhancement,"Po-Wen Hsieh, Suh-Yuh Yang",172.0,,2026-4,Issue/Volume,10.1016/j.patcog.2025.112468,https://doi.org/10.1016/j.patcog.2025.112468
666,Method,Generative models for noise-robust training in unsupervised domain adaptation,"Zhongying Deng, Da Li, Junjun He, Xiaojiang Peng, Yi-Zhe Song, Tao Xiang",172.0,,2026-4,Issue/Volume,10.1016/j.patcog.2025.112450,https://doi.org/10.1016/j.patcog.2025.112450
667,Method,MKFi: Temporally robust WiFi CSI-based activity recognition under data scarcity,"Lu Zhang, Hari Kang, Jaekwon Lee, Deruo Cheng, Donghyun Kim, Kar-Ann Toh",172.0,,2026-4,Issue/Volume,10.1016/j.patcog.2025.112512,https://doi.org/10.1016/j.patcog.2025.112512
668,Method,Scale parallax network for few-shot learning,"Ran Chen, Wen Jiang, Jinbiao Zhu, Jie Geng",172.0,,2026-4,Issue/Volume,10.1016/j.patcog.2025.112504,https://doi.org/10.1016/j.patcog.2025.112504
669,Method,Unified complex-valued high-resolution frequency representation with cross-domain attention for radar-based physiological state recognition,"Ye Qiu, Zhenmiao Deng, Xiaohong Huang",172.0,,2026-4,Issue/Volume,10.1016/j.patcog.2025.112488,https://doi.org/10.1016/j.patcog.2025.112488
670,Method,SUPER-Net: Trustworthy image segmentation via uncertainty propagation in encoder-decoder networks,"Giuseppina Carannante, Nidhal C. Bouaynaya, Dimah Dera, Hassan M. Fathallah-Shaykh, Ghulam Rasool",172.0,,2026-4,Issue/Volume,10.1016/j.patcog.2025.112503,https://doi.org/10.1016/j.patcog.2025.112503
671,Method,Gaussian splitting attack: Gaussian splatting-based multi-view 3D adversarial attack,"Lingzhuang Meng, Mingwen Shao, Yuanjian Qiao, Wenjie Liu, Xiang Lv",172.0,,2026-4,Issue/Volume,10.1016/j.patcog.2025.112466,https://doi.org/10.1016/j.patcog.2025.112466
672,Method,Structuring the processing frameworks for data stream evaluation and application,"Joanna Komorniczak, Paweł Ksieniewicz, Paweł Zyblewski",172.0,,2026-4,Issue/Volume,10.1016/j.patcog.2025.112516,https://doi.org/10.1016/j.patcog.2025.112516
673,Method,TDBCL: A time series dual-branch balance contrastive learning for imbalanced classification,"Haobin Zhang, Shengning Chan, Zheng Dong, Zhongzhi Xu, Fengshi Jing, Hao Ren, Huiru Zou, Si Qin, Weibin Cheng",172.0,,2026-4,Issue/Volume,10.1016/j.patcog.2025.112476,https://doi.org/10.1016/j.patcog.2025.112476
674,Method,Boundary-aware shape recognition using dynamic graph convolutional networks,"Jinming Zhao, Junyu Dong, Huiyu Zhou, Xinghui Dong",172.0,,2026-4,Issue/Volume,10.1016/j.patcog.2025.112511,https://doi.org/10.1016/j.patcog.2025.112511
675,Method,FCP-Pro: Federated conformal prediction algorithm based on prototype similarity,"Guorui Li, Yanhui Zhang, Ying Wang, Cong Wang",172.0,,2026-4,Issue/Volume,10.1016/j.patcog.2025.112514,https://doi.org/10.1016/j.patcog.2025.112514
676,Method,Perturbation distillation and backdoor feature induction for universal defense in deep vision models,"Dongyang Zeng, Yaping Liu, Shunzhao Zhang, Shuo Zhang, Binxing Fang, Zhikai Yang",172.0,,2026-4,Issue/Volume,10.1016/j.patcog.2025.112485,https://doi.org/10.1016/j.patcog.2025.112485
677,Method,Spectral compression transformer with line pose graph for monocular 3D human pose estimation,"Zenghao Zheng, Lianping Yang, Hegui Zhu, Mingrui Ye",172.0,,2026-4,Issue/Volume,10.1016/j.patcog.2025.112507,https://doi.org/10.1016/j.patcog.2025.112507
678,Method,HybridEditDif: Text and exemplar guided image editing with diffusion models,"Qi Liu, Xuemei Fu, Huang Zhang, Cheng Long, Jungong Han, Catarina Moreira, Xin Ning, Xiao Bai",172.0,,2026-4,Issue/Volume,10.1016/j.patcog.2025.112510,https://doi.org/10.1016/j.patcog.2025.112510
679,Method,Matrix formula for subpixel image registration,"Xiurui Geng, Liangliang Zhu",172.0,,2026-4,Issue/Volume,10.1016/j.patcog.2025.112469,https://doi.org/10.1016/j.patcog.2025.112469
680,Method,Parameter-efficient action planning with large language models for vision-and-language navigation,"Bahram Mohammadi, Ehsan Abbasnejad, Yuankai Qi, Qi Wu, Anton Van Den Hengel, Javen Qinfeng Shi",172.0,,2026-4,Issue/Volume,10.1016/j.patcog.2025.112462,https://doi.org/10.1016/j.patcog.2025.112462
681,Method,SCFGL: Soft clustering based federated graph learning on Non-IID graphs,"Wenyu Fang, Yanhua Liu, Wei Huang, Wenzhong Guo, Tianrui Li",172.0,,2026-4,Issue/Volume,10.1016/j.patcog.2025.112498,https://doi.org/10.1016/j.patcog.2025.112498
682,Method,ReX: Causal discovery based on machine learning and explainability techniques,"Jesús Renero, Roberto Maestre, Idoia Ochoa",172.0,,2026-4,Issue/Volume,10.1016/j.patcog.2025.112491,https://doi.org/10.1016/j.patcog.2025.112491
683,Method,Distribution entropy regularized multimodal subspace support vector data description for anomaly detection,"Chuang Wang, Xin Ning, Pengjiang Qian, Wenjun Hu, Jian Yao, Eddie-Yin-Kwee Ng, Khin-Wee Lai, Shitong Wang",172.0,,2026-4,Issue/Volume,10.1016/j.patcog.2025.112478,https://doi.org/10.1016/j.patcog.2025.112478
684,Method,Frequency-domain multi-scale graph learning with information-theoretic constraint for spatio-temporal prediction,"Shun Wang, Yong Zhang, Xuanqi Lin, Guangyu Huo, Xinglin Piao, Yongli Hu, Baocai Yin",172.0,,2026-4,Issue/Volume,10.1016/j.patcog.2025.112470,https://doi.org/10.1016/j.patcog.2025.112470
685,Method,Single-sphere camera-projector calibration via dual epipolar geometry under active illumination,"Jian Yu, Yuchong Chen, Feipeng Da",172.0,,2026-4,Issue/Volume,10.1016/j.patcog.2025.112529,https://doi.org/10.1016/j.patcog.2025.112529
686,Method,Fuzzy clustering algorithm with locality preserving based on anchor graph,"Jikui Wang, Feifei Liu, Chengzhu Ji, Xiran Li, Feiping Nie",172.0,,2026-4,Issue/Volume,10.1016/j.patcog.2025.112490,https://doi.org/10.1016/j.patcog.2025.112490
687,Method,Efficient multi-view stereo with depth-aware iterations and hybrid loss strategy,"Jianfei Jiang, Huimin Ma",172.0,,2026-4,Issue/Volume,10.1016/j.patcog.2025.112500,https://doi.org/10.1016/j.patcog.2025.112500
688,Method,Structure-aware spherical density steered cross-domain learning for effective point cloud understanding,"Jian Bi, Qianliang Wu, Jianjun Qian, Lei Luo, Jian Yang",172.0,,2026-4,Issue/Volume,10.1016/j.patcog.2025.112527,https://doi.org/10.1016/j.patcog.2025.112527
689,Method,Generalized referring expression segmentation driven by instance-oriented queries,"Jiangyun Li, Zhaokun Wen, Yisi Zhang, Wenxuan Wang, Yuanxiu Cai, Tianxiang Zhang, Xingjian He, Jing Liu",172.0,,2026-4,Issue/Volume,10.1016/j.patcog.2025.112524,https://doi.org/10.1016/j.patcog.2025.112524
690,Method,Semantic-guided diffusion for water-related image enhancement,"Jingchun Zhou, Jiatong Liu, Dehuan Zhang, Xiuguo Zhang, Zifan Lin",172.0,,2026-4,Issue/Volume,10.1016/j.patcog.2025.112520,https://doi.org/10.1016/j.patcog.2025.112520
691,Method,Learning unified patterns of multimodalities for video temporal grounding,"Jin Yang, Ping Wei",172.0,,2026-4,Issue/Volume,10.1016/j.patcog.2025.112484,https://doi.org/10.1016/j.patcog.2025.112484
692,Method,MGAEPL: Multi-Granularity Automated and Editable Prompt Learning for brain tumor segmentation,"Yongheng Sun, Mingxia Liu, Chunfeng Lian",172.0,,2026-4,Issue/Volume,10.1016/j.patcog.2025.112509,https://doi.org/10.1016/j.patcog.2025.112509
693,Method,W-EICMFusion: A fusion network for infrared and visible images utilising WOA hyperparameter optimisation,"Xiaocong Wu, Xin Feng, Xuanlong Lu, Yi Yuan, Meina Huang, Yu Shen, Jiacheng Li",172.0,,2026-4,Issue/Volume,10.1016/j.patcog.2025.112531,https://doi.org/10.1016/j.patcog.2025.112531
694,Method,Cache-aided cross-modal correlation correction for unsupervised cross-domain text-based person search,"Kai Niu, Qinzi Zhao, Jiahui Chen, Yanning Zhang",172.0,,2026-4,Issue/Volume,10.1016/j.patcog.2025.112521,https://doi.org/10.1016/j.patcog.2025.112521
695,Method,Refining the granularity of smoke representation: SAM-powered density-aware progressive smoke segmentation framework,"Yichao Cao, Feng Yang, Xuanpeng Li, Xiaolin Meng, Xiaobo Lu",172.0,,2026-4,Issue/Volume,10.1016/j.patcog.2025.112517,https://doi.org/10.1016/j.patcog.2025.112517
696,Method,Domain-adaptive point cloud semantic segmentation via knowledge-augmented deep learning,"Fengyu Xu, Yongxiong Xiao, Jilin Mei, Yu Hu, Qiang Fu, Hang Shi",172.0,,2026-4,Issue/Volume,10.1016/j.patcog.2025.112528,https://doi.org/10.1016/j.patcog.2025.112528
697,Method,Conformal Compressors,"Nery Riquelme-Granada, Khuong An Nguyen, Zhiyuan Luo",172.0,,2026-4,Issue/Volume,10.1016/j.patcog.2025.112515,https://doi.org/10.1016/j.patcog.2025.112515
698,Method,On the robustness of adversarial training against uncertainty attacks,"Emanuele Ledda, Giovanni Scodeller, Daniele Angioni, Giorgio Piras, Antonio Emanuele Cinà, Giorgio Fumera, Battista Biggio, Fabio Roli",172.0,,2026-4,Issue/Volume,10.1016/j.patcog.2025.112519,https://doi.org/10.1016/j.patcog.2025.112519
699,Method,Progressive cross-validation learning for signal classification with noisy labels,"Chen Yang, Shuai Xiong, Yuanfeng Wu, Shuyuan Yang, Zhixi Feng, Junxiao Wang, Jie Sun, Yiwen Yang",172.0,,2026-4,Issue/Volume,10.1016/j.patcog.2025.112473,https://doi.org/10.1016/j.patcog.2025.112473
700,Method,ScaleGraph: A scalable self-supervised framework for cross-domain zero-shot graph learning,"Youjiang Fang, Liang Zhang, Ziqi Wei, Zhichao Wu, Shihao Wang, Chuanbin Liu, Xin Yang",172.0,,2026-4,Issue/Volume,10.1016/j.patcog.2025.112482,https://doi.org/10.1016/j.patcog.2025.112482
701,Method,Tensor wheel completion with parallel matrix factorization and group smoothness for hyperspectral image recovery,"Xin Tian, Kun Xie, Jigang Wen",172.0,,2026-4,Issue/Volume,10.1016/j.patcog.2025.112508,https://doi.org/10.1016/j.patcog.2025.112508
702,Method,Rethinking hard training sample generation for medical image segmentation,"Zhibin Wan, Zhiqiang Gao, Mingjie Sun, Yang Yang, Cao Min, Hongliang He, Guohong Fu",172.0,,2026-4,Issue/Volume,10.1016/j.patcog.2025.112533,https://doi.org/10.1016/j.patcog.2025.112533
703,Method,Using dynamic knowledge for kernel modulation: Towards image generation via one-shot multi-domain adaptation,"Yusen Zhang, Min Li, Xianjie Zhang, Song Yan, Yujie He",172.0,,2026-4,Issue/Volume,10.1016/j.patcog.2025.112489,https://doi.org/10.1016/j.patcog.2025.112489
704,Method,USRNet: Unified scene recovery network for image restoration under multiple adverse weather conditions,"Yuxu Lu, Ai Chen, Dong Yang, Ryan Wen Liu",172.0,,2026-4,Issue/Volume,10.1016/j.patcog.2025.112534,https://doi.org/10.1016/j.patcog.2025.112534
705,Method,GraphProbe: Knowledge Probing for Graph Representation Learning,"Mingyu Zhao, Xingyu Huang, Songming Zhang, Anqi Liu, Ziyu Lyu, Yanlin Wang, Lixin Cui, Lu Bai",172.0,,2026-4,Issue/Volume,10.1016/j.patcog.2025.112518,https://doi.org/10.1016/j.patcog.2025.112518
706,Method,Hybrid texture-structural learning for hyperspectral image classification,"Mingxin Jin, Cong Wang, Yuan Yuan",172.0,,2026-4,Issue/Volume,10.1016/j.patcog.2025.112526,https://doi.org/10.1016/j.patcog.2025.112526
707,Method,HADDNLP: Hyperspectral anomaly detection via double nonlocal priors,"Longfei Ren, Degang Wang, Lianru Gao, Minghua Wang, Min Huang, Hongsheng Zhang",172.0,,2026-4,Issue/Volume,10.1016/j.patcog.2025.112535,https://doi.org/10.1016/j.patcog.2025.112535
708,Method,Multi-modal mamba framework for RGB-T crowd counting with linear complexity,"Chuan-Lin Gan, Rui-Sheng Jia, Hong-Mei Sun, Yuan-Chao Song",172.0,,2026-4,Issue/Volume,10.1016/j.patcog.2025.112522,https://doi.org/10.1016/j.patcog.2025.112522
709,Method,WFDENet: Wavelet-based frequency decomposition and enhancement network for diabetic retinopathy lesion segmentation,"Xuan Li, Ding Ma, Xiangqian Wu",172.0,,2026-4,Issue/Volume,10.1016/j.patcog.2025.112492,https://doi.org/10.1016/j.patcog.2025.112492
710,Method,Hierarchical gradient modulation for multi-resolution image registration,"Luhang Shen, Jinfang Ouyang, Zizhao Guo, Na Ying, Huahua Chen, Chunsheng Guo",172.0,,2026-4,Issue/Volume,10.1016/j.patcog.2025.112525,https://doi.org/10.1016/j.patcog.2025.112525
711,Method,SEGMN: A structure-enhanced graph matching network for graph similarity learning,"Wenjun Wang, Jiacheng Lu, Kejia Chen, Zheng Liu, Shilong Sang",172.0,,2026-4,Issue/Volume,10.1016/j.patcog.2025.112530,https://doi.org/10.1016/j.patcog.2025.112530
712,Method,Density-sorted prediction set: Efficient conformal prediction for multi-target regression,"Rui Luo, Zhixin Zhou",172.0,,2026-4,Issue/Volume,10.1016/j.patcog.2025.112513,https://doi.org/10.1016/j.patcog.2025.112513
713,Method,ChangeViT: Unleashing plain vision transformers for change detection in remote sensing images,"Duowang Zhu, Xiaohu Huang, Haiyan Huang, Qimin Cheng, Zheng Huang, Zhenfeng Shao",172.0,,2026-4,Issue/Volume,10.1016/j.patcog.2025.112539,https://doi.org/10.1016/j.patcog.2025.112539
714,Method,Joint subgraph independence for graph out-of-distribution generalization,"Haoran Yu, Weifeng Liu, Yingjie Wang, Baodi Liu, Dapeng Tao, Dan Zeng, Honglong Chen",172.0,,2026-4,Issue/Volume,10.1016/j.patcog.2025.112551,https://doi.org/10.1016/j.patcog.2025.112551
715,Method,Protein interaction pattern recognition using heterogeneous semantics mining and hierarchical graph representation,"Xiangpeng Bi, Wenjian Ma, Huasen Jiang, Weigang Lu, Jie Nie, Zhiqiang Wei, Shugang Zhang",172.0,,2026-4,Issue/Volume,10.1016/j.patcog.2025.112563,https://doi.org/10.1016/j.patcog.2025.112563
716,Method,Multi-subspace graph clustering joint dimensionality reduction and feature selection,"Yingjie Cai, Hui Yang, Jianyong Zhu, Feiping Nie",172.0,,2026-4,Issue/Volume,10.1016/j.patcog.2025.112557,https://doi.org/10.1016/j.patcog.2025.112557
717,Method,Class-mismatched semi-supervised learning from a new perspective,"Rundong He, Zhongyi Han, Yiming Zhu, Xiushan Nie, Qi Wei, Yilong Yin",172.0,,2026-4,Issue/Volume,10.1016/j.patcog.2025.112562,https://doi.org/10.1016/j.patcog.2025.112562
718,Method,Continual deep multi-view clustering via contrastive knowledge replay,"Haoyang Liang, Bingjun Wei, Xuemei Cao, Jiafen Liu, Xiaocao Ouyang, Jiangtao Qiu, Hao Wang, Xin Yang, Tianrui Li",172.0,,2026-4,Issue/Volume,10.1016/j.patcog.2025.112548,https://doi.org/10.1016/j.patcog.2025.112548
719,Method,Multiple weather degraded image restoration based on multi-component decomposition,"Xiao Lin, Yilin Chen, Duojiu Xu, Qizhe Yang, Yan Li, Wei Huang, Ping Li",172.0,,2026-4,Issue/Volume,10.1016/j.patcog.2025.112561,https://doi.org/10.1016/j.patcog.2025.112561
720,Method,‘Knowledge and experience’ for visible-infrared person re-identification,"Nianchang Huang, Jialiang Wang, Qiang Zhang, Jungong Han, Jin Huang",172.0,,2026-4,Issue/Volume,10.1016/j.patcog.2025.112553,https://doi.org/10.1016/j.patcog.2025.112553
721,Method,CurvNet: Latent contour representation and iterative data engine for curvature angle estimation,"Zhiwen Shao, Yichen Yuan, Lizhuang Ma, Xiaojia Zhu",172.0,,2026-4,Issue/Volume,10.1016/j.patcog.2025.112546,https://doi.org/10.1016/j.patcog.2025.112546
722,Method,Pathological graph self-supervised learning for clear-cell renal cell carcinoma survival prediction,"Wuchao Li, Yan Zhang, Shangzong Yang, Xuetao Zhang, Pinhao Li, Rongpin Wang",172.0,,2026-4,Issue/Volume,10.1016/j.patcog.2025.112572,https://doi.org/10.1016/j.patcog.2025.112572
723,Method,Land-cover prior diffusion probabilistic model for remote sensing image super resolution,"Zhizheng Zhang, Zhenfeng Shao, Jiayi Ma, Jindou Zhang, Yu Wang, Zhenghao Liao, Gui Cheng, Jun Liu, Mingqiang Guo, Liang Wu",172.0,,2026-4,Issue/Volume,10.1016/j.patcog.2025.112577,https://doi.org/10.1016/j.patcog.2025.112577
724,Method,Action adversarial robust reinforcement learning via Stackelberg game,"Guofeng Zhu, Fei Zhu",172.0,,2026-4,Issue/Volume,10.1016/j.patcog.2025.112580,https://doi.org/10.1016/j.patcog.2025.112580
725,Method,Understanding the adversarial robustness of deep learning-based single-pixel imaging,"Zhenyu Liang, Lipeng Wang, Yunfeng Diao, Yangyang Wang, Hua Mu, Lei Zuo, Haoqi Gao, Zhaoxin Fan, Xing Yang",172.0,,2026-4,Issue/Volume,10.1016/j.patcog.2025.112555,https://doi.org/10.1016/j.patcog.2025.112555
726,Method,Learning to correct unevenly exposed face images using RGB-NIR pairs,"Jiacheng Ying, Zili Zhou, Runmin Zhang, Yifan Hu, Zhu Yu, Xue Zhang, Beinan Yu, Si-Yuan Cao, Heng Yu, Bailin Yang, Hui-Liang Shen",172.0,,2026-4,Issue/Volume,10.1016/j.patcog.2025.112560,https://doi.org/10.1016/j.patcog.2025.112560
727,Method,DTFPNet: Temporal and frequency dynamic graph neural network for time series classification,"Wuqing Yu, Bowen Fu, Zhan Li, Jian Zhou, Junhao Wang, Jiacai Zhang",172.0,,2026-4,Issue/Volume,10.1016/j.patcog.2025.112588,https://doi.org/10.1016/j.patcog.2025.112588
728,Method,MMFNet: A multi-scale memory fusion network based on simulated abnormal samples for anomaly detection,"Pengxiang Wang, Yuhua Qin, Xulin Zong, Chaoyue Wang, Hao Zhang",172.0,,2026-4,Issue/Volume,10.1016/j.patcog.2025.112581,https://doi.org/10.1016/j.patcog.2025.112581
729,Method,LGD: Leveraging generative descriptions for zero-shot referring image segmentation,"Jiachen Li, Qing Xie, Renshu Gu, Jinyu Xu, Yongjian Liu, Xiaohan Yu",172.0,,2026-4,Issue/Volume,10.1016/j.patcog.2025.112549,https://doi.org/10.1016/j.patcog.2025.112549
730,Method,A Semantic-guided occlusion simulation based local feature semantic expansion network for person re-identification,"Zelin Deng, Mingxuan Tang, Ke Nai, Guiji Li, Shaomiao Chen, Pei He",172.0,,2026-4,Issue/Volume,10.1016/j.patcog.2025.112567,https://doi.org/10.1016/j.patcog.2025.112567
731,Method,ReID: Re-ranking through image description for object re-identification,"Xiukang Yang, Jingguo Ge, Hui Li, Liangxiong Li, Bingzhen Wu",172.0,,2026-4,Issue/Volume,10.1016/j.patcog.2025.112552,https://doi.org/10.1016/j.patcog.2025.112552
732,Method,Density peaks clustering algorithm integrating manifold distance and mutual nearest neighbors,"Cai Deng, Qinghua Zhang, Xinran Zhou, Siyang Zhang, Guoyin Wang, Weihua Xu",172.0,,2026-4,Issue/Volume,10.1016/j.patcog.2025.112554,https://doi.org/10.1016/j.patcog.2025.112554
733,Method,SAR target recognition based on CNN with 2-D dual-tree complex wavelet transform decomposition,"Zhuangzhuang Tian, Wei Wang, Fengchuan Wu, Kai Zhou, Shengqi Liu, Huiqiang Zhang",172.0,,2026-4,Issue/Volume,10.1016/j.patcog.2025.112585,https://doi.org/10.1016/j.patcog.2025.112585
734,Method,MCE: Towards a general framework for handling missing modalities under imbalanced missing rates,"Binyu Zhao, Wei Zhang, Zhaonian Zou",172.0,,2026-4,Issue/Volume,10.1016/j.patcog.2025.112591,https://doi.org/10.1016/j.patcog.2025.112591
735,Method,EEG-driven natural image reconstruction with regional semantic awareness,"Xin Xiang, Wenhui Zhou, Haonan Zhu, Yunrui Li, Guojun Dai, Lili Lin",172.0,,2026-4,Issue/Volume,10.1016/j.patcog.2025.112589,https://doi.org/10.1016/j.patcog.2025.112589
736,Method,Facial digital markers For hypomimia detection in Parkinson’s disease: A systematic review,"Anas Filali Razzouki, Laetitia Jeancolas, Dijana Petrovska-Delacrétaz, Mounim A. El-Yacoubi",172.0,,2026-4,Issue/Volume,10.1016/j.patcog.2025.112573,https://doi.org/10.1016/j.patcog.2025.112573
737,Method,CAFCL: Class-aware flow-based contrastive learning for out-of-distribution detection,"Shiyu Peng, Jingzhu Li, Mingtao Wei, Shuai Yan, Gensheng Pei, Yazhou Yao",172.0,,2026-4,Issue/Volume,10.1016/j.patcog.2025.112547,https://doi.org/10.1016/j.patcog.2025.112547
738,Method,MSTDNet: Multi-scale traffic object detection network with smooth information perception,"Jie Hua, Zhongyuan Wang, Jun Chang, Hua Zou, Gang Wu, Jiayi Ma",172.0,,2026-4,Issue/Volume,10.1016/j.patcog.2025.112579,https://doi.org/10.1016/j.patcog.2025.112579
739,Method,A hybrid active contour model driven by local region-based self-organizing map for infrared image segmentation,"Pengqiang Ge, Minjie Wan, Ajun Shao, Xiaofang Kong, Qian Chen, Guohua Gu",172.0,,2026-4,Issue/Volume,10.1016/j.patcog.2025.112587,https://doi.org/10.1016/j.patcog.2025.112587
740,Method,Brain foundation models with hypergraph dynamic adapter for brain disease analysis,"Zhongying Deng, Haoyu Wang, Ziyan Huang, Lipei Zhang, Angelica I. Aviles-Rivero, Chaoyu Liu, Junjun He, Zoe Kourtzi, Carola-Bibiane Schönlieb",172.0,,2026-4,Issue/Volume,10.1016/j.patcog.2025.112595,https://doi.org/10.1016/j.patcog.2025.112595
741,Method,Retrieval-augmented image harmonization,"Haolin Wang, Ming Liu, Zifei Yan, Chao Zhou, Longan Xiao, Wangmeng Zuo",172.0,,2026-4,Issue/Volume,10.1016/j.patcog.2025.112556,https://doi.org/10.1016/j.patcog.2025.112556
742,Method,Super-resolution time-frequency decomposition with hyperlets for neural spike analysis,"Kaan Kesgin, Henrik Jörntell",172.0,,2026-4,Issue/Volume,10.1016/j.patcog.2025.112598,https://doi.org/10.1016/j.patcog.2025.112598
743,Method,OFVL-MS++: Once for visual localization across multiple scenes via a two-stage framework,"Zhiqiang Jiang, Kun Dai, Chao Liu, Chunsheng Yang, Tao Xie, Ke Wang, Ruifeng Li, Lijun Zhao",172.0,,2026-4,Issue/Volume,10.1016/j.patcog.2025.112576,https://doi.org/10.1016/j.patcog.2025.112576
744,Method,Dynamic Clustering-driven weakly-supervised online hashing with enhanced similarity,"Na Wang, Chong-Yu Zhang, Yu-Wei Zhan, Zhen-Duo Chen, Xin Luo, Xin-Shun Xu",172.0,,2026-4,Issue/Volume,10.1016/j.patcog.2025.112559,https://doi.org/10.1016/j.patcog.2025.112559
745,Method,Dual-functional fractal-fractional Sobel operator for efficient image enhancement and edge detection,"K. Gowtham, N. Ramesh Babu, S. Harshavarthini, P. Raveendran",172.0,,2026-4,Issue/Volume,10.1016/j.patcog.2025.112592,https://doi.org/10.1016/j.patcog.2025.112592
746,Method,Cromdbn: Dynamic brain network analysis for neuropsychiatric diseases classification via multi-knowledge integration,"Kai Wu, Hong Wang, Fulin Zheng, Feiyan Feng, Tianyu Liu, Yanshen Sun",172.0,,2026-4,Issue/Volume,10.1016/j.patcog.2025.112597,https://doi.org/10.1016/j.patcog.2025.112597
747,Method,SS-NeRF: Shine-sphere rendering for neural radiance fields,"Yihan Yang, Tongyuan Huang, Zhixing Zhang, Chunyuan Liu, Huayu Chen, Zipeng Wu",172.0,,2026-4,Issue/Volume,10.1016/j.patcog.2025.112601,https://doi.org/10.1016/j.patcog.2025.112601
748,Method,Introducing the short-time fourier Kolmogorov Arnold network: A dynamic graph CNN approach for tree species classification in 3D point clouds,"Said Ohamouddou, Abdellatif El Afia, Mohamed Ohamouddou, Rafik Lasri, Hanaa El Afia, Raddouane Chiheb",172.0,,2026-4,Issue/Volume,10.1016/j.patcog.2025.112584,https://doi.org/10.1016/j.patcog.2025.112584
749,Method,Compressed image super-resolution based on invertible degradation and restoration,"Yichen Guo, Mai Xu, Lai Jiang, Xin Deng, Yue Zhang, Yufan Liu",172.0,,2026-4,Issue/Volume,10.1016/j.patcog.2025.112532,https://doi.org/10.1016/j.patcog.2025.112532
750,Method,Calibrated mixup for imbalanced regression on tabular data,"Nathaniel Kang, Kibok Lee, Jongho Im",172.0,,2026-4,Issue/Volume,10.1016/j.patcog.2025.112610,https://doi.org/10.1016/j.patcog.2025.112610
751,Method,UltraSeP: Sequence-aware pre-training for echocardiography probe movement guidance,"Haojun Jiang, Teng Wang, Zhenguo Sun, Yulin Wang, Yang Yue, Yu Sun, Ning Jia, Meng Li, Shaqi Luo, Shiji Song, Gao Huang",172.0,,2026-4,Issue/Volume,10.1016/j.patcog.2025.112600,https://doi.org/10.1016/j.patcog.2025.112600
752,Method,Branch-Splitter multi-granularity feature fusion for local joint-angle estimation,"Shi Wu, He Li, Shaojie Qiao, Gang Wang",172.0,,2026-4,Issue/Volume,10.1016/j.patcog.2025.112578,https://doi.org/10.1016/j.patcog.2025.112578
753,Method,Generative image compression by prediction of optimal realism levels,"Hayato Fukuoka, Shoma Iwai, Tomo Miyazaki, Shinichiro Omachi",172.0,,2026-4,Issue/Volume,10.1016/j.patcog.2025.112550,https://doi.org/10.1016/j.patcog.2025.112550
754,Method,Pseudo labels approach to interpretable self-guided subspace clustering,Ivica Kopriva,172.0,,2026-4,Issue/Volume,10.1016/j.patcog.2025.112618,https://doi.org/10.1016/j.patcog.2025.112618
755,Method,Quantum jellyfish search optimizer applied in high-precision wrapper feature selection,"Hongyuan Gao, Ying Guo, Zhiwei Zhang",172.0,,2026-4,Issue/Volume,10.1016/j.patcog.2025.112620,https://doi.org/10.1016/j.patcog.2025.112620
756,Method,Adaptive sparse contrastive learning for unsupervised object re-identification,"Dingyuan Zheng, Yang Liu, Deyun Zhou, Jimin Xiao, Bingfeng Zhang, Lin Chen",172.0,,2026-4,Issue/Volume,10.1016/j.patcog.2025.112604,https://doi.org/10.1016/j.patcog.2025.112604
757,Method,Multiple object stitching for unsupervised representation learning,"Chengchao Shen, Dawei Liu, Jianxin Wang",172.0,,2026-4,Issue/Volume,10.1016/j.patcog.2025.112602,https://doi.org/10.1016/j.patcog.2025.112602
758,Method,Bayesian high-order tensor factorization for learning the hidden low-rank structure,"Jianan Liu, Chunguang Li",172.0,,2026-4,Issue/Volume,10.1016/j.patcog.2025.112608,https://doi.org/10.1016/j.patcog.2025.112608
759,Method,Semi-supervised semantic segmentation meets masked modeling : Fine-grained locality learning matters in consistency regularization,"Wentao Pan, Zhe Xu, Jiangpeng Yan, Zihan Wu, Raymond Kai-Yu Tong, Xiu Li, Jianhua Yao",172.0,,2026-4,Issue/Volume,10.1016/j.patcog.2025.112586,https://doi.org/10.1016/j.patcog.2025.112586
760,Method,Dual-perception prompt learning: Illumination-adaptive and semantic-aware guidance for backlit image enhancement,"Tengyu Ma, Xiaoke Shang, Jiafa Ruan, Yuetong Wang, Benzhuang Zhang, Nan An",172.0,,2026-4,Issue/Volume,10.1016/j.patcog.2025.112606,https://doi.org/10.1016/j.patcog.2025.112606
761,Method,NeB-SLAM: Neural blocks-based salable RGB-D SLAM for unknown scenes,"Lizhi Bai, Chunqi Tian, Jun Yang, Siyu Zhang, Weijian Liang",172.0,,2026-4,Issue/Volume,10.1016/j.patcog.2025.112558,https://doi.org/10.1016/j.patcog.2025.112558
762,Method,A comprehensive survey of image clustering based on deep learning,"Haiwei Hou, Shifei Ding, Chuan Gui Cao, Xiao Xu, Lili Guo, Xuan Li",172.0,,2026-4,Issue/Volume,10.1016/j.patcog.2025.112590,https://doi.org/10.1016/j.patcog.2025.112590
763,Method,RMPT: Retrieval-based multimodal prompt tuning for event detection,"Enyuan Zhao, Jie Nie, Lei Huang, Ning Song, Zhiqiang Wei",172.0,,2026-4,Issue/Volume,10.1016/j.patcog.2025.112538,https://doi.org/10.1016/j.patcog.2025.112538
764,Method,Enhancing point cloud feature representation via historical node state increments in graph neural networks,"Qihui Li, Qiliang Du, Lianfang Tian, Yihua Shao, Guoyu Lu",172.0,,2026-4,Issue/Volume,10.1016/j.patcog.2025.112603,https://doi.org/10.1016/j.patcog.2025.112603
765,Method,FeDi: Feature disentanglement for self-supervised learning,"Jeong Ryong Lee, Geonhui Son, Dosik Hwang",172.0,,2026-4,Issue/Volume,10.1016/j.patcog.2025.112619,https://doi.org/10.1016/j.patcog.2025.112619
766,Method,Prototype-based scatter learning for smoke segmentation,"Lujian Yao, Haitao Zhao, Zhongze Wang, Kaijie Zhao, Jingchao Peng",172.0,,2026-4,Issue/Volume,10.1016/j.patcog.2025.112605,https://doi.org/10.1016/j.patcog.2025.112605
767,Method,RGAL: Node-adaptive training strategies for reinforced graph adversarial learning,"Wan-Ju Wu, Szu-Hao Huang, Chiao-Ting Chen, Shuo Fang",172.0,,2026-4,Issue/Volume,10.1016/j.patcog.2025.112615,https://doi.org/10.1016/j.patcog.2025.112615
768,Method,Degradation accordant plug-and-play for low-rank tensor recovery,"Yexun Hu, Zixin Tang, Tai-Xiang Jiang, Xi-Le Zhao, Guisong Liu",172.0,,2026-4,Issue/Volume,10.1016/j.patcog.2025.112612,https://doi.org/10.1016/j.patcog.2025.112612
769,Method,PanoTPS-Net: Panoramic room layout estimation via thin plate spline transformation,"Hatem Ibrahem, Ahmed Salem, Qinmin Vivian Hu, Guanghui Wang",172.0,,2026-4,Issue/Volume,10.1016/j.patcog.2025.112617,https://doi.org/10.1016/j.patcog.2025.112617
770,Method,Matching ambiguity-resilient multi-view stereo via adaptive patch deformation,"Zhaojie Zeng, Yuesong Wang, Tao Guan",172.0,,2026-4,Issue/Volume,10.1016/j.patcog.2025.112593,https://doi.org/10.1016/j.patcog.2025.112593
771,Method,Cluster-aware prompt ensemble learning for few-shot vision-language model adaptation,"Zhi Chen, Xin Yu, Xiaohui Tao, Yan Li, Zi Huang",172.0,,2026-4,Issue/Volume,10.1016/j.patcog.2025.112596,https://doi.org/10.1016/j.patcog.2025.112596
772,Method,Real projection algorithms for generalized low-rank approximation of large-scale quaternion matrix in color image processing,"Anli Wei, Gang Wu, Sitao Ling",172.0,,2026-4,Issue/Volume,10.1016/j.patcog.2025.112609,https://doi.org/10.1016/j.patcog.2025.112609
773,Method,Sparse subspace learning based redundancy-aware unsupervised feature selection,"Jianyu Miao, Jingjing Zhao, Tiejun Yang, Chao Fan, Yingjie Tian, Mingliang Xu",172.0,,2026-4,Issue/Volume,10.1016/j.patcog.2025.112611,https://doi.org/10.1016/j.patcog.2025.112611
774,Method,Naturalistic physical adversarial camouflage for object detection via differentiable rendering and style learning,"Ziyang Liu, Zhiqiang Yan, Qianhao Ning, Yinxi Lu, Zijian Wang, Hongyuan Wang",172.0,,2026-4,Issue/Volume,10.1016/j.patcog.2025.112621,https://doi.org/10.1016/j.patcog.2025.112621
775,Method,Joint distribution alignment on Lie group manifolds for domain adaptation,"Da Liu, Li Liu, Fanzhang Li, Jiangzhen He",172.0,,2026-4,Issue/Volume,10.1016/j.patcog.2025.112625,https://doi.org/10.1016/j.patcog.2025.112625
776,Method,Class-specific feature reconstruction with pseudo-label for open-set HRRP recognition,"Qidi Pan, Jing Liang, Kuo Liao",172.0,,2026-4,Issue/Volume,10.1016/j.patcog.2025.112565,https://doi.org/10.1016/j.patcog.2025.112565
777,Method,Instance-wise distribution control of text-to-image diffusion models,"Weng Ian Chan, Hiroaki Santo, Yasuyuki Matsushita, Fumio Okura",172.0,,2026-4,Issue/Volume,10.1016/j.patcog.2025.112614,https://doi.org/10.1016/j.patcog.2025.112614
778,Method,Self-distilled learning of adaptive interval 3D lookup tables on real-time image enhancement,"Ruikai Zhou, Canqian Yang, Yiming Li, Meiguang Jin, Xu Jia, Ying Chen, Yi Xu",172.0,,2026-4,Issue/Volume,10.1016/j.patcog.2025.112599,https://doi.org/10.1016/j.patcog.2025.112599
779,Method,GraphST: Class-imbalanced node classification with semantic relation transfer,"Jialong Wang, Quanlong Guan, Lianbing Deng, Mengting Zhou, Zhiguo Gong",172.0,,2026-4,Issue/Volume,10.1016/j.patcog.2025.112626,https://doi.org/10.1016/j.patcog.2025.112626
780,Method,High-quality controlled clustering expert networks,"Yuetong Wu, Yaliang Zhao, Jinke Wang, Lanxue Dang",172.0,,2026-4,Issue/Volume,10.1016/j.patcog.2025.112636,https://doi.org/10.1016/j.patcog.2025.112636
781,Method,Decoupling augmentation bias in prompt learning for vision-language models,"Gahyeon Kim, Sohee Kim, Seokju Lee",172.0,,2026-4,Issue/Volume,10.1016/j.patcog.2025.112630,https://doi.org/10.1016/j.patcog.2025.112630
782,Method,Infrared and visible image fusion model based on source image interaction,"Kuizhuang Liu, Chengwei Rao, Chen Chen, Cheng Chen, Bo Wang, Xiaoyi Lv",172.0,,2026-4,Issue/Volume,10.1016/j.patcog.2025.112642,https://doi.org/10.1016/j.patcog.2025.112642
783,Method,SADet: A semantic-aware tiny object detection network against missed detection,"Xiaohan Zhang, Dongqi Yuan, Yihan Hu, Zhe Wu, Xue Zhang, Beinan Yu, Xiaokai Bai, Si-Yuan Cao, Yuncheng Jin, Bailin Yang, Hui-Liang Shen",172.0,,2026-4,Issue/Volume,10.1016/j.patcog.2025.112624,https://doi.org/10.1016/j.patcog.2025.112624
784,Method,VQIT-GNN: A collaborative knowledge transfer for node-level structure imbalance,"Wenrui Guan, Xibei Yang, Ming Li, Qihang Guo, Keyu Liu, Qiguo Sun",172.0,,2026-4,Issue/Volume,10.1016/j.patcog.2025.112632,https://doi.org/10.1016/j.patcog.2025.112632
785,Method,Remembering CIFAR-10 images with the entropic associative memory,"Noé Hernández, Rafael Morales, Luis A. Pineda",172.0,,2026-4,Issue/Volume,10.1016/j.patcog.2025.112639,https://doi.org/10.1016/j.patcog.2025.112639
786,Method,FastEdit: fast text-guided single-image editing via semantic-aware diffusion fine-tuning,"Zhi Chen, Zecheng Zhao, Yadan Luo, Yan Li, Xiaohui Tao, Zi Huang",172.0,,2026-4,Issue/Volume,10.1016/j.patcog.2025.112583,https://doi.org/10.1016/j.patcog.2025.112583
787,Method,Domain divergence minimization for unsupervised domain adaptation cross-modality medical image segmentation,"Yongbin Zhu, Bixue Guo, Zilong Yu, Yunyun Yang",172.0,,2026-4,Issue/Volume,10.1016/j.patcog.2025.112594,https://doi.org/10.1016/j.patcog.2025.112594
788,Method,Decoupling representation learning and classifier for long-tailed adversarial training,"Hengheng Xiong, Dapeng Man, Jiguang Lv, Chen Xu, Fanyi Zeng, Yuyan Shi, Mingzhu Lai, Wu Yang",172.0,,2026-4,Issue/Volume,10.1016/j.patcog.2025.112607,https://doi.org/10.1016/j.patcog.2025.112607
789,Method,ALPSB: Adaptive learngene with plastic and stable branches,"Shuxia Lin, Xu Yang, Qiufeng Wang, Shunxin Guo, Zhiqiang Kou, Xin Geng",172.0,,2026-4,Issue/Volume,10.1016/j.patcog.2025.112623,https://doi.org/10.1016/j.patcog.2025.112623
790,Method,DI-Net : Decomposed implicit garment transfer network for digital clothed 3D human,"Xiaojing Zhong, Yukun Su, Zhonghua Wu, Guosheng Lin, Qingyao Wu",172.0,,2026-4,Issue/Volume,10.1016/j.patcog.2025.112574,https://doi.org/10.1016/j.patcog.2025.112574
791,Method,A cross-domain feature fusion network for nighttime drone-view object detection,"Xiangqi Chen, Chengzhuan Yang, Jiashuaizi Mo, Yaxin Sun, Li Zhao, Hao Chen, Zhonglong Zheng",172.0,,2026-4,Issue/Volume,10.1016/j.patcog.2025.112635,https://doi.org/10.1016/j.patcog.2025.112635
792,Method,DualAdaptNet: Enhancing domain adaptation regression with error accumulation reduction and dual-head heterogeneous learning,"Xin Wang, Yuan Wu, Xingyu Zhu, Yi Chang, Yixing Gao",172.0,,2026-4,Issue/Volume,10.1016/j.patcog.2025.112641,https://doi.org/10.1016/j.patcog.2025.112641
793,Method,CRPE-Net: Infrared small target detection transformer with cross-layer relative-position embedding,"Zhiwei Jiang, Shiguo Chen, Chunna Tian, Xiangyang Li, Yuan Yue",172.0,,2026-4,Issue/Volume,10.1016/j.patcog.2025.112640,https://doi.org/10.1016/j.patcog.2025.112640
794,Method,Partitioned observation network for camouflaged object detection,"Jinxia Zhang, Yin Yuan, Xuwen Zhu, Yang Hu, Kaihua Zhang",172.0,,2026-4,Issue/Volume,10.1016/j.patcog.2025.112637,https://doi.org/10.1016/j.patcog.2025.112637
795,Method,Deep contrastive graph clustering with information preservation,"Hu Lu, Haotian Hong, Fuhao Shi, Shengli Wu, Lixin Duan, Shaohua Wan",172.0,,2026-4,Issue/Volume,10.1016/j.patcog.2025.112575,https://doi.org/10.1016/j.patcog.2025.112575
796,Method,Tetrahedral molecular pretraining for enhanced property prediction,"Yuancheng Sun, Kai Chen, Kang Liu, Qiwei Ye",172.0,,2026-4,Issue/Volume,10.1016/j.patcog.2025.112638,https://doi.org/10.1016/j.patcog.2025.112638
797,Method,Hierarchical kernel decoupling for graph convolution: Enhancing skeleton-based action recognition through structured representation,"Yanjun Chen, Ying Li, Hao Zhou, Chuanping Hu, Mingzhou Lu, Yan Luo",172.0,,2026-4,Issue/Volume,10.1016/j.patcog.2025.112652,https://doi.org/10.1016/j.patcog.2025.112652
798,Method,Object-IR: Leveraging object consistency and mesh deformation for self-supervised image retargeting,"Tianli Liao, Ran Wang, Siqing Zhang, Lei Li, Guangen Liu, Chenyang Zhao, Heling Cao, Peng Li",172.0,,2026-4,Issue/Volume,10.1016/j.patcog.2025.112651,https://doi.org/10.1016/j.patcog.2025.112651
799,Method,Supervised learning for low-resource isolated glyph recognition in palm leaf manuscripts,"Erick Paulus, Jean-Christophe Burie, Fons J. Verbeek",172.0,,2026-4,Issue/Volume,10.1016/j.patcog.2025.112616,https://doi.org/10.1016/j.patcog.2025.112616
800,Method,Enhancing VMamba for change detection via lightweight feature interaction and selection,"Mingwei Zhang, Yuan Jiang, Qi Wang",172.0,,2026-4,Issue/Volume,10.1016/j.patcog.2025.112648,https://doi.org/10.1016/j.patcog.2025.112648
801,Method,Partial label feature selection with dynamic streaming labels,"Jinghua Liu, Tianlang Li, Hongbo Zhang, Zhenzhen Sun, Jia Zhong, Jin Gou",172.0,,2026-4,Issue/Volume,10.1016/j.patcog.2025.112650,https://doi.org/10.1016/j.patcog.2025.112650
802,Method,An efficient loop and clique coarsening algorithm for graph classification,"Xiaorui Qi, Qijie Bai, Yanlong Wen, Haiwei Zhang, Xiaojie Yuan",172.0,,2026-4,Issue/Volume,10.1016/j.patcog.2025.112646,https://doi.org/10.1016/j.patcog.2025.112646
803,Method,Retina adaptation network for low-light image enhancement,"Houwang Zhang, Xian-Shi Zhang, Kai-Fu Yang, Yong-Jie Li, Leanne Lai-Hang Chan",172.0,,2026-4,Issue/Volume,10.1016/j.patcog.2025.112629,https://doi.org/10.1016/j.patcog.2025.112629
804,Method,From forgotten to pan-sharpening,"Jiaming Wang, Yansong Lin, Chuanxi Chen, Xiao Huang, Ruiqian Zhang, Yu Wang, Tao Lu",172.0,,2026-4,Issue/Volume,10.1016/j.patcog.2025.112653,https://doi.org/10.1016/j.patcog.2025.112653
805,Method,Decoupled self-supervised deep multi-task learning framework for subscriber portrait in smart meter,"Honggang Yang, Cheng Lian, Bingrong Xu, Yilin Chen, Pengbo Zhao, Zhigang Zeng",172.0,,2026-4,Issue/Volume,10.1016/j.patcog.2025.112633,https://doi.org/10.1016/j.patcog.2025.112633
806,Method,DSCIL: Dynamic selected contrastive instance learning for weakly supervised video anomaly detection,"Kun Zeng, Yuntao Wu, Zuoyong Li, Rong Hu, Chunwei Tian",172.0,,2026-4,Issue/Volume,10.1016/j.patcog.2025.112656,https://doi.org/10.1016/j.patcog.2025.112656
807,Method,Corrigendum to “Sparse kernel k -means for high-dimensional data” Pattern Recognition 144 (2023) 109873,"Xin Guan, Yoshikazu Terada",172.0,,2026-4,Issue/Volume,10.1016/j.patcog.2025.112536,https://doi.org/10.1016/j.patcog.2025.112536
808,Method,Spatially continuous dual optimization on compactness function for image segmentation,"Lu Tan, Shiping Ma, Jinhua Xu, Jiangfeng Pan, Jing Yuan, Hoel Kervadec, Marcello Pelillo",172.0,,2026-4,Issue/Volume,10.1016/j.patcog.2025.112613,https://doi.org/10.1016/j.patcog.2025.112613
809,Method,Adversarial flow-based generative models for visible-to-Infrared person re-Identification,"Honghu Pan, Yongyong Chen, Xin Li, Zhenyu He",172.0,,2026-4,Issue/Volume,10.1016/j.patcog.2025.112622,https://doi.org/10.1016/j.patcog.2025.112622
810,Method,LigTomDet: Knowledge distillation in a new lightweight tomato disease detection model in planting fields,"Hao Sun, Rui Fu, Dae-Ki Kang",172.0,,2026-4,Issue/Volume,10.1016/j.patcog.2025.112628,https://doi.org/10.1016/j.patcog.2025.112628
811,Method,NeuralSEIR: Modeling uncertainty in non-pharmaceutical interventions with neural epidemic dynamics,"Hu Cao, Longbing Cao",172.0,,2026-4,Issue/Volume,10.1016/j.patcog.2025.112634,https://doi.org/10.1016/j.patcog.2025.112634
812,Method,Efficient vision-based occupancy prediction with knowledge distillation,"Kang Ke, Haonan Zhang, Yuqi Huang, Penghui Fan, Longjun Liu",172.0,,2026-4,Issue/Volume,10.1016/j.patcog.2025.112631,https://doi.org/10.1016/j.patcog.2025.112631
813,Method,Language-dominated fusion and self-distillation for multimodal sentiment analysis with incomplete modalities,"Peng Shi, Jin Wang, Xuejie Zhang",172.0,,2026-4,Issue/Volume,10.1016/j.patcog.2025.112644,https://doi.org/10.1016/j.patcog.2025.112644
814,Method,AU-EMO Correlation based zero-shot facial expression recognition with graph convolutional network,"Fei Wan, Ruicong Zhi, Jun Wan, Dezheng Zhang",172.0,,2026-4,Issue/Volume,10.1016/j.patcog.2025.112654,https://doi.org/10.1016/j.patcog.2025.112654
815,Method,An intelligent multimodal medical image registration using hybrid meta-heuristic optimization with transformer-based residual UNet,"Ramakoteswararao S, S. Palanivel, GLN Murthy",172.0,,2026-4,Issue/Volume,10.1016/j.patcog.2025.112708,https://doi.org/10.1016/j.patcog.2025.112708
816,Method,A robust and efficient approach using Aggregated-FlexiNet for interpretable musculoskeletal radiograph classification,"Gokaramaiah Thota, K. Nagaraju, Korra Sathya Babu, Viswanath Pulabaigari",172.0,,2026-4,Issue/Volume,10.1016/j.patcog.2025.112703,https://doi.org/10.1016/j.patcog.2025.112703
817,Method,Fuzzy neighborhood-based feature selection with missing labels via feature graph matrix and label enhancement,"Lin Sun, Xuejiao Wu, Qifeng Zhang, Weiping Ding, Jiucheng Xu",172.0,,2026-4,Issue/Volume,10.1016/j.patcog.2025.112680,https://doi.org/10.1016/j.patcog.2025.112680
818,Method,A renaissance of explicit motion information mining from transformers for action recognition,"Peiqin Zhuang, Lei Bai, Yichao Wu, Ding Liang, Luping Zhou, Yali Wang, Wanli Ouyang",172.0,,2026-4,Issue/Volume,10.1016/j.patcog.2025.112645,https://doi.org/10.1016/j.patcog.2025.112645
819,Method,Optimized temporal inductive path neural network based early-stage detection of autism spectrum disorders,"G. ArunKumar, Konatham Sumalatha, D. Saravanan, Anil Kumar Bisht",172.0,,2026-4,Issue/Volume,10.1016/j.patcog.2025.112689,https://doi.org/10.1016/j.patcog.2025.112689
820,Method,BAM: Backdoor defense based on adversarial mitigation,"Run Lu, Peipeng Yu, Zhitao Huang, Zhihua Xia, Xiaoyan Jiang",172.0,,2026-4,Issue/Volume,10.1016/j.patcog.2025.112662,https://doi.org/10.1016/j.patcog.2025.112662
821,Method,CLIP-WSDDN: An optimized weakly supervised object detection network with zero supervised classification prior,"Zhiquan Cui, Chunxiao Lu, Yiqun Liu, Zhicun Yin",172.0,,2026-4,Issue/Volume,10.1016/j.patcog.2025.112707,https://doi.org/10.1016/j.patcog.2025.112707
822,Method,Collision attack and error corrected multimodal-inspired framework for underwater video enhancement,"Jingchun Zhou, Chunjiang Liu, Dehuan Zhang, Zongxin He, Zifan Lin, Qiuping Jiang",172.0,,2026-4,Issue/Volume,10.1016/j.patcog.2025.112667,https://doi.org/10.1016/j.patcog.2025.112667
823,Method,Manifold learning based on locally linear embedding for symmetric positive definite matrix,"Xinxin Zou, Hao Xu, Xinling Liu",172.0,,2026-4,Issue/Volume,10.1016/j.patcog.2025.112691,https://doi.org/10.1016/j.patcog.2025.112691
824,Method,DCART: A dual contrastive alignment residual transformer model for visual grounding,"Yue Zhu, Dongyue Chen, Hao Wang, Tong Jia, Shizhuo Deng",172.0,,2026-4,Issue/Volume,10.1016/j.patcog.2025.112688,https://doi.org/10.1016/j.patcog.2025.112688
825,Method,Visual object tracking via adaptive feature fusion and two-stage channel selection,"Ke Nai, Guiji Li",172.0,,2026-4,Issue/Volume,10.1016/j.patcog.2025.112682,https://doi.org/10.1016/j.patcog.2025.112682
826,Method,RL-GTN: A reinforced divergence-optimized graph transformer network for skeleton-based action recognition,"Matthew Korban, Peter Youngs, Scott T. Acton",172.0,,2026-4,Issue/Volume,10.1016/j.patcog.2025.112681,https://doi.org/10.1016/j.patcog.2025.112681
827,Method,Spectrum-guided feature enhancement network for event person re-identification,"Hongchen Tan, Yi Zhang, Xiuping Liu",172.0,,2026-4,Issue/Volume,10.1016/j.patcog.2025.112705,https://doi.org/10.1016/j.patcog.2025.112705
828,Method,ZVIR: Zero-shot implicit deep image prior with prior activation for infrared and visible image fusion,"Hao Zhai, Minjie Deng, Yan Wei, Long Wang, Anyu Li",172.0,,2026-4,Issue/Volume,10.1016/j.patcog.2025.112666,https://doi.org/10.1016/j.patcog.2025.112666
829,Method,ALDA: Enhancing the transferability of adversarial attacks with attention-guided look-ahead and data augmentation,"Sensen Guo, Baocang Wang, Xiaoyu Li, Peican Zhu, Lianwei Wu, Wenning Wu, Lin Jia",172.0,,2026-4,Issue/Volume,10.1016/j.patcog.2025.112686,https://doi.org/10.1016/j.patcog.2025.112686
830,Method,Temporal knowledge graph reasoning with local-global evolutionary patterns,"Xiangfeng Luo, Xuanshuang Wang, Xinzhi Wang, Ruishen Liu",172.0,,2026-4,Issue/Volume,10.1016/j.patcog.2025.112643,https://doi.org/10.1016/j.patcog.2025.112643
831,Method,Co-HSC: Complementary image-mesh fusion for dense human-scene contact estimation,"Minjie Liu, Lin Wang",172.0,,2026-4,Issue/Volume,10.1016/j.patcog.2025.112706,https://doi.org/10.1016/j.patcog.2025.112706
832,Method,RA-GCN: Residual attention based graph convolutional network for multi-label pattern image retrieval,"Ying Li, Longye Du, Chunming Guan, Rui Cai, Jiaquan Gao",172.0,,2026-4,Issue/Volume,10.1016/j.patcog.2025.112647,https://doi.org/10.1016/j.patcog.2025.112647
833,Method,Stacked one-vs-one (SOvO): A new approach for multi-class classification for sEMG recognition,"Maedeh Mohammadiazni, Daniel J. Lizotte, Ana Luisa Trejos",172.0,,2026-4,Issue/Volume,10.1016/j.patcog.2025.112659,https://doi.org/10.1016/j.patcog.2025.112659
834,Method,Variational graph filter autoencoder for uncovering community structure in multiplex networks,"Junwei Cheng, Chaobo He, Xiang Fei, Tianyong Hao, Hui Ma, Yong Tang",172.0,,2026-4,Issue/Volume,10.1016/j.patcog.2025.112668,https://doi.org/10.1016/j.patcog.2025.112668
835,Method,Enhancing spatio-temporal zero-shot action recognition with language-driven description attributes,"Yehna Kim, Young-Eun Kim, Seong-Whan Lee",172.0,,2026-4,Issue/Volume,10.1016/j.patcog.2025.112687,https://doi.org/10.1016/j.patcog.2025.112687
836,Method,AT-PMF: Progressive multi-modal fusion with adversarial training for physiological emotion recognition,"Dongdong Li, Shengyao Huang, Zhe Wang",172.0,,2026-4,Issue/Volume,10.1016/j.patcog.2025.112690,https://doi.org/10.1016/j.patcog.2025.112690
837,Method,LighTwSVM: Efficient linear nonparallel classifier for millions of data,"Junhong Zhang, Zhihui Lai",172.0,,2026-4,Issue/Volume,10.1016/j.patcog.2025.112700,https://doi.org/10.1016/j.patcog.2025.112700
838,Method,A novel weakly supervised immunohistochemical cell segmentation method via counting labels,"Hua Ye, Ziwen Zhao, Xiuli Liu, Jiabo Ma, Sibo Liu, Shaoqun Zeng, Shenghua Cheng",172.0,,2026-4,Issue/Volume,10.1016/j.patcog.2025.112684,https://doi.org/10.1016/j.patcog.2025.112684
839,Method,Enhancing local attention with global information interaction via progressive cluster propagation,"Jingfan Hang, Xianqiang Yang",172.0,,2026-4,Issue/Volume,10.1016/j.patcog.2025.112713,https://doi.org/10.1016/j.patcog.2025.112713
840,Method,SFEformer: Frequency-enhanced model for wind speed prediction,"Yuewei Xue, Jing Sun, Shaopeng Guan",172.0,,2026-4,Issue/Volume,10.1016/j.patcog.2025.112715,https://doi.org/10.1016/j.patcog.2025.112715
841,Method,Early pneumoconiosis recognition from CT via progressive lesion awareness and multi-axis denoising attention mechanisms,"Quankeng Huang, Honghua Bai, Haozheng Pan, Wenchao Jiang, Bo Liu, Yajuan Zhang, Ji He, Long Li",172.0,,2026-4,Issue/Volume,10.1016/j.patcog.2025.112712,https://doi.org/10.1016/j.patcog.2025.112712
842,Method,Beyond non-expert demonstrations: Outcome-driven action constraint for offline reinforcement learning,"Ke Jiang, Wen Jiang, Li Yao, Xiaoyang Tan",172.0,,2026-4,Issue/Volume,10.1016/j.patcog.2025.112663,https://doi.org/10.1016/j.patcog.2025.112663
843,Method,DAF-Mamba: Dynamic selective and adaptive fused mamba for cardiac image segmentation,"Yonglin Chen, Yixiang Wang, Zhongyuan Liu, Yuyan Weng, Chihui Long, Yalong Yang, Jinhui Tang",172.0,,2026-4,Issue/Volume,10.1016/j.patcog.2025.112664,https://doi.org/10.1016/j.patcog.2025.112664
844,Method,Cross-attention relation network based on metric learning for few-shot specific emitter identification,"Zeqi Shao, Wenrui Ding, Duona Zhang, Jing Xiao, Hang Zhang, Yikai Zheng",172.0,,2026-4,Issue/Volume,10.1016/j.patcog.2025.112699,https://doi.org/10.1016/j.patcog.2025.112699
845,Method,A consistency regularization training method for automatic modulation classification under incomplete information,"Chen Yang, Yuanfeng Wu, Shuai Xiong, Junxiao Wang, Shuyuan Yang, Zhixi Feng, Yiwen Yang, Jie Sun",172.0,,2026-4,Issue/Volume,10.1016/j.patcog.2025.112655,https://doi.org/10.1016/j.patcog.2025.112655
846,Method,Class-aware prototype augmentation and decoupled feature distillation for class-incremental learning,"Chengdong Wang, Yangjun Ou, Xianfang Tang, Yuan Wu, Wuxuan Shi, Xueliang Liu, Rui Yan",172.0,,2026-4,Issue/Volume,10.1016/j.patcog.2025.112692,https://doi.org/10.1016/j.patcog.2025.112692
847,Method,KPLNet: Keypoint prototype learning for zero image semantic correspondence,"Hailong Jin, Huiying Li",172.0,,2026-4,Issue/Volume,10.1016/j.patcog.2025.112702,https://doi.org/10.1016/j.patcog.2025.112702
848,Method,MFHS: Mutual consistency learning-based foundation model integrates hypergraph for semi-supervised medical image segmentation,"Xuejun Liu, Zhaichao Tang, Yonghao Wu, Ruixiang Zhai, Xuanhe Dong, Zikang Du, Shujun Cao",172.0,,2026-4,Issue/Volume,10.1016/j.patcog.2025.112721,https://doi.org/10.1016/j.patcog.2025.112721
849,Method,DWOA-BNC: Discrete whale optimization algorithm for Bayesian network classifier learning and its application,"Xihao Fan, Fengda Zhao, Jingdu Yu, Peiliang Wu, Chang Gao, Hongbing Xie, Qiulin Guo, Hongjia Ren",173.0,,2026-5,Issue/Volume,10.1016/j.patcog.2025.112661,https://doi.org/10.1016/j.patcog.2025.112661
850,Method,Beyond deceptive flatness: Dual-order solution for strengthening adversarial transferability,"Zhixuan Zhang, Pingyu Wang, Xingjian Zheng, Linbo Qing, Qi Liu",172.0,,2026-4,Issue/Volume,10.1016/j.patcog.2025.112710,https://doi.org/10.1016/j.patcog.2025.112710
851,Method,Contrastive learning with auxiliary model,"Linyi Xu, Patrick P.K. Chan, Jingwen Deng, Xuanming Liang, Daniel S. Yeung",172.0,,2026-4,Issue/Volume,10.1016/j.patcog.2025.112566,https://doi.org/10.1016/j.patcog.2025.112566
852,Method,Does noise in the knowledge graph really harm recommendations?,"Meng Yan, Cai Xu, Ziyu Guan, Wei Zhao, Xujing Wang, Beilei Ling, Weigang Lu",172.0,,2026-4,Issue/Volume,10.1016/j.patcog.2025.112657,https://doi.org/10.1016/j.patcog.2025.112657
853,Method,Interactive feature fusion for camera-radar-based vehicle segmentation in bird’s-eye view,"Yong Liu, Chenyang Lu, Liang Li, Xiangchao Meng, Qiuping Jiang, Feng Shao",172.0,,2026-4,Issue/Volume,10.1016/j.patcog.2025.112698,https://doi.org/10.1016/j.patcog.2025.112698
854,Method,REC-GCN: Robust ensemble clustering with graph convolutional networks,"Dong Huang, Qiang Lai, Haiyan Wang, Yuan-Kun Xu, Chang-Bin Guan, Chang-Dong Wang",172.0,,2026-4,Issue/Volume,10.1016/j.patcog.2025.112717,https://doi.org/10.1016/j.patcog.2025.112717
855,Method,Online graph based transforms for intra-predicted imaging data,"D. Roy, T. Guha, V. Sanchez",172.0,,2026-4,Issue/Volume,10.1016/j.patcog.2025.112649,https://doi.org/10.1016/j.patcog.2025.112649
856,Method,Resolving sentiment discrepancy for multimodal sentiment detection via semantics completion and decomposition,"Daiqing Wu, Dongbao Yang, Huawen Shen, Can Ma, Yu Zhou",172.0,,2026-4,Issue/Volume,10.1016/j.patcog.2025.112719,https://doi.org/10.1016/j.patcog.2025.112719
857,Method,Towards robust and inversion-free randomized neural networks: The XG-RVFL framework,"Mushir Akhtar, A. Kumari, M. Sajid, A. Quadir, Mohd Arshad, P.N. Suganthan, M. Tanveer",172.0,,2026-4,Issue/Volume,10.1016/j.patcog.2025.112711,https://doi.org/10.1016/j.patcog.2025.112711
858,Method,TDI-TFFNet: Infusing time dependent images and two-stream feature fusion network for gymnastic activity recognition,"Chao Lian, Wenjing Li, Dongyu Zhou, Yafeng Kang, Tianang Sun, Xiaoyong Lyu, Zhikun Zhan, Yuliang Zhao",172.0,,2026-4,Issue/Volume,10.1016/j.patcog.2025.112726,https://doi.org/10.1016/j.patcog.2025.112726
859,Method,DEGAN-CS: An efficient code search model based on dataenhanced optimization of generative adversarial networks,"Haize Hu, Jianxun Liu, Mengge Fang",172.0,,2026-4,Issue/Volume,10.1016/j.patcog.2025.112709,https://doi.org/10.1016/j.patcog.2025.112709
860,Method,Efficient spectral embedding representation approximation for large-scale data clustering,"Jie Zhou, Xinxiang Zhang, Can Gao, Zhihui Lai, Witold Pedrycz",172.0,,2026-4,Issue/Volume,10.1016/j.patcog.2025.112693,https://doi.org/10.1016/j.patcog.2025.112693
861,Method,Efficient motion-centric CLIP for compressed video action recognition,"Jiangwan Zhou, Yue Ming, Tao Wang, Xueming Li, Yuanan Liu",172.0,,2026-4,Issue/Volume,10.1016/j.patcog.2025.112696,https://doi.org/10.1016/j.patcog.2025.112696
862,Method,Learning-by-generation: Enhancing gaze estimation via controllable generative data and two-stage training,"Jiawei Qin, Xueting Wang, Yusuke Sugano",172.0,,2026-4,Issue/Volume,10.1016/j.patcog.2025.112695,https://doi.org/10.1016/j.patcog.2025.112695
863,Method,Revisiting the representation learning in long-tailed medical image classification,"Mianzimei Yang, Zhipeng Zhou, Wei Gong",172.0,,2026-4,Issue/Volume,10.1016/j.patcog.2025.112683,https://doi.org/10.1016/j.patcog.2025.112683
864,Method,AWFusion: An adaptive end-to-end wave-based method for infrared and visible image fusion,"Hanlin Xu, Gang Liu, Mianyao Ruan, Lei Huang, Zixuan Wang",172.0,,2026-4,Issue/Volume,10.1016/j.patcog.2025.112660,https://doi.org/10.1016/j.patcog.2025.112660
865,Method,DTSI: Towards faster convergence of query-based detectors for rotated dense aerial images,"Yihao Xu, Ming Dai, Xiang Li, Yuncong Yao, Wankou Yang",172.0,,2026-4,Issue/Volume,10.1016/j.patcog.2025.112729,https://doi.org/10.1016/j.patcog.2025.112729
866,Method,Multi-view unsupervised feature selection with unified measurement of consistency and diversity,"Shengke Xu, Xijiong Xie, Guoqing Chao, Yujie Xiong",172.0,,2026-4,Issue/Volume,10.1016/j.patcog.2025.112728,https://doi.org/10.1016/j.patcog.2025.112728
867,Method,DR-IAL: Decoupling-to-recoupling guided interaction-aware learning for egocentric action recognition,"Jiang Shao, Xiaochun Zou, Xinbo Zhao, Yanning Zhang",172.0,,2026-4,Issue/Volume,10.1016/j.patcog.2025.112731,https://doi.org/10.1016/j.patcog.2025.112731
868,Method,Noise perturbation augmentation based dual-branch alignment network for cross-domain hyperspectral image classification,"Zhiyu Jiang, Jianing Li, Dandan Ma, Yuan Yuan",172.0,,2026-4,Issue/Volume,10.1016/j.patcog.2025.112665,https://doi.org/10.1016/j.patcog.2025.112665
869,Method,PSG-MCANet: Multi-order cross-attention modeling for multimodal fusion based on punning semantic guidance,"Jinlin Jiang, Gang Hu, Guanglei Sheng, Guo Wei",172.0,,2026-4,Issue/Volume,10.1016/j.patcog.2025.112723,https://doi.org/10.1016/j.patcog.2025.112723
870,Method,Dual-domain homogeneous fusion with cross-modal mamba and progressive decoder for 3D object detection,"Xuzhong Hu, Zaipeng Duan, Pei An, Yifan Zhang, Ziwen Xu, Jie Ma",172.0,,2026-4,Issue/Volume,10.1016/j.patcog.2025.112725,https://doi.org/10.1016/j.patcog.2025.112725
871,Method,AttentiveSfP: Leveraging Dualpool-Former and attention mechanisms for accurate shape from polarization,"Zhenhua Wan, Kaiang Li, Jiawei Liang, Zhexian Ouyang, Yuzhen Liu",172.0,,2026-4,Issue/Volume,10.1016/j.patcog.2025.112714,https://doi.org/10.1016/j.patcog.2025.112714
872,Method,A Unified multi-modality conditional latent diffusion model for point cloud generation,"Yihang Yang, Zibo Zhao, Fukun Yin, Wen Liu, Yuhan Ding, Biao Jiang, Gang Yu, Tao Chen",172.0,,2026-4,Issue/Volume,10.1016/j.patcog.2025.112716,https://doi.org/10.1016/j.patcog.2025.112716
873,Method,UAV-based multimodal object detection via feature enhancement and dynamic gated fusion,"Yu Gu, Weili Chen, Dongliang Peng",172.0,,2026-4,Issue/Volume,10.1016/j.patcog.2025.112722,https://doi.org/10.1016/j.patcog.2025.112722
874,Method,Progressive text-semantic-aware generative adversarial network for image fusion,"Wenhao Song, Mingliang Gao, Qilei Li, Gwanggil Jeon, David Camacho",172.0,,2026-4,Issue/Volume,10.1016/j.patcog.2025.112720,https://doi.org/10.1016/j.patcog.2025.112720
875,Method,Zero-shot egocentric action recognition via chain-of-imagination prompts and inertial strengthening adaptor,"Mingzhou He, Ruiqian Li, Qingbo Wu, King Ngi Ngan, Chenhao Wu, Fanman Meng, Hongliang Li",172.0,,2026-4,Issue/Volume,10.1016/j.patcog.2025.112735,https://doi.org/10.1016/j.patcog.2025.112735
876,Method,A novel dynamic graph attention aggregation network for multivariate time series classification,"Haoyu Gui, Xianghong Tang, Guanjun Li, Chaobin Wang, Jianguang Lu",172.0,,2026-4,Issue/Volume,10.1016/j.patcog.2025.112732,https://doi.org/10.1016/j.patcog.2025.112732
877,Method,MSDP-Net: Multi-scale distribution perception network for rotating object detection in remote sensing,"Ke Liu, Jian Zou, Wei Zhang, Qiang Li, QiWang",172.0,,2026-4,Issue/Volume,10.1016/j.patcog.2025.112740,https://doi.org/10.1016/j.patcog.2025.112740
878,Method,Iterative optimal transport for multimodal image registration,"Mengyu Li, Cheng Meng, Xiaodan Fan",172.0,,2026-4,Issue/Volume,10.1016/j.patcog.2025.112736,https://doi.org/10.1016/j.patcog.2025.112736
879,Method,Compact exploration for continuous action reinforcement learning,"Xing Chen, Hechang Chen, Yi Chang",172.0,,2026-4,Issue/Volume,10.1016/j.patcog.2025.112739,https://doi.org/10.1016/j.patcog.2025.112739
880,Method,Prompt-guided dual-channel attention model predicts brain activation from functional and structural profiles,"Wei Huang, Pengfei Yang, Fan Qin, Hengjiang Li, Jingpeng Li, Sizhuo Wang, Changde Du, Kaiwen Cheng, Huafu Chen",172.0,,2026-4,Issue/Volume,10.1016/j.patcog.2025.112738,https://doi.org/10.1016/j.patcog.2025.112738
881,Method,Boundary mutual information hashing for cross-modal retrieval,"Qing Ma, Yue Jiang, Cong Bai",172.0,,2026-4,Issue/Volume,10.1016/j.patcog.2025.112658,https://doi.org/10.1016/j.patcog.2025.112658
882,Method,Scale-aware adaptive supervised network with limited medical annotations,"Zihan Li, Dandan Shan, Yunxiang Li, Paul E. Kinahan, Qingqi Hong",172.0,,2026-4,Issue/Volume,10.1016/j.patcog.2025.112743,https://doi.org/10.1016/j.patcog.2025.112743
883,Method,Variable priority for unsupervised variable selection,"Lili Zhou, Min Lu, Hemant Ishwaran",172.0,,2026-4,Issue/Volume,10.1016/j.patcog.2025.112727,https://doi.org/10.1016/j.patcog.2025.112727
884,Method,Single-ToF-LiDAR-based plane information recognition,"Dongzhao Yang, Dong An, Tianxu Xu, Jianhao Li, Qiang Wang, Zhongqi Pan, Yang Yue",172.0,,2026-4,Issue/Volume,10.1016/j.patcog.2025.112745,https://doi.org/10.1016/j.patcog.2025.112745
885,Method,Generative views recovery and error-guided topological tensor network for incomplete multi-view clustering,"Xiaoxing Guo, Gui-Fu Lu, Yangfan Du, Yaozu Kan",172.0,,2026-4,Issue/Volume,10.1016/j.patcog.2025.112750,https://doi.org/10.1016/j.patcog.2025.112750
886,Method,Dual-Attention based prompt generation and catalyzing for instance-wise continual learning,"Yong Dai, Xiaopeng Hong, Yabin Wang, Zhiheng Ma, Jinfeng Yang, Dongmei Jiang, Yaowei Wang",172.0,,2026-4,Issue/Volume,10.1016/j.patcog.2025.112685,https://doi.org/10.1016/j.patcog.2025.112685
887,Method,MKGPL: graph prompt learning with multi-view knowledge for few-shot recognition,"Yanzhao Xie, Man Qiu, Yangtao Wang, Siyuan Chen, Meie Fang, Maobin Tang, Wensheng Zhang",172.0,,2026-4,Issue/Volume,10.1016/j.patcog.2025.112737,https://doi.org/10.1016/j.patcog.2025.112737
888,Method,Multi-level spectral-spatial mutual learning for pansharpening,"Guangxu Xie, Rencan Nie, Jinde Cao, Hang Xu, Zhengze Ding",172.0,,2026-4,Issue/Volume,10.1016/j.patcog.2025.112730,https://doi.org/10.1016/j.patcog.2025.112730
889,Method,Unlocking human intent perception through multimodal large models,"Zhaozhong Wang, Yao Tian, Shutong Wang, Le Yang, Binglu Wang",172.0,,2026-4,Issue/Volume,10.1016/j.patcog.2025.112582,https://doi.org/10.1016/j.patcog.2025.112582
890,Method,MTD-Net: A robust multi-task discriminative network for choroidal neovascularization segmentation,"Dan Zhang, Mengting Liu, Tao Chen, Hu Li, Jianing Ying, Da Chen, Baihua Li, Quanyong Yi, Jiong Zhang",172.0,,2026-4,Issue/Volume,10.1016/j.patcog.2025.112697,https://doi.org/10.1016/j.patcog.2025.112697
891,Method,Underwater image compression for human and machine visions with hybrid priors embedding,"Jianhao Wu, Zhanhong Lu, Yudong Mao, Shanshan Wang, Qiuping Jiang",172.0,,2026-4,Issue/Volume,10.1016/j.patcog.2025.112754,https://doi.org/10.1016/j.patcog.2025.112754
892,Method,Interpretable image classification based on antifactual data,"Zhenyu Lu, Yonggang Lu",172.0,,2026-4,Issue/Volume,10.1016/j.patcog.2025.112772,https://doi.org/10.1016/j.patcog.2025.112772
893,Method,EmoEEG: A transferable generalist framework for EEG emotion recognition via information bottleneck theory,"Xuange Gao, Danli Wang, Yanyan Zhao, Xinyuan Wang",172.0,,2026-4,Issue/Volume,10.1016/j.patcog.2025.112775,https://doi.org/10.1016/j.patcog.2025.112775
894,Method,Nagisa: A reversible privacy preservation scheme against facial soft-biometric attributes recognition,"Zihan Fang, Biao Jin, Zhiqiang Yao, Jinbo Xiong, Xing Wang, Zenghai Lu, Jie Lin",172.0,,2026-4,Issue/Volume,10.1016/j.patcog.2025.112769,https://doi.org/10.1016/j.patcog.2025.112769
895,Method,Enhancing graph neural networks on SPD manifolds via cholesky decomposition,"Yu Wang, Yi Chang",172.0,,2026-4,Issue/Volume,10.1016/j.patcog.2025.112763,https://doi.org/10.1016/j.patcog.2025.112763
896,Method,Taylornet: Rethinking monomial-based graph neural networks with taylor expansion,"Foping Chen, Junhong Zhang, Zhihui Lai, Heng Kong",172.0,,2026-4,Issue/Volume,10.1016/j.patcog.2025.112748,https://doi.org/10.1016/j.patcog.2025.112748
897,Method,GCL-GroW: Graph contrastive learning via group whitening,"Chunhui Zhang, Rui Miao, Lizhong Ding, Pengqi Li, Yuhan Guo, Xingcan Li, Ye Yuan, Guoren Wang",172.0,,2026-4,Issue/Volume,10.1016/j.patcog.2025.112757,https://doi.org/10.1016/j.patcog.2025.112757
898,Method,A detection algorithm with multi-scale reconstruction and feature compensation for small and occluded objects,"Jiapan Li, Yong Zhang, Yan Zhang, Hongwei Shi",172.0,,2026-4,Issue/Volume,10.1016/j.patcog.2025.112764,https://doi.org/10.1016/j.patcog.2025.112764
899,Method,Cross-modality masked autoencoder for infrared and visible image fusion,"Cong Bi, Wenhua Qian, Qiuhan Shao, Jinde Cao, Xue Wang, Kaixiang Yan",172.0,,2026-4,Issue/Volume,10.1016/j.patcog.2025.112767,https://doi.org/10.1016/j.patcog.2025.112767
900,Method,IMMix: Class-Imbalanced node classification via prototypical selective mixup augmentation,"Jiawen Qin, Qingyun Sun, Lyujin Xu, Cheng Ji, Jianxin Li",172.0,,2026-4,Issue/Volume,10.1016/j.patcog.2025.112749,https://doi.org/10.1016/j.patcog.2025.112749
901,Method,TLRR-TF: A fast tensor low-rank representation via tri-factorization,"Youngwook Kwon, Hee-Seok Oh",172.0,,2026-4,Issue/Volume,10.1016/j.patcog.2025.112762,https://doi.org/10.1016/j.patcog.2025.112762
902,Method,WF-MDC: Enhancing few-shot website fingerprinting via multiplicative distribution calibration,"Xinxin Rong, Yongzheng Zhang, Fengyu Wang",172.0,,2026-4,Issue/Volume,10.1016/j.patcog.2025.112776,https://doi.org/10.1016/j.patcog.2025.112776
903,Method,Self-supervised multi-scale uniform motion deblurring via alternating optimization,"Lening Guo, Jing Yu, Ning Zhang, Chuangbai Xiao",173.0,,2026-5,Issue/Volume,10.1016/j.patcog.2025.112774,https://doi.org/10.1016/j.patcog.2025.112774
904,Method,Small or large superpixel graphs? Gaussian influence walk with rebound can assist,"Mohammad Iqbal, Fairuuz Nurdiaz Amaanullah, Hsing-Kuo Pao",172.0,,2026-4,Issue/Volume,10.1016/j.patcog.2025.112777,https://doi.org/10.1016/j.patcog.2025.112777
905,Method,Asymmetric modal fusion for multi-modal crowd counting,"Chenhao Wang, Xiaopeng Hong, Zhiheng Ma, Yabin Wang, Yupeng Wei, Jinpeng Zhang",172.0,,2026-4,Issue/Volume,10.1016/j.patcog.2025.112768,https://doi.org/10.1016/j.patcog.2025.112768
906,Method,Intermodal correlation modeling for incomplete multi-modal learning in land use and land cover classification,"Yini Peng, Rui Liu, Zhiyuan Zhang, Yishan Wang, Yi Gao, Xin Tian",172.0,,2026-4,Issue/Volume,10.1016/j.patcog.2025.112741,https://doi.org/10.1016/j.patcog.2025.112741
907,Method,A variational Bayesian approach for multimodal multi-instance classification,"Yaofang Hu, Yichen Cheng, Yusen Xia, Xinlei Wang",172.0,,2026-4,Issue/Volume,10.1016/j.patcog.2025.112742,https://doi.org/10.1016/j.patcog.2025.112742
908,Method,Denoising-enhanced pancreatic segmentation using diverse kernel mutual adaptive learning,"Qi Li, Lianghui Cheng, Zhen Xia, Pu Huang, Xiyu Liu, Guanzhong Gong, Dengwang Li, Jie Xue",172.0,,2026-4,Issue/Volume,10.1016/j.patcog.2025.112751,https://doi.org/10.1016/j.patcog.2025.112751
909,Method,Frequency-guided multi-level human action anomaly detection with normalizing flows,"Shun Maeda, Chunzhi Gu, Jun Yu, Shogo Tokai, Shangce Gao, Chao Zhang",172.0,,2026-4,Issue/Volume,10.1016/j.patcog.2025.112770,https://doi.org/10.1016/j.patcog.2025.112770
910,Method,BCFNet: Bi-temporal collaborative fusion network for multi-modal humor detection,"Boya Deng, Jianzhao Li, Maoguo Gong, Zedong Tang, Yourun Zhang, Kaiyuan Feng, Yue Wu",172.0,,2026-4,Issue/Volume,10.1016/j.patcog.2025.112744,https://doi.org/10.1016/j.patcog.2025.112744
911,Method,Restoration of partially damaged fingerprints using a partial differential equation,"Sangkwon Kim, Yibao Li, Soobin Kwak, Junseok Kim",172.0,,2026-4,Issue/Volume,10.1016/j.patcog.2025.112694,https://doi.org/10.1016/j.patcog.2025.112694
912,Method,Global aggregated gradient-guided adversarial attacks for person re-identification,"Zeze Tao, Hui Li, Jinjia Peng, Huibing Wang",172.0,,2026-4,Issue/Volume,10.1016/j.patcog.2025.112760,https://doi.org/10.1016/j.patcog.2025.112760
913,Method,Semi-supervised crowd counting from unlabeled data,"Haoran Duan, Yawen Huang, Yang Long, Xian Wu, Feiyue Huang, Shaoxin Li",172.0,,2026-4,Issue/Volume,10.1016/j.patcog.2025.112787,https://doi.org/10.1016/j.patcog.2025.112787
914,Method,A comprehensive analysis of Mamba for 3D volumetric medical image segmentation,"Chaohan Wang, Yutong Xie, Qi Chen, Yuyin Zhou, Qi Wu",173.0,,2026-5,Issue/Volume,10.1016/j.patcog.2025.112701,https://doi.org/10.1016/j.patcog.2025.112701
915,Method,Adaptive fuzzy feature selection with the fusion of data distribution information,"Yang Huang, Yuqi Zhang, Changzhong Wang, Shuang An",172.0,,2026-4,Issue/Volume,10.1016/j.patcog.2025.112785,https://doi.org/10.1016/j.patcog.2025.112785
916,Method,Implicit authentication method based on image temporal features,"Xiaoyu Yang, Shida Tu, Bo Hu, Shihao Xu, Qingpeng Yang, Guangqiang Yin, Zhiguo Wang",172.0,,2026-4,Issue/Volume,10.1016/j.patcog.2025.112564,https://doi.org/10.1016/j.patcog.2025.112564
917,Method,Multi-view graph pooling via dominant sets for graph classification,"Waqar Ali, Sebastiano Vascon, Thilo Stadelmann, Marcello Pelillo",172.0,,2026-4,Issue/Volume,10.1016/j.patcog.2025.112786,https://doi.org/10.1016/j.patcog.2025.112786
918,Method,A multi-expert framework for enhancing multimodal large language models in industrial anomaly detection,"Zhiling Chen, Farhad Imani",172.0,,2026-4,Issue/Volume,10.1016/j.patcog.2025.112752,https://doi.org/10.1016/j.patcog.2025.112752
919,Method,MolRL: Self-supervised molecular image representation learning via graph structure bootstrapping,"Dongjing Shan, Yamei Luo, Hong Yuan, Jiashun Mao, Limin Wang",172.0,,2026-4,Issue/Volume,10.1016/j.patcog.2025.112773,https://doi.org/10.1016/j.patcog.2025.112773
920,Method,E2IGB: Enhanced effective-information-guided class-balanced loss for long-tailed object recognition,"Hong Zhang, Tian He, Zhigang Li, Yangyan Deng, Yachun Feng, Ding Yuan, Yifan Yang",173.0,,2026-5,Issue/Volume,10.1016/j.patcog.2025.112756,https://doi.org/10.1016/j.patcog.2025.112756
921,Method,Few-label blind image quality assessment via samples chosen from new and existing scenes,"Deqiang Cheng, Zihao Li, Tianshu Song, Qiqi Kou, Leida Li",172.0,,2026-4,Issue/Volume,10.1016/j.patcog.2025.112747,https://doi.org/10.1016/j.patcog.2025.112747
922,Method,TransFA: Transformer-based representation for face attribute evaluation,"Decheng Liu, Weijie He, Chunlei Peng, Nannan Wang, Jie Li, Xinbo Gao",172.0,,2026-4,Issue/Volume,10.1016/j.patcog.2025.112733,https://doi.org/10.1016/j.patcog.2025.112733
923,Method,PMDAv2: Multi-scale prototype matching for domain adaptive semantic segmentation,"Weiwei Li, Yuchen Zheng, Yuanyuan Ren, Junzhuo Liu, Yahao Liu, Wen Li",173.0,,2026-5,Issue/Volume,10.1016/j.patcog.2025.112771,https://doi.org/10.1016/j.patcog.2025.112771
924,Method,Tensor band restricted thresholding algorithms for affine tensor rank minimization,"Guangrong Wu, Haiyang Li, Fujun Zhao, Hao Chen, Jigen Peng",172.0,,2026-4,Issue/Volume,10.1016/j.patcog.2025.112704,https://doi.org/10.1016/j.patcog.2025.112704
925,Method,One-shot unsupervised industrial anomaly detection: Enhanced performance under extreme data scarcity,"Jiayin Zhou, Waikeung Wong, Fangjian Liao",173.0,,2026-5,Issue/Volume,10.1016/j.patcog.2025.112759,https://doi.org/10.1016/j.patcog.2025.112759
926,Method,Structural entropy guided relation extraction on adaptive graph structure,"Jiahui Wang, Jiangming Liu, Kun Yue, Liang Duan, Jiande Wu",172.0,,2026-4,Issue/Volume,10.1016/j.patcog.2025.112789,https://doi.org/10.1016/j.patcog.2025.112789
927,Method,On the correlations between geometric metrics and fairness in pruning CNN,"Xiyan Xu, Jinjie Lu, Tianlong Gu, Xiaoli Liu, Fengrui Hao",172.0,,2026-4,Issue/Volume,10.1016/j.patcog.2025.112734,https://doi.org/10.1016/j.patcog.2025.112734
928,Method,MoTiC: momentum tightness and contrast for few-shot class-incremental learning,"Zeyu He, Shuai Huang, Yuwu Lu, Ming Zhao",173.0,,2026-5,Issue/Volume,10.1016/j.patcog.2025.112753,https://doi.org/10.1016/j.patcog.2025.112753
929,Method,Multi-graph spatio-temporal network for traffic accident risk forecasting,"Guojian Zou, Zhiyong Zhou, Robert Weibel, Ye Li, Ting Wang, Zongshi Liu, Weiping Ding, Cheng Fu",172.0,,2026-4,Issue/Volume,10.1016/j.patcog.2025.112784,https://doi.org/10.1016/j.patcog.2025.112784
930,Method,DiffProtect: Generative adversarial examples using diffusion models for facial privacy protection,"Jiang Liu, Chun Pong Lau, Zhongliang Guo, Yuxiang Guo, Zhaoyang Wang, Rama Chellappa",173.0,,2026-5,Issue/Volume,10.1016/j.patcog.2025.112780,https://doi.org/10.1016/j.patcog.2025.112780
931,Method,3D point cloud classification network with hybrid sampling enhancement and point energy attention,"Di Tian, Mingming Gong, Jiabo Li, Jiahang Shi",172.0,,2026-4,Issue/Volume,10.1016/j.patcog.2025.112791,https://doi.org/10.1016/j.patcog.2025.112791
932,Method,A Retinex-based variational model for low-light image enhancement with noise transformation,"Sheng Fu, Junchao Zhang, Yidong Luo",172.0,,2026-4,Issue/Volume,10.1016/j.patcog.2025.112781,https://doi.org/10.1016/j.patcog.2025.112781
933,Method,Enhancing visual inertial odometry with efficient dynamic PerceptionNet and consistency improvement fusion,"Ganchao Liu, Haozhe Tian, Qiang Gao, Yuan Yuan",173.0,,2026-5,Issue/Volume,10.1016/j.patcog.2025.112779,https://doi.org/10.1016/j.patcog.2025.112779
934,Method,Exploiting Hu invariant moments and deep features for image retrieval,"Guang-Hai Liu, Zuoyong Li, David Zhang",173.0,,2026-5,Issue/Volume,10.1016/j.patcog.2025.112801,https://doi.org/10.1016/j.patcog.2025.112801
935,Method,Efficient industrial anomaly detection via cross-scale distillation with enhanced feature compression,"Ronglong Hu, Jizheng Yi, Xiaoyao Li, Aibin Chen, Guangjie Han",173.0,,2026-5,Issue/Volume,10.1016/j.patcog.2025.112761,https://doi.org/10.1016/j.patcog.2025.112761
936,Method,DyGLNet: Hybrid global-local feature fusion with dynamic upsampling for medical image segmentation,"Yican Zhao, Ce Wang, You Hao, Lei Li, Tianli Liao",173.0,,2026-5,Issue/Volume,10.1016/j.patcog.2025.112792,https://doi.org/10.1016/j.patcog.2025.112792
937,Method,Learning contrastive feature representations for facial action unit detection,"Ziqiao Shang, Bin Liu, Fengmao Lv, Fei Teng, Tianrui Li, Lan-Zhe Guo",173.0,,2026-5,Issue/Volume,10.1016/j.patcog.2025.112746,https://doi.org/10.1016/j.patcog.2025.112746
938,Method,ADNet: Delving into generalizable deepfake detection via adaptive expert selection and discrepancy learning,"Haipeng Chen, Yixin Jia, Zenan Shi, Dong Zhang",173.0,,2026-5,Issue/Volume,10.1016/j.patcog.2025.112755,https://doi.org/10.1016/j.patcog.2025.112755
939,Method,Spatial coherence loss: All objects matter in salient and camouflaged object detection,"Ziyun Yang, Kevin Choy, Sina Farsiu",173.0,,2026-5,Issue/Volume,10.1016/j.patcog.2025.112798,https://doi.org/10.1016/j.patcog.2025.112798
940,Method,TSLDSeg: A texture-aware and semantic-enhanced latent diffusion model for medical image segmentation,"Zongjian Yang, Chunquan Li, Jiquan Ma",173.0,,2026-5,Issue/Volume,10.1016/j.patcog.2025.112795,https://doi.org/10.1016/j.patcog.2025.112795
941,Method,Wavelet-based learning and optimized sampling for image deraining,"Yuan Meng, Yubin Gu, Xiaoshuai Sun, Jiayi Ji, Weijian Ruan, Rongrong Ji",173.0,,2026-5,Issue/Volume,10.1016/j.patcog.2025.112782,https://doi.org/10.1016/j.patcog.2025.112782
942,Method,FL-WOSP: Federated learning with walrus optimization for sepsis prediction using MIMIC-III physiological and clinical data,"Betshrine Rachel Jibinsingh, Leema Nelson",173.0,,2026-5,Issue/Volume,10.1016/j.patcog.2025.112813,https://doi.org/10.1016/j.patcog.2025.112813
943,Method,Two-stage diffusion for hands and articulated objects interaction synthesis,"Wenqian Sun, Binghui Zuo, Zimeng Zhao, Zijing Wu, Yangang Wang",173.0,,2026-5,Issue/Volume,10.1016/j.patcog.2025.112783,https://doi.org/10.1016/j.patcog.2025.112783
944,Method,Hybrid-stage association with dynamicity adaptation and enhanced cues for multi-object tracking and segmentation,"Longtao Chen, Guoxing Liao, Yifan Shi, Jing Lou, Fenglei Xu, Huanqiang Zeng",173.0,,2026-5,Issue/Volume,10.1016/j.patcog.2025.112803,https://doi.org/10.1016/j.patcog.2025.112803
945,Method,Diversity covariance-aware prompt learning for vision-language models,"Zhengdong Zhou, Songlin Dong, Chenhao Ding, Xinyuan Gao, Yuhang He, Yihong Gong",173.0,,2026-5,Issue/Volume,10.1016/j.patcog.2025.112806,https://doi.org/10.1016/j.patcog.2025.112806
946,Method,Arbitrary-scale atmospheric downscaling with mixture of implicit neural networks trained on fixed-scale data,"Teng–Yue Chen, Jie–Lan Xie, Wei Zhou, Jian–Fang Hu, Peng–Qin Yao, Tian-Ming Liang, Wei-Shi Zheng, Pak-Wai Chan",173.0,,2026-5,Issue/Volume,10.1016/j.patcog.2025.112802,https://doi.org/10.1016/j.patcog.2025.112802
947,Method,FPQuant: A deep learning-based scalable framework for fingerprint phenomics quantification in large-scale biometric population studies,"Zhiyong Han, Yelin Shi, Zhao Zhang, Mu Li, Haiguo Zhang, Jingze Tan, Wentian Zhen, Tingting Liu, Xueying Wang, Chengyan Wang, Jiucun Wang, Li Jin, Sijia Wang, Manhua Liu, Jinxi Li",173.0,,2026-5,Issue/Volume,10.1016/j.patcog.2025.112808,https://doi.org/10.1016/j.patcog.2025.112808
948,Method,BLPNet: Boosting localization perception network for foveal avascular zone segmentation,"Zihang Zhan, Xinpeng Zhang, Meng Zhao, Yao Zhang, Wei Zhou",173.0,,2026-5,Issue/Volume,10.1016/j.patcog.2025.112790,https://doi.org/10.1016/j.patcog.2025.112790
949,Method,Mambafusion: State-space model-driven object-scene fusion for multi-modal 3D object detection,"Tong Ning, Ke Lu, Xirui Jiang, Jian Xue",173.0,,2026-5,Issue/Volume,10.1016/j.patcog.2025.112820,https://doi.org/10.1016/j.patcog.2025.112820
950,Method,A fair spectral clustering with weighted fairness constraints,"Ruixin Feng, Caiming Zhong, Jiangbo Qian, Tiejun Pan, Xiaodong Yue",173.0,,2026-5,Issue/Volume,10.1016/j.patcog.2025.112821,https://doi.org/10.1016/j.patcog.2025.112821
951,Method,Multi-level ensemble feature selection for omics data,"Xiaojian Ding, Xin Wang, Shilin Chen, Kaixiang Wang",173.0,,2026-5,Issue/Volume,10.1016/j.patcog.2025.112809,https://doi.org/10.1016/j.patcog.2025.112809
952,Method,Query expansion with topic-aware in-context learning and vocabulary projection for open-domain dense retrieval,"Ronghan Li, Mingze Cui, Benben Wang, Yu Wang, Qiguang Miao",173.0,,2026-5,Issue/Volume,10.1016/j.patcog.2025.112812,https://doi.org/10.1016/j.patcog.2025.112812
953,Method,Deep semi-supervised relation preserving learning model,"Chenxi Tian, Lingling Li, Xu Liu, Licheng Jiao, Fang Liu, Shuyuan Yang",173.0,,2026-5,Issue/Volume,10.1016/j.patcog.2025.112793,https://doi.org/10.1016/j.patcog.2025.112793
954,Method,Deep positional encoders for graph classification,"Ahmed Begga, Miguel Ángel Lozano, Francisco Escolano",173.0,,2026-5,Issue/Volume,10.1016/j.patcog.2025.112828,https://doi.org/10.1016/j.patcog.2025.112828
955,Method,Cross-scale adaptive transformer with hierarchical feature synergy for aerial small object detection,"Wenke Zhang, Mengmeng Liao",173.0,,2026-5,Issue/Volume,10.1016/j.patcog.2025.112822,https://doi.org/10.1016/j.patcog.2025.112822
956,Method,Structure and sensitivity in 3D human pose similarity quantification and estimation,"Kyoungoh Lee, Jungwoo Huh, Jiwoo Kang, Sanghoon Lee",173.0,,2026-5,Issue/Volume,10.1016/j.patcog.2025.112805,https://doi.org/10.1016/j.patcog.2025.112805
957,Method,CEA-Net: A multi-modal model for corn disease classification with dynamic fusion and cross-layer connection mechanism,"Haoyang Wang, Guoxiong Zhou, Guiyun Chen",173.0,,2026-5,Issue/Volume,10.1016/j.patcog.2025.112788,https://doi.org/10.1016/j.patcog.2025.112788
958,Method,Intra-modal consistency for image-text retrieval through soft-label distillation,"Da Chen, Yangtao Wang, Yanzhao Xie, Siyuan Chen, Weilong Peng, Maobin Tang, Meie Fang, C. L. Philip Chen, Ping Li, Wensheng Zhang",173.0,,2026-5,Issue/Volume,10.1016/j.patcog.2025.112817,https://doi.org/10.1016/j.patcog.2025.112817
959,Method,Hierarchical order preserving spectral embedding,"Zhiguo Long, Yinghao He, Hua Meng, Tianrui Li",173.0,,2026-5,Issue/Volume,10.1016/j.patcog.2025.112758,https://doi.org/10.1016/j.patcog.2025.112758
960,Method,Fast online ℓ0 elastic net subspace clustering via a novel dictionary update strategy,"Wentao Qu, Lingchen Kong, Linglong Kong, Bei Jiang",173.0,,2026-5,Issue/Volume,10.1016/j.patcog.2025.112829,https://doi.org/10.1016/j.patcog.2025.112829
961,Method,Curvi-Tracker: Curvilinear structure segmentation refinement by iterative tracking,"Zhan Heng, Maurice Pagnucco, Erik Meijering, Yang Song",173.0,,2026-5,Issue/Volume,10.1016/j.patcog.2025.112797,https://doi.org/10.1016/j.patcog.2025.112797
962,Method,Robust and flexible multi-view subspace clustering with nuclear norm,"Shaojun Shi, Yibing Liu, Canyu Zhang, Sisi Wang, Feiping Nie",173.0,,2026-5,Issue/Volume,10.1016/j.patcog.2025.112804,https://doi.org/10.1016/j.patcog.2025.112804
963,Method,HyperPoint: Multimodal 3D foundation model in hyperbolic space,"Yiding Sun, Haozhe Cheng, Chaoyi Lu, Zhengqiao Li, Minghong Wu, Huimin Lu, Jihua Zhu",173.0,,2026-5,Issue/Volume,10.1016/j.patcog.2025.112800,https://doi.org/10.1016/j.patcog.2025.112800
964,Method,State transition difference prediction for deep reinforcement learning,"Haotian Chi, Zhaogeng Liu, Xing Chen, Bohao Qu, Jifeng Hu, Yuan Jiang, Hechang Chen, Yi Chang",173.0,,2026-5,Issue/Volume,10.1016/j.patcog.2025.112824,https://doi.org/10.1016/j.patcog.2025.112824
965,Method,FDNet: High-frequency disentanglement network with information-theoretic guidance for multivariate time series forecasting,"Ao Hu, Liangjian Wen, Jiang Duan, Yong Dai, Dongkai Wang, Shudong Huang, Jun Wang, Zenglin Xu",173.0,,2026-5,Issue/Volume,10.1016/j.patcog.2025.112810,https://doi.org/10.1016/j.patcog.2025.112810
966,Method,iClickSeg: Interactive click segmentation for zero-shot cross-category 3D part segmentation,"Xing Yi, Liu Liu, Qiupu Chen, Li Zhang, Dan Guo",173.0,,2026-5,Issue/Volume,10.1016/j.patcog.2025.112816,https://doi.org/10.1016/j.patcog.2025.112816
967,Method,R-FGDepth: Towards foundation models for recurrent depth learning with frequency-Guided initialization and refinement,"Zhaoxin Fan, Gen Li, Zhongkai Zhou",173.0,,2026-5,Issue/Volume,10.1016/j.patcog.2025.112843,https://doi.org/10.1016/j.patcog.2025.112843
968,Method,Regularized evidential neural networks for deep active learning,"Pengju Wang, Sicong Zhang, Rongrong Chen, Jiamin Chen, Yufeng Fan, Lulu Ning, Yongfeng Cao",173.0,,2026-5,Issue/Volume,10.1016/j.patcog.2025.112836,https://doi.org/10.1016/j.patcog.2025.112836
969,Method,Prompt-oriented and frequency-regularized schrödinger bridge for unpaired rain streaks and raindrops removal,"Yuanbo Wen, Jing Qin, Ting Chen, Tao Gao",173.0,,2026-5,Issue/Volume,10.1016/j.patcog.2025.112862,https://doi.org/10.1016/j.patcog.2025.112862
970,Method,Nested evolution for interactively fusing feature agents and learning ensembled classifier agents,"Qinghua Huang, Haoning Li, Hao Xu, Cong Wang",173.0,,2026-5,Issue/Volume,10.1016/j.patcog.2025.112837,https://doi.org/10.1016/j.patcog.2025.112837
971,Method,Text-Centric multimodal sentiment analysis with asymmetric fine-tuning,"Hanzhao Pan, Gengshen Wu, Yi Liu, Jungong Han",173.0,,2026-5,Issue/Volume,10.1016/j.patcog.2025.112842,https://doi.org/10.1016/j.patcog.2025.112842
972,Method,MSG-CLIP: Enhancing CLIP’s ability to learn fine-grained structural associations through multi-modal scene graph alignment,"Xiaotian Lv, Yue Zhao, Hanlong Yin, Yifei Chen, Jianxing Liu",173.0,,2026-5,Issue/Volume,10.1016/j.patcog.2025.112794,https://doi.org/10.1016/j.patcog.2025.112794
973,Method,GStitch: Spatial-temporal fusion of 3D Gaussian splattings for scalable 3D reconstruction,"Licheng Shen, Ho Ngai Chow, Lingyun Wang, Tong Zhang, Mengqiu Wang, Xiaoxin Li, Yibo Li, Yuxing Han",173.0,,2026-5,Issue/Volume,10.1016/j.patcog.2025.112826,https://doi.org/10.1016/j.patcog.2025.112826
974,Method,Entropy-aware dynamic bias watermarking for LLM-generated emotional content,"Dawei Xu, Xuyang Dong, Chunhai Li, Baokun Zheng, Chuan Zhang, Yilin Chen, Liehuang Zhu",173.0,,2026-5,Issue/Volume,10.1016/j.patcog.2025.112866,https://doi.org/10.1016/j.patcog.2025.112866
975,Method,DANIM: Domain adaptation network with intermediate domain masking for night-time scene parsing,"Qijian Tian, Sen Wang, Ran Yi, Zufeng Zhang, Bin Sheng, Xin Tan, Lizhuang Ma",173.0,,2026-5,Issue/Volume,10.1016/j.patcog.2025.112796,https://doi.org/10.1016/j.patcog.2025.112796
976,Method,Source-free domain adaptation via multimodal space-guided alignment,"Lijuan Chen, Yunxiang Bai, Ying Hu, Qiong Wang, Xiaozhi Qi",173.0,,2026-5,Issue/Volume,10.1016/j.patcog.2025.112827,https://doi.org/10.1016/j.patcog.2025.112827
977,Method,ObjectAdd: Adding objects into image via a training-free diffusion modification fashion,"Ziyue Zhang, Mingbao Lin, Quanjian Song, Yuxin Zhang, Rongrong Ji",174.0,,2026-6,Issue/Volume,10.1016/j.patcog.2025.112807,https://doi.org/10.1016/j.patcog.2025.112807
978,Method,Attention-driven refinement network for continuity-preserving airway segmentation in class-imbalanced CT,"Guobin Zhang, Kelong Chen, Yucan Liu, Shuai Li, Zhenzhong Liu",173.0,,2026-5,Issue/Volume,10.1016/j.patcog.2025.112838,https://doi.org/10.1016/j.patcog.2025.112838
979,Method,GELD: A unified neural model for efficiently solving traveling salesman problems across different scales,"Yubin Xiao, Di Wang, Rui Cao, Xuan Wu, Boyang Li, You Zhou",173.0,,2026-5,Issue/Volume,10.1016/j.patcog.2025.112865,https://doi.org/10.1016/j.patcog.2025.112865
980,Method,Omnidirectional image quality assessment using frequency-domain information,"Lixiong Liu, Ruibo Cheng, Qingbing Sang, Qiuping Jiang",173.0,,2026-5,Issue/Volume,10.1016/j.patcog.2025.112882,https://doi.org/10.1016/j.patcog.2025.112882
981,Method,ULDGN: Uncertainty-aware language-guided domain generalization network for cross-scene hyperspectral image classification,"Xiaomin Liu, Tianyang Duan, Haoyu Wang",174.0,,2026-6,Issue/Volume,10.1016/j.patcog.2025.112839,https://doi.org/10.1016/j.patcog.2025.112839
982,Method,A multi-spatiotemporal joint next-POI travel sequence recommendation method based on federated learning,"Chunhua Ju, Huajian Zhou, Fuguang Bao, Chonghuan Xu",173.0,,2026-5,Issue/Volume,10.1016/j.patcog.2025.112867,https://doi.org/10.1016/j.patcog.2025.112867
983,Method,Learning clique-based inter-class affinity for compositional zero-shot learning,"Chenyi Jiang, Qiaolin Ye, Shidong Wang, Zebin Wu, Haofeng Zhang",173.0,,2026-5,Issue/Volume,10.1016/j.patcog.2025.112819,https://doi.org/10.1016/j.patcog.2025.112819
984,Method,Beyond pillars: Advancing 3D object detection with salient voxel enhancement of liDAR-4D radar fusion,"Pengfei Yang, Feng Wu, Minyang Liu, Ting Zhong, Fan Zhou",173.0,,2026-5,Issue/Volume,10.1016/j.patcog.2025.112841,https://doi.org/10.1016/j.patcog.2025.112841
985,Method,Push the limit of scene text recognition using character and text length guided text super-resolution,"Jiangtao Nie, Boxiong Wu, Wenyu Peng, Wei Wei, Lei Zhang, Chen Ding, Yanning Zhang",173.0,,2026-5,Issue/Volume,10.1016/j.patcog.2025.112869,https://doi.org/10.1016/j.patcog.2025.112869
986,Method,Linking model intervention to causal interpretation in model explanation,"Debo Cheng, Ziqi Xu, Jiuyong Li, Lin Liu, Kui Yu, Thuc Duy Le, Jixue Liu",173.0,,2026-5,Issue/Volume,10.1016/j.patcog.2025.112814,https://doi.org/10.1016/j.patcog.2025.112814
987,Method,Fuzzy cluster-aware contrastive clustering for time series,"Congyu Wang, Mingjing Du, Xiang Jiang, Yongquan Dong",173.0,,2026-5,Issue/Volume,10.1016/j.patcog.2025.112899,https://doi.org/10.1016/j.patcog.2025.112899
988,Method,MDCM: A multi-granularity disentanglement and cross-modal synergy-based model for sentiment analysis,"Mengsheng Wang, Lun Xie, Xiaolan Peng, Xinheng Wang",173.0,,2026-5,Issue/Volume,10.1016/j.patcog.2025.112898,https://doi.org/10.1016/j.patcog.2025.112898
989,Method,Multi-model co-training for medical image segmentation with limited annotation,"Yuanzhi Cheng, Xinghu Zhou, Guanghan Wang",173.0,,2026-5,Issue/Volume,10.1016/j.patcog.2025.112885,https://doi.org/10.1016/j.patcog.2025.112885
990,Method,LLHA-Net: A hierarchical attention network for two-view correspondence learning,"Shuyuan Lin, Yu Guo, Xiao Chen, Yanjie Liang, Guobao Xiao, Feiran Huang",173.0,,2026-5,Issue/Volume,10.1016/j.patcog.2025.112896,https://doi.org/10.1016/j.patcog.2025.112896
991,Method,Learn from foundation model: Fruit detection model without manual annotation,"Yanan Wang, Zhenghao Fei, Ruichen Li, Yibin Ying",174.0,,2026-6,Issue/Volume,10.1016/j.patcog.2025.112799,https://doi.org/10.1016/j.patcog.2025.112799
992,Method,Deep learning-based detection of autism spectrum disorder and emotion recognition in children,"T. Akalya, D. Ramyachitra, M. Shabarna, C. Legha",173.0,,2026-5,Issue/Volume,10.1016/j.patcog.2025.112906,https://doi.org/10.1016/j.patcog.2025.112906
993,Method,Online multi-label classification under noisy and changing label distribution,"Yizhang Zou, Xuegang Hu, Peipei Li, You Wu, Jun Hu",173.0,,2026-5,Issue/Volume,10.1016/j.patcog.2025.112892,https://doi.org/10.1016/j.patcog.2025.112892
994,Method,DiMo: Diffusion transformers for monocular human motion estimation in the world system,"Xuesi Qiu, Zhao Wang, Jun Xiao, Yinyu Nie",173.0,,2026-5,Issue/Volume,10.1016/j.patcog.2025.112884,https://doi.org/10.1016/j.patcog.2025.112884
995,Method,RVGCL: Towards robust recommendation via graph contrastive learning with variational inference,"Fengjie Li, Hong Zhang, Mingyu Zhang, Liqiang Wang, Miao Wang",173.0,,2026-5,Issue/Volume,10.1016/j.patcog.2025.112891,https://doi.org/10.1016/j.patcog.2025.112891
996,Method,DPtSTrip: Adversarially robust learning with distance-aware point-to-set triplet loss,"Ran Wang, Meng Hu, Xinlei Zhou, Yuheng Jia",173.0,,2026-5,Issue/Volume,10.1016/j.patcog.2025.112840,https://doi.org/10.1016/j.patcog.2025.112840
997,Method,Global context guided refinement and aggregation network for lightweight surface defect detection,"Feng Yan, Xiaoheng Jiang, Yang Lu, Lisha Cui, Jiale Cao, Mingliang Xu",173.0,,2026-5,Issue/Volume,10.1016/j.patcog.2025.112893,https://doi.org/10.1016/j.patcog.2025.112893
998,Method,Adaptive risk-aware reinforcement learning for safe navigation of unmanned systems,"Qisong Yang, Hongyang Gu, Dengxiu Yu, Bangjie Li",173.0,,2026-5,Issue/Volume,10.1016/j.patcog.2025.112900,https://doi.org/10.1016/j.patcog.2025.112900
999,Method,A comprehensive approach for image quality assessment using quality-centric embedding and ranking networks,"Zeeshan Ali Haider, Sareer Ul Amin, Muhammad Fayaz, Fida Muhammad Khan, Hyeonjoon Moon, Sanghyun Seo",173.0,,2026-5,Issue/Volume,10.1016/j.patcog.2025.112890,https://doi.org/10.1016/j.patcog.2025.112890
1000,Method,Multi-view fuzzy C-means clustering via multi-objective slime mould and cooperative learning,"Lin Sun, Yiman Zhang, Weiping Ding, Jiucheng Xu",173.0,,2026-5,Issue/Volume,10.1016/j.patcog.2025.112908,https://doi.org/10.1016/j.patcog.2025.112908
1001,Method,Dynamic prototype with discriminative representation for rapid adaptation in new organ segmentation,"Hailing Wang, Yu Chen, Xinyue Zhang, Guitao Cao, Wenming Cao",173.0,,2026-5,Issue/Volume,10.1016/j.patcog.2025.112870,https://doi.org/10.1016/j.patcog.2025.112870
1002,Method,CLIP-driven rain perception: Adaptive deraining with pattern-aware network routing and mask-guided cross-attention,"Cong Guan, Osamu Yoshie",173.0,,2026-5,Issue/Volume,10.1016/j.patcog.2025.112886,https://doi.org/10.1016/j.patcog.2025.112886
1003,Method,MODE: A model-agnostic framework for object detection under adverse weather conditions,"Tuan-Duc Nguyen, Duc-Trong Le",173.0,,2026-5,Issue/Volume,10.1016/j.patcog.2025.112868,https://doi.org/10.1016/j.patcog.2025.112868
1004,Method,Enhancing the impact of model performance gains for semi-supervised medical image segmentation,"Wenbin Zuo, Hongying Liu, Huadeng Wang, Lingqi Zeng, Ningning Tang, Fanhua Shang, Liang Wan, Jingjing Deng",174.0,,2026-6,Issue/Volume,10.1016/j.patcog.2025.112889,https://doi.org/10.1016/j.patcog.2025.112889
1005,Method,Multimodal alignment of event and text streams in spiking neural networks for human action recognition,"Ziliang Ren, Jiaqi Chen, Qieshi Zhang, Weiyu Yu, Fuyong Zhang",173.0,,2026-5,Issue/Volume,10.1016/j.patcog.2025.112897,https://doi.org/10.1016/j.patcog.2025.112897
1006,Method,Auto-weighted tensor completion and its fast algorithm,"Xinnian Song, Guojun Liu, Jianjun Wang, Jing Yue",174.0,,2026-6,Issue/Volume,10.1016/j.patcog.2025.112880,https://doi.org/10.1016/j.patcog.2025.112880
1007,Method,LFT-Net: A lightweight frequency-based transformer for low-light enhancement and exposure correction,"Zilong Qi, Shijie Sun, Xinyi Liu, Luqian Zhou, Jingqi Qiao, Li Zhu",173.0,,2026-5,Issue/Volume,10.1016/j.patcog.2025.112887,https://doi.org/10.1016/j.patcog.2025.112887
1008,Method,Boosting the patch-based self-supervised learning through past-to-present smoothing,"Hanpeng Liu, Shuoxi Zhang, Kaiyuan Gao, Kun He",173.0,,2026-5,Issue/Volume,10.1016/j.patcog.2025.112871,https://doi.org/10.1016/j.patcog.2025.112871
1009,Method,Text-guided weakly supervised framework for dynamic facial expression recognition,"Gunho Jung, Heejo Kong, Seong-Whan Lee",173.0,,2026-5,Issue/Volume,10.1016/j.patcog.2025.112910,https://doi.org/10.1016/j.patcog.2025.112910
1010,Method,NuclSeg-v2.0: Nuclei segmentation using semi-supervised stain deconvolution with real-time user feedback,"Haixin Wang, Jian Yang, Ryohei Katayama, Michiya Matusaki, Tomoyuki Miyao, Ying Li, Jinjia Zhou",173.0,,2026-5,Issue/Volume,10.1016/j.patcog.2025.112823,https://doi.org/10.1016/j.patcog.2025.112823
1011,Method,Towards desiderata-driven design of visual counterfactual explainers,"Sidney Bender, Jan Herrmann, Klaus-Robert Müller, Grégoire Montavon",174.0,,2026-6,Issue/Volume,10.1016/j.patcog.2025.112811,https://doi.org/10.1016/j.patcog.2025.112811
1012,Method,Global and local Mamba network for multi-modality medical image super-resolution,"Zexin Ji, Beiji Zou, Xiaoyan Kui, Sébastien Thureau, Su Ruan",173.0,,2026-5,Issue/Volume,10.1016/j.patcog.2025.112888,https://doi.org/10.1016/j.patcog.2025.112888
1013,Method,CRB-NCE: An adaptable cohesion rule-based approach to number of clusters estimation,"J. Tinguaro Rodríguez, Xabier Gonzalez-Garcia, Daniel Gómez, Humberto Bustince",173.0,,2026-5,Issue/Volume,10.1016/j.patcog.2025.112909,https://doi.org/10.1016/j.patcog.2025.112909
1014,Method,Explicit semantic guidance for single image reflection removal via perceptual influence modeling,"Binghao Ren, Bin Zhao, Yuan Yuan",173.0,,2026-5,Issue/Volume,10.1016/j.patcog.2025.112881,https://doi.org/10.1016/j.patcog.2025.112881
1015,Method,A reinforcement learning framework for energy-optimal UAV path planning in wind fields,"Fangjia Lian, Bangjie Li, Desong Du, Hongwei Zhu, Qisong Yang",173.0,,2026-5,Issue/Volume,10.1016/j.patcog.2025.112912,https://doi.org/10.1016/j.patcog.2025.112912
1016,Method,Data-driven bayesian-guided activation functions for multi-task pattern recognition,"Rui-Jun Bai, Luyang Li, Zhong Li, Jia Guo, Chenkai Zhao, Weicheng Zeng, Haozhao Feng, Hanming Wei, Ping Chen",173.0,,2026-5,Issue/Volume,10.1016/j.patcog.2025.112911,https://doi.org/10.1016/j.patcog.2025.112911
1017,Method,End-to-end susceptibility-induced distortion correction for diffusion MRI with unsupervised deep learning,"Jianhui Feng, Yonggang Shi, Yuchuan Qiao",173.0,,2026-5,Issue/Volume,10.1016/j.patcog.2025.112894,https://doi.org/10.1016/j.patcog.2025.112894
1018,Method,Parallel consensus transformer for local feature matching,"Xiaoyong Lu, Yuhan Chen, Bin Kang, Songlin Du",173.0,,2026-5,Issue/Volume,10.1016/j.patcog.2025.112905,https://doi.org/10.1016/j.patcog.2025.112905
1019,Method,Selective intra- and inter-slice interaction for efficient anisotropic medical image segmentation,"Xian Lin, Xiayu Guo, Zengqiang Yan, Li Yu",174.0,,2026-6,Issue/Volume,10.1016/j.patcog.2025.112895,https://doi.org/10.1016/j.patcog.2025.112895
1020,Method,SVA: Towards speech-Enabled vision-Language-Action model,"Lingxiao Li, Jiacheng Fan, Xiaohui Ni, Sujuan Qin, Wenmin Li, Fei Gao",173.0,,2026-5,Issue/Volume,10.1016/j.patcog.2025.112915,https://doi.org/10.1016/j.patcog.2025.112915
1021,Method,A regularized deep self-expression feature augmentation network for few-shot unconstrained palmprint recognition,"Kunlei Jing, Hebo Ma, Chen Zhang, Zhiyuan Zha, Bihan Wen",173.0,,2026-5,Issue/Volume,10.1016/j.patcog.2025.112904,https://doi.org/10.1016/j.patcog.2025.112904
1022,Method,Multi-modal integration with adversarial mutual distribution matching,"Ouhan Huang, Jianyang Shi, Ziwei Li, Siyuan Ye, Chao Shen, Junwen Zhang, Haiwen Cai, Nan Chi, Feng Bao",174.0,,2026-6,Issue/Volume,10.1016/j.patcog.2025.112818,https://doi.org/10.1016/j.patcog.2025.112818
1023,Method,Supervisory feedback for high-resolution low-textured large-scale multi-view stereo,"Yongjian Liao, Liqun Chen, Wenjun Chen, Shixiang Huang, Chunxi Li, Jiahuan Zhou, Luxin Yan, Sheng Zhong, Xu Zou",173.0,,2026-5,Issue/Volume,10.1016/j.patcog.2025.112907,https://doi.org/10.1016/j.patcog.2025.112907
1024,Method,LLM-informed global-local contextualization for zero-shot food detection,"Xinlong Wang, Weiqing Min, Guorui Sheng, Jingru Song, Yancun Yang, Tao Yao, Shuqiang Jiang",173.0,,2026-5,Issue/Volume,10.1016/j.patcog.2025.112928,https://doi.org/10.1016/j.patcog.2025.112928
1025,Method,Towards maximizing feature efficiency: All-in-one image restoration via radial basis attention,"Cheol-Hoon Park, Hyun-Duck Choi",173.0,,2026-5,Issue/Volume,10.1016/j.patcog.2025.112815,https://doi.org/10.1016/j.patcog.2025.112815
1026,Method,MS2Edge: Towards energy-efficient and crisp edge detection with multi-scale residual learning in SNNs,"Yimeng Fan, Changsong Liu, Mingyang Li, Yuzhou Dai, Yanyan Liu, Wei Zhang",174.0,,2026-6,Issue/Volume,10.1016/j.patcog.2025.112883,https://doi.org/10.1016/j.patcog.2025.112883
1027,Method,Rethinking normalization strategies and convolutional kernels for multimodal image fusion,"Dan He, Guofen Wang, Weisheng Li, Yucheng Shu, Wenbo Li, Lijian Yang, Yuping Huang, Feiyan Li",173.0,,2026-5,Issue/Volume,10.1016/j.patcog.2025.112903,https://doi.org/10.1016/j.patcog.2025.112903
1028,Method,Frequency-domain multi-regularization-experts fusion for robust non-line-of-sight imaging,"Qinghua Zhang, Xi Ling, Yuping Duan, Jun Liu",173.0,,2026-5,Issue/Volume,10.1016/j.patcog.2025.112914,https://doi.org/10.1016/j.patcog.2025.112914
1029,Method,FVR: Feature variance reduction for post-hoc network calibration,"Jongyoun Noh, Hyekang Park, Bumsub Ham",173.0,,2026-5,Issue/Volume,10.1016/j.patcog.2025.112913,https://doi.org/10.1016/j.patcog.2025.112913
1030,Method,Hypergraph regularized discriminative non-negative Tucker decomposition with label information for data clustering,"Guimin Liu, Ruijuan Zhao, Bing Zheng",174.0,,2026-6,Issue/Volume,10.1016/j.patcog.2025.112933,https://doi.org/10.1016/j.patcog.2025.112933
1031,Method,Privacy preserving person re-identification via anonymizing diffusion model,"Rui Wang, Ruikang Lin, Jiabing Yang, Hao Ni, Jingkuan Song",174.0,,2026-6,Issue/Volume,10.1016/j.patcog.2025.112939,https://doi.org/10.1016/j.patcog.2025.112939
1032,Method,SmokeAttack: Physically-based adversarial smoke for LiDAR point cloud detectors,"Xuqin Wei, Shijun Zheng, Lina Yang",173.0,,2026-5,Issue/Volume,10.1016/j.patcog.2025.112920,https://doi.org/10.1016/j.patcog.2025.112920
1033,Method,Robust outlier elimination trace ratio LDA for dimensionality reduction,"Jingyu Wang, Hengheng Yin, Feiping Nie, Xuelong Li",173.0,,2026-5,Issue/Volume,10.1016/j.patcog.2025.112937,https://doi.org/10.1016/j.patcog.2025.112937
1034,Method,Probing unlearned diffusion models: A transferable adversarial attack perspective,"Xiaoxuan Han, Songlin Yang, Wei Wang, Yang Li, Jing Dong",174.0,,2026-6,Issue/Volume,10.1016/j.patcog.2025.112916,https://doi.org/10.1016/j.patcog.2025.112916
1035,Method,LSVG: Language-Guided Scene Graphs with 2D-Assisted Multi-Modal Encoding for 3D Visual Grounding,"Feng Xiao, Hongbin Xu, Guocan Zhao, Wenxiong Kang",174.0,,2026-6,Issue/Volume,10.1016/j.patcog.2025.112926,https://doi.org/10.1016/j.patcog.2025.112926
1036,Method,BLS-CIL: Class Imbalance Broad Learning System via Dual Weighting and Layer Trimming,"M. Tanveer, A. Mishra, M. Sajid, A. Quadir",174.0,,2026-6,Issue/Volume,10.1016/j.patcog.2025.112940,https://doi.org/10.1016/j.patcog.2025.112940
1037,Method,Overcoming occlusions in the wild: A multi-task age head approach to age estimation,"Waqar Tanveer, Laura Fernández-Robles, Eduardo Fidalgo, Víctor González-Castro, Enrique Alegre",174.0,,2026-6,Issue/Volume,10.1016/j.patcog.2025.112917,https://doi.org/10.1016/j.patcog.2025.112917
1038,Method,Efficient hierarchical multi-resolution k-means clustering,"Lin Zhao, Yuan Yuan, Feiping Nie",174.0,,2026-6,Issue/Volume,10.1016/j.patcog.2025.112930,https://doi.org/10.1016/j.patcog.2025.112930
1039,Method,Geometric and topological structure-induced large-scale graph learning for social and information networks,"Ganghao Liu, Ting Xiao, Zhe Wang, Hanzheng Wang",173.0,,2026-5,Issue/Volume,10.1016/j.patcog.2025.112935,https://doi.org/10.1016/j.patcog.2025.112935
1040,Method,Generalized Naive Bayes,"Edith Alice Kovács, Anna Ország, Dániel Pfeifer, András Benczúr",174.0,,2026-6,Issue/Volume,10.1016/j.patcog.2025.112927,https://doi.org/10.1016/j.patcog.2025.112927
1041,Method,MFSF2-NET: towards improved skin lesion diagnosis via multi-scale and multi-frequency-domain fusion,"Hui Liu, Yibo Dou, Meng Cao, Kai Wang, Yunmin Zou, Guoxiang Ma, Chaohui Li",174.0,,2026-6,Issue/Volume,10.1016/j.patcog.2025.112918,https://doi.org/10.1016/j.patcog.2025.112918
1042,Method,Weighted neighborhood entropy-based feature selection with updating mechanisms,"Yingying Sun, Jusheng Mi",174.0,,2026-6,Issue/Volume,10.1016/j.patcog.2025.112938,https://doi.org/10.1016/j.patcog.2025.112938
1043,Method,DSASformer: Dynamic scale-aware sparse transformer for image restoration,"Wei Wang, Weimin Lei, Wei Zhang, Bojian Song, Guanghui Zhang, Yuanze Meng",174.0,,2026-6,Issue/Volume,10.1016/j.patcog.2025.112944,https://doi.org/10.1016/j.patcog.2025.112944
1044,Method,Local attention and contrastive clustering network for sign language recognition,"Tangfei Tao, Xiao Che, Yizhe Zhao, Zhihao Yang",173.0,,2026-5,Issue/Volume,10.1016/j.patcog.2025.112941,https://doi.org/10.1016/j.patcog.2025.112941
1045,Method,ActivityCLIP: Enhancing group activity recognition by mining complementary information from text to supplement image modality,"Guoliang Xu, Jianqin Yin, Feng Zhou, Yonghao Dang",174.0,,2026-6,Issue/Volume,10.1016/j.patcog.2025.112943,https://doi.org/10.1016/j.patcog.2025.112943
1046,Method,A lightweight 3D anomaly detection method with rotationally invariant features,"Hanzhe Liang, Jie Zhou, Can Gao, Bingyang Guo, Jinbao Wang, Linlin Shen",174.0,,2026-6,Issue/Volume,10.1016/j.patcog.2025.112924,https://doi.org/10.1016/j.patcog.2025.112924
1047,Method,Oracle bone image denoising via CM-UNet with convolutional multi-head attention for complex noise types,"Shibin Wang, Yu Wang, Qi Yu, Dong Liu, Xueshan Li",174.0,,2026-6,Issue/Volume,10.1016/j.patcog.2025.112929,https://doi.org/10.1016/j.patcog.2025.112929
1048,Method,Full-combination contrastive learning for multi-view clustering,"Cheng Ma, Zhe Chen, Heng Liu, Hui Li, Tianyang Xu",174.0,,2026-6,Issue/Volume,10.1016/j.patcog.2025.112951,https://doi.org/10.1016/j.patcog.2025.112951
1049,Method,Towards plastic and stable incremental learning: A dual-learner framework with cumulative parameter averaging,"Wenju Sun, Qingyong Li, Siyu Zhang, Wen Wang, Yangli-Ao Geng",174.0,,2026-6,Issue/Volume,10.1016/j.patcog.2025.112948,https://doi.org/10.1016/j.patcog.2025.112948
1050,Method,EIK-Nav: Boosting zero-shot object navigation with explicit and implicit knowledge,"Botao Jiang, Haonan Luo, Zihang Wang, Jiahe Li, Hang Li, Jin Zheng, Xiao Bai",174.0,,2026-6,Issue/Volume,10.1016/j.patcog.2025.112945,https://doi.org/10.1016/j.patcog.2025.112945
1051,Method,Adaptive group sparse multi-view classification method based on mutual information,"Yadi Wang, Tengfei Zhou, Xiaoding Guo, Bingbing Jiang, Jingyu Ji, Jun Zhang",174.0,,2026-6,Issue/Volume,10.1016/j.patcog.2025.112931,https://doi.org/10.1016/j.patcog.2025.112931
1052,Method,PCRNet: A multiscale cross-attention network for large deformation medical image registration,"Liwei Deng, Songyu Chen, Xin Yang, Jing Wang, Sijuan Huang",174.0,,2026-6,Issue/Volume,10.1016/j.patcog.2025.112955,https://doi.org/10.1016/j.patcog.2025.112955
1053,Method,Divide-and-conquer towards optimal adaptation of pre-trained model to medical tasks,"Zhanghui Huang, Zunlei Feng, Xiaoyan Sun, Shuifa Sun, Zhenming Yuan, Jun Yu, Jian Zhang",174.0,,2026-6,Issue/Volume,10.1016/j.patcog.2025.112949,https://doi.org/10.1016/j.patcog.2025.112949
1054,Method,Reducing class overlap in feature space using Kalman filtering with particle swarm optimization,"Ali Qahtan Tameemi, Jeevan Kanesan, Anis Salwa Mohd Khairuddin",174.0,,2026-6,Issue/Volume,10.1016/j.patcog.2025.112952,https://doi.org/10.1016/j.patcog.2025.112952
1055,Method,A YOLO-based polymerized head-auxiliary structures for target detection in remote sensing images,"Yalu Zhang, Sixiang Quan, Hai Xiao, Jun Liu, Zhenfeng Shao, Zhihui Wang, Yingying Peng, Huali Li",174.0,,2026-6,Issue/Volume,10.1016/j.patcog.2025.112961,https://doi.org/10.1016/j.patcog.2025.112961
1056,Method,Concave Cut: Analyzing the role of concave functions in clustering,"Shenfei Pei, Yuanchen Sun, Zhongqi Lin, Feiping Nie, Jitao Lu, Xudong Jiang, Canyu Zhang, Zengwei Zheng",174.0,,2026-6,Issue/Volume,10.1016/j.patcog.2025.112950,https://doi.org/10.1016/j.patcog.2025.112950
1057,Method,Fine-grained tensor completion for incomplete multi-view clustering,"Chong Peng, Chundan Liu, Yang Bai, Yongyong Chen, Zhao Kang, Junyun Dong, Guiyuan Jiang, Chenglizhao Chen",174.0,,2026-6,Issue/Volume,10.1016/j.patcog.2025.112956,https://doi.org/10.1016/j.patcog.2025.112956
1058,Method,Denoising attribution maps through gradient analysis of critical parameters,"Seungeon Lee, Heejin Bin, Sungwon Han, Meeyoung Cha",174.0,,2026-6,Issue/Volume,10.1016/j.patcog.2025.112954,https://doi.org/10.1016/j.patcog.2025.112954
1059,Method,Exploiting the potential supervision information of clean samples in partial label learning,"Guangtai Wang, Chi-Man Vong, Jintao Huang",174.0,,2026-6,Issue/Volume,10.1016/j.patcog.2025.112921,https://doi.org/10.1016/j.patcog.2025.112921
1060,Method,Bridging the gap : Learning adaptive knowledge transition for lifelong person re-identification,"Jinjia Peng, Chengjun Wang, Jican Tan, Huibing Wang, Xianping Fu",174.0,,2026-6,Issue/Volume,10.1016/j.patcog.2025.112947,https://doi.org/10.1016/j.patcog.2025.112947
1061,Method,LDM-Morph: Latent diffusion model guided deformable image registration,"Jiong Wu, Tinsu Pan, Kuang Gong",174.0,,2026-6,Issue/Volume,10.1016/j.patcog.2025.112925,https://doi.org/10.1016/j.patcog.2025.112925
1062,Method,AquaSlot-SAM: Coupling slot-based state space models with SAM for robust underwater video multi-object segmentation,"Huilin Ge, Jie Zhu, Wenbin Feng, Jiali Ouyang, Ze Wang, Xiaoping Chen, Yu Lu",174.0,,2026-6,Issue/Volume,10.1016/j.patcog.2025.112964,https://doi.org/10.1016/j.patcog.2025.112964
1063,Method,REMOVED: Optimized gated spatiotemporal graph attention network based diagnosis of facial expression through video games,"Purushottama Rao K, S Uma, Vijayaraj N, Jagannathan J, Sathya T, Tamilmani G",175.0,,2026-7,Issue/Volume,10.1016/j.patcog.2025.112991,https://doi.org/10.1016/j.patcog.2025.112991
1064,Method,WSADet: A wavelet scale-aware UAV object detector for complex conditions,"Lei Shang, Yongchao Qiao, Huan Lei, Ze Wu, Wenyuan Yang",174.0,,2026-6,Issue/Volume,10.1016/j.patcog.2025.112965,https://doi.org/10.1016/j.patcog.2025.112965
1065,Method,BiPAZSL: A bidirectional progressive attention method for zero-shot learning domain shift mitigation,"Chong Li, Jie Su, Jinsong Gao",174.0,,2026-6,Issue/Volume,10.1016/j.patcog.2025.112959,https://doi.org/10.1016/j.patcog.2025.112959
1066,Method,Fine-grained evaluation for offensive speech detection on social media,"Xiaojun Li, Junjie Mao, Hanxiao Shi, Liao Chen",174.0,,2026-6,Issue/Volume,10.1016/j.patcog.2025.113000,https://doi.org/10.1016/j.patcog.2025.113000
1067,Method,Multi-view spectral clustering based on considering co-proximity of views,"Melika Abousaeidi, Mina Jamshidi, Ali Armandnejad",174.0,,2026-6,Issue/Volume,10.1016/j.patcog.2025.112919,https://doi.org/10.1016/j.patcog.2025.112919
1068,Method,Corrigendum to “ALPSB: Adaptive Learngene with Plastic and Stable Branches” [Pattern Recognition 172 (2026) 112623],"Shuxia Lin, Xu Yang, Qiufeng Wang, Shunxin Guo, Zhiqiang Kou, Xin Geng",174.0,,2026-6,Issue/Volume,10.1016/j.patcog.2025.112902,https://doi.org/10.1016/j.patcog.2025.112902
1069,Method,Robust image reconstruction with real-world noise modeling for low-dose photon-counting detector CT,"Danyang Li, Jiabing Sheng, Yongshuai Ge, Zheng Duan, Jiongtao Zhu, Yuting Wang, Zhaoying Bian, Jianhua Ma, Xiaoyan Huang, Dong Zeng",174.0,,2026-6,Issue/Volume,10.1016/j.patcog.2025.112942,https://doi.org/10.1016/j.patcog.2025.112942
1070,Method,Image-free multi-label image recognition via LLM-powered hierarchical prompt tuning,"Shuo Yang, Zirui Shang, Yongqi Wang, Derong Deng, Hongwei Chen, Xinxiao Wu, Qiyuan Cheng",174.0,,2026-6,Issue/Volume,10.1016/j.patcog.2025.112986,https://doi.org/10.1016/j.patcog.2025.112986
1071,Method,Fault-PLS-PCL: Cross-domain seismic fault detection via pseudo-label selection and prototype contrastive learning,"Guangyue Zhou, Kewen Li, Ruonan Yin, Shengguang Chu",174.0,,2026-6,Issue/Volume,10.1016/j.patcog.2025.112960,https://doi.org/10.1016/j.patcog.2025.112960
1072,Method,DeepSelective: Interpretable prognosis prediction via feature selection and compression in EHR data,"Ruochi Zhang, Qian Yang, Xiaoyang Wang, Tian Wang, Qiong Zhou, Ziqi Deng, Kewei Li, Yueying Wang, Yusi Fan, Jiale Zhang, Lan Huang, Chang Liu, Fengfeng Zhou",174.0,,2026-6,Issue/Volume,10.1016/j.patcog.2025.112970,https://doi.org/10.1016/j.patcog.2025.112970
1073,Method,Optimal probabilistic feature shifts for reclassification in tree ensembles,"Víctor Blanco, Alberto Japón, Justo Puerto, Peter Zhang",174.0,,2026-6,Issue/Volume,10.1016/j.patcog.2025.112980,https://doi.org/10.1016/j.patcog.2025.112980
1074,Method,Thinking like clinicians: Ranking-based multi-instance learning for PPG-based hemodynamic fluctuation detection,"Daomiao Wang, Qihan Hu, Xiaoman Xing, Hong Wu, Jian Liu, Xuepeng Fu, Cuiwei Yang",174.0,,2026-6,Issue/Volume,10.1016/j.patcog.2025.112981,https://doi.org/10.1016/j.patcog.2025.112981
1075,Method,PFI-Net: A parallel feature interaction network for infrared and visible target detection,"Xiaoxia Wang, Jiangtao Xi, Fengbao Yang, Yunjia Yang, Minglu Li",174.0,,2026-6,Issue/Volume,10.1016/j.patcog.2025.113003,https://doi.org/10.1016/j.patcog.2025.113003
1076,Method,DisasterKD: Frequency-guided cross-decoder knowledge distillation for UAV real-time disaster damage assessment,"Jianchong Guo, Yuting Wan, Junjue Wang, Ailong Ma, Yanfei Zhong",174.0,,2026-6,Issue/Volume,10.1016/j.patcog.2025.112968,https://doi.org/10.1016/j.patcog.2025.112968
1077,Method,Scalable portrait matte creation with layer diffusion and connectivity priors,"Zhiyuan Lu, Hao Lu, Hua Huang",174.0,,2026-6,Issue/Volume,10.1016/j.patcog.2025.112972,https://doi.org/10.1016/j.patcog.2025.112972
1078,Method,Higher -order expanded heterogeneous graph framework for attribute completion with bi-level programming,"Yejia Chen, Yuchen Mou, Ye Liu, Xinjie Shen, Yan Yu, Huaiguang Jiang",174.0,,2026-6,Issue/Volume,10.1016/j.patcog.2025.112936,https://doi.org/10.1016/j.patcog.2025.112936
1079,Method,Inflection point-based trajectory fingerprinting for clustering and anomaly detection,"Lucija Žužić, Franko Hržić, Irena Petrijevčanin, Jonatan Lerga",174.0,,2026-6,Issue/Volume,10.1016/j.patcog.2025.112977,https://doi.org/10.1016/j.patcog.2025.112977
1080,Method,Towards arbitrary-scale spacecraft image super-resolution via salient region-guidance,"Jingfan Yang, Hu Gao, Ying Zhang, Depeng Dang",174.0,,2026-6,Issue/Volume,10.1016/j.patcog.2025.112973,https://doi.org/10.1016/j.patcog.2025.112973
1081,Method,DAWDet: A dynamic content-aware multi-branch framework with adaptive wavelet boosting for small object detection,"Yuting Wu, Shaolei Liu, Dongchen Zhu, Lei Wang, Jiamao Li",174.0,,2026-6,Issue/Volume,10.1016/j.patcog.2025.112979,https://doi.org/10.1016/j.patcog.2025.112979
1082,Method,BACF: Boundary-aware collaborative framework for weakly supervised semantic segmentation,"Yanshuang Lu, Jiahua Zhang, Delong Kong, Xin Zheng, Xiaopeng Wang",174.0,,2026-6,Issue/Volume,10.1016/j.patcog.2025.112989,https://doi.org/10.1016/j.patcog.2025.112989
1083,Method,A unified spatial-spectral-temporal network for hyperspectral object tracking,"Zhuanfeng Li, Jing Wang, Jue Zhang, Dong Zhao, Guanyiman Fu, Jiangtao Wang, Jianfeng Lu",174.0,,2026-6,Issue/Volume,10.1016/j.patcog.2025.113005,https://doi.org/10.1016/j.patcog.2025.113005
1084,Method,Generalizable large language model based human keypoint localization for emotion recognition,"Jianing Li, Xiaobin Liu, Chanho Eom, Shuang Yang, Jianzhong He, Hantao Yao, Jing Yuan",174.0,,2026-6,Issue/Volume,10.1016/j.patcog.2025.112978,https://doi.org/10.1016/j.patcog.2025.112978
1085,Method,Multi-view subspace clustering via tensor nuclear norm factorization,"Tinghe Yan, Qiang Guo, Jian-Xun Mi, Weisheng Li",174.0,,2026-6,Issue/Volume,10.1016/j.patcog.2025.112969,https://doi.org/10.1016/j.patcog.2025.112969
1086,Method,Learning from positive and unlabeled data via kernel alignment approach,"Jinxing Zhu, Degang Chen, Hui Wang",174.0,,2026-6,Issue/Volume,10.1016/j.patcog.2025.112953,https://doi.org/10.1016/j.patcog.2025.112953
1087,Method,A memory and retrieval transformer-based unsupervised learning model for anomaly detection and segmentation,"Jiawei Guo, Ge Song, Yi Wang",174.0,,2026-6,Issue/Volume,10.1016/j.patcog.2025.113004,https://doi.org/10.1016/j.patcog.2025.113004
1088,Method,Closing the training-sampling gap in conditional diffusion models for versatile image restoration,"Yue Lei, Jiati Cai, Wenxin Tai, Ting Zhong, Jin Yin, Kunpeng Zhang, Fan Zhou",174.0,,2026-6,Issue/Volume,10.1016/j.patcog.2025.112983,https://doi.org/10.1016/j.patcog.2025.112983
1089,Method,Scalable multi-view discrete clustering with self-supervised constraints,"Xiaojun Yang, Donghuai Liu, Bin Li, Jieming Xie, Jingjing Xue, Feiping Nie",174.0,,2026-6,Issue/Volume,10.1016/j.patcog.2025.112982,https://doi.org/10.1016/j.patcog.2025.112982
1090,Method,GNS2CCL: A graph network semi-supervised concept-cognitive learning model for node classification,"Mengyu Yan, Jinhai Li, Xizhao Wang",174.0,,2026-6,Issue/Volume,10.1016/j.patcog.2025.112958,https://doi.org/10.1016/j.patcog.2025.112958
1091,Method,Look inside nodes: A novel intranode attention mechanism for graph attention networks,"Yingjuan Jia, Tong Chen, Xinyu Liu, Hanpu Wang",174.0,,2026-6,Issue/Volume,10.1016/j.patcog.2025.112962,https://doi.org/10.1016/j.patcog.2025.112962
1092,Method,WPD: Weather prompt driven zero-shot adverse condition depth estimation,"Rui Tian, Yongqiang Zhang, Zhixiang Zhang, Man Zhang, Zian Zhang, Yin Zhang, Yongqiang Li, Wangmeng Zuo",174.0,,2026-6,Issue/Volume,10.1016/j.patcog.2025.112963,https://doi.org/10.1016/j.patcog.2025.112963
1093,Method,Learning to transport for open set domain generalization,"Chunming Li, Shidong Wang, Yang Long, Haofeng Zhang",174.0,,2026-6,Issue/Volume,10.1016/j.patcog.2025.112988,https://doi.org/10.1016/j.patcog.2025.112988
1094,Method,Large language models are good attackers: Efficient and stealthy textual backdoor attacks,"Ziqiang Li, Yueqi Zeng, Pengfei Xia, Lei Liu, Zhangjie Fu, Bin Li",174.0,,2026-6,Issue/Volume,10.1016/j.patcog.2025.112967,https://doi.org/10.1016/j.patcog.2025.112967
1095,Method,Causality-inspired learning semantic segmentation in unseen domain,"Pei He, Lingling Li, Licheng Jiao, Xu Liu, Fang Liu, Ronghua Shang, Yuwei Guo, Puhua Chen, Shuyuan Yang",174.0,,2026-6,Issue/Volume,10.1016/j.patcog.2025.113006,https://doi.org/10.1016/j.patcog.2025.113006
1096,Method,Continuous alignment of multi-target preferences via instructed diffusion model,"Yingnan Zhao, Xinmiao Wang, Dan Lu, Qilong Han, Chenjia Bai",174.0,,2026-6,Issue/Volume,10.1016/j.patcog.2025.112987,https://doi.org/10.1016/j.patcog.2025.112987
1097,Method,Bi-level unbalanced optimal transport for partial domain adaptation,"Zi-Ying Chen, Chuan-Xian Ren, Hong Yan",174.0,,2026-6,Issue/Volume,10.1016/j.patcog.2025.112998,https://doi.org/10.1016/j.patcog.2025.112998
1098,Method,TAGNet-BiLSTM: Transformer augmented network with BiLSTM for skeleton-based gait recognition,"Daniel R. Mesghena, Yanan Diao, Guilan Chen, Zijing You, Xiantai Jiang, Guanglin Li, Guoru Zhao",174.0,,2026-6,Issue/Volume,10.1016/j.patcog.2025.112990,https://doi.org/10.1016/j.patcog.2025.112990
1099,Method,Deep categorical clustering via symbolization and masking mechanisms,"Wei Xu, Zhenping Xie",174.0,,2026-6,Issue/Volume,10.1016/j.patcog.2025.113002,https://doi.org/10.1016/j.patcog.2025.113002
1100,Method,A design principle for graph neural networks,"Foping Chen, Junhong Zhang, Guangfei Liang, Zhihui Lai",174.0,,2026-6,Issue/Volume,10.1016/j.patcog.2025.112999,https://doi.org/10.1016/j.patcog.2025.112999
1101,Method,Enhanced visual prompt meets low-light saliency detection,"Nana Yu, Jie Wang, Yahong Han",174.0,,2026-6,Issue/Volume,10.1016/j.patcog.2025.113008,https://doi.org/10.1016/j.patcog.2025.113008
1102,Method,Correlation-guided calibration of query dependency for video temporal grounding,"WonJun Moon, Sangeek Hyun, Subeen Lee, Jae-Pil Heo",174.0,,2026-6,Issue/Volume,10.1016/j.patcog.2025.112984,https://doi.org/10.1016/j.patcog.2025.112984
1103,Method,Leaning geometrical diffusion network via power spherical distribution for point clouds generation,"Jian Bi, Qianliang Wu, Jianjun Qian, Lei Luo, Jian Yang",174.0,,2026-6,Issue/Volume,10.1016/j.patcog.2025.112957,https://doi.org/10.1016/j.patcog.2025.112957
1104,Method,Improving multi-label contrastive learning by leveraging label distribution,"Ning Chen, Shen-Huan Lyu, Tian-Shuang Wu, Yanyan Wang, Bin Tang",174.0,,2026-6,Issue/Volume,10.1016/j.patcog.2025.113011,https://doi.org/10.1016/j.patcog.2025.113011
1105,Method,DBMambaPose: Decoupled spatial-temporal bidirectional state space model for efficient 3D human pose estimation,"Xiaoqing Wang, Yong Wang, Xuguang Liu, Hongbo Kang, Wenming Yang",174.0,,2026-6,Issue/Volume,10.1016/j.patcog.2025.112922,https://doi.org/10.1016/j.patcog.2025.112922
1106,Method,A copula-guided temporal dependency method for multitemporal hyperspectral images unmixing,"Ruiying Li, Bin Pan, Qiaoying Qu, Xia Xu, Zhenwei Shi",174.0,,2026-6,Issue/Volume,10.1016/j.patcog.2025.112971,https://doi.org/10.1016/j.patcog.2025.112971
1107,Method,RFAG: Random forest clustering based on anchor graph,"Jinyu Li, Congyu Wang, Mingjing Du",174.0,,2026-6,Issue/Volume,10.1016/j.patcog.2025.112997,https://doi.org/10.1016/j.patcog.2025.112997
1108,Method,DpFedFKP: Dynamic personalized federated learning for finger knuckle print recognition,"Shuyi Li, Jianian Hu, Bob Zhang, Shanping Yu, Lifang Wu",174.0,,2026-6,Issue/Volume,10.1016/j.patcog.2025.112966,https://doi.org/10.1016/j.patcog.2025.112966
1109,Method,Cross-domain distillation for unsupervised domain adaptation with large vision-language models,"Xingwei Deng, Yangtao Wang, Yanzhao Xie, Xin Tan, Maobin Tang, Meie Fang, Wensheng Zhang",174.0,,2026-6,Issue/Volume,10.1016/j.patcog.2025.112985,https://doi.org/10.1016/j.patcog.2025.112985
1110,Method,MORSE: Molecular representation learning via structured semantic extraction across hierarchical and asymmetric biological modalities,"Ronghui Zhang, Mengran Li, Wenbin Xing, Bo Li, Chengyang Zhang, Wenxuan Tu, Yongfu Li, Ruxin Wang",174.0,,2026-6,Issue/Volume,10.1016/j.patcog.2025.112975,https://doi.org/10.1016/j.patcog.2025.112975
1111,Method,Incremental sampling hashing for image retrieval with concept drift,"Wing W.Y. Ng, Linfei Wang, Qihua Li, Xing Tian",174.0,,2026-6,Issue/Volume,10.1016/j.patcog.2025.112994,https://doi.org/10.1016/j.patcog.2025.112994
1112,Method,Graph-regularized geometric deep learning for motor imagery EEG decoding via multi-domain fusion,"Chaoqin Chu, Jianing Shen, Qinkun Xiao",174.0,,2026-6,Issue/Volume,10.1016/j.patcog.2025.112976,https://doi.org/10.1016/j.patcog.2025.112976
1113,Method,RCDIFO: A registration-change detection iterative feedback optimization network for unwell registered hyperspectral images,"Wanli Wang, Jiahui Qu, Song Xiao, Wenqian Dong, Xiaomeng Ma, Yunsong Li",174.0,,2026-6,Issue/Volume,10.1016/j.patcog.2025.113015,https://doi.org/10.1016/j.patcog.2025.113015
1114,Method,Open-Set Domain Adaptation by Joint Distribution Alignment and Unknown Risk Minimization,"Lisheng Wen, Sentao Chen, Lin Zheng, Ping Xuan",174.0,,2026-6,Issue/Volume,10.1016/j.patcog.2025.113013,https://doi.org/10.1016/j.patcog.2025.113013
1115,Method,Data Skeleton Learning: Scalable active clustering with sparse graph structures,"Wen-Bo Xie, Xun Fu, Bin Chen, Yan-Li Lee, Tao Deng, Tian Zou, Xin Wang, Zhen Liu, Jaideep Srivastava",174.0,,2026-6,Issue/Volume,10.1016/j.patcog.2025.113018,https://doi.org/10.1016/j.patcog.2025.113018
1116,Method,Advancing zero-shot humorous video understanding with test-time humor knowledge augmentation,"Yayun Qi, Xinxiao Wu",174.0,,2026-6,Issue/Volume,10.1016/j.patcog.2025.113014,https://doi.org/10.1016/j.patcog.2025.113014
1117,Method,Average weight margin-based feature selection with three-way decision,"Can Gao, Jiandong Hu, Jie Zhou, Weiping Ding, Witold Pedrycz",174.0,,2026-6,Issue/Volume,10.1016/j.patcog.2025.113009,https://doi.org/10.1016/j.patcog.2025.113009
1118,Method,HCRT: Hybrid network with correlation-aware region transformer for breast tumor segmentation in DCE-MRI,"Lei Zheng, Yuzhong Zhang, Jiadong Zhang, Tao Zhou, Kun Sun, Lei Zhou, Dinggang Shen",174.0,,2026-6,Issue/Volume,10.1016/j.patcog.2025.112934,https://doi.org/10.1016/j.patcog.2025.112934
1119,Method,YOLOv8-DSRI: An improved YOLOV8 instance segmentation algorithm for identifying silkworms in dense environments,"Chunming Wen, Haiyang Ding, Bingxu Hou, Wenxuan Cui, Xiang Liang, Jian Luo, Jie Yang, Wenjun Liang, Chengni Pang, Zimian Lan, Jiansheng Peng, Yong Xu",174.0,,2026-6,Issue/Volume,10.1016/j.patcog.2025.113017,https://doi.org/10.1016/j.patcog.2025.113017
1120,Method,HP-3DNSM: A dedicated 3D deep learning model for neuron segmentation based on Hessian prompt,"Jing Meng, Yawen Fu, Xuyu Fu, Fei Ma, Xiaofei Ai, Dengwang Li, Chengbo Liu",174.0,,2026-6,Issue/Volume,10.1016/j.patcog.2025.113020,https://doi.org/10.1016/j.patcog.2025.113020
1121,Method,Robust density clustering based on density peak regions and K-nearest neighbors,"Jingyu Xie, Caiming Zhong, Yu Tian, Lianyu Hu, Tiejun Pan",174.0,,2026-6,Issue/Volume,10.1016/j.patcog.2025.113021,https://doi.org/10.1016/j.patcog.2025.113021
1122,Method,"Learning dynamics, pattern recognition capability and interpretability of the Tsetlin Machine","Olga Tarasyuk, Anatoliy Gorbenko, Tousif Rahman, Lei Jiao, Ole-Christoffer Granmo, Rishad Shafik, Alex Yakovlev",174.0,,2026-6,Issue/Volume,10.1016/j.patcog.2025.113028,https://doi.org/10.1016/j.patcog.2025.113028
1123,Method,Degradation-aware graph neural network for blind super-resolution,"Zehui Xiao, Xianhong Wen, Xuyang Tan, Xiangyuan Zhu, Kehua Guo",174.0,,2026-6,Issue/Volume,10.1016/j.patcog.2025.113007,https://doi.org/10.1016/j.patcog.2025.113007
1124,Method,Infrared and visible image fusion via iterative feature decomposition and deep balanced fusion,"Wei Li, Baojia Li, Haiyu Song, Pengjie Wang, Zeyu Wang",174.0,,2026-6,Issue/Volume,10.1016/j.patcog.2025.113022,https://doi.org/10.1016/j.patcog.2025.113022
1125,Method,Federated domain generalization via data-centric flatness optimization,"Chenyang Wang, Junjun Jiang, Xingyu Hu, Xianming Liu, Xiangyang Ji",174.0,,2026-6,Issue/Volume,10.1016/j.patcog.2025.113023,https://doi.org/10.1016/j.patcog.2025.113023
1126,Method,Leveraging CV to haptic processing: Cross tactile-visual mapping based on shared information,"Jin Chen, Ying Fang, Yiwen Xu, Qian Liu, Tiesong Zhao",174.0,,2026-6,Issue/Volume,10.1016/j.patcog.2025.113016,https://doi.org/10.1016/j.patcog.2025.113016
1127,Method,AddSR: Accelerating diffusion-based blind super-resolution with adversarial diffusion distillation,"Ying Tai, Rui Xie, Chen Zhao, Kai Zhang, Zhenyu Zhang, Jun Zhou, Jian Yang",175.0,,2026-7,Issue/Volume,10.1016/j.patcog.2025.113012,https://doi.org/10.1016/j.patcog.2025.113012
1128,Method,Prompt-guided selective frequency network for real-world scene text image super-Resolution,"Xiang Yan, Tianqi Shan, Hanlin Qin, Naveed Akhtar, Yu Liu, Hossein Rahmani, Ajmal Mian",175.0,,2026-7,Issue/Volume,10.1016/j.patcog.2025.112974,https://doi.org/10.1016/j.patcog.2025.112974
1129,Method,Efficient breast cancer segmentation via Brownian Bridge diffusion with semantic fusion strategy,"Feiyan Feng, Tianyu Liu, Fulin Zheng, Yanshen Sun, Hong Wang",174.0,,2026-6,Issue/Volume,10.1016/j.patcog.2025.112993,https://doi.org/10.1016/j.patcog.2025.112993
1130,Method,Pyramid progressive image mapping network based on sparse annotations for cardiac segmentation,"Xinping Zhang, Zhuo Xiang, Ce Wang, Yongtao Zhang, Cheng Zhao, Yuantao Huang, Tianfu Wang, Junqing Xu, Baiying Lei",174.0,,2026-6,Issue/Volume,10.1016/j.patcog.2025.113029,https://doi.org/10.1016/j.patcog.2025.113029
1131,Method,Test-time adaptive vision-language alignment for zero-shot group activity recognition,"Runhao Zeng, Yirui Wang, Wenfu Peng, Xionglin Zhu, Ronghao Zhang, Zhihua Wang",175.0,,2026-7,Issue/Volume,10.1016/j.patcog.2025.113033,https://doi.org/10.1016/j.patcog.2025.113033
1132,Method,Robust and generalizable rumor detection with semantic evolving graph masked autoencoder,"Qiang Liu, Xiang Tao, Liang Wang, Shu Wu, Liang Wang",174.0,,2026-6,Issue/Volume,10.1016/j.patcog.2025.112995,https://doi.org/10.1016/j.patcog.2025.112995
1133,Method,Contrastive adversarial tuning: Enhancing discriminability and robustness of LLMs for emotion recognition in conversation,"Kankan Lan, C. L. Philip Chen, Zongyan Zhang, Tong Zhang",174.0,,2026-6,Issue/Volume,10.1016/j.patcog.2025.113025,https://doi.org/10.1016/j.patcog.2025.113025
1134,Method,Fuzzy rough guided subspace anomaly detection in nominal data,"Qian Hu, Zhong Yuan, Jun Zhang, Jusheng Mi",174.0,,2026-6,Issue/Volume,10.1016/j.patcog.2025.113024,https://doi.org/10.1016/j.patcog.2025.113024
1135,Method,Prompt-level contrastive learning for context-aware multi-modal image representation in medical diagnosis,"Guowei Dai, Zhimin Tian, Chen Xin, Duwei Dai, Chaoyu Wang, Yi Zhang, Hu Chen, Matthew Hamilton",174.0,,2026-6,Issue/Volume,10.1016/j.patcog.2025.113027,https://doi.org/10.1016/j.patcog.2025.113027
1136,Method,Robust graph neural networks via supervised block diagonal regularizer,"Zhi Chen, Libin Wang, Yulong Wang, Han Li, Qiang He, Huiwu Luo, Jinyu Tian, Yuan Yan Tang",175.0,,2026-7,Issue/Volume,10.1016/j.patcog.2025.113019,https://doi.org/10.1016/j.patcog.2025.113019
1137,Method,Backdoor defense for large language models with weak-to-strong knowledge distillation,"Yuwen Li, Xinyi Wu, Zhongliang Guo, Luwei Xiao, Yanhao Jia, Shuai Zhao",175.0,,2026-7,Issue/Volume,10.1016/j.patcog.2025.113030,https://doi.org/10.1016/j.patcog.2025.113030
1138,Method,Empowering 2D neural network for 3D medical image segmentation via neighborhood information fusion,"Qiankun Li, Xiaolong Huang, Yani Zhang, Bo Fang, Duo Hong, Junxin Chen",175.0,,2026-7,Issue/Volume,10.1016/j.patcog.2025.113035,https://doi.org/10.1016/j.patcog.2025.113035
1139,Method,Extreme weakly supervised binary semantic image segmentation via one-pixel supervision,"Matthaios Tzimas, Vasileios Mygdalis, Christos Papaioannidis, Ioannis Pitas",175.0,,2026-7,Issue/Volume,10.1016/j.patcog.2026.113048,https://doi.org/10.1016/j.patcog.2026.113048
1140,Method,Innovative tooth segmentation using hierarchical features and bidirectional sequence modeling,"Xinxin Zhao, Jian Jiang, Yan Tian, Liqin Wu, Zhaocheng Xu, Wei-fa Yang, Yunuo Zou, Xun Wang",175.0,,2026-7,Issue/Volume,10.1016/j.patcog.2026.113045,https://doi.org/10.1016/j.patcog.2026.113045
1141,Method,3DGA: 3D avatar animation from monocular video via deformable gaussian splatting,"Zhenyu Yin, Xiaoqiang Shi, Feiqing Zhang, Dong Li, Lin Nie, Li Qin",174.0,,2026-6,Issue/Volume,10.1016/j.patcog.2025.113031,https://doi.org/10.1016/j.patcog.2025.113031
1142,Method,Fracture interactive geodesic active contours for bone segmentation,"Liheng Wang, Licheng Zhang, Hailin Xu, Jingxin Zhao, Xiuyun Su, Jiantao Li, Miutian Tang, Weilu Gao, Chong Chen",175.0,,2026-7,Issue/Volume,10.1016/j.patcog.2026.113049,https://doi.org/10.1016/j.patcog.2026.113049
1143,Method,AI3D: Multimodal verification system against projective attacks for deep learning classifiers,"Imen Smati, Rania Khalsi, Faouzi Ghorbel, Mallek Mziou-Sallami",175.0,,2026-7,Issue/Volume,10.1016/j.patcog.2025.113036,https://doi.org/10.1016/j.patcog.2025.113036
1144,Method,Enhancing semi-supervised medical image segmentation via semantic transfer,"Shiyuan Huang, Shudong Wang, Kuijie Zhang, Wenhao Wu, Yingye Liu, Tiyao Liu, Shanchen Pang",175.0,,2026-7,Issue/Volume,10.1016/j.patcog.2026.113039,https://doi.org/10.1016/j.patcog.2026.113039
1145,Method,Low-rank fused modality assisted magnetic resonance imaging reconstruction via an anatomical variation adaptive transformer,"Tong Hou, Hongqing Zhu, Ziying Wang, Zhong Zheng, Kai Chen, Ying Wang, Bingcang Huang",175.0,,2026-7,Issue/Volume,10.1016/j.patcog.2026.113044,https://doi.org/10.1016/j.patcog.2026.113044
1146,Method,LCF3D: A robust and real-time late-cascade fusion framework for 3D object detection in autonomous driving,"Carlo Sgaravatti, Riccardo Pieroni, Matteo Corno, Sergio M. Savaresi, Luca Magri, Giacomo Boracchi",175.0,,2026-7,Issue/Volume,10.1016/j.patcog.2026.113046,https://doi.org/10.1016/j.patcog.2026.113046
1147,Method,LTSTrack: Visual tracking with long-term temporal sequence,"Zhaochuan Zeng, Shilei Wang, Yidong Song, Zhenhua Wang, Jifeng Ning",175.0,,2026-7,Issue/Volume,10.1016/j.patcog.2026.113052,https://doi.org/10.1016/j.patcog.2026.113052
1148,Method,FG-MoE: Heterogeneous mixture of experts model for fine-grained visual classification,"Songming Yang, Jing Wen, Bin Fang",175.0,,2026-7,Issue/Volume,10.1016/j.patcog.2026.113050,https://doi.org/10.1016/j.patcog.2026.113050
1149,Method,FocalGaussian: Improving text-driven 3D human generation with body part focus,"Yifan Yang, Zeshuai Deng, Dong Liu, Zixiong Huang, Kai Zhou, Hailin Luo, Qing Du, Mingkui Tan",175.0,,2026-7,Issue/Volume,10.1016/j.patcog.2025.112923,https://doi.org/10.1016/j.patcog.2025.112923
1150,Method,HybridCount : Multi-Scale transformer with knowledge distillation for object counting,"Jayanthan K S, Domnic S",175.0,,2026-7,Issue/Volume,10.1016/j.patcog.2026.113043,https://doi.org/10.1016/j.patcog.2026.113043
1151,Method,Pairwise joint symmetric uncertainty based on macro-neighborhood entropy for heterogeneous feature selection,"Zhilin Zhu, Jianhua Dai",175.0,,2026-7,Issue/Volume,10.1016/j.patcog.2026.113051,https://doi.org/10.1016/j.patcog.2026.113051
1152,Method,3D temporal-spatial convolutional LSTM network for assessing drug addiction treatment,"Haiping Ma, Jiyuan Huang, Chenxu Shen, Jin Liu, Qingming Liu",175.0,,2026-7,Issue/Volume,10.1016/j.patcog.2026.113059,https://doi.org/10.1016/j.patcog.2026.113059
1153,Method,SpectralKAN: Weighted Activation Distribution Kolmogorov–Arnold Network for Hyperspectral Image Change Detection,"Yanheng Wang, Xiaohan Yu, Yongsheng Gao, Jianjun Sha, Jian Wang, Shiyong Yan, Kai Qin, Yonggang Zhang, Lianru Gao",175.0,,2026-7,Issue/Volume,10.1016/j.patcog.2026.113042,https://doi.org/10.1016/j.patcog.2026.113042
1154,Method,"Discussion on “Interpretable medical deep framework by logits-constraint attention guiding graph-based multi-scale fusion for Alzheimer’s disease analysis” by J. Xu, C. Yuan, X. Ma, H. Shang, X. Shi &amp; X. Zhu. (Pattern Recognition, vol. 152, 2024”)","Giullia B A Maranhão, Carlos A B Mello",175.0,,2026-7,Issue/Volume,10.1016/j.patcog.2025.113032,https://doi.org/10.1016/j.patcog.2025.113032
1155,Method,HiViTrack: Hierarchical vision transformer with efficient target-prompt update for visual object tracking,"Yang Fang, Yujie Hu, Bailian Xie, Yujie Wang, Zongyi Xu, Weisheng Li, Xinbo Gao",175.0,,2026-7,Issue/Volume,10.1016/j.patcog.2025.112992,https://doi.org/10.1016/j.patcog.2025.112992
1156,Method,A Bayesian deep prior-based quaternion matrix completion for color image inpainting,"Jin-Ping Zou, Huan Ren, Hongjia Chen, Xu-Yun Xu, Xiang Wang",175.0,,2026-7,Issue/Volume,10.1016/j.patcog.2026.113054,https://doi.org/10.1016/j.patcog.2026.113054
1157,Method,FST: Improving adversarial robustness via feature similarity-based targeted adversarial training,"Yibo Xu, Dawei Zhou, Decheng Liu, Nannan Wang, Xinbo Gao",175.0,,2026-7,Issue/Volume,10.1016/j.patcog.2025.113010,https://doi.org/10.1016/j.patcog.2025.113010
1158,Method,IHMambaSR: An importance-guided hierarchical mamba with dynamic prompt for single image super-resolution,"Chengyan Deng, Kai Zhang, Lieqiang Yang, Wang Zhang, Li Yu",175.0,,2026-7,Issue/Volume,10.1016/j.patcog.2026.113057,https://doi.org/10.1016/j.patcog.2026.113057
1159,Method,Incremental mixture of experts: Continual learning for object detection in forestry scenarios,"Ximeng Cheng, Qiaonan Zhu, Shukun Jia, Yichao Cao, Xiaobo Lu",175.0,,2026-7,Issue/Volume,10.1016/j.patcog.2025.113001,https://doi.org/10.1016/j.patcog.2025.113001
1160,Method,Uncovering capabilities of hash function in graph classification,"Yingke Liu, Shangzhe Li, Bowen Shi, Junran Wu",175.0,,2026-7,Issue/Volume,10.1016/j.patcog.2025.113034,https://doi.org/10.1016/j.patcog.2025.113034
1161,Method,Bridging the resolution gap: Semantic-aware alignment for cross-resolution change detection,"Wang Hao, Fengchao Xiong, Yijun Zhang, Jianfeng Lu, Jingzhou Chen, Yuntao Qian",175.0,,2026-7,Issue/Volume,10.1016/j.patcog.2026.113053,https://doi.org/10.1016/j.patcog.2026.113053
1162,Method,Kinematic priors guide generative trajectory planning for autonomous vehicles,"Jinchao Hu, Zixian Wang, Xiaogang Wu, Yue Hu, Yiqiang Wu, Hao Liu",175.0,,2026-7,Issue/Volume,10.1016/j.patcog.2026.113061,https://doi.org/10.1016/j.patcog.2026.113061
1163,Method,From temporal thumbnail to semantics: Debiasing multi-view action recognition,"Wei Feng, Zixian Zhu, Wenxuan Liu, Xu Wang, Bingyi Liu, Xiaohan Yu, Xian Zhong",175.0,,2026-7,Issue/Volume,10.1016/j.patcog.2026.113055,https://doi.org/10.1016/j.patcog.2026.113055
1164,Method,Noise-Robust tiny object localization with flows,"Huixin Sun, Linlin Yang, Ronyu Chen, Kerui Gu, Baochang Zhang, Angela Yao, Xianbin Cao",175.0,,2026-7,Issue/Volume,10.1016/j.patcog.2026.113041,https://doi.org/10.1016/j.patcog.2026.113041
1165,Method,Dual dynamic guidance image filtering,"Yifan Huang, Lanling Zeng, Yang Yang",175.0,,2026-7,Issue/Volume,10.1016/j.patcog.2026.113062,https://doi.org/10.1016/j.patcog.2026.113062
1166,Method,Multi -directional decision fusion for black-box source-free anomaly detection,"Yu Gao, Shilong Sun, Zhanpei Zhang, Jinxing Li, Guangming Lu",175.0,,2026-7,Issue/Volume,10.1016/j.patcog.2026.113038,https://doi.org/10.1016/j.patcog.2026.113038
1167,Method,Diffusion-based Laplacian frequency-aware network for low-light image enhancement,"Le Zhou, Wenjie Li, Juncheng Li, Guangwei Gao, Chia-Wen Lin",175.0,,2026-7,Issue/Volume,10.1016/j.patcog.2026.113060,https://doi.org/10.1016/j.patcog.2026.113060
1168,Method,SNOP-GS: Self-refining novel object pose via 3D Gaussian splatting,"Tao Tan, Hao Hu, Qiulei Dong",175.0,,2026-7,Issue/Volume,10.1016/j.patcog.2026.113063,https://doi.org/10.1016/j.patcog.2026.113063
1169,Method,Cluster-filter-based pseudo-label refinement for source-free domain adaptation fundus image segmentation,"Yanqin Zhang, Ding Ma, Xiangqian Wu",175.0,,2026-7,Issue/Volume,10.1016/j.patcog.2025.112996,https://doi.org/10.1016/j.patcog.2025.112996
1170,Method,CoRe: Learning compact representation with prior-guided initialization,"Yu Song, Junshan Xie, Jing Zhang, Shihua Zhang, Deyu Meng, Xiaohui Yang, Lili Yang",175.0,,2026-7,Issue/Volume,10.1016/j.patcog.2026.113040,https://doi.org/10.1016/j.patcog.2026.113040
1171,Method,MPFR: Memory prompt feature reconstruction for continual anomaly detection and segmentation,"Yichi Chen, Xian Tao, Bin Chen, Junjie Wang, Yuan Zhang, Pang-jo Chun, Xianfeng Li, Xinmiao Zhou",175.0,,2026-7,Issue/Volume,10.1016/j.patcog.2025.112946,https://doi.org/10.1016/j.patcog.2025.112946
1172,Method,LDCC: Adaptive clustering for data with weak connectivity using local directional centrality,"Fei Wang, Tianshuo Li, Zhijiang Chen, Tingyu Yan, Rui Pu, Lijun Yang, Dongming Tang",175.0,,2026-7,Issue/Volume,10.1016/j.patcog.2026.113065,https://doi.org/10.1016/j.patcog.2026.113065
1173,Method,Infrared-assisted single-stage framework for joint restoration and fusion of visible and infrared images under hazy conditions,"Huafeng Li, Jiaqi Fang, Yafei Zhang, Yu Liu",175.0,,2026-7,Issue/Volume,10.1016/j.patcog.2026.113074,https://doi.org/10.1016/j.patcog.2026.113074
1174,Method,DNN-aided low-rank and sparse decomposition model for infrared small target detection,"Jia-Jie Yin, Heng-Chao Li, Yu-Bang Zheng, Xiong-Fei Geng, Jie Pan",175.0,,2026-7,Issue/Volume,10.1016/j.patcog.2026.113070,https://doi.org/10.1016/j.patcog.2026.113070
1175,Method,NGSCD: Nighttime glow suppression for visibility enhancement via structural cascade decomposition model,"Yin Gao, Chao Yan, Jingrong Guo, Huanqiang Zeng, Jun Li",176.0,,2026-8,Issue/Volume,10.1016/j.patcog.2026.113073,https://doi.org/10.1016/j.patcog.2026.113073
1176,Method,RGD-SLAM: Robust Gaussian splatting SLAM for dynamic environments,"Haocheng Wang, Yejun Shou, Lingfeng Shen, Shuai Li, Yanlong Cao",175.0,,2026-7,Issue/Volume,10.1016/j.patcog.2026.113071,https://doi.org/10.1016/j.patcog.2026.113071
1177,Method,Degradation learning adaptive deep unfolding network for spectral compressive imaging,"Lei Liu, Ping Xu, Xin Yuan, Chen Xu, Haifeng Zheng",175.0,,2026-7,Issue/Volume,10.1016/j.patcog.2026.113058,https://doi.org/10.1016/j.patcog.2026.113058
1178,Method,Corrigendum to “Augmented bilinear network for incremental multi-stock time-series classification” [Pattern Recognit. 141 (2023) 109604],"Mostafa Shabani, Dat Thanh Tran, Juho Kanniainen, Alexandros Iosifidis",175.0,,2026-7,Issue/Volume,10.1016/j.patcog.2025.113026,https://doi.org/10.1016/j.patcog.2025.113026
1179,Method,Interpretable deep learning enables reliable and label-efficient fluorescence imaging,"Mingyang Chen, Luhong Jin, Xuwei Xuan, Defu Yang, Yun Cheng, Ju Zhang",175.0,,2026-7,Issue/Volume,10.1016/j.patcog.2025.113037,https://doi.org/10.1016/j.patcog.2025.113037
1180,Method,Variational masking generative model for anomaly detection on incomplete tabular data,"Yannan Pu, Xiang Gu, Niansheng Tang, Jingyao Zhang, Jian Sun",175.0,,2026-7,Issue/Volume,10.1016/j.patcog.2026.113069,https://doi.org/10.1016/j.patcog.2026.113069
1181,Method,A novel approach for fast circlet transform: dynamic analysis of coefficients for circular shapes quantification,"Hossein Mir, Alireza Mehridehnavi",176.0,,2026-8,Issue/Volume,10.1016/j.patcog.2026.113098,https://doi.org/10.1016/j.patcog.2026.113098
1182,Method,Quantifying knowledge during full-layer ANN-to-SNN knowledge distillation,"Di Hong, Yu Qi, Yueming Wang",175.0,,2026-7,Issue/Volume,10.1016/j.patcog.2026.113066,https://doi.org/10.1016/j.patcog.2026.113066
1183,Method,DSVTformer: Dual-stream spatial-view-temporal transformer for multi-view 3D human pose estimation,"Wanruo Zhang, Mengyuan Liu, Wenhao Li, Hong Liu",175.0,,2026-7,Issue/Volume,10.1016/j.patcog.2026.113072,https://doi.org/10.1016/j.patcog.2026.113072
1184,Method,SCRTN: Enhancing multi-modal 3D object detection in complex environments,"Xiufeng Zhu, Qing Shen, Zhenfang Liu, Kang Zhao, Jungang Lou",175.0,,2026-7,Issue/Volume,10.1016/j.patcog.2026.113068,https://doi.org/10.1016/j.patcog.2026.113068
1185,Method,StyleSeg V2: Towards robust single-label-supervised segmentation of brain tissue via optimization-free registration error perception,"Chongwei Wu, Xiaoyu Zeng, Tingwei Quan, Jinxin Lv, Xu Zhang, Wei Fang, Qiang Li, Zhiwei Wang",175.0,,2026-7,Issue/Volume,10.1016/j.patcog.2026.113090,https://doi.org/10.1016/j.patcog.2026.113090
1186,Method,Degradation-aware feature collaboration for underwater image stitching,"Jiahao Zhang, Xiaoke Shang, Zengxi Zhang, Jinyuan Liu",175.0,,2026-7,Issue/Volume,10.1016/j.patcog.2026.113082,https://doi.org/10.1016/j.patcog.2026.113082
1187,Method,Haze has many faces: Multi-domain haze style transfer for diverse haze removal,"Cunchuan Huang, Shuai Li, Xiang Chen, Jianlei Liu, Dengwang Li",175.0,,2026-7,Issue/Volume,10.1016/j.patcog.2026.113094,https://doi.org/10.1016/j.patcog.2026.113094
1188,Method,Vision-language adaptation with imbalance mitigation for generalizable face anti-spoofing,"Fan Cheng, Yuze Qiao, Fanjun Meng, Xianliang Wang, Mingsha Peng, Kaixuan Li, Zhize Wu, Meiwen Chen",175.0,,2026-7,Issue/Volume,10.1016/j.patcog.2026.113101,https://doi.org/10.1016/j.patcog.2026.113101
1189,Method,Entropy-increasing linear attention for multi-class unsupervised anomaly detection,"Tongtong Liu, Hongxia Gao, Yuxuan Tan, Jinpeng Li, Jinhui Zhao",175.0,,2026-7,Issue/Volume,10.1016/j.patcog.2026.113089,https://doi.org/10.1016/j.patcog.2026.113089
1190,Method,No-reference dehazed image quality assessment via perception-driven interactive feature representation learning,"Hangyu Nie, Ziqiang Huang, Miao Qi, Junjun Jiang, Jiayi Ma, Wei Liu",175.0,,2026-7,Issue/Volume,10.1016/j.patcog.2026.113085,https://doi.org/10.1016/j.patcog.2026.113085
1191,Method,Adaptive saliency based contextual metric learning for few-shot open-set recognition,"Ping Li, Jiajun Chen, Lijie Shang, Chenhao Ping",175.0,,2026-7,Issue/Volume,10.1016/j.patcog.2026.113096,https://doi.org/10.1016/j.patcog.2026.113096
1192,Method,Tri-SEM: A shape-aware robust regression method via chain-like segmentation and residual analysis,"Zhilin Xiong, Aihua Han, Tiefeng Ma, Shuangzhe Liu",175.0,,2026-7,Issue/Volume,10.1016/j.patcog.2026.113092,https://doi.org/10.1016/j.patcog.2026.113092
1193,Method,Towards consistent sketch-guided local 3D shape editing,"Tomohiro Aizawa, Chunzhi Gu, Shigeru Kuriyama",175.0,,2026-7,Issue/Volume,10.1016/j.patcog.2026.113095,https://doi.org/10.1016/j.patcog.2026.113095
1194,Method,Support tensor ring kernel machine with dual-stage acceleration,"Xiao Li, Yitian Xu",175.0,,2026-7,Issue/Volume,10.1016/j.patcog.2026.113100,https://doi.org/10.1016/j.patcog.2026.113100
1195,Method,Outlier-robust learning with continuously differentiable least trimmed squares,"Lei Xing, Yufei Liu, Linhai Xu, Badong Chen",175.0,,2026-7,Issue/Volume,10.1016/j.patcog.2026.113099,https://doi.org/10.1016/j.patcog.2026.113099
1196,Method,A spectral difference preservation network based on Mamba pyramid for hyperspectral image compression,"Kaijie Shi, Cuiping Shi, Weiwei Sun, Liguo Wang",175.0,,2026-7,Issue/Volume,10.1016/j.patcog.2026.113088,https://doi.org/10.1016/j.patcog.2026.113088
1197,Method,Ask and focus more: Question-prompt uncertainty allocation for dual-controllable video captioning,"Shuqin Chen, Xingrui Yang, Yi Chen, Kai Wang, Xiaohan Yu, Xian Zhong",175.0,,2026-7,Issue/Volume,10.1016/j.patcog.2026.113105,https://doi.org/10.1016/j.patcog.2026.113105
1198,Method,Consensus-aware sparse subspace clustering via coreset selection,"Katsuya Hotta, Chunzhi Gu, Chao Zhang",175.0,,2026-7,Issue/Volume,10.1016/j.patcog.2026.113097,https://doi.org/10.1016/j.patcog.2026.113097
1199,Method,Be Bayesian by attachments to catch more uncertainty,"Shiyu Shen, Bin Pan, Tianyang Shi, Tao Li, Zhenwei Shi",175.0,,2026-7,Issue/Volume,10.1016/j.patcog.2026.113084,https://doi.org/10.1016/j.patcog.2026.113084
1200,Method,Visual-language active search for wide-area remote sensing imagery,"Nuo Xu, Kelu Yao, Rong Yang, Chao Li",175.0,,2026-7,Issue/Volume,10.1016/j.patcog.2026.113106,https://doi.org/10.1016/j.patcog.2026.113106
1201,Method,TG-fusion: A target-guided fusion framework for domain-adaptive counting,"Rui Zhou, Tardi Tjahjadi, Thomas Popham",175.0,,2026-7,Issue/Volume,10.1016/j.patcog.2026.113086,https://doi.org/10.1016/j.patcog.2026.113086
1202,Method,Knowledge-guided multi-modality transformer for multi-label genetic mutation prediction,"Gexin Huang, Chenfei Wu, Mingjie Li, Xiaojun Chang, Ying Sun, Lei Xing, Xiaodan Liang, Liang Lin, Guang Yang, Shen Zhao",175.0,,2026-7,Issue/Volume,10.1016/j.patcog.2026.113047,https://doi.org/10.1016/j.patcog.2026.113047
1203,Method,"Is multimodal conversational emotion recognition satisfactory? Exploring the gaps in performance, generalization, and confidence","Geng Tu, Ran Jing, Xuan Luo, Erik Cambria, Wenjie Li, Ruifeng Xu",175.0,,2026-7,Issue/Volume,10.1016/j.patcog.2026.113087,https://doi.org/10.1016/j.patcog.2026.113087
1204,Method,Spatial plus wavelet dual-domain network empowering high-quality electrical impedance tomography,"Zichen Wang, Tao Zhang, Xinyu Zhang, Xiaoyan Chen, Qi Wang",175.0,,2026-7,Issue/Volume,10.1016/j.patcog.2026.113107,https://doi.org/10.1016/j.patcog.2026.113107
1205,Method,Integrating frequency-aware mamba with diffusion for 4D volumetric image synthesis,"Yangyang Shi, Beiji Zou, Xiaonian Deng, Yucong Zhang, Zehua Liu, Xiaoyan Kui, Gang Xu, Weixin Si",175.0,,2026-7,Issue/Volume,10.1016/j.patcog.2026.113067,https://doi.org/10.1016/j.patcog.2026.113067
1206,Method,YOLO-PICO: Lightweight object recognition in remote sensing images using expansion attention modules,"Mohamad Ebrahim Aghili, Hassan Ghassemian, Maryam Imani",176.0,,2026-8,Issue/Volume,10.1016/j.patcog.2026.113114,https://doi.org/10.1016/j.patcog.2026.113114
1207,Method,Adaptive knowledge transferring with switching dual-student framework for semi-supervised medical image segmentation,"Hoang-Thien Nguyen, Thanh-Huy Nguyen, Ba-Thinh Lam, Vi Vu, Bach X. Nguyen, Jianhua Xing, Tianyang Wang, Xingjian Li, Min Xu",175.0,,2026-7,Issue/Volume,10.1016/j.patcog.2026.113115,https://doi.org/10.1016/j.patcog.2026.113115
1208,Method,Insulator shed segmentation from 3D point cloud via normal reconstruction based on Gaussian mapping,"Shiyuan Zhang, Hui Chen, You Tian, Minghui Li, Wanquan Liu",175.0,,2026-7,Issue/Volume,10.1016/j.patcog.2026.113083,https://doi.org/10.1016/j.patcog.2026.113083
1209,Method,Probabilistic modeling of disparity uncertainty for robust and efficient stereo matching,"Wenxiao Cai, Dongting Hu, Ruoyan Yin, Jiankang Deng, Huan Fu, Wankou Yang, Mingming Gong",175.0,,2026-7,Issue/Volume,10.1016/j.patcog.2026.113102,https://doi.org/10.1016/j.patcog.2026.113102
1210,Method,OW-DLN: A novel open-world decoupled learning network for fabric defect detection,"Qingming Ye, Jue Hou, Yang Yang, Jiahe Xue, Zheng Liu",175.0,,2026-7,Issue/Volume,10.1016/j.patcog.2026.113112,https://doi.org/10.1016/j.patcog.2026.113112
1211,Method,Dual -phase transformer with spectral-spatial synergy for hyperspectral image fusion,"Shuaiqi Liu, Ruixia Cai, Huanru Yue, Bing Li, Yudong Zhang, Siyuan Liu",175.0,,2026-7,Issue/Volume,10.1016/j.patcog.2026.113116,https://doi.org/10.1016/j.patcog.2026.113116
1212,Method,MDGC-Net: Multi-dimensional geometric feature and adaptive geometric consistency for enhanced point cloud segmentation,"Kangzhe Hu, Haijun Huang, Jie Sun, Dingcheng Huang, Maomao Fan",175.0,,2026-7,Issue/Volume,10.1016/j.patcog.2026.113110,https://doi.org/10.1016/j.patcog.2026.113110
1213,Method,GMSFormer: Geometric-aware multi-structured transformer for point cloud understanding,"Da Song, Chunjuan Yan, Binghui Wang, Yishuo Liu, Chuanxu Wang",175.0,,2026-7,Issue/Volume,10.1016/j.patcog.2026.113111,https://doi.org/10.1016/j.patcog.2026.113111
1214,Method,Bidirectional cross-modal image-guided point cloud completion with multi-scale progressive refinement,"Fang Gao, Yan Jin, Yong Liu, Shaodong Li, Hanbo Zheng, Jun Yu",175.0,,2026-7,Issue/Volume,10.1016/j.patcog.2026.113123,https://doi.org/10.1016/j.patcog.2026.113123
1215,Method,OctMamba: Mamba-based octree context entropy model for point cloud geometry compression,"Zhaoyi Jiang, Yi Xu, Frederick W.B. Li, Gary K.L. Tam, Chao Song, Bailin Yang",175.0,,2026-7,Issue/Volume,10.1016/j.patcog.2026.113113,https://doi.org/10.1016/j.patcog.2026.113113
1216,Method,Topography feature enhancement for metal surface defect detection via heterogeneous spatial-dilated convolution,"Deliang Ye, Jinghua Xu, Shuyou Zhang, Kang Wang, Shenghao Chen, Kan Wu, Chao Qian",176.0,,2026-8,Issue/Volume,10.1016/j.patcog.2026.113117,https://doi.org/10.1016/j.patcog.2026.113117
1217,Method,Sign-aware recommendation based on mixed-path aggregation,"Mengtian Ye, Sijian Huang, Chaoqun Li",175.0,,2026-7,Issue/Volume,10.1016/j.patcog.2026.113125,https://doi.org/10.1016/j.patcog.2026.113125
1218,Method,Adversarial example generation for infrared images,"Yuefeng Wang, Weiguo Lin, Junfeng Xu, Yikun Xu, Yong Gan",175.0,,2026-7,Issue/Volume,10.1016/j.patcog.2026.113131,https://doi.org/10.1016/j.patcog.2026.113131
1219,Method,Amplitude exchanging network for unsupervised underwater image enhancement,"Runhao Zeng, Xionglin Zhu, Wenfu Peng, Jiezhang Cao, Yong Guo, Zhihua Wang, Qiuping Jiang",175.0,,2026-7,Issue/Volume,10.1016/j.patcog.2026.113119,https://doi.org/10.1016/j.patcog.2026.113119
1220,Method,SETFusion: A semantic transformer for infrared and visible image fusion,"Wei Tang, Fazhi He, Lin Zhang, Shengjie Zhao",175.0,,2026-7,Issue/Volume,10.1016/j.patcog.2026.113130,https://doi.org/10.1016/j.patcog.2026.113130
1221,Method,SC2R: similarity cues-aware evolutionary relationship mining for fine-grained bird image classification,"Hai Liu, Feifei Li, Zhibing Liu, Qiang Chen, Zhiyi Du, Tingting Liu, Zhaoli Zhang, You-Fu Li",175.0,,2026-7,Issue/Volume,10.1016/j.patcog.2026.113128,https://doi.org/10.1016/j.patcog.2026.113128
1222,Method,Illumination-adaptive feature enhancement for low-light object detection,"Jiajia Lu, Wenping Zheng, Yuhua Qian, Xinyan Liang, Keqi Wang, Zhian Yuan",176.0,,2026-8,Issue/Volume,10.1016/j.patcog.2026.113122,https://doi.org/10.1016/j.patcog.2026.113122
1223,Method,VRDNet: Visual restoration dehazing network with triple color space feature fusion for clustered haze scenarios,"Zhiyu Lyu, Yan Chen, Yimin Hou",175.0,,2026-7,Issue/Volume,10.1016/j.patcog.2026.113142,https://doi.org/10.1016/j.patcog.2026.113142
1224,Method,ConRF: Zero-shot stylization of 3D scenes with conditioned radiation fields,"Xingyu Miao, Yang Bai, Haoran Duan, Fan Wan, Yawen Huang, Yang Long, Yefeng Zheng",175.0,,2026-7,Issue/Volume,10.1016/j.patcog.2026.113134,https://doi.org/10.1016/j.patcog.2026.113134
1225,Method,Masked autoencoders for spatio-temporal audio representations: Theory and optimization,"Jiayu Xiong, Jing Wang, Wanlong Wang, Xiaosen Lyu, Jianlong Kwan, Jun Xue",175.0,,2026-7,Issue/Volume,10.1016/j.patcog.2026.113133,https://doi.org/10.1016/j.patcog.2026.113133
1226,Method,FreeStyle: Free lunch for text-guided style transfer using diffusion models,"Feihong He, Gang Li, Fuhui Sun, Mengyuan Zhang, Lingyu Si, Xiaoyan Wang, Li Shen",175.0,,2026-7,Issue/Volume,10.1016/j.patcog.2026.113093,https://doi.org/10.1016/j.patcog.2026.113093
1227,Method,Multi-scale temporal correlation multi-dimensional decomposition network for time series analysis,"Fan Zhang, Lele Yuan, Wenchang Zhang, Mingli Zhang, Hua Wang",175.0,,2026-7,Issue/Volume,10.1016/j.patcog.2026.113140,https://doi.org/10.1016/j.patcog.2026.113140
1228,Method,Boundary-recovering network for temporal action detection,"Jihwan Kim, Jaehyun Choi, Yerim Jeon, Jae-Pil Heo",176.0,,2026-8,Issue/Volume,10.1016/j.patcog.2026.113141,https://doi.org/10.1016/j.patcog.2026.113141
1229,Method,Attribute graph adjusted trace ratio linear discriminant analysis for feature extraction,"Quan Wang, Hao Lei, Fei Wang, Xinpei Wen, Zhiping Lin, Feiping Nie",176.0,,2026-8,Issue/Volume,10.1016/j.patcog.2026.113136,https://doi.org/10.1016/j.patcog.2026.113136
1230,Method,Unsupervised PolSAR image classification based on deep clustering and scattering mechanism,"Wenqiang Hua, Sijia Yang, Junfei Shi, Chen Ding, Yizhuo Dong",175.0,,2026-7,Issue/Volume,10.1016/j.patcog.2026.113150,https://doi.org/10.1016/j.patcog.2026.113150
1231,Method,Frequency-aware spatio-temporal topology learning for skeleton-based human activity recognition,"Yi Xia, Sira Yongchareon, Raymond Lutui, Quan Z. Sheng",175.0,,2026-7,Issue/Volume,10.1016/j.patcog.2026.113146,https://doi.org/10.1016/j.patcog.2026.113146
1232,Method,TrHelpTr: A long-term single-object tracking paradigm based on sequence modeling reinforcement learning,"Jiazheng Wen, Huanyu Liu, Junbao Li",176.0,,2026-8,Issue/Volume,10.1016/j.patcog.2026.113143,https://doi.org/10.1016/j.patcog.2026.113143
1233,Method,APCIFormer: Adaptive perception and cross-scale interaction transformer for image super-resolution,"Xiaofeng Wang, Kai Ran, Wenshuo Zhang, Lin Zhang, Jianghua Li",175.0,,2026-7,Issue/Volume,10.1016/j.patcog.2026.113138,https://doi.org/10.1016/j.patcog.2026.113138
1234,Method,Lifelong content-based histopathology image retrieval via bilevel coreset selection and distance consistency rehearsal,"Xinyu Zhu, Zhiguo Jiang, Kun Wu, Jun Shi, Yushan Zheng",175.0,,2026-7,Issue/Volume,10.1016/j.patcog.2026.113135,https://doi.org/10.1016/j.patcog.2026.113135
1235,Method,Learning spatio-temporal consistency in spiking neural networks by self-distillation,"Lin Zuo, Yongqi Ding, Mengmeng Jing, Kunshan Yang, Hanpu Deng",175.0,,2026-7,Issue/Volume,10.1016/j.patcog.2026.113108,https://doi.org/10.1016/j.patcog.2026.113108
1236,Method,Uncertainty-aware calibrated 3D human motion forecasting with latent conformal prediction,"Yue Ma, Frederick W.B. Li, Xiaohui Liang",175.0,,2026-7,Issue/Volume,10.1016/j.patcog.2026.113144,https://doi.org/10.1016/j.patcog.2026.113144
1237,Method,Towards a robust adversarial patch attack against RGB-T crowd counting,"Weihang Kong, Yiru Du, He Li, Xingchen Zhang",176.0,,2026-8,Issue/Volume,10.1016/j.patcog.2026.113149,https://doi.org/10.1016/j.patcog.2026.113149
1238,Method,FProtoSeg: Fine-grained prototype alignment for Weakly Supervised Semantic Segmentation of histopathology images,"Meidan Ding, Wenting Chen, Xiaoling Luo, Haiqin Zhong, Linlin Shen",175.0,,2026-7,Issue/Volume,10.1016/j.patcog.2026.113126,https://doi.org/10.1016/j.patcog.2026.113126
1239,Method,Underwater image enhancement via degradation information extraction and guidance,"Fukuan Wang, Fei Li, Chaojun Cen, Zhenbo Li, Qingling Duan",175.0,,2026-7,Issue/Volume,10.1016/j.patcog.2026.113121,https://doi.org/10.1016/j.patcog.2026.113121
1240,Method,Domain generalization via domain uncertainty shrinkage,"Jun-Zheng Chu, Bin Pan, Tian-Yang Shi, Zhen-Wei Shi",176.0,,2026-8,Issue/Volume,10.1016/j.patcog.2026.113118,https://doi.org/10.1016/j.patcog.2026.113118
1241,Method,Towards open-vocabulary semantic segmentation for remote sensing images,"Da Zhang, Mingmin Zeng, Xuelong Li",175.0,,2026-7,Issue/Volume,10.1016/j.patcog.2026.113120,https://doi.org/10.1016/j.patcog.2026.113120
1242,Method,GaitMDF: Gait recognition via motion deformation field modeling and knowledge transfer,"Wei Huo, Ke Wang, Jun Tang, Xudong Zhou, Nian Wang",175.0,,2026-7,Issue/Volume,10.1016/j.patcog.2026.113147,https://doi.org/10.1016/j.patcog.2026.113147
1243,Method,Learning discriminative features within forward-Forward algorithm using convolutional prototype,"Qiufu Li, Zewen Li, Linlin Shen",175.0,,2026-7,Issue/Volume,10.1016/j.patcog.2026.113139,https://doi.org/10.1016/j.patcog.2026.113139
1244,Method,Learning gated experts for segment anything in the wild,"Yizhen Guo, Hang Guo, Tao Dai, Zhi Wang, Bin Chen, Shu-Tao Xia",176.0,,2026-8,Issue/Volume,10.1016/j.patcog.2026.113064,https://doi.org/10.1016/j.patcog.2026.113064
1245,Method,FeatureSORT: A robust tracker with optimized feature integration,"Hamidreza Hashempoor, Rosemary Koikara, Yu Dong Hwang",175.0,,2026-7,Issue/Volume,10.1016/j.patcog.2026.113148,https://doi.org/10.1016/j.patcog.2026.113148
1246,Method,PoseAdapter: Efficiently transferring 2D human pose estimator to 3D whole-body task via adapter,"Ze Feng, Sen Yang, Jiang-Jiang Liu, Wankou Yang",175.0,,2026-7,Issue/Volume,10.1016/j.patcog.2026.113154,https://doi.org/10.1016/j.patcog.2026.113154
1247,Method,Prioritized scanning: Combining spatial information multiple instance learning for computational pathology,"Yuqi Zhang, Jiakai Wang, Baoyu Liang, Yuancheng Yang, Siyang Wu, Chao Tong",176.0,,2026-8,Issue/Volume,10.1016/j.patcog.2026.113151,https://doi.org/10.1016/j.patcog.2026.113151
1248,Method,EEnvA-Mamba: Effective and environtology-aware adaptive Mamba for road object detection in adverse weather scenes,"Yonglin Chen, Binzhi Fan, Nan Liu, Yalong Yang, Jinhui Tang",175.0,,2026-7,Issue/Volume,10.1016/j.patcog.2026.113127,https://doi.org/10.1016/j.patcog.2026.113127
1249,Method,Audio-visual perceptual quality measurement via multi-perspective spatio-temporal EEG analysis,"Shuzhan Hu, Mingyu Li, Yang Liu, Weiwei Jiang, Bingrui Geng, Wei Zhong, Long Ye",176.0,,2026-8,Issue/Volume,10.1016/j.patcog.2026.113156,https://doi.org/10.1016/j.patcog.2026.113156
1250,Method,Generative model-based mixed-semantic enhancement for transductive zero-shot learning,"Huaizhou Qi, Yang Liu, Jungong Han, Lei Zhang",176.0,,2026-8,Issue/Volume,10.1016/j.patcog.2026.113124,https://doi.org/10.1016/j.patcog.2026.113124
1251,Method,S2I-DiT: Unlocking the semantic-to-image transferability by fine-tuning large diffusion transformer models,"Gang Li, Enze Xie, Chongjian Ge, Xiang Li, Lingyu Si, Changwen Zheng, Zhenguo Li",176.0,,2026-8,Issue/Volume,10.1016/j.patcog.2026.113158,https://doi.org/10.1016/j.patcog.2026.113158
1252,Method,CMTNet: A collaborative mamba-transformer network with spatial-temporal cross-fusion for speech emotion recognition,"Shihe Dong, Jiajun Wei, Junfeng Zhao, Yibing Zhu, Jiayi Zhou, Zhuhong Shao, Mingyue Niu, Xiaohui Tan, Yinan Jiang, Rongyin Qin",175.0,,2026-7,Issue/Volume,10.1016/j.patcog.2026.113159,https://doi.org/10.1016/j.patcog.2026.113159
1253,Method,DuoNet: Joint optimization of representation learning and prototype classifier for unbiased scene graph generation,"Zhaodi Wang, Biao Leng, Shuo Zhang",176.0,,2026-8,Issue/Volume,10.1016/j.patcog.2026.113152,https://doi.org/10.1016/j.patcog.2026.113152
1254,Method,MC-MVSNet: When multi-view stereo meets monocular cues,"Xincheng Tang, Mengqi Rong, Bin Fan, Hongmin Liu, Shuhan Shen",176.0,,2026-8,Issue/Volume,10.1016/j.patcog.2026.113166,https://doi.org/10.1016/j.patcog.2026.113166
1255,Method,DFWe: Efficient knowledge distillation of fine-tuned Whisper encoder for speech emotion recognition,"Yujian Ma, Xianquan Jiang, Jinqiu Sang, Ruizhe Li",176.0,,2026-8,Issue/Volume,10.1016/j.patcog.2026.113161,https://doi.org/10.1016/j.patcog.2026.113161
1256,Method,Unsupervised multimodal emotion-unified representation learning with dual-level language-driven cross-modal emotion alignment,"Shaoze Feng, Qiyin Zhou, Yuanyuan Liu, Ke Wang, Kejun Liu, Chang Tang",176.0,,2026-8,Issue/Volume,10.1016/j.patcog.2026.113160,https://doi.org/10.1016/j.patcog.2026.113160
1257,Method,Enhancing sampling performance in XGBoost by ensemble feature engineering,"Lingping Kong, Ponnuthurai Nagaratnam Suganthan, Václav Snášel, Varun Ojha, Jeng-Shyang Pan",176.0,,2026-8,Issue/Volume,10.1016/j.patcog.2026.113169,https://doi.org/10.1016/j.patcog.2026.113169
1258,Method,A communication efficient boosting method for distributed spectral clustering,"Yingqiu Zhu, Danyang Huang",176.0,,2026-8,Issue/Volume,10.1016/j.patcog.2026.113168,https://doi.org/10.1016/j.patcog.2026.113168
1259,Method,Causal-guided strength differential independence sample weighting for out-of-distribution generalization,"Haoran Yu, Weifeng Liu, Yingjie Wang, Baodi Liu, Dapeng Tao, Honglong Chen",176.0,,2026-8,Issue/Volume,10.1016/j.patcog.2026.113179,https://doi.org/10.1016/j.patcog.2026.113179
1260,Method,Frequency-aligned supervision for few-shot neural rendering,"Su-Ji Jang, Ue-Hwan Kim",176.0,,2026-8,Issue/Volume,10.1016/j.patcog.2026.113183,https://doi.org/10.1016/j.patcog.2026.113183
1261,Method,Data-efficient generalization for zero-shot composed image retrieval,"Zining Chen, Zhicheng Zhao, Fei Su, Shijian Lu",176.0,,2026-8,Issue/Volume,10.1016/j.patcog.2026.113187,https://doi.org/10.1016/j.patcog.2026.113187
1262,Method,PUA : Pseudo-features made useful again for robust graph node classification under distribution shift,"Zihao Yin, Zhihai Wang, Haiyang Liu, Chuanlan Li, Muyun Yao, Shijiang Li, Fangjing Li, Jia Ren, Yanchao Yang",176.0,,2026-8,Issue/Volume,10.1016/j.patcog.2026.113185,https://doi.org/10.1016/j.patcog.2026.113185
1263,Method,MonoTDF: Temporal deep feature learning for generalizable monocular 3D object detection,"Xiu-Zhi Chen, Yi-Kai Chiu, Chih-Sheng Huang, Yen-Lin Chen",176.0,,2026-8,Issue/Volume,10.1016/j.patcog.2026.113184,https://doi.org/10.1016/j.patcog.2026.113184
1264,Method,Joint asymmetric discrete hashing for cross-modal retrieval,"Jiaxing Li, Lin Jiang, Zuopeng Yang, Xiaozhao Fang, Shengli Xie, Yong Xu",176.0,,2026-8,Issue/Volume,10.1016/j.patcog.2026.113180,https://doi.org/10.1016/j.patcog.2026.113180
1265,Method,Kernel entropy graph isomorphism network for graph classification,"Lixiang Xu, Wei Ge, Feiping Nie, Enhong Chen, Bin Luo",176.0,,2026-8,Issue/Volume,10.1016/j.patcog.2026.113182,https://doi.org/10.1016/j.patcog.2026.113182
1266,Method,INSERTION: From traditional incremental learning to open-world stream learning,"Yanchao Li, Hongwei Dou, Guanxiao Li, Guangwei Gao, Huiyu Zhou",176.0,,2026-8,Issue/Volume,10.1016/j.patcog.2026.113163,https://doi.org/10.1016/j.patcog.2026.113163
1267,Method,Enhancing graph learning interpretability through modulating cluster information flow,"Jiayi Yang, Wei Ye, Xin Sun, Rui Fan, Jungong Han",176.0,,2026-8,Issue/Volume,10.1016/j.patcog.2026.113178,https://doi.org/10.1016/j.patcog.2026.113178
1268,Method,IRDFusion: Iterative relation-map difference guided feature fusion for multispectral object detection,"Jifeng Shen, Haibo Zhan, Xin Zuo, Heng Fan, Xiaohui Yuan, Jun Li, Wankou Yang",176.0,,2026-8,Issue/Volume,10.1016/j.patcog.2026.113189,https://doi.org/10.1016/j.patcog.2026.113189
1269,Method,Generating transferable attacks across large vision-language models using adversarial deformation learning,"Daizong Liu, Wangqin Liu, Xiaowen Cai, Pan Zhou, Runwei Guan, Xiaoye Qu, Bo Du",176.0,,2026-8,Issue/Volume,10.1016/j.patcog.2026.113194,https://doi.org/10.1016/j.patcog.2026.113194
1270,Method,Interaction-aware adaptive network for drug-drug interaction prediction,"Dongjiang Niu, Xiaofeng Wang, Zengqian Deng, Bowen Tang, Zhen Li",176.0,,2026-8,Issue/Volume,10.1016/j.patcog.2026.113172,https://doi.org/10.1016/j.patcog.2026.113172
1271,Method,Deep non-convex tensor and higher-order graph embedding for multi-source domain adaptation,"Yiyang Fu, Huiling Fu, Yuwu Lu, Ming Zhao",176.0,,2026-8,Issue/Volume,10.1016/j.patcog.2026.113170,https://doi.org/10.1016/j.patcog.2026.113170
1272,Method,One-step multi-view graph clustering via bottom-up structural learning,"Wenzhe Liu, Li Jiang, Huibing Wang, Yong Zhang",176.0,,2026-8,Issue/Volume,10.1016/j.patcog.2026.113175,https://doi.org/10.1016/j.patcog.2026.113175
1273,Method,Dual-teacher fusion with augmented branch for semi-supervised object detection,"Xiaolong Xiong, Tingting Leng, Shuzhan Guo, Shanxiong Chen, Jun Zhou",176.0,,2026-8,Issue/Volume,10.1016/j.patcog.2026.113176,https://doi.org/10.1016/j.patcog.2026.113176
1274,Method,Learning generalizable visual representations with causal diffusion model for controllable editing,"Shanshan Huang, Lei Wang, Haoxuan Chen, Yuxuan Liang, Li Liu",176.0,,2026-8,Issue/Volume,10.1016/j.patcog.2026.113162,https://doi.org/10.1016/j.patcog.2026.113162
1275,Method,Universal image restoration via task-adaptive diffusion degradation oriented model,"Junxi Wu, Sicheng Pan, Naiqi Li, Bin Chen, Baoyi An, Zhi Wang, Yaowei Wang, Shu-Tao Xia",176.0,,2026-8,Issue/Volume,10.1016/j.patcog.2026.113193,https://doi.org/10.1016/j.patcog.2026.113193
1276,Method,ST-VA-AR: Learning velocity-aware action representations with mixture of spatiotemporal attention,"Jiangning Wei, Bo Yu, Ke Li, Lan Yang, Dandan Xiao, Jun Liu",176.0,,2026-8,Issue/Volume,10.1016/j.patcog.2026.113200,https://doi.org/10.1016/j.patcog.2026.113200
1277,Method,Tab2Visual: Deep learning for limited tabular data via visual representations and augmentation,"Ahmed Mamdouh, Moumen El-Melegy, Samia Ali, Ron Kikinis",176.0,,2026-8,Issue/Volume,10.1016/j.patcog.2026.113173,https://doi.org/10.1016/j.patcog.2026.113173
1278,Method,Continual relation extraction with wake-sleep memory consolidation,"Tingting Hang, Ya Guo, Jun Huang, Yirui Wu, Umapada Pal, Shivakumara Palaiahnakote",176.0,,2026-8,Issue/Volume,10.1016/j.patcog.2026.113192,https://doi.org/10.1016/j.patcog.2026.113192
1279,Method,Adaptive centroid guided hashing for cross-modal retrieval,"Zhenqiu Shu, Julong Zhang, Zhengtao Yu",176.0,,2026-8,Issue/Volume,10.1016/j.patcog.2026.113186,https://doi.org/10.1016/j.patcog.2026.113186
1280,Method,TranSAC: An unsupervised transferability metric based on task speciality and domain commonality,"Qianshan Zhan, Xiao-Jun Zeng, Qian Wang",176.0,,2026-8,Issue/Volume,10.1016/j.patcog.2026.113137,https://doi.org/10.1016/j.patcog.2026.113137
1281,Method,Diffusion model-based data augmentation for land cover segmentation in Pol-SAR imagery,"Keunhoon Choi, Sunok Kim, Kwanghoon Sohn",176.0,,2026-8,Issue/Volume,10.1016/j.patcog.2026.113171,https://doi.org/10.1016/j.patcog.2026.113171
1282,Method,A novel incremental Gaussian mixture model based on fuzzy three-way decision for concept drift adaptation,"Wenxin Shen, Zhixuan Deng, Tianrui Li, Keyu Liu, Deyou Xia, Dayong Deng",176.0,,2026-8,Issue/Volume,10.1016/j.patcog.2026.113181,https://doi.org/10.1016/j.patcog.2026.113181
1283,Method,Frequency-enhanced wavelet transformer based decoder for medical image segmentation,"Haitao Yin, Yongchang Xu",176.0,,2026-8,Issue/Volume,10.1016/j.patcog.2026.113198,https://doi.org/10.1016/j.patcog.2026.113198
1284,Method,Amplitude-guided deep reinforcement learning for semi-supervised layer segmentation,"Enting Gao, Zian Zha, Yonggang Li, Junhui Zhu, Yong Wang, Xinjian Chen, Naihui Zhou, Dehui Xiang",176.0,,2026-8,Issue/Volume,10.1016/j.patcog.2026.113204,https://doi.org/10.1016/j.patcog.2026.113204
1285,Method,GrassNet: State space model meets graph neural network,"Gongpei Zhao, Tao Wang, Yi Jin, Congyan Lang, Yidong Li, Haibin Ling",176.0,,2026-8,Issue/Volume,10.1016/j.patcog.2026.113197,https://doi.org/10.1016/j.patcog.2026.113197
1286,Method,"Manifold regularized non-negative PCA with robust ℓ2,-norm enhancement","Minghua Wan, Taotao Chen, Hai Tan, Mingwei Tang, Guowei Yang",176.0,,2026-8,Issue/Volume,10.1016/j.patcog.2026.113195,https://doi.org/10.1016/j.patcog.2026.113195
1287,Method,Causal direction discovery via related conditional residual,"Shaofan Chen, Guoyuan He, Wentao Ma, Hao Zhang, Tongqing Zhou, Siwei Wang, Lichuan Gu",176.0,,2026-8,Issue/Volume,10.1016/j.patcog.2026.113196,https://doi.org/10.1016/j.patcog.2026.113196
1288,Method,Class-imbalanced graph contrastive clustering for sleep apnea prediction in mental health,"Xin Liu, Xinke Wang, Jinyang Huang, Dan Guo, Meng Wang",176.0,,2026-8,Issue/Volume,10.1016/j.patcog.2026.113157,https://doi.org/10.1016/j.patcog.2026.113157
1289,Method,SOFP: Capturing subtle facial dynamics with symmetric optical flow perception for micro-expression recognition,"Kejian Yu, Zhaohui Zhang, Chaochao Hu, Jiehao Luo",176.0,,2026-8,Issue/Volume,10.1016/j.patcog.2026.113199,https://doi.org/10.1016/j.patcog.2026.113199
1290,Method,Quaternion adaptive approximation normalization graph guided implicit low rank for robust matrix completion,"Yu Guo, Yi Liu, Guoqing Chen, Tieyong Zeng, Qiyu Jin, Michael Kwok-Po Ng",176.0,,2026-8,Issue/Volume,10.1016/j.patcog.2026.113210,https://doi.org/10.1016/j.patcog.2026.113210
1291,Method,Lifelong scene graph generation,"Tao He, Xin Hu, Tongtong Wu, Dongyang Zhang, Ming Li, Yuan-Fang Li, Fei Richard Yu",176.0,,2026-8,Issue/Volume,10.1016/j.patcog.2026.113132,https://doi.org/10.1016/j.patcog.2026.113132
1292,Method,PSR: Proactive soft-orthogonal regulation for long-tailed class-incremental learning,"Zhihan Fu, Zhiqi Zhang, Shipeng Liao, Zhengyu Huang, Zerun Chen, Tianyu Shen",176.0,,2026-8,Issue/Volume,10.1016/j.patcog.2026.113207,https://doi.org/10.1016/j.patcog.2026.113207
1293,Method,Semi-MedSAM: Adapting SAM-assisted semi-supervised multi-modality learning for medical endoscopic image segmentation,"Junhao Li, Yun Li, Junhao Wu, Chaojie Ji, Zhijie Chen, Wenbin Lei, Ruxin Wang",176.0,,2026-8,Issue/Volume,10.1016/j.patcog.2026.113206,https://doi.org/10.1016/j.patcog.2026.113206
1294,Method,DEER: Diffusion-empowered efficient restoration for underwater images,"Cheng Wang, Junyang Chen, Weichen Zhao, Wanhui Gao, Ge Jiao",176.0,,2026-8,Issue/Volume,10.1016/j.patcog.2026.113167,https://doi.org/10.1016/j.patcog.2026.113167
1295,Method,Corrigendum to “Motional Foreground Attention-based Video Crowd Counting” [Pattern Recognition 144 (2023) 109891],"Miaogen Ling, Tianhang Pan, Yi Ren, Ke Wang, Xin Geng",176.0,,2026-8,Issue/Volume,10.1016/j.patcog.2026.113153,https://doi.org/10.1016/j.patcog.2026.113153
1296,Method,UPGP:Backdoor defense via unlearning perturbation and orthogonality-constraint gradient projection,"Jingtai Li, Xiujiu Yuan, Jiwei Tian, Shiwei Lu, Dengxiu Yu",176.0,,2026-8,Issue/Volume,10.1016/j.patcog.2026.113211,https://doi.org/10.1016/j.patcog.2026.113211
1297,Method,SWFTI: Facial template inversion via StyleSwin mapping,"Zixuan Shen, Zhihua Xia, Kaikai Gan, Peipeng Yu, Xiaoyu Zhou",176.0,,2026-8,Issue/Volume,10.1016/j.patcog.2026.113190,https://doi.org/10.1016/j.patcog.2026.113190
1298,Method,DyC-CLIP: Dynamic context-aware multi-modal prompt learning for zero-shot anomaly detection,"Peng Chen, Fangjun Huang, Chao Huang",176.0,,2026-8,Issue/Volume,10.1016/j.patcog.2026.113215,https://doi.org/10.1016/j.patcog.2026.113215
1299,Method,Adversarial training with attention-guided feature fusion and inclusive contrastive learning,"Xiao Sun, Song Wang, Jucheng Yang",176.0,,2026-8,Issue/Volume,10.1016/j.patcog.2026.113220,https://doi.org/10.1016/j.patcog.2026.113220
1300,Method,FPMT: Fast and precise high-resolution makeup transfer via Laplacian pyramid,"Zhaoyang Sun, Shengwu Xiong, Yi Rong",176.0,,2026-8,Issue/Volume,10.1016/j.patcog.2026.113221,https://doi.org/10.1016/j.patcog.2026.113221
1301,Method,SCALAR: Spatial-concept alignment for robust vision in harsh open world,"Xiaoyu Yang, Lijian Xu, Xingyu Zeng, Xiaosong Wang, Hongsheng Li, Shaoting Zhang",176.0,,2026-8,Issue/Volume,10.1016/j.patcog.2026.113203,https://doi.org/10.1016/j.patcog.2026.113203
1302,Method,MG-TVMF: Multi-grained text-video matching and fusing for weakly supervised video anomaly detection,"Ping He, Xiaonan Gao, Huibin Li",176.0,,2026-8,Issue/Volume,10.1016/j.patcog.2026.113201,https://doi.org/10.1016/j.patcog.2026.113201
1303,Method,Fast and robust outlier detection: A granular-ball center isolation and region consistency approach,"Rongxiang Wang, Jihong Wan, Xiaoping Li, Shuaishuai Tan",176.0,,2026-8,Issue/Volume,10.1016/j.patcog.2026.113212,https://doi.org/10.1016/j.patcog.2026.113212
1304,Method,PGRM: Positive-unlabeled enhanced recommendation model based on generative adversarial network,"Jiangzhou Deng, Huilin Jin, Zhiqiang Zhang, Jianmei Ye, Yong Wang, Leo Yu Zhang, Kobiljon Kh. Khushvakhtzoda",176.0,,2026-8,Issue/Volume,10.1016/j.patcog.2026.113209,https://doi.org/10.1016/j.patcog.2026.113209
1305,Method,Learning modality knowledge with proxy for RGB-Infrared object detection,"You Ma, Lin Chai, Shihan Mao, Yucheng Zhang",176.0,,2026-8,Issue/Volume,10.1016/j.patcog.2026.113227,https://doi.org/10.1016/j.patcog.2026.113227
1306,Method,Beyond similarity: Mutual information-guided retrieval for in-context learning in VQA,"Jun Zhang, Zezhong Lv, Jian Zhao, Yan Wang, Tianle Zhang, Yuchen Yuan, Yuchu Jiang, Chi Zhang, Wenqi Ren, Xuelong Li",176.0,,2026-8,Issue/Volume,10.1016/j.patcog.2026.113214,https://doi.org/10.1016/j.patcog.2026.113214
1307,Method,SDC-Net: Semi-supervised breast ultrasound lesion segmentation via semantic decoupling,"Jiansong Zhang, Zhuoqin Yang, Xiaoling Luo, Shaozheng He, Linlin Shen",176.0,,2026-8,Issue/Volume,10.1016/j.patcog.2026.113216,https://doi.org/10.1016/j.patcog.2026.113216
1308,Method,Align-then-generate: An effective cross-modal generation paradigm for multi-label zero-shot learning,"Peirong Ma, Wu Ran, Yanhui Gu, Huaqiu Chen, Zhiquan He, Hong Lu",176.0,,2026-8,Issue/Volume,10.1016/j.patcog.2026.113229,https://doi.org/10.1016/j.patcog.2026.113229
1309,Method,CUDiff: Consistency and uncertainty guided conditional diffusion for infrared and visible image fusion,"Yueying Luo, Kangjian He, Dan Xu",176.0,,2026-8,Issue/Volume,10.1016/j.patcog.2026.113174,https://doi.org/10.1016/j.patcog.2026.113174
1310,Method,MCMTSYN: Predicting anticancer drug synergy via cross-modal feature fusion and multi-task learning,"Wei Wang, Gaolin Yuan, Bin Sun, Dong Liu, Hongjun Zhang, Guangsheng Wu, Yun Zhou, Xianfang Wang",176.0,,2026-8,Issue/Volume,10.1016/j.patcog.2026.113222,https://doi.org/10.1016/j.patcog.2026.113222
1311,Method,Improving episodic few-shot visual question answering via spatial and frequency domain dual-calibration,"Jing Zhang, Yifan Wei, Yunzuo Hu, Zhe Wang",176.0,,2026-8,Issue/Volume,10.1016/j.patcog.2026.113165,https://doi.org/10.1016/j.patcog.2026.113165
1312,Method,Noise-aware cross attention for image manipulation localization,"Hongshi Zhang, Tonghua Su, Zhou Liu, Fuxiang Yang, Donglin Di, Yang Song, Lei Fan",176.0,,2026-8,Issue/Volume,10.1016/j.patcog.2026.113164,https://doi.org/10.1016/j.patcog.2026.113164
1313,Method,ETV-Attack: Efficient text-driven visual-variable adversarial attacks on visual question answering with pre-trained language models,"Quanxing Xu, Ling Zhou, Xian Zhong, Feifei Zhang, Jinyu Tian, Xiaohan Yu, Rubing Huang",176.0,,2026-8,Issue/Volume,10.1016/j.patcog.2026.113202,https://doi.org/10.1016/j.patcog.2026.113202
1314,Method,Multimodal emotion recognition via unified granularity contrastive learning and similar negative discrimination,"Yongwei Li, Wei Gao, Jianwu Li",176.0,,2026-8,Issue/Volume,10.1016/j.patcog.2026.113224,https://doi.org/10.1016/j.patcog.2026.113224
1315,Method,Panoptic-VSNet: Visual-semantic prior knowledge-driven multimodal 3D panoptic segmentation,"Xiao Li, Hui Li, Xiangzhen Kong, Yuang Ji, Zhiyu Liu, Hao Liu",176.0,,2026-8,Issue/Volume,10.1016/j.patcog.2026.113239,https://doi.org/10.1016/j.patcog.2026.113239
1316,Method,RFAConv: Receptive-field attention convolution for improving convolutional neural networks,"Xin Zhang, Chen Liu, Tingting Song, Degang Yang, Yichen Ye, Ke Li, Yingze Song",176.0,,2026-8,Issue/Volume,10.1016/j.patcog.2026.113208,https://doi.org/10.1016/j.patcog.2026.113208
1317,Method,VLCounting: Taming zero-shot counting via language-driven exemplar grounding,"Mingjie Wang, Zhuohang Li, Yong Dai, Eric Buys, Minglun Gong",176.0,,2026-8,Issue/Volume,10.1016/j.patcog.2026.113205,https://doi.org/10.1016/j.patcog.2026.113205
1318,Method,Understanding multimodal sentiment with deep modality interaction learning,"Jie Mu, Jing Zhang, Jian Xu, Wenqi Liu, Zhizheng Sun, Wei Wang",176.0,,2026-8,Issue/Volume,10.1016/j.patcog.2026.113236,https://doi.org/10.1016/j.patcog.2026.113236
1319,Method,ConMamba: Contrastive vision Mamba for plant disease detection,"Abdullah Al Mamun, Miaohua Zhang, David Ahmedt-Aristizabal, Zeeshan Hayder, Mohammad Awrangjeb",176.0,,2026-8,Issue/Volume,10.1016/j.patcog.2026.113177,https://doi.org/10.1016/j.patcog.2026.113177
1320,Method,MTSCL-Net: Multi-level temporal spatial contrastive learning for robust breast tumor segmentation in DCE-MRI,"Jiezhou He, Qi Wen, Zhiming Luo, Xue Zhao, Songzhi Su, Guojun Zhang, Shaozi Li",176.0,,2026-8,Issue/Volume,10.1016/j.patcog.2026.113225,https://doi.org/10.1016/j.patcog.2026.113225
1321,Method,Deep neural network calibration by reducing classifier shift with stochastic masking,"Jiani Ni, He Zhao, Yibo Yang, Dandan Guo",177.0,,2026-9,Issue/Volume,10.1016/j.patcog.2026.113217,https://doi.org/10.1016/j.patcog.2026.113217
1322,Method,DAFS: A distribution-aware hierarchical feature selection method for long-tailed classification,"Yang Zhang, Jie Shi, Yanfang Liu, Hong Zhao",176.0,,2026-8,Issue/Volume,10.1016/j.patcog.2026.113218,https://doi.org/10.1016/j.patcog.2026.113218
1323,Method,DecoderTracker: Decoder-only end-to-end method for multiple-object tracking,"Pan Liao, Feng Yang, Di Wu, Wenhui Zhao, Jinwen Yu, Dingwen Zhang",177.0,,2026-9,Issue/Volume,10.1016/j.patcog.2026.113242,https://doi.org/10.1016/j.patcog.2026.113242
1324,Method,BCDnet: Balanced coupling and decoupling network for person search,"Zhengjie Lu, Jinjia Peng, Huibing Wang, Xianping Fu",176.0,,2026-8,Issue/Volume,10.1016/j.patcog.2026.113241,https://doi.org/10.1016/j.patcog.2026.113241
1325,Method,CD-DPC: Centrifugal degree based density peaks clustering algorithm,"Linlin Ma, Hui Li, Xincheng Liu, Huihui Chu, Yue Guan, Yuzhen Zhao, Yawen Chen, Da Wang, Wenke Zang",176.0,,2026-8,Issue/Volume,10.1016/j.patcog.2026.113223,https://doi.org/10.1016/j.patcog.2026.113223
1326,Method,Learning robust descriptors with probabilistic embedding and reliability-aware triplet loss,"Weichao Bao, Xiaohui Wei, Caixia Zhou, Haibo Liu",176.0,,2026-8,Issue/Volume,10.1016/j.patcog.2026.113213,https://doi.org/10.1016/j.patcog.2026.113213
1327,Method,RelPosGAR: Hierarchical relative position-aware interaction modeling for weakly supervised skeleton-based group activity recognition,"Lindong Li, Linbo Qing, Liuyi Tao, Pingyu Wang, Honggang Chen, Owen Noel Newton Fernando, Weisi Lin",176.0,,2026-8,Issue/Volume,10.1016/j.patcog.2026.113251,https://doi.org/10.1016/j.patcog.2026.113251
1328,Method,Self-improved holistic alignment for preference enhancement,"Kejia Chen, Jiawen Zhang, Jiazhen Yang, Mingli Song, Zunlei Feng",176.0,,2026-8,Issue/Volume,10.1016/j.patcog.2026.113238,https://doi.org/10.1016/j.patcog.2026.113238
1329,Method,Towards invisible backdoor attacks on multi-object tracking via suppressed feature learning,"Yilang Zhang, Bo Lang",176.0,,2026-8,Issue/Volume,10.1016/j.patcog.2026.113248,https://doi.org/10.1016/j.patcog.2026.113248
1330,Method,Multimodal behavioral analysis for autism spectrum disorder assessment,"Yunxiu Zhao, Shigang Wang, Feiyong Jia, Honghua Li, Jinyang Wu, Jian Wei, Yan Zhao",176.0,,2026-8,Issue/Volume,10.1016/j.patcog.2026.113155,https://doi.org/10.1016/j.patcog.2026.113155
1331,Method,Few-shot incremental food recognition via cross-domain guided pseudo-targets,"Minkang Chai, Lu Wei, Zheng Qian, Ran Zhang, Ye Zhu",176.0,,2026-8,Issue/Volume,10.1016/j.patcog.2026.113280,https://doi.org/10.1016/j.patcog.2026.113280
1332,Method,GaitADIB: Adversarial disentangled information bottleneck network for unseen-view gait recognition,"Hanyue Du, Xianye Ben, Xiaowei Feng, Zunxiao Xu, Lei Chen, Qiang Wu",177.0,,2026-9,Issue/Volume,10.1016/j.patcog.2026.113243,https://doi.org/10.1016/j.patcog.2026.113243
1333,Method,CSAFNet: Cross-modal spatial alignment and fusion network for RGB-T crowd counting,"Yongjie Zhao, Liuru Pu, Huaibo Song, Bo Jiang",176.0,,2026-8,Issue/Volume,10.1016/j.patcog.2026.113250,https://doi.org/10.1016/j.patcog.2026.113250
1334,Method,Task-Adapter++: Task-specific adaptation with order-aware alignment for few-shot action recognition,"Congqi Cao, Peiheng Han, Yueran Zhang, Yating Yu, Qinyi Lv, Lingtong Min, Yanning Zhang",177.0,,2026-9,Issue/Volume,10.1016/j.patcog.2026.113237,https://doi.org/10.1016/j.patcog.2026.113237
1335,Method,Privacy-preserving federated SAR image target recognition with adaptive resource management in space-air-ground integrated networks,"Yuchao Hou, Bo Yu, Zhiqin Yang, Jie Wang, Wei Xiang, Di Wu, Minghui Liwang, Xiaoyu Xia, Zijian Li, Youliang Tian, Yuzhou Sun",177.0,,2026-9,Issue/Volume,10.1016/j.patcog.2026.113253,https://doi.org/10.1016/j.patcog.2026.113253
1336,Method,From apparent to real: A new path for real personality recognition in robot perception,"Yunjia Sun, Shaohui Peng, Tao Wang",177.0,,2026-9,Issue/Volume,10.1016/j.patcog.2026.113255,https://doi.org/10.1016/j.patcog.2026.113255
1337,Method,Multi-masking strategies for self-supervised Low- and High-level text representation learning,"Zhengmi Tang, Yuto Mitsui, Tomo Miyazaki, Shinichiro Omachi",177.0,,2026-9,Issue/Volume,10.1016/j.patcog.2026.113273,https://doi.org/10.1016/j.patcog.2026.113273
1338,Method,Dual-level modality debiasing learning for unsupervised visible-infrared person re-identification,"Jiaze Li, Yan Lu, Bin Liu, Guojun Yin, Mang Ye",176.0,,2026-8,Issue/Volume,10.1016/j.patcog.2026.113257,https://doi.org/10.1016/j.patcog.2026.113257
1339,Method,G2LFormer: Global-to-local token mixing transformer for blind image inpainting and beyond,"Haoru Zhao, Zonghui Guo, Shishi Qiao, Zhaorui Gu, Bing Zheng, Junyu Dong, Haiyong Zheng",176.0,,2026-8,Issue/Volume,10.1016/j.patcog.2026.113266,https://doi.org/10.1016/j.patcog.2026.113266
1340,Method,Disco: Disentangled identity-action extraction and spatiotemporal context modeling for LLM-based identity-aware basketball video captioning,"Zeyu Xi, Ya Jing, Haoying Sun, Haoran Zhang, Lifang Wu",176.0,,2026-8,Issue/Volume,10.1016/j.patcog.2026.113188,https://doi.org/10.1016/j.patcog.2026.113188
1341,Method,FCdDNet: Feature cross-domain decoupling network for remote sensing change detection,"Bin Wang, Bo Wang, Pinle Qin, Jianchao Zeng",177.0,,2026-9,Issue/Volume,10.1016/j.patcog.2026.113259,https://doi.org/10.1016/j.patcog.2026.113259
1342,Method,Depth correction and edge guidance network for RGB-D salient object detection,"Xiaogang Song, Xiaolong Zhang, Qin Zhao, Bingxing Wei, Xinwei Guo, Xinhong Hei",176.0,,2026-8,Issue/Volume,10.1016/j.patcog.2026.113278,https://doi.org/10.1016/j.patcog.2026.113278
1343,Method,DynStaticNet: A biological vision-inspired dual-branch all-in-one network for video weather removal,"Qianxi Zhang, Tao Gao, Ting Chen, Yuanbo Wen, Ziqi Li, Xiaowei Li, Tao Lei",177.0,,2026-9,Issue/Volume,10.1016/j.patcog.2026.113264,https://doi.org/10.1016/j.patcog.2026.113264
1344,Method,A visual-textual mutual guidance fusion network for remote sensing visual question answering,"Haolin Liu, Lei Chen, Xinchao Lu, Hao Wang, Lu Bai, Maoli Wang, Peng Ren",176.0,,2026-8,Issue/Volume,10.1016/j.patcog.2026.113258,https://doi.org/10.1016/j.patcog.2026.113258
1345,Method,Generalizable face forgery detection via mining single-step reconstruction difference,"Kai Zhou, Guanglu Sun, Linsen Yu, Jun Wang",176.0,,2026-8,Issue/Volume,10.1016/j.patcog.2026.113265,https://doi.org/10.1016/j.patcog.2026.113265
1346,Method,I2V-Adapter: Fast adapting image pre-trained models for video correspondence,"Hannan Lu, Xinyu Zhang, Zhi Tian, Xiaohe Wu, Wangmeng Zuo, Jingdong Wang",177.0,,2026-9,Issue/Volume,10.1016/j.patcog.2026.113228,https://doi.org/10.1016/j.patcog.2026.113228
1347,Method,Adversarial supervised contrastive feature learning for cross-modal retrieval,"Xin Shu, Yikang Guo, Shou Gang Ren",176.0,,2026-8,Issue/Volume,10.1016/j.patcog.2026.113256,https://doi.org/10.1016/j.patcog.2026.113256
1348,Method,Beyond element-level understanding: Explicit relational understanding for GUI agents,"Longhui Ma, Di Zhao, Siwei Wang, Zhao Lv, Miao Wang",176.0,,2026-8,Issue/Volume,10.1016/j.patcog.2026.113262,https://doi.org/10.1016/j.patcog.2026.113262
1349,Method,PrePurify: Pre-trained knowledge-guided data purification for generalizable face forgery detection,"Shijie Hou, Xinghao Jiang, Qiang Xu, Ke Xu, Laijin Meng",177.0,,2026-9,Issue/Volume,10.1016/j.patcog.2026.113271,https://doi.org/10.1016/j.patcog.2026.113271
1350,Method,Beneficial noise learning for open intent classification via granular-ball representation,"Yanhua Li, Xiaocao Ouyang, Jie Zhang, Chaofan Pan, Lingfei Ren, Xin Yang",177.0,,2026-9,Issue/Volume,10.1016/j.patcog.2026.113283,https://doi.org/10.1016/j.patcog.2026.113283
1351,Method,Cross-modal mapping: Mitigating the modality gap for few-shot classification,"Xi Yang, Wulin Xie, Pai Peng, Jie Wen, Xiaohuan Lu",176.0,,2026-8,Issue/Volume,10.1016/j.patcog.2026.113285,https://doi.org/10.1016/j.patcog.2026.113285
1352,Method,Synergistic representation learning via dual sample interactions for multi-view clustering,"Ruina Bai, Ruizhang Huang, Yongbin Qin, Jingjing Xue, Rujun Tian",177.0,,2026-9,Issue/Volume,10.1016/j.patcog.2026.113270,https://doi.org/10.1016/j.patcog.2026.113270
1353,Method,Leveraging image transformation and optical flow for heterogeneous change detection under co-registration errors,"Yuli Sun, Lin Lei, Gangyao Kuang",177.0,,2026-9,Issue/Volume,10.1016/j.patcog.2026.113275,https://doi.org/10.1016/j.patcog.2026.113275
1354,Method,One-pass multiview clustering with anchor differentiation mechanism,"Jinghan Wu, Xuetao Zhang, Ben Yang, Yuxin Fan, Zhiping Lin, Badong Chen",177.0,,2026-9,Issue/Volume,10.1016/j.patcog.2026.113286,https://doi.org/10.1016/j.patcog.2026.113286
1355,Method,Sentimental image generation with image quality assessment,"Xiaoyi Bao, Jinghang Gu, Zhongqing Wang, Chu-Ren Huang",177.0,,2026-9,Issue/Volume,10.1016/j.patcog.2026.113269,https://doi.org/10.1016/j.patcog.2026.113269
1356,Method,MvP-Diff: Multivariate yet precise diffusion for anomaly images synthesis and segmentation,"Siyue Yao, Eng Gee Lim, Siyue Yu, Jimin Xiao, Haotian Xu, Mingjie Sun",177.0,,2026-9,Issue/Volume,10.1016/j.patcog.2026.113294,https://doi.org/10.1016/j.patcog.2026.113294
1357,Method,Flow-guided cascaded transformer for consistent video colorization,"Yan Zhai, Zishan Li, Zhulin Tao, Longquan Dai, Yuxi Liu, Xianglin Huang",177.0,,2026-9,Issue/Volume,10.1016/j.patcog.2026.113268,https://doi.org/10.1016/j.patcog.2026.113268
1358,Method,Gradient-guided multi-task framework with genetic optimization for medical image segmentation and classification,"Li Zhao, Dongming Zhou, Jinde Cao, Weina Zhu",177.0,,2026-9,Issue/Volume,10.1016/j.patcog.2026.113276,https://doi.org/10.1016/j.patcog.2026.113276
1359,Method,Local grid rendering networks for 3D object detection in point clouds,"Jianan Li, Lihe Ding, Jie Wang, Tingfa Xu",177.0,,2026-9,Issue/Volume,10.1016/j.patcog.2026.113244,https://doi.org/10.1016/j.patcog.2026.113244
1360,Method,CED: CLIP-guided entropy dynamics for robust test-time adaptation in harsh visual conditions,"Liwen Wang, Xingbo Dong, Yenlung Lai, Bin Pu, Zhao Liu, Qika Lin, Zhe Jin",177.0,,2026-9,Issue/Volume,10.1016/j.patcog.2026.113297,https://doi.org/10.1016/j.patcog.2026.113297
1361,Method,Superpixel attention-based method for real-world image super-Resolution reconstruction,"Jun Zhang, Qicheng Li, Zheng Liang, Shuobing Li, Ruixin Zhang, Hongxia Deng",177.0,,2026-9,Issue/Volume,10.1016/j.patcog.2026.113298,https://doi.org/10.1016/j.patcog.2026.113298
1362,Method,A unified occlusion-free framework for unsupervised light field depth estimation,"Longzhao Guo, Shuo Zhang, Youfang Lin",177.0,,2026-9,Issue/Volume,10.1016/j.patcog.2026.113296,https://doi.org/10.1016/j.patcog.2026.113296
1363,Method,ELF: Edit anything for light field displays,"Baolin Liu, Zongyuan Yang, Yingde Song, Yongping Xiong",177.0,,2026-9,Issue/Volume,10.1016/j.patcog.2026.113282,https://doi.org/10.1016/j.patcog.2026.113282
1364,Method,Enhancing heterogeneous model transferability via constrained möbius attack,"Qiang Wan, Hui Zeng, Anjie Peng",176.0,,2026-8,Issue/Volume,10.1016/j.patcog.2026.113295,https://doi.org/10.1016/j.patcog.2026.113295
1365,Method,Diagnosing Alzheimer’s disease using hypergraph neural networks with prompt tuning,"Chenyu Liu, Luca Cosmo, Luca Rossi",176.0,,2026-8,Issue/Volume,10.1016/j.patcog.2026.113290,https://doi.org/10.1016/j.patcog.2026.113290
1366,Method,Contrastive calibration on consensus and complementary multi-view representations,"Negin Jabari, Amjad Seyedi, Reza Mahmoodi, Fardin akhlaghian Tab",176.0,,2026-8,Issue/Volume,10.1016/j.patcog.2026.113291,https://doi.org/10.1016/j.patcog.2026.113291
1367,Method,Enhancing learnable descriptive convolutional vision transformer for face anti-spoofing,"Pei-Kai Huang, Jun-Xiong Chong, Ming-Tsung Hsu, Fang-Yu Hsu, Yi-Ting Lin, Kai-Heng Chien, Chiou-Ting Hsu",177.0,,2026-9,Issue/Volume,10.1016/j.patcog.2026.113289,https://doi.org/10.1016/j.patcog.2026.113289
1368,Method,Quasi black-box variational inference for Bayesian learning,"Martin Magris, Mostafa Shabani, Alexandros Iosifidis",177.0,,2026-9,Issue/Volume,10.1016/j.patcog.2026.113219,https://doi.org/10.1016/j.patcog.2026.113219
1369,Method,GIC-FAFNet: Global-local information coordination and feature alignment fusion network for remote sensing object detection,"Yinggan Tang, Ziteng Zhao, Quansheng Xu",177.0,,2026-9,Issue/Volume,10.1016/j.patcog.2026.113292,https://doi.org/10.1016/j.patcog.2026.113292
1370,Method,PF2SMIS: Personalized federated few-shot learning for medical image segmentation,"Shanfeng Wang, Wanrun Yu, Cong Ma, Jianzhao Li, Zhao Wang, Maoguo Gong",177.0,,2026-9,Issue/Volume,10.1016/j.patcog.2026.113247,https://doi.org/10.1016/j.patcog.2026.113247
1371,Method,FCT-stock: A fusion CNN-transformer model for anomaly detection in stock volatility,"Shengdong Mu, Boyu Liu, Song Jin, Chaolung Lien, Yan Zhang, Weiwei Xie",177.0,,2026-9,Issue/Volume,10.1016/j.patcog.2026.113260,https://doi.org/10.1016/j.patcog.2026.113260
1372,Method,MAPLE-VAE: MAP-based LaplacE VAE for robust density estimation,"Nannan Zong, Li Li, Wenfang Xiang, Changle Zhou, Songzhi Su",177.0,,2026-9,Issue/Volume,10.1016/j.patcog.2026.113284,https://doi.org/10.1016/j.patcog.2026.113284
1373,Method,RISEN: Incremental multilingual text recognition by sharing and fusing cross-language knowledge,"Zi-Xin Li, Xiao-Qian Liu, Tai Zheng, Zhen-Duo Chen, Xin Luo, Xin-Shun Xu",177.0,,2026-9,Issue/Volume,10.1016/j.patcog.2026.113299,https://doi.org/10.1016/j.patcog.2026.113299
1374,Method,Visible-infrared joint image deraining for harsh rain conditions with cross-modal semantic consistency,"Yuxin Feng, Xin Li, Fuwei Zhang, Chengpei Xu, Zhenyu Wang, Tao Huang, Weisheng Dong",177.0,,2026-9,Issue/Volume,10.1016/j.patcog.2026.113301,https://doi.org/10.1016/j.patcog.2026.113301
1375,Method,A multimodal fusion model based on graph convolutional network for 3D neural morphology optimization,"Runze Chen, Hongji Qiu, Zhao Yao, Yaonan Wang, Min Liu",177.0,,2026-9,Issue/Volume,10.1016/j.patcog.2026.113267,https://doi.org/10.1016/j.patcog.2026.113267
1376,Method,Learning to optimize unsupervised image fusion with learnable loss and fusion strategy,"Liye Mei, Xinglong Hu, Chuan Xu, Tao Huang, Zhiwei Ye, Ying Wang, Wei Yang",177.0,,2026-9,Issue/Volume,10.1016/j.patcog.2026.113279,https://doi.org/10.1016/j.patcog.2026.113279
1377,Method,GCMNet: A global context Mamba network for long-term time series forecasting,"Xiangsen Liu, Jinchang Ren, Hongming Zhang, Erlei Zhang",177.0,,2026-9,Issue/Volume,10.1016/j.patcog.2026.113287,https://doi.org/10.1016/j.patcog.2026.113287
1378,Method,Event-based facial expression recognition via large vision-language models,"Siqi Li, Yongji Zhang, Wei Bao, Yue Gao",177.0,,2026-9,Issue/Volume,10.1016/j.patcog.2026.113300,https://doi.org/10.1016/j.patcog.2026.113300
1379,Method,Enhanced flow-based image watermarking with dual attention mechanisms,"Guofu Zhang, Xin Li, Zhaopin Su, Han Fang, Chensi Lian, Niansong Wang",177.0,,2026-9,Issue/Volume,10.1016/j.patcog.2026.113226,https://doi.org/10.1016/j.patcog.2026.113226
1380,Method,SMRNet: Stacked motion residual learning with spatiotemporal modeling in diffusion models for human motion prediction,"Haochong Chen, Zhenjie Zhao, Runhua Wang, Hang Yu, Cheng He, Xuebo Zhang",177.0,,2026-9,Issue/Volume,10.1016/j.patcog.2026.113281,https://doi.org/10.1016/j.patcog.2026.113281
1381,Method,Fair federated learning for weakly supervised nuclei segmentation via feature disentanglement,"Yi Qian, Xipeng Pan, Hang Yu, Yimin Wen, Xinjun Bian",177.0,,2026-9,Issue/Volume,10.1016/j.patcog.2026.113293,https://doi.org/10.1016/j.patcog.2026.113293
1382,Method,HMVformer++: Hierarchical multi-view fusion transformer for efficient 3D human pose estimation,"Lijun Zhang, Kangkang Zhou, Feng Lu, Yan Wang, Xiangyuan Lan, Xiang-Dong Zhou, Yu Shi",177.0,,2026-9,Issue/Volume,10.1016/j.patcog.2026.113305,https://doi.org/10.1016/j.patcog.2026.113305
1383,Method,Dynamic domain-guided reciprocal network for semi-supervised medical image segmentation,"Shulei Chang, Xiaodan Sui, Yanhui Ding, Dengwang Li, Jie Xue",177.0,,2026-9,Issue/Volume,10.1016/j.patcog.2026.113302,https://doi.org/10.1016/j.patcog.2026.113302
1384,Method,Adaptive self-Attention enhanced conditional GAN for image dehazing,"Priyanka Saxena, Anil Kumar Tiwari, Manish Narwaria",177.0,,2026-9,Issue/Volume,10.1016/j.patcog.2026.113277,https://doi.org/10.1016/j.patcog.2026.113277
1385,Method,Noise-aware weight updating in AdaBoost for handling mislabeled data,"Bonhyeok Ku, Jong-Seok Lee",177.0,,2026-9,Issue/Volume,10.1016/j.patcog.2026.113240,https://doi.org/10.1016/j.patcog.2026.113240
1386,Method,Active test-time adaptation for continual medical image classification,"Kewei Zhao, Guangle Song, Chenyu Ge, Wenqi Hu, Xinfeng Liu",177.0,,2026-9,Issue/Volume,10.1016/j.patcog.2026.113288,https://doi.org/10.1016/j.patcog.2026.113288
1387,Method,AMSF-YOLO: An attention-based multi-scale feature extraction model for UAV small object detection,"Bhimendra Dewangan, M. Srinivas",177.0,,2026-9,Issue/Volume,10.1016/j.patcog.2026.113303,https://doi.org/10.1016/j.patcog.2026.113303
1388,Method,CASP: Few-shot class-incremental learning with CLS token attention steering prompts,"Shuai Huang, Xuhan Lin, Yuwu Lu",177.0,,2026-9,Issue/Volume,10.1016/j.patcog.2026.113306,https://doi.org/10.1016/j.patcog.2026.113306
1389,Method,SZCo: Self-supervised zero-shot co-segmentation with region-text alignment learning,"Xin Duan, Yan Yang, Liyuan Pan, Xiabi Liu, Mingyang Gong",177.0,,2026-9,Issue/Volume,10.1016/j.patcog.2026.113308,https://doi.org/10.1016/j.patcog.2026.113308
1390,Method,HPRNet : A holistic position-aware residual network for image captioning,"Yuefeng Zhao, Qianqian Tao, Pengfei Sun, Jinrun Huang, Wenkai Song, Nannan Hu",177.0,,2026-9,Issue/Volume,10.1016/j.patcog.2026.113249,https://doi.org/10.1016/j.patcog.2026.113249
1391,Method,PointVDP: Learning view-dependent projection by fireworks rays for 3D point cloud segmentation,"Yang Chen, Yueqi Duan, Haowen Sun, Ziwei Wang, Jiwen Lu, Yap-Peng Tan",177.0,,2026-9,Issue/Volume,10.1016/j.patcog.2026.113313,https://doi.org/10.1016/j.patcog.2026.113313
1392,Method,Missing visual modality graph transformer for multi-modal entity alignment,"Kai Yang, Wenqian Zhao, Junyan Guo, Xiaobing Sun",177.0,,2026-9,Issue/Volume,10.1016/j.patcog.2026.113320,https://doi.org/10.1016/j.patcog.2026.113320
1393,Method,JoCE : Joint counterfactual explanations for interpretable time series anomaly detection,"Woojin Jeong, Geonwoo Shin, Jaewook Lee",177.0,,2026-9,Issue/Volume,10.1016/j.patcog.2026.113324,https://doi.org/10.1016/j.patcog.2026.113324
1394,Method,Homophilic-aware graph contrastive learning,"Li Zhang, Hua Mao, Wai Lok Woo, Jie Chen",177.0,,2026-9,Issue/Volume,10.1016/j.patcog.2026.113328,https://doi.org/10.1016/j.patcog.2026.113328
1395,Method,Dynamic federated semi-supervised learning with flexible unlabeled sample selection,"Siguang Chen, Yanyan Xia, Xue Li, Chuanxin Zhao",177.0,,2026-9,Issue/Volume,10.1016/j.patcog.2026.113326,https://doi.org/10.1016/j.patcog.2026.113326
1396,Method,Description helps: Semantic and texture consistency constraints for SAR-to-optical translation,"Fanhao Zhou, Mingtao Feng, Fangfang Wu, Le Dong, Weisheng Dong",177.0,,2026-9,Issue/Volume,10.1016/j.patcog.2026.113317,https://doi.org/10.1016/j.patcog.2026.113317
1397,Method,Rebalancing classes in binary classification with Bayes classifiers,"Zian Le, Sihao Lv, Ze Chen, Mingyang Zhou, Ronghua Yuan, Hao Liao, Rui Mao",177.0,,2026-9,Issue/Volume,10.1016/j.patcog.2026.113310,https://doi.org/10.1016/j.patcog.2026.113310
1398,Method,DRL: An efficient heterogeneous spatial feature interaction framework for UAV self-localization,"Ming Dai, Enhui Zheng, Wenxuan Cheng, Jiahao Chen, Zhenhua Feng, Wankou Yang",177.0,,2026-9,Issue/Volume,10.1016/j.patcog.2026.113330,https://doi.org/10.1016/j.patcog.2026.113330
1399,Method,Emotional conflict adaptation for multimodal sentiment analysis,"Tingting Han, Lingyun Yu, Min Tan, Zhou Yu, Hongxun Yao",177.0,,2026-9,Issue/Volume,10.1016/j.patcog.2026.113315,https://doi.org/10.1016/j.patcog.2026.113315
1400,Method,Dual-perspective filter pruning via diversity and independence collaboration,"Chenyang Gao, Qinglong Cao, Xiwen Yao, Xiaoxu Feng, Gong Cheng",177.0,,2026-9,Issue/Volume,10.1016/j.patcog.2026.113321,https://doi.org/10.1016/j.patcog.2026.113321
1401,Method,Category text-guided RGBT tracking with shared-specific feature representation,"Wei Wei, Haolie Wang, Yuduo Bian, Haijiao Xing, Chen Ding, Lei Zhang, Tao Zhou, Jiangbin Zheng, Yanning Zhang",177.0,,2026-9,Issue/Volume,10.1016/j.patcog.2026.113311,https://doi.org/10.1016/j.patcog.2026.113311
1402,Method,CSGO: Constrained-softassign gradient optimization for large graph matching,"Binrui Shen, Qiang Niu, Shengxin Zhu",177.0,,2026-9,Issue/Volume,10.1016/j.patcog.2026.113329,https://doi.org/10.1016/j.patcog.2026.113329
1403,Method,Structural change point detection in temporal networks via MDL-guided tensor decomposition,"Xianbin Huang, Yao Hu, Liming Chen, Wangyong Chen, Yuechi Huang",177.0,,2026-9,Issue/Volume,10.1016/j.patcog.2026.113323,https://doi.org/10.1016/j.patcog.2026.113323
1404,Method,A prototype correction multi-scale feature reconstruction network for industrial anomaly detection,"Lanxiao Li, Chunjuan Yan, Da Song, Binghui Wang, Chuanxu Wang",177.0,,2026-9,Issue/Volume,10.1016/j.patcog.2026.113331,https://doi.org/10.1016/j.patcog.2026.113331
1405,Method,Spatio-temporal collaborative optimization for event-guided low-light video enhancement,"Zishu Yao, Xiang-Xiang Su, Shengning Zhou, Guangyu Zhu, Guodong Fan, Jing Chen",177.0,,2026-9,Issue/Volume,10.1016/j.patcog.2026.113332,https://doi.org/10.1016/j.patcog.2026.113332
1406,Method,Learning domain-agnostic spatial-angular feature for light field image super-resolution,"Wang Xia, Yao Lu, Shunzhou Wang, Lingwen Xu",177.0,,2026-9,Issue/Volume,10.1016/j.patcog.2026.113335,https://doi.org/10.1016/j.patcog.2026.113335
1407,Method,A novel RGB-X semantic segmentation network with cross-modal feature reweighting and local-global feature aggregation,"Zhiwei Zhang, Yan Zhuang, Yisha Liu, Xuetao Zhang",177.0,,2026-9,Issue/Volume,10.1016/j.patcog.2026.113334,https://doi.org/10.1016/j.patcog.2026.113334
1408,Method,PatchFusionMLP: A scalable multi-resolution MLP framework for time series prediction,"Xinyu Bi, Chen Chen, Cheng Chen, Xiaoyi Lv, Junyu Zhu, Hongbing Ma, Enguang Zuo",177.0,,2026-9,Issue/Volume,10.1016/j.patcog.2026.113263,https://doi.org/10.1016/j.patcog.2026.113263
1409,Method,CLIP -powered modality centering with spiral training for visible-infrared person re-identification,"Jianghao Xiong, Xiaohua Xie, Qinyu Feng, Jian-Huang Lai",177.0,,2026-9,Issue/Volume,10.1016/j.patcog.2026.113333,https://doi.org/10.1016/j.patcog.2026.113333
1410,Method,VitaMol: Lightweight molecular modality expansion in discrete space for multi-task transfer learning,"Yunfan Liu, Zhifeng Gao, Lirong Wu, Jingbo Zhou, Tongyue Xu, Cheng Tan, Yufei Huang, Changxi Chi, Chang Yu, Stan Z. Li",177.0,,2026-9,Issue/Volume,10.1016/j.patcog.2026.113319,https://doi.org/10.1016/j.patcog.2026.113319
1411,Method,Federated semi-supervised medical image segmentation with temporal fluctuation aggregation and pseudo-label relation mining,"Junchang Kuang, Xinjun Bian, Siyang Feng, Shufang Pei, Zhenbing Liu, Rushi Lan, Xipeng Pan",177.0,,2026-9,Issue/Volume,10.1016/j.patcog.2026.113338,https://doi.org/10.1016/j.patcog.2026.113338
1412,Method,InsNet: Deep indefinite spectral kernel network,"Yanfang Xue, Hui Xue, Shipeng Zhu",177.0,,2026-9,Issue/Volume,10.1016/j.patcog.2026.113337,https://doi.org/10.1016/j.patcog.2026.113337
1413,Method,MFGS: Mask-free Gaussian separation for 3D object reconstruction,"Jinguang Tong, Xuesong Li, Sundaram Muthu, Fahira Afzal Maken, Lars Petersson, Chuong Nguyen, Hongdong Li",177.0,,2026-9,Issue/Volume,10.1016/j.patcog.2026.113341,https://doi.org/10.1016/j.patcog.2026.113341
1414,Method,Graph-based radical structure tree representation for zero-shot Chinese character recognition,"Yongsheng Dong, Bohui Wu, Jinwen Ma, Xuelong Li",177.0,,2026-9,Issue/Volume,10.1016/j.patcog.2026.113314,https://doi.org/10.1016/j.patcog.2026.113314
1415,Method,Classify fine-grained images in hyperbolic space,"Zihe Yu, Haoyu Lai, Yanxia Liu",177.0,,2026-9,Issue/Volume,10.1016/j.patcog.2026.113348,https://doi.org/10.1016/j.patcog.2026.113348
1416,Method,Remote sensing semantic change detection via semantic editing-driven change synthesis,"Zhengyi Xu, Haoran Wu, Wen Jiang, Jie Geng",177.0,,2026-9,Issue/Volume,10.1016/j.patcog.2026.113347,https://doi.org/10.1016/j.patcog.2026.113347
1417,Method,Deep non-negative matrix factorization with multi-layer graph regularization for clustering,"Wenjing Jing, Linzhang Lu, Qilong Liu, Weihua Ou",177.0,,2026-9,Issue/Volume,10.1016/j.patcog.2026.113325,https://doi.org/10.1016/j.patcog.2026.113325
1418,Method,"A review of advancements in latent fingerprint recognition: unravelling algorithms, opportunities, challenges and responsible deployment","Ritika Dhaneshwar, Tanu Wadhera",177.0,,2026-9,Issue/Volume,10.1016/j.patcog.2026.113344,https://doi.org/10.1016/j.patcog.2026.113344
1419,Method,Degradation decomposition learning for self-supervised blind image super-resolution,"Hongyang Zhou, Xiaobin Zhu, Liuling Chen, Xiaoxing Zhang, Jingyan Qin, Xu-cheng Yin",177.0,,2026-9,Issue/Volume,10.1016/j.patcog.2026.113340,https://doi.org/10.1016/j.patcog.2026.113340
1420,Method,Enhancing Radiography-Report foundation model via Multi-View masked contrastive learning,"Xiaoyu Li, Daidi Zhong, Zhiyong Huang, Shiwei Wang, Zhipeng Liu, Zhi Yu, Mingyang Hou, Jiahong Wang, Yan Yan, Yushi Liu",177.0,,2026-9,Issue/Volume,10.1016/j.patcog.2026.113322,https://doi.org/10.1016/j.patcog.2026.113322
1421,Method,CRIA: A cross-view interaction and instance-adapted pre-training framework for generalizable EEG representations,"Puchun Liu, C.L. Philip Chen, Yubin He, Tong Zhang",178.0,,2026-10,Issue/Volume,10.1016/j.patcog.2026.113272,https://doi.org/10.1016/j.patcog.2026.113272
1422,Method,Lightweight and effective crowd counting and localization in diverse low-visibility conditions,"Boyang Yao, Zhan Li, Weijun Yuan, Bir Bhanu, Ruikai Ke, Zhanglu Chen, Xinyi Xie",177.0,,2026-9,Issue/Volume,10.1016/j.patcog.2026.113339,https://doi.org/10.1016/j.patcog.2026.113339
1423,Method,DeRestormer: Revisit versatile image restoration via deformable attention mechanism,"Xiao Lin, Yilin Chen, Wei Huang, Qizhe Yang, Jingyu Gong",177.0,,2026-9,Issue/Volume,10.1016/j.patcog.2026.113345,https://doi.org/10.1016/j.patcog.2026.113345
1424,Method,Lightweight modal-guided cross-attention fusion network for visible-infrared object detection,"Wencong Wu, Hongxi Zhang, Xiuwei Zhang, Hanlin Yin, Yanning Zhang",177.0,,2026-9,Issue/Volume,10.1016/j.patcog.2026.113350,https://doi.org/10.1016/j.patcog.2026.113350
1425,Method,Unpaired image dehazing via Kolmogorov-Arnold transformation of latent features,Le-Anh Tran,177.0,,2026-9,Issue/Volume,10.1016/j.patcog.2026.113304,https://doi.org/10.1016/j.patcog.2026.113304
1426,Method,Effective audio-visual event localization using CLIP-based global context regulation for mitigating event overconfidence,"Sang-Rak Lee, A-Seong Moon, Bong-Soo Sohn, Jaesung Lee",177.0,,2026-9,Issue/Volume,10.1016/j.patcog.2026.113312,https://doi.org/10.1016/j.patcog.2026.113312
1427,Method,AOSNet-Sec: Aperture-orientation-spectrum fusion with statistical Markov repair for trustworthy super-resolution,"Zhengnan Yin, Luwei Xiao, Xuan Feng, Yiwei Chen, Xianxun Zhu, Cai Luo, Faten S. Alamri, Rui Mao, Erik Cambria",177.0,,2026-9,Issue/Volume,10.1016/j.patcog.2026.113346,https://doi.org/10.1016/j.patcog.2026.113346
1428,Method,Towards stable cross-domain depression recognition under missing modalities,"Jiuyi Chen, Mingkui Tan, Haifeng Lu, Qiuna Xu, Zhihua Wang, Runhao Zeng, Xiping Hu",177.0,,2026-9,Issue/Volume,10.1016/j.patcog.2026.113367,https://doi.org/10.1016/j.patcog.2026.113367
1429,Method,Complementarity -driven representation learning for multi-modal knowledge graph completion,"Lijian Li, Yuanpeng He, Yandong Yan, Linyu Li, Wenpin Jiao, Zhi Jin, Chi-Man Pun",177.0,,2026-9,Issue/Volume,10.1016/j.patcog.2026.113327,https://doi.org/10.1016/j.patcog.2026.113327
1430,Method,Exploring dynamic interpretable brain networks via hierarchical graph transformer,"Hao Hu, Rundong Xue, Shaoyi Du, Xiangmin Han, Jingxi Feng, Zeyu Zhang, Wei Zeng, Yue Gao, Juan Wang",178.0,,2026-10,Issue/Volume,10.1016/j.patcog.2026.113371,https://doi.org/10.1016/j.patcog.2026.113371
1431,Method,Contextual stroke classification in online handwritten documents with auto clustering pooling method,"Hongxing Peng, Muwu Yao, Xingyu Long, Yanlin Luo, Qijun Liang, Jinhui Pan, Zhanhao Gu, Haopei Xie, Yan Chen",177.0,,2026-9,Issue/Volume,10.1016/j.patcog.2026.113356,https://doi.org/10.1016/j.patcog.2026.113356
1432,Method,BlockDPC: Distributed density peak clustering for large-scale data,"Yizhang Wang, Yishu Zhao, Fanshi Kong, Ming Yang",177.0,,2026-9,Issue/Volume,10.1016/j.patcog.2026.113357,https://doi.org/10.1016/j.patcog.2026.113357
1433,Method,A lightweight physics-driven dual exposure correction network for endoscopic images,"Zhijian Wu, Hong Wang, Yefeng Zheng",177.0,,2026-9,Issue/Volume,10.1016/j.patcog.2026.113370,https://doi.org/10.1016/j.patcog.2026.113370
1434,Method,Twin orthogonal moments: A couple of effective feature descriptors for image representation and recognition,"Bo Yang, Zhenghao Ma, Qiang Huang, Lujuan Zhang",177.0,,2026-9,Issue/Volume,10.1016/j.patcog.2026.113374,https://doi.org/10.1016/j.patcog.2026.113374
1435,Method,ChipDiff: Staged diffusion model with loss gradient guidance for Chinese ink painting style transfer,"Heng Liu, Zhiwei Song, Yongzhen Wang, Bingwen Hu, Yang Wang",177.0,,2026-9,Issue/Volume,10.1016/j.patcog.2026.113309,https://doi.org/10.1016/j.patcog.2026.113309
1436,Method,Towards structural transformation-based attack for boosting transferability of adversarial examples,"Yatie Xiao, Chi-Man Pun, Fei Peng, Kongyang Chen, Qingxiao Guan",178.0,,2026-10,Issue/Volume,10.1016/j.patcog.2026.113360,https://doi.org/10.1016/j.patcog.2026.113360
1437,Method,Multi-modality transfer learning for cloudy remote sensing images: Addressing modality imbalance with knowledge distillation,"Yuze Wang, Rong Xiao, Haifeng Li, Mariana Belgiu, Chao Tao",177.0,,2026-9,Issue/Volume,10.1016/j.patcog.2026.113361,https://doi.org/10.1016/j.patcog.2026.113361
1438,Method,EEGcUCC: Semi-supervised deep EEG clustering with union constraint learning and contrastive learning,"Junfu Chen, Dechang Pi, Xiaoyi Jiang, Feng Gao, Yang Chen",177.0,,2026-9,Issue/Volume,10.1016/j.patcog.2026.113376,https://doi.org/10.1016/j.patcog.2026.113376
1439,Method,Meta-DAN: Towards an efficient prediction strategy for page-level handwritten text recognition,Denis Coquenet,177.0,,2026-9,Issue/Volume,10.1016/j.patcog.2026.113373,https://doi.org/10.1016/j.patcog.2026.113373
1440,Method,RS-Net: Context-aware relation scoring for dynamic scene graph generation,"Hae-Won Jo, Yeong-Jun Cho",177.0,,2026-9,Issue/Volume,10.1016/j.patcog.2026.113352,https://doi.org/10.1016/j.patcog.2026.113352
1441,Method,Stochastic steffensen-based conjugate gradient: A fast adaptive algorithmic framework for machine learning,Zhuang Yang,177.0,,2026-9,Issue/Volume,10.1016/j.patcog.2026.113353,https://doi.org/10.1016/j.patcog.2026.113353
1442,Method,Transferring ultrahigh-field representations for intensity-guided brain segmentation of low-field magnetic resonance imaging,"Kwanseok Oh, Jieun Lee, Da-Woon Heo, Dinggang Shen, Heung-Il Suk",178.0,,2026-10,Issue/Volume,10.1016/j.patcog.2026.113364,https://doi.org/10.1016/j.patcog.2026.113364
1443,Method,Diff-KATKG: Diffusion-based talking head generation with joint keypoint and action unit guidance,"Wuzhen Shi, Shuai Wang, Zibang Xue, Yang Wen",178.0,,2026-10,Issue/Volume,10.1016/j.patcog.2026.113368,https://doi.org/10.1016/j.patcog.2026.113368
1444,Method,Decision forest with fast-determined optimal parameter intervals of base learners,"Quan Wang, Fei Wang, Hao Lei, Badong Chen, Zhiping Lin, Feiping Nie",178.0,,2026-10,Issue/Volume,10.1016/j.patcog.2026.113358,https://doi.org/10.1016/j.patcog.2026.113358
1445,Method,Toward stable world models: Measuring and addressing world instability in generative environments,"Soonwoo Kwon, Jin-Young Kim, Hyojun Go, Kyungjune Baek",177.0,,2026-9,Issue/Volume,10.1016/j.patcog.2026.113351,https://doi.org/10.1016/j.patcog.2026.113351
1446,Method,Model-based clustering of music pieces,"Yingying Zhang, Xuwen Zhu, Hung Tong, Volodymyr Melnykov",178.0,,2026-10,Issue/Volume,10.1016/j.patcog.2026.113362,https://doi.org/10.1016/j.patcog.2026.113362
1447,Method,Towards revealing trustworthy emotion states via human-object interaction-aware emotion recognition with vision-language model,"Siyuan Li, Xinde Li, Chuanfei Hu",177.0,,2026-9,Issue/Volume,10.1016/j.patcog.2026.113342,https://doi.org/10.1016/j.patcog.2026.113342
1448,Method,Anchor-to-graph structural co-regularization for scalable multi-view clustering,"Jipeng Guo, Xiang Xu, Yu Cao, Man Cao, Mengyuan Xin, Tianxiang Zhao, Ye Su, Junbin Gao, Mingliang Cui, Youqing Wang",177.0,,2026-9,Issue/Volume,10.1016/j.patcog.2026.113378,https://doi.org/10.1016/j.patcog.2026.113378
1449,Method,Towards fine-grained vision-language alignment for few-shot anomaly detection,"Yuanting Fan, Jun Liu, Xiaochen Chen, Bin-Bin Gao, Jian Li, Yong Liu, Jinlong Peng, Chengjie Wang",178.0,,2026-10,Issue/Volume,10.1016/j.patcog.2026.113316,https://doi.org/10.1016/j.patcog.2026.113316
1450,Method,Target self-guided framework for unsupervised domain adaptation,"Jingyao Li, Zhanshan Li, Shuai Lü",177.0,,2026-9,Issue/Volume,10.1016/j.patcog.2026.113390,https://doi.org/10.1016/j.patcog.2026.113390
1451,Method,HKNet: Rethinking palm vein recognition framework with hybrid key set score,"Tianming Xie, Wenxiong Kang",177.0,,2026-9,Issue/Volume,10.1016/j.patcog.2026.113307,https://doi.org/10.1016/j.patcog.2026.113307
1452,Method,Expanding then fusing: Weakly-supervised remote sensing semantic segmentation via progressive multi-modal fusion,"Guanchun Wang, Xiangrong Zhang, Jianxun Lai, Zelin Peng, Tianyang Zhang, Chao Wang, Xu Tang, Licheng Jiao",177.0,,2026-9,Issue/Volume,10.1016/j.patcog.2026.113392,https://doi.org/10.1016/j.patcog.2026.113392
1453,Method,SWG-Fusion: Soft weather-guided multimodal fusion with VLM-assistance for BEV object detection under harsh weather,"Weimin Wang, Ruifeng Nie, Yingchi Liu, Long Ma, Chengpei Xu, Qi Jia, Yu Liu, Na Lei",178.0,,2026-10,Issue/Volume,10.1016/j.patcog.2026.113398,https://doi.org/10.1016/j.patcog.2026.113398
1454,Method,Metacognitive physics-informed neural network for parameter estimation,"Xinxiang Zhou, Zengyi Fang, Na Huang, Pei Wang, Meihua Chen, Jingyi Lang",178.0,,2026-10,Issue/Volume,10.1016/j.patcog.2026.113408,https://doi.org/10.1016/j.patcog.2026.113408
1455,Method,Generalizing CLIP prompts for zero-shot anomaly detection,"Donghyeong Kim, Chaewon Park, Suhwan Cho, Hyeonjeong Lim, Minseok Kang, Jungho Lee, Sangyoun Lee",178.0,,2026-10,Issue/Volume,10.1016/j.patcog.2026.113406,https://doi.org/10.1016/j.patcog.2026.113406
1456,Method,Attention-driven pseudo-label self-training for weakly supervised video anomaly detection,"Zhiwei Yang, Jing Liu, Guansong Pang, Peng Wu, Zhaoyang Wu",177.0,,2026-9,Issue/Volume,10.1016/j.patcog.2026.113349,https://doi.org/10.1016/j.patcog.2026.113349
1457,Method,FedCD: Contrastive-distillation regularization for heterogeneous data in federated learning,"Guodong Yi, Jianxu Zhang, Xinyu Zhang, Jian Ren, Wei Liang, Xiaocui Li",178.0,,2026-10,Issue/Volume,10.1016/j.patcog.2026.113397,https://doi.org/10.1016/j.patcog.2026.113397
1458,Method,GeoNav: Empowering MLLMs with dual-scale geospatial reasoning for language-goal aerial navigation,"Haotian Xu, Yue Hu, Chen Gao, Zhengqiu Zhu, Yong Zhao, Quanjun Yin",177.0,,2026-9,Issue/Volume,10.1016/j.patcog.2026.113365,https://doi.org/10.1016/j.patcog.2026.113365
1459,Method,Unsupervised feature selection based on dual-graph clustering learning and adaptive weighting,"Xinyuan Wang, Ronghua Shang, Chenchen Liu, Yangyang Li, Songhua Xu",178.0,,2026-10,Issue/Volume,10.1016/j.patcog.2026.113401,https://doi.org/10.1016/j.patcog.2026.113401
1460,Method,Value decomposition with maximum correntropy for multi-agent deep reinforcement learning,"Kai Liu, Tianxian Zhang, Lingjiang Kong, Xiangliang Xu",178.0,,2026-10,Issue/Volume,10.1016/j.patcog.2026.113318,https://doi.org/10.1016/j.patcog.2026.113318
1461,Method,Affective-aware fine-grained image quality assessment via multi-modal large language models,"Chenyue Song, Xianzhu Liu, Chen Hui, Haiqi Zhu, Yachun Mi, Kai Geng, Junwei Wu, Zhengyue Zhou, Feng Jiang",178.0,,2026-10,Issue/Volume,10.1016/j.patcog.2026.113420,https://doi.org/10.1016/j.patcog.2026.113420
1462,Method,Flexible multi-view feature selection with semi-supervised label semantic alignment,"Han Zhang, Rui Du, Bingshu Wang, Feiping Nie, Xuelong Li",178.0,,2026-10,Issue/Volume,10.1016/j.patcog.2026.113386,https://doi.org/10.1016/j.patcog.2026.113386
1463,Method,HandFS: Wavelet-guided frequency-spatial domain feature decoupling network for 3D hand pose estimation under occlusion,"Huimin Pan, Xihan Wang, Shaojia Niu, Quanli Gao",178.0,,2026-10,Issue/Volume,10.1016/j.patcog.2026.113414,https://doi.org/10.1016/j.patcog.2026.113414
1464,Method,Privileged learning via a multi-task distilled approach,"Mario Martínez-García, Jon Vadillo, Marco Pedersoli, Iñaki Inza, Jose A. Lozano",178.0,,2026-10,Issue/Volume,10.1016/j.patcog.2026.113389,https://doi.org/10.1016/j.patcog.2026.113389
1465,Method,Unlocking explainable and effective multimodal affective reasoning via large language models,"Junjie Liao, Jiandian Zeng, Binbin Song, Mengting Zhou, Xiaopeng Fan, Tian Wang",178.0,,2026-10,Issue/Volume,10.1016/j.patcog.2026.113366,https://doi.org/10.1016/j.patcog.2026.113366
1466,Method,Feature space sharing via visual projector for open-vocabulary multi-label classification,"Zhanfang Zhao, Xiaohan Yang",178.0,,2026-10,Issue/Volume,10.1016/j.patcog.2026.113393,https://doi.org/10.1016/j.patcog.2026.113393
1467,Method,A novel geometry-aware spatio-temporal network for multi-view video feature learning,"Yue Zhang, Mai Xu, Lai Jiang, Xin Deng, Si Liu",178.0,,2026-10,Issue/Volume,10.1016/j.patcog.2026.113396,https://doi.org/10.1016/j.patcog.2026.113396
1468,Method,Supervised learning-based label integration for crowdsourcing,"Renping Di, Liangxiao Jiang, Shanshan Si, Kun Yue",178.0,,2026-10,Issue/Volume,10.1016/j.patcog.2026.113394,https://doi.org/10.1016/j.patcog.2026.113394
1469,Method,Embedded fuzzy clustering with Laplacian graph regularization,Deguo Yang,178.0,,2026-10,Issue/Volume,10.1016/j.patcog.2026.113400,https://doi.org/10.1016/j.patcog.2026.113400
1470,Method,Super encoding network: Recursive association of multi-modal encoders for video understanding,"Boyu Chen, Siran Chen, Kunchang Li, Qinglin Xu, Yu Qiao, Yali Wang",178.0,,2026-10,Issue/Volume,10.1016/j.patcog.2026.113343,https://doi.org/10.1016/j.patcog.2026.113343
1471,Method,HMSR: Hypercomplex-guided mamba for fine-texture coupling in single image super-resolution,"Ping Zheng, He Jiang, Fengqian Sun, Liangliang Chen, Qiqi Kou, Deqiang Cheng, Guangtao Zhai, Wenjun Zhang",178.0,,2026-10,Issue/Volume,10.1016/j.patcog.2026.113403,https://doi.org/10.1016/j.patcog.2026.113403
1472,Method,Robust low-light image enhancement in the wild via data synthesis and generative diffusion prior,"Zhihua Wang, Qinghua Lin, Feiyang Liu, Weixia Zhang, Wei Zhou",178.0,,2026-10,Issue/Volume,10.1016/j.patcog.2026.113336,https://doi.org/10.1016/j.patcog.2026.113336
1473,Method,Local and global graph modeling with edge-weighted graph attention network for handwritten mathematical expression recognition,"Yejing Xie, Richard Zanibbi, Harold Mouchère",178.0,,2026-10,Issue/Volume,10.1016/j.patcog.2026.113410,https://doi.org/10.1016/j.patcog.2026.113410
1474,Method,Optimal transport filtering for robust cross-modal retrieval with open-set noisy labels,"Xinliu Liu, Ruitao Pu, Yuan Sun, Yingke Chen, Shudong Huang, Dezhong Peng, Yongsheng Sang, Ziming Wang",178.0,,2026-10,Issue/Volume,10.1016/j.patcog.2026.113377,https://doi.org/10.1016/j.patcog.2026.113377
1475,Method,LRCC: Robust point cloud understanding via low-rank refinement and curvature compensation,"Zhuang Chen, Yiyuan Xie, Ye Su, Xiao Jiang, Lili Li, Chuwei Jin, Yichen Ye, Zhouping Huang, Zhiyong Xiao",178.0,,2026-10,Issue/Volume,10.1016/j.patcog.2026.113407,https://doi.org/10.1016/j.patcog.2026.113407
1476,Method,Speaker-independent speech emotion recognition using group sparse-based adversarial local fisher discriminant analysis,"Cheng Lu, Kaifei Zhang, Hailun Lian, Sunan Li, Tianhua Qi, Yuan Zong, Wenming Zheng",178.0,,2026-10,Issue/Volume,10.1016/j.patcog.2026.113419,https://doi.org/10.1016/j.patcog.2026.113419
1477,Method,Band selection for hyperspectral image based on spatial-spectral 2D Kapur’s entropy correlations,"Ailiang Qi, Huiying Li, Huiling Chen, Dong Zhao",178.0,,2026-10,Issue/Volume,10.1016/j.patcog.2026.113426,https://doi.org/10.1016/j.patcog.2026.113426
1478,Method,HMamba-3DFT: A hierarchical mamba framework for emotion-driven semantic 3D facial tracking,"Haodong Jin, Muwei Jian, Derui Ding, Hui Yu",178.0,,2026-10,Issue/Volume,10.1016/j.patcog.2026.113415,https://doi.org/10.1016/j.patcog.2026.113415
1479,Method,Bridging the semantic gap in text-video retrieval: A diffusion generation network for enhanced visual representation,"Songtao Ding, Chun Mao, Chun Geng, Hongyu Wang, Yaqiong Xing, Guohua Lv, Xiaoying Wang, Shaohua Wan",178.0,,2026-10,Issue/Volume,10.1016/j.patcog.2026.113359,https://doi.org/10.1016/j.patcog.2026.113359
1480,Method,"Boosting SAR ATR with simulated data: Unsupervised domain adaptation in time, frequency, scattering domains","Xinpeng Yang, Lianmeng Jiao, Quan Pan",178.0,,2026-10,Issue/Volume,10.1016/j.patcog.2026.113405,https://doi.org/10.1016/j.patcog.2026.113405
1481,Method,CLIP-Driven Lifelong multi-view clustering,"Shen Ouyang, Honglin Yuan, Dongliang Wang, Yuan Sun, Zhenwen Ren, Xingfeng Li",178.0,,2026-10,Issue/Volume,10.1016/j.patcog.2026.113425,https://doi.org/10.1016/j.patcog.2026.113425
1482,Method,Linguistic profiling of deepfakes: An open database for next-Generation deepfake detection,"Yabin Wang, Xiaopeng Hong, Yaqi Li, Zhiheng Ma, Zhiwu Huang",178.0,,2026-10,Issue/Volume,10.1016/j.patcog.2026.113395,https://doi.org/10.1016/j.patcog.2026.113395
1483,Method,An upper bound on the silhouette evaluation metric for clustering,"Hugo Sträng, Tai Dinh",178.0,,2026-10,Issue/Volume,10.1016/j.patcog.2026.113402,https://doi.org/10.1016/j.patcog.2026.113402
1484,Method,GMM-based discriminative feature embedding framework for unsupervised fine-grained image retrieval,"Cheng Pang, Kaiyuan Song, Rushi Lan, Kaichen Li",178.0,,2026-10,Issue/Volume,10.1016/j.patcog.2026.113423,https://doi.org/10.1016/j.patcog.2026.113423
1485,Method,EviMMQA: Multimodal question answering for medical evidence extraction in systematic reviews,"Changkai Ji, Yang Li, Yingwen Wang, Wen He, Ying Cheng, Yuejie Zhang, Rui Feng, Xiaobo Zhang",178.0,,2026-10,Issue/Volume,10.1016/j.patcog.2026.113441,https://doi.org/10.1016/j.patcog.2026.113441
1486,Method,JaccHash: multi-label medical image retrieval using Hamming distance and Jaccard similarity,"Asim Manna, Debdoot Sheet",178.0,,2026-10,Issue/Volume,10.1016/j.patcog.2026.113435,https://doi.org/10.1016/j.patcog.2026.113435
1487,Method,"Multi-feature embedding, fusion and enhancement for partial finger vein recognition","Enyan Li, Lu Yang, Zhen Zhang, Qiangchang Wang, Yilong Yin",178.0,,2026-10,Issue/Volume,10.1016/j.patcog.2026.113437,https://doi.org/10.1016/j.patcog.2026.113437
1488,Method,Semi-supervised partial label learning via label confidence recovery,"Xiang-Ru Yu, Deng-Bao Wang, Min-Ling Zhang",178.0,,2026-10,Issue/Volume,10.1016/j.patcog.2026.113387,https://doi.org/10.1016/j.patcog.2026.113387
1489,Method,FMaMIL: Synergistic spatial-frequency Mamba multi-instance learning for weakly supervised pathology lesion segmentation,"Hangbei Cheng, Xiaorong Dong, Jia Shen, Guangze Shi, Xueyu Liu, Jianan Zhang, Xuetao Ma, Mingqiang Wei, Liansheng Wang, Junxin Chen, Yongfei Wu",178.0,,2026-10,Issue/Volume,10.1016/j.patcog.2026.113442,https://doi.org/10.1016/j.patcog.2026.113442
1490,Method,Refined generation-based framework for consistent and reliable visual question answering,"Quanxing Xu, Ling Zhou, Xian Zhong, Feifei Zhang, Jinyu Tian, Xiaohan Yu, Rubing Huang",178.0,,2026-10,Issue/Volume,10.1016/j.patcog.2026.113421,https://doi.org/10.1016/j.patcog.2026.113421
1491,Method,Multi-modal object tracking with detailed spatial prompt learning,"Gang He, Long Gao, Yuze Ke, Haijun Chen, Yan Jiang",178.0,,2026-10,Issue/Volume,10.1016/j.patcog.2026.113433,https://doi.org/10.1016/j.patcog.2026.113433
1492,Method,P3D: Plug-and-play prompt-driven framework for RGB-thermal semantic segmentation,"Yongqi Sun, Chenguang Dai, Hanyun Wang, Longguang Wang, Wenke Li, Meilin Li, Yongsheng Zhang, Anzhu Yu",178.0,,2026-10,Issue/Volume,10.1016/j.patcog.2026.113429,https://doi.org/10.1016/j.patcog.2026.113429
1493,Method,Hierarchical mutual distillation for multi-view fusion: Learning from all possible view combinations,"Jiwoong Yang, Haejun Chung, Ikbeom Jang",178.0,,2026-10,Issue/Volume,10.1016/j.patcog.2026.113432,https://doi.org/10.1016/j.patcog.2026.113432
1494,Method,"Single image, any face: Generalisable 3D face generation","Wenqing Wang, Haosen Yang, Josef Kittler, Xiatian Zhu",178.0,,2026-10,Issue/Volume,10.1016/j.patcog.2026.113375,https://doi.org/10.1016/j.patcog.2026.113375
1495,Method,LayoutDreamer: Physics-guided layout for text-to-3D compositional scene generation,"Yang Zhou, Zongjin He, Qixuan Li, Chao Wang",178.0,,2026-10,Issue/Volume,10.1016/j.patcog.2026.113427,https://doi.org/10.1016/j.patcog.2026.113427
1496,Method,Consistency-diversity trade-off and label-guided learning for double-incomplete multi-view multi-label classification,"Lian Wu, Kaihua Zheng, Yazi Xie, Zhengting Cheng, Jinrong Cui",178.0,,2026-10,Issue/Volume,10.1016/j.patcog.2026.113391,https://doi.org/10.1016/j.patcog.2026.113391
1497,Method,Dual-strategy retrieval-augmented generation for anomaly recovery in large language models,"Jinxin Lv, Zijie Li, Jianhou Gan, Wenqi Ren, Shuyu Chen, Jun Wang",178.0,,2026-10,Issue/Volume,10.1016/j.patcog.2026.113430,https://doi.org/10.1016/j.patcog.2026.113430
1498,Method,Beyond a single perspective: A multi-agent debate framework for affective computing,"Yijie Pan, Yuanchun Shi, Chun Yu, Xiangzeng Kong, Yan Zhang, Nai’an Xiao",178.0,,2026-10,Issue/Volume,10.1016/j.patcog.2026.113445,https://doi.org/10.1016/j.patcog.2026.113445
1499,Method,Physics-informed visual-inertial mamba for robust train localization in harsh conditions,"Xiaoyu Xian, Qiuyang Zhou, Yin Tian, Daxin Tian, Jianshan Zhou",178.0,,2026-10,Issue/Volume,10.1016/j.patcog.2026.113422,https://doi.org/10.1016/j.patcog.2026.113422
1500,Method,Few-shot medical anomaly detection through centroid consultation back and test-time self-calibration,"Zihan Nie, Muhao Xu, Yuan Cui, Hua Wei, Wei Yi, Sijie Niu, Yi Wan, Xunbin Wei, Weiye Song",178.0,,2026-10,Issue/Volume,10.1016/j.patcog.2026.113261,https://doi.org/10.1016/j.patcog.2026.113261
1501,Method,FLNM-Net: A frequency-adaptive and luminance-noise aware mask network for rPPG signal extraction from video,"Chaojie Fan, Shaowei Gu, Kaichen Ouyang, Dedai Wei, Yong Peng",178.0,,2026-10,Issue/Volume,10.1016/j.patcog.2026.113418,https://doi.org/10.1016/j.patcog.2026.113418
1502,Method,Unsupervised few-shot learning with object-aware and attribute-consistent augmentation,"Zhiping Wu, Lian Huai, Tong Liu, Zeyu Shangguan, Wenbin Li, Yang Gao, Xingqun Jiang",178.0,,2026-10,Issue/Volume,10.1016/j.patcog.2026.113409,https://doi.org/10.1016/j.patcog.2026.113409
1503,Method,Multi-label feature selection considering candidate space internal information,"Yahui Liu, Yuzhu Pang, Yujun Han, Yonghao Li, Wanfu Gao",178.0,,2026-10,Issue/Volume,10.1016/j.patcog.2026.113416,https://doi.org/10.1016/j.patcog.2026.113416
1504,Method,M2DE: A multi-stressor multi-dimensional dynamic evaluation framework for the trustworthiness of LLMs,"Hongjiang Xiao, Xiuying Li, Ran Wang, Hao Wang, Ye Wang, Liangfei Zhang, Yuan Zhang",178.0,,2026-10,Issue/Volume,10.1016/j.patcog.2026.113428,https://doi.org/10.1016/j.patcog.2026.113428
1505,Method,Multiple similarity and multiple kernel fusion based on graph inference network for circRNA-disease association prediction,"Xianbin Li, Dingcheng Ban, Yukai Zhou, Zihan Wenchen, Binbin Wang, Tao Liu, Ming Zeng, Shunli Zhang, Yisu Ge, Yu Zhou",178.0,,2026-10,Issue/Volume,10.1016/j.patcog.2026.113466,https://doi.org/10.1016/j.patcog.2026.113466
1506,Method,A lane detection model with knowledge guided anchor feature enhancement mechanism,"Zhixiong Nan, Wanying Xu, Zhe Yang, Fulin Luo, Tao Xiang",178.0,,2026-10,Issue/Volume,10.1016/j.patcog.2026.113446,https://doi.org/10.1016/j.patcog.2026.113446
1507,Method,Beyond the homophily assumption: Mining complex correlations in time series via graph neural network,"Yi Di, Fujin Wang, Zhi Zhai, Zhibin Zhao, Xuefeng Chen",178.0,,2026-10,Issue/Volume,10.1016/j.patcog.2026.113388,https://doi.org/10.1016/j.patcog.2026.113388
1508,Method,From mutual guide to Confucius tri-learning: A theoretical justification,"Zongjun Han, Lu Bai, Bin Pan, Peng Ren",178.0,,2026-10,Issue/Volume,10.1016/j.patcog.2026.113447,https://doi.org/10.1016/j.patcog.2026.113447
1509,Method,FSO-VO: Visual odometry based on dense optical flow prediction and sequence optimization,"Ganchao Liu, Sihang Zhang, Qiang Gao, Yuan Yuan",178.0,,2026-10,Issue/Volume,10.1016/j.patcog.2026.113434,https://doi.org/10.1016/j.patcog.2026.113434
1510,Method,Fast box volume estimation using a RGB camera,Jonghoek Kim,178.0,,2026-10,Issue/Volume,10.1016/j.patcog.2026.113404,https://doi.org/10.1016/j.patcog.2026.113404
1511,Method,"Multimodal artificial intelligence for disease diagnosis: Advances, applications, and challenges","Qing Cai, Shaozhe Wang, Fan Zhang, Cheng Zhang, Yu Liu, Huafeng Li, Junyu Dong, David Zhang",178.0,,2026-10,Issue/Volume,10.1016/j.patcog.2026.113456,https://doi.org/10.1016/j.patcog.2026.113456
1512,Method,Differential attention vision transformer with adaptive spatial feature conditioning for remote sensing scene classification,"Yuan Li, Xiang Wu, Jiacun Wang, Yuming Bo, Feng Ni, Changhui Jiang",178.0,,2026-10,Issue/Volume,10.1016/j.patcog.2026.113461,https://doi.org/10.1016/j.patcog.2026.113461
1513,Method,A bio-inspired spatial-frequency synergistic model for small object detection,"Xiaoxu Liang, Chuan Lin, Zhiming Zheng, Xintao Pang",178.0,,2026-10,Issue/Volume,10.1016/j.patcog.2026.113464,https://doi.org/10.1016/j.patcog.2026.113464
1514,Method,Small object detection in UAV aerial imagery through domain consistency optimization for cross-resolution semantic alignment,"Xiaoguang Tu, Zeng Gao, Lin Wei, Yanyan Zhang, Jianhua Liu, Ming Yang, Rubin He, Tianle Zhang, Xuelong Li",178.0,,2026-10,Issue/Volume,10.1016/j.patcog.2026.113463,https://doi.org/10.1016/j.patcog.2026.113463
1515,Method,Unleashing the power of optimal head in CLIP and DINO for weakly supervised semantic segmentation,"Xianglin Qiu, Siyue Yu, Bingfeng Zhang, Zhen Zhang, Tammam Tillo, Jimin Xiao",178.0,,2026-10,Issue/Volume,10.1016/j.patcog.2026.113454,https://doi.org/10.1016/j.patcog.2026.113454
1516,Method,Personality-aware emotion recognition in conversation with large language models,"Yan Cheng, Huiling Chen, Xuanfeng Guo, Bo Ding, Zhipeng Pei",178.0,,2026-10,Issue/Volume,10.1016/j.patcog.2026.113460,https://doi.org/10.1016/j.patcog.2026.113460
1517,Method,GMMGaze: Dynamic coarse-to-fine gaze estimation based on gaussian mixture modeling,"Wanli Zhao, Duantengchuan Li, Lingyun Kang, Shutong Wang, Xiaoguang Wang",178.0,,2026-10,Issue/Volume,10.1016/j.patcog.2026.113452,https://doi.org/10.1016/j.patcog.2026.113452
1518,Method,Cross-view-consistent feed-forward 3D Gaussian splatting for novel view synthesis,"Xiaohan Lu, Jiaye Fu, Jiaqi Zhang, Zetian Song, Chuanmin Jia, Siwei Ma",178.0,,2026-10,Issue/Volume,10.1016/j.patcog.2026.113474,https://doi.org/10.1016/j.patcog.2026.113474
1519,Method,DiPerceiveNet: A bidirectional cross-scale perception network for vehicle re-identification,"Jihao Cai, Zhiqiang He, Zhi Liu, Yangjie Cao",178.0,,2026-10,Issue/Volume,10.1016/j.patcog.2026.113476,https://doi.org/10.1016/j.patcog.2026.113476
1520,Method,Bridging single-view 2D images to full-color 3D computational holograms: A neural inverse rendering approach,"Yanan Zhang, Jiaqi Li, Tao Jing, Hairong Hu, Yang Yu, Yang Zhang, Congcong Zhang, Xingpeng Yan",178.0,,2026-10,Issue/Volume,10.1016/j.patcog.2026.113477,https://doi.org/10.1016/j.patcog.2026.113477
1521,Method,Efficient stereo matching for high-resolution satellite images via adaptive slicing and hierarchical fusion,"Zhong Wu, Lili He, Yuanyuan Liu, Yunyun Luo, Guangfeng Lin",178.0,,2026-10,Issue/Volume,10.1016/j.patcog.2026.113475,https://doi.org/10.1016/j.patcog.2026.113475
1522,Method,Corrigendum to “L2MLP: A novel MLP-based locality learning method for point cloud analysis” [Pattern Recognition 171 (2026) 112115],"Zhiyuan Zhang, Zhihui Li, Panhe Hu, Junpeng Shi",178.0,,2026-10,Issue/Volume,10.1016/j.patcog.2026.113439,https://doi.org/10.1016/j.patcog.2026.113439
1523,Method,Multi-scale tiling for pseudo-labeling in dense scene object detection,"Thi Quynh Khanh Dinh, Nadége Thirion-Moreau, Thanh Phuong Nguyen, Jean-Jacques Simon, Ludovic Escoubas",179.0,,2026-11,Issue/Volume,10.1016/j.patcog.2026.113436,https://doi.org/10.1016/j.patcog.2026.113436
1524,Method,DN-TOD: Robust tiny object detection amidst label noise,"Haoran Zhu, Chang Xu, Wen Yang, Ruixiang Zhang, Yan Zhang, Gui-Song Xia",178.0,,2026-10,Issue/Volume,10.1016/j.patcog.2026.113448,https://doi.org/10.1016/j.patcog.2026.113448
1525,Method,Semantic contrastive learning via VLM for few-shot remote sensing object detection,"Bowei Yan, Chunbo Lang, Gong Cheng",178.0,,2026-10,Issue/Volume,10.1016/j.patcog.2026.113465,https://doi.org/10.1016/j.patcog.2026.113465
1526,Method,PointSlice: Accurate and efficient slice-based representation for 3D object detection from point clouds,"Qifeng Liu, Dawei Zhao, Yabo Dong, Liang Xiao, Juan Wang, Chen Min, Fuyang Li, Weizhong Jiang, Dongming Lu, Yiming Nie",178.0,,2026-10,Issue/Volume,10.1016/j.patcog.2026.113449,https://doi.org/10.1016/j.patcog.2026.113449
1527,Method,Underwater image stitching via optimal seam estimation and multi-band fusion,"Jingchun Zhou, Jiongjiong Wang, Bing Long, Dehuan Zhang, Qiuping Jiang",178.0,,2026-10,Issue/Volume,10.1016/j.patcog.2026.113459,https://doi.org/10.1016/j.patcog.2026.113459
1528,Method,DSTG-VS: Dynamic spatio-temporal graph network with global-local feature fusion for video summarization,"Yujie Li, Haonan Jia, Yingying Xu, Yu Wang, Michael Meyer, Benying Tan",178.0,,2026-10,Issue/Volume,10.1016/j.patcog.2026.113478,https://doi.org/10.1016/j.patcog.2026.113478
1529,Method,Learning boost-inhibition for weakly supervised visible-infrared group re-identification,"Ling Mei, Zhanxiang Feng, Jianhuang Lai, Yiwei Cheng, Peiying Zhang, Jian Wang",178.0,,2026-10,Issue/Volume,10.1016/j.patcog.2026.113451,https://doi.org/10.1016/j.patcog.2026.113451
1530,Method,MFDL-DDI: An effective deep learning-based framework for predicting drug-drug interactions through multimodal information fusion,"Yan Xia, Yazi Li, Shuting Jin, Junlin Xu, Yajie Meng, Leyi Wei, Zilong Zhang, Xin Gao, Feifei Cui",178.0,,2026-10,Issue/Volume,10.1016/j.patcog.2026.113431,https://doi.org/10.1016/j.patcog.2026.113431
1531,Method,Causality-inspired latent feature augmentation for single domain generalization,"Jian Xu, Chaojie Ji, Yankai Cao, Ye Li, Wei Zhao, Ruxin Wang",178.0,,2026-10,Issue/Volume,10.1016/j.patcog.2026.113444,https://doi.org/10.1016/j.patcog.2026.113444
1532,Method,PAPL: Particle-based adaptive prompt learning for zero-shot industrial anomaly detection,"Ruichen Ma, Chao Li, Jinglong Chen, Yong Feng, Jingsong Xie",178.0,,2026-10,Issue/Volume,10.1016/j.patcog.2026.113489,https://doi.org/10.1016/j.patcog.2026.113489
1533,Method,Exploring probability-aware parametric softmax for model calibration in image classification,"Siyuan Zhang, Linbo Xie, Ying Chen",178.0,,2026-10,Issue/Volume,10.1016/j.patcog.2026.113488,https://doi.org/10.1016/j.patcog.2026.113488
1534,Method,Semi-supervised topic-guided contrastive learning with data augmentation for daily stress prediction using smartphone sensors,"Yi Liu, Zeju Xu, Zhijun Li, Zhen Liang, Zhiguo Zhang, Changhong Wang",178.0,,2026-10,Issue/Volume,10.1016/j.patcog.2026.113481,https://doi.org/10.1016/j.patcog.2026.113481
1535,Method,Explore diverse information in diffusion model for single-domain generalized object detection,"Lei Qi, Zeyu Shi, Peng Dong, Xin Geng",178.0,,2026-10,Issue/Volume,10.1016/j.patcog.2026.113372,https://doi.org/10.1016/j.patcog.2026.113372
1536,Method,A prototype clustering network for enhancing semantic differentiation in named entity recognition,"Ying Hu, Zhangjie Xu, Yanping Chen, Jiwei Qin, Yong Xu",178.0,,2026-10,Issue/Volume,10.1016/j.patcog.2026.113443,https://doi.org/10.1016/j.patcog.2026.113443
1537,Method,Frequency-driven lattice network for lightweight super-resolution under low-computation constraints,"Wenyuan Ying, Tianyang Dong, Libin Zhang, Jing Fan",179.0,,2026-11,Issue/Volume,10.1016/j.patcog.2026.113482,https://doi.org/10.1016/j.patcog.2026.113482
1538,Method,DS2-AE: Deep spatial-spectral autoencoder with nonlinear unmixing for hyperspectral anomaly detection,"Zhenhua Mu, Yihan Wang, Chuanming Song, Xianghai Wang",178.0,,2026-10,Issue/Volume,10.1016/j.patcog.2026.113458,https://doi.org/10.1016/j.patcog.2026.113458
1539,Method,PAL: Prompting analytic learning with missing modality for multi-modal class-incremental learning,"Xianghu Yue, Yiming Chen, Xueyi Zhang, Xiaoxue Gao, Mengling Feng, Mingrui Lao, Huiping Zhuang, Haizhou Li",179.0,,2026-11,Issue/Volume,10.1016/j.patcog.2026.113467,https://doi.org/10.1016/j.patcog.2026.113467
1540,Method,Multi-view facial forgery detection for compressed videos using metric learning and attention transfer,"Dengpan Ye, Rui Wang, Shenhao Cao, Yueyun Shang, Jiacheng Deng, Zhongyuan Wang, Qin Zou, Xiang Yu",178.0,,2026-10,Issue/Volume,10.1016/j.patcog.2026.113455,https://doi.org/10.1016/j.patcog.2026.113455
1541,Method,FastGRAIL: Anchor-graph-based fast adaptive partial multi-label learning with label correlations,"Jingqi Liu, Hongying Zhang, Kezhen Dong, Fei Hao",178.0,,2026-10,Issue/Volume,10.1016/j.patcog.2026.113457,https://doi.org/10.1016/j.patcog.2026.113457
1542,Method,Pixel intensity prior-aware balanced multi-modal image fusion,"Hao Pan, Xingfeng Li, Yanan Li, Yufeng Chen, Honglin Yuan, Zhenwen Ren",178.0,,2026-10,Issue/Volume,10.1016/j.patcog.2026.113479,https://doi.org/10.1016/j.patcog.2026.113479
1543,Method,GRU-Enhanced multimodal crowd counting via modal-specific attention,"Jin Wang, Hongyang Fu, Yang Yang, Yingchuan Zhao, Weiping Ding, Jie Wan",178.0,,2026-10,Issue/Volume,10.1016/j.patcog.2026.113492,https://doi.org/10.1016/j.patcog.2026.113492
1544,Method,AttackCC-CDM: Stealthy backdoor attacks on crowd counting via crowd distribution manipulation,"He Li, Mimi Gu, Yuxuan Wang, Weihang Kong, Shihui Zhang",178.0,,2026-10,Issue/Volume,10.1016/j.patcog.2026.113491,https://doi.org/10.1016/j.patcog.2026.113491
1545,Method,SSSMN: Spatial-spectral sparse Mamba network for efficient hyperspectral fusion super-resolution,"Chenguo Feng, Haibo Liu, Renwei Dian, Yang Liu, Shutao Li",178.0,,2026-10,Issue/Volume,10.1016/j.patcog.2026.113462,https://doi.org/10.1016/j.patcog.2026.113462
1546,Method,Underage detection through a multi-task and MultiAge approach for screening minors in unconstrained imagery,"Christopher Gaul, Eduardo Fidalgo, Enrique Alegre, Rocío Alaiz Rodríguez, Eri Pérez Corral",178.0,,2026-10,Issue/Volume,10.1016/j.patcog.2026.113440,https://doi.org/10.1016/j.patcog.2026.113440
1547,Method,Gradient descent-driven sampling for multimodal long-term scanpath prediction in panoramic videos,"Tianming Zhou, Yulong Cheng, Kanglong Fan, Youneng Bao, Mu Li",179.0,,2026-11,Issue/Volume,10.1016/j.patcog.2026.113480,https://doi.org/10.1016/j.patcog.2026.113480
1548,Method,Object style diffusion for generalized object detection in urban scene,"Hao Li, Xiangyuan Yang, Mengzhu Wang, Long Lan, Ke Liang, Xinwang Liu, Kenli Li",179.0,,2026-11,Issue/Volume,10.1016/j.patcog.2026.113450,https://doi.org/10.1016/j.patcog.2026.113450
1549,Method,Task-aware all-in-one guided image super-resolution,"Tingting Wang, Jun Wang, Qiuhai Yan, Junkang Zhang, Faming Fang, Guixu Zhang",178.0,,2026-10,Issue/Volume,10.1016/j.patcog.2026.113483,https://doi.org/10.1016/j.patcog.2026.113483
1550,Method,CNProp: Contrastive negative pairing and self-refining label propagation for semi-supervised learning,"Cong Hu, Wei Liu, Xiaojun Wu",179.0,,2026-11,Issue/Volume,10.1016/j.patcog.2026.113496,https://doi.org/10.1016/j.patcog.2026.113496
1551,Method,MSTIF-IFS: Isolation forest based on minimal spanning tree and intuitionistic fuzzy sets,Łukasz Gałka,178.0,,2026-10,Issue/Volume,10.1016/j.patcog.2026.113507,https://doi.org/10.1016/j.patcog.2026.113507
1552,Method,Adversarial contribution-based perturbation for transferable attack on point cloud,"Shuxin Wei, Lifeng Huang, Chengying Gao, Ning Liu",178.0,,2026-10,Issue/Volume,10.1016/j.patcog.2026.113438,https://doi.org/10.1016/j.patcog.2026.113438
1553,Method,Curriculum adaptation for one-stream RGB-T tracking,"Xiantao Hu, Fansheng Zeng, Bineng Zhong, Zhangyong Tang, Wenxuan Fang, Jun Li, Ying Tai, Jian Yang",178.0,,2026-10,Issue/Volume,10.1016/j.patcog.2026.113494,https://doi.org/10.1016/j.patcog.2026.113494
1554,Method,Learning priority-aware controllable poster layout generation,"Fuxiang Yang, Wendi Hou, Lei Fan, Tonghua Su, Lingxiao He, Chengzhou Li, Meng Wang, Qianlong Xie, Xingxing Wang, Donglin Di, Xun Yang",179.0,,2026-11,Issue/Volume,10.1016/j.patcog.2026.113497,https://doi.org/10.1016/j.patcog.2026.113497
1555,Method,IrisMAE: Structure-aware masked image modeling for iris recognition,"Shiao Duan, Lingyao Jia, Peihua Li",179.0,,2026-11,Issue/Volume,10.1016/j.patcog.2026.113493,https://doi.org/10.1016/j.patcog.2026.113493
1556,Method,Image signal process with dynamic class-rebalanced and IoU-threshold for unsupervised domain adaptive dark object detection,"Yin Zhang, Yongqiang Zhang, Zian Zhang, Man Zhang, Rui Tian, Mingli Ding, Bogdan Raducanu, Dan Liu",179.0,,2026-11,Issue/Volume,10.1016/j.patcog.2026.113516,https://doi.org/10.1016/j.patcog.2026.113516
1557,Method,Minimizing the pretraining gap: Domain-aligned text-based person retrieval,"Shuyu Yang, Yaxiong Wang, Yongrui Li, Li Zhu, Zhedong Zheng",179.0,,2026-11,Issue/Volume,10.1016/j.patcog.2026.113511,https://doi.org/10.1016/j.patcog.2026.113511
1558,Method,Stealthy backdoor attack method targeting group fairness in self-supervised learning,"Fengrui Hao, Tianlong Gu, Jionghui Jiang, Liang Chang, Fan Zhang, Chenzhong Bin",179.0,,2026-11,Issue/Volume,10.1016/j.patcog.2026.113499,https://doi.org/10.1016/j.patcog.2026.113499
1559,Method,Adaptive and asynchronous integration of gray and white matter fMRI for brain disorder diagnosis,"Xiaotong Wu, Weiwen Wu, Xiaocai Zhang, Jianjia Zhang",179.0,,2026-11,Issue/Volume,10.1016/j.patcog.2026.113502,https://doi.org/10.1016/j.patcog.2026.113502
1560,Method,Prompt-guided Modality Completion for cardiac pathology segmentation,"Donggen Fang, Yajie Chen, Yuliang Gu, Lingyi Yu, Zhongyuan Wang, Chao Pang, Bo Du, Lianming Wu, Yongchao Xu",179.0,,2026-11,Issue/Volume,10.1016/j.patcog.2026.113506,https://doi.org/10.1016/j.patcog.2026.113506
1561,Method,Learning task-shared and specific knowledge via mixture-of-experts in generative model for continual learning,"Weinan Zhao, Yanling Ji, Yan Li, De Cheng, Junwei Han, Dingwen Zhang",179.0,,2026-11,Issue/Volume,10.1016/j.patcog.2026.113504,https://doi.org/10.1016/j.patcog.2026.113504
1562,Method,Universal pre-training for generalizable incomplete-view CT reconstruction,"Chenglong Ma, Zilong Li, Junjun He, Junping Zhang, Yi Zhang, Hongming Shan",178.0,,2026-10,Issue/Volume,10.1016/j.patcog.2026.113513,https://doi.org/10.1016/j.patcog.2026.113513
1563,Method,Robust reinforcement learning with State-Driven Dual-Mode Alternating Adversarial Training via temporal bounded attacks,"Xiao Sun, Fei Zhu",179.0,,2026-11,Issue/Volume,10.1016/j.patcog.2026.113524,https://doi.org/10.1016/j.patcog.2026.113524
1564,Method,Simultaneous surgical stereo depth and motion estimation via brightness-aware self-supervised learning,"Yuxuan Liu, Xinyao Zhou, Yating Luo, Yunfei Luan, Zhennan Xiao, Yao Guo, Guang-Zhong Yang",179.0,,2026-11,Issue/Volume,10.1016/j.patcog.2026.113510,https://doi.org/10.1016/j.patcog.2026.113510
1565,Method,EmoKEG: Knowledge-enhanced heterogeneous graph for emotion recognition in conversation,"Lili Guo, Yanan Cui, Yikang Song, Haiwei Hou, Shifei Ding",179.0,,2026-11,Issue/Volume,10.1016/j.patcog.2026.113500,https://doi.org/10.1016/j.patcog.2026.113500
1566,Method,Unleashing the potential of traditional person re-ID methods to clothes changed scenario via curriculum learning,"Yuxuan Xiao, Shanshan Zhang, Jian Yang",179.0,,2026-11,Issue/Volume,10.1016/j.patcog.2026.113509,https://doi.org/10.1016/j.patcog.2026.113509
1567,Method,Analytic personalized federated meta-learning,"Shunxian Gu, Chaoqun You, Deke Guo, Zhihao Qu, Bangbang Ren, Zaipeng Xie, Lailong Luo",179.0,,2026-11,Issue/Volume,10.1016/j.patcog.2026.113512,https://doi.org/10.1016/j.patcog.2026.113512
1568,Method,Dynamic patch-level contrastive learning for image dehazing,"Xiao Lin, Dongchen Zhang, Yan Li, Qizhe Yang, Ping Li, Wei Huang",179.0,,2026-11,Issue/Volume,10.1016/j.patcog.2026.113529,https://doi.org/10.1016/j.patcog.2026.113529
1569,Method,Learning frequency and memory-aware prompts for multi-modal object tracking,"Boyue Xu, Ruichao Hou, Tongwei Ren, Dongming Zhou, Gangshan Wu, Jinde Cao",179.0,,2026-11,Issue/Volume,10.1016/j.patcog.2026.113532,https://doi.org/10.1016/j.patcog.2026.113532
1570,Method,Adaptive learning from noisy estimated depth maps benefits monocular RGB-based 3D human pose estimation,"Mengyuan Liu, Jingting Liu",179.0,,2026-11,Issue/Volume,10.1016/j.patcog.2026.113530,https://doi.org/10.1016/j.patcog.2026.113530
1571,Method,Partial multi-label learning with discriminative feature subspace and dynamic label correlation,"Hao Xie, Jianhua Dai",178.0,,2026-10,Issue/Volume,10.1016/j.patcog.2026.113543,https://doi.org/10.1016/j.patcog.2026.113543
1572,Method,LLM-driven fine-grained emotion parsing and parameterized mapping for conversational TTS,"Xiaochun An, Xu Zhang, Xiaoge Li, Ercheng Pei, Qingli Yan, Lang He",179.0,,2026-11,Issue/Volume,10.1016/j.patcog.2026.113544,https://doi.org/10.1016/j.patcog.2026.113544
1573,Method,IIFNet3D: Instance-to-instance fusion with dual attention for indoor RGB-D 3D object detection,"Zhihao Sun, Zixin Fan, Bin Fan, Hongmin Liu",179.0,,2026-11,Issue/Volume,10.1016/j.patcog.2026.113541,https://doi.org/10.1016/j.patcog.2026.113541
1574,Method,C&amp;D-CLIP: Cascaded decoder and deep cross visual prompt tuning for zero-shot semantic segmentation,"Linchuan Li, Yongquan Liang, Zhihui Wang, Yongtang Bao, Shansong Yang",179.0,,2026-11,Issue/Volume,10.1016/j.patcog.2026.113528,https://doi.org/10.1016/j.patcog.2026.113528
1575,Method,Partial multi-label feature selection via dual-space combination and disambiguation strategy fusion,"Hongkun Yang, Hongmei Chen, Biao Xiang, Zhong Yuan, Tianrui Li",179.0,,2026-11,Issue/Volume,10.1016/j.patcog.2026.113537,https://doi.org/10.1016/j.patcog.2026.113537
1576,Method,MoSS: Mixture of subclassifiers with complete submatrix for tolerating missing values in electronic health records,"Xuebing Yang, Xuedong Wang, Wensheng Zhang, Wen Tang",179.0,,2026-11,Issue/Volume,10.1016/j.patcog.2026.113534,https://doi.org/10.1016/j.patcog.2026.113534
1577,Method,Remote sensing imagery shadow detection via physical constraint,"Kaichen Chi, Jun Chu, Junjie Li, Qiang Li, Qi Wang",179.0,,2026-11,Issue/Volume,10.1016/j.patcog.2026.113535,https://doi.org/10.1016/j.patcog.2026.113535
1578,Method,Language-guided modulation-update for semi-supervised semantic segmentation,"Libo Yan, Fang Liu, Licheng Jiao, Shuo Li, Jiahao Wang, Lingling Li, Puhua Chen, Xu Liu, Xuejian Gou",179.0,,2026-11,Issue/Volume,10.1016/j.patcog.2026.113505,https://doi.org/10.1016/j.patcog.2026.113505
1579,Method,Lifelong multi-view clustering with anchor-prototype collaboration,"Yangyang Wang, Yonghao Li, Xuemei Cao, Hao Yu, Jiafen Liu, Xin Yang",179.0,,2026-11,Issue/Volume,10.1016/j.patcog.2026.113424,https://doi.org/10.1016/j.patcog.2026.113424
1580,Method,Towards unbiased source-free object detection via vision foundation models,"Zhi Cai, Yingjie Gao, Yanan Zhang, Xinzhu Ma, Di Huang",179.0,,2026-11,Issue/Volume,10.1016/j.patcog.2026.113545,https://doi.org/10.1016/j.patcog.2026.113545
1581,Method,Focus-then-fusion: Learning discriminative cross-modal prototypes for few-shot classification,"Yucheng Zhang, Rongshan Chen, Shuo Zhang, Biao Leng",179.0,,2026-11,Issue/Volume,10.1016/j.patcog.2026.113527,https://doi.org/10.1016/j.patcog.2026.113527
1582,Method,Efficient and robust kernel learning with class-wise privileged information for pattern classification,"Jingjing Tang, Qiao Gou, Saiji Fu, Kun Zhao, Tianyi Dong, Yingjie Tian",179.0,,2026-11,Issue/Volume,10.1016/j.patcog.2026.113522,https://doi.org/10.1016/j.patcog.2026.113522
1583,Method,Fine-grained normal estimation via feature-augmented knowledge transfer,"Meng Wang, Wenjing Dai, Xiaojie Guo",179.0,,2026-11,Issue/Volume,10.1016/j.patcog.2026.113546,https://doi.org/10.1016/j.patcog.2026.113546
1584,Method,Parse graph-based visual-language interaction for human pose estimation,"Shibang Liu, Xuemei Xie, Guangming Shi",179.0,,2026-11,Issue/Volume,10.1016/j.patcog.2026.113547,https://doi.org/10.1016/j.patcog.2026.113547
1585,Method,Explainable visual emotion recognition via modular reasoning,"Magaly Lika Fujimoto, Ricardo Marcondes Marcacini, Solange Oliveira Rezende",179.0,,2026-11,Issue/Volume,10.1016/j.patcog.2026.113501,https://doi.org/10.1016/j.patcog.2026.113501
1586,Method,SAGE-networks: Shape-aware geometric embeddings for writer re-identification in historical manuscripts,"Alessio Fagioli, Nicola Follador, Marco Cascio, Emanuela Colombi, Gian Luca Foresti",179.0,,2026-11,Issue/Volume,10.1016/j.patcog.2026.113551,https://doi.org/10.1016/j.patcog.2026.113551
1587,Method,Enhancing 3D medical multi-modal large language models with integrated human body priors for computed tomography,"Leilei Zeng, Jie Liu, Wenting Chen, Chenyang Lyu, Wenxi Li, Shaonan Liu, Xiande Zhou, Linlin Shen",179.0,,2026-11,Issue/Volume,10.1016/j.patcog.2026.113540,https://doi.org/10.1016/j.patcog.2026.113540
1588,Method,Geometric algebra enhanced twin-branch contrastive network design for few-shot hyperspectral image classification,"Rujun Zhang, Wenming Cao, Qifan Liu",179.0,,2026-11,Issue/Volume,10.1016/j.patcog.2026.113549,https://doi.org/10.1016/j.patcog.2026.113549
1589,Method,Latent belief reinforcement learning for online motor imagery classification,"Huan Luo, Na Lu, Xiaopeng Wang, Xu Niu",179.0,,2026-11,Issue/Volume,10.1016/j.patcog.2026.113503,https://doi.org/10.1016/j.patcog.2026.113503
1590,Method,ncRD-LG: A unified framework integrating molecular language models and subgraph learning for drug–ncRNA target prediction,"Yuran Xie, Wei Wang, Jia Xu, Linyang Li, Shuai Wu, Hang Wei",179.0,,2026-11,Issue/Volume,10.1016/j.patcog.2026.113556,https://doi.org/10.1016/j.patcog.2026.113556
1591,Method,PCNet: A composite backbone for 3D point cloud representation learning,"Jingkun Yan, Hongwei Ge, Chunguo Wu, Xinye Cai, Yijia Zhang",179.0,,2026-11,Issue/Volume,10.1016/j.patcog.2026.113521,https://doi.org/10.1016/j.patcog.2026.113521
1592,Method,Beyond action units: Towards multi-cue facial emotion analysis,"Yucheng Shen, Jiulong Wu, Yikai Zhang, Lingyong Yan, Dawei Yin, Min Cao, Mang Ye",179.0,,2026-11,Issue/Volume,10.1016/j.patcog.2026.113519,https://doi.org/10.1016/j.patcog.2026.113519
1593,Method,Learning coherent matrixized representation in latent space for volumetric 4D generation,"Qitong Yang, Mingtao Feng, Zijie Wu, Shijie Sun, Weisheng Dong, Yaonan Wang, Ajmal Mian",179.0,,2026-11,Issue/Volume,10.1016/j.patcog.2026.113531,https://doi.org/10.1016/j.patcog.2026.113531
1594,Method,Boosting cross-domain semi-supervised medical image segmentation with internal and external regularizations,"Rui Wang, Fan Tang, Feiyue Huang, Shaoxin Li, Xinkun Xu, Yuchen Xu, Lifeng Zhu, Weiming Dong",179.0,,2026-11,Issue/Volume,10.1016/j.patcog.2026.113515,https://doi.org/10.1016/j.patcog.2026.113515
1595,Method,Multimodal human video generation with uncertainty-aware pose guidance,"Jingyi Wu, Han Yu, Kun Yang, Yuanyuan Meng, Juncen Guo, Yanda Meng, Songwen Pei, Jing Liu, Yang Liu, Liang Song",179.0,,2026-11,Issue/Volume,10.1016/j.patcog.2026.113495,https://doi.org/10.1016/j.patcog.2026.113495
1596,Method,Linear complexity hyperparameter tuning of the quadratic kernel for support vector classification,"M. Fernández-Delgado, A.L. Pereira-Costa, E. Cernadas",179.0,,2026-11,Issue/Volume,10.1016/j.patcog.2026.113533,https://doi.org/10.1016/j.patcog.2026.113533
1597,Method,MTR-DNET: Manifold topology and re-learning driven dual-branch network for semi-supervised OCTA vessel segmentation,"Zailiang Chen, Baicheng Liu, Xinyi Liu, Yixiao Fu, Yan Tang, Hailan Shen",179.0,,2026-11,Issue/Volume,10.1016/j.patcog.2026.113558,https://doi.org/10.1016/j.patcog.2026.113558
1598,Method,Fast online learning algorithm based on modified hierarchical Unimodal Thompson Sampling,"Tianchi Zhao, He Liu, Jing Li, Yanchao Liu, Hongyin Shi, Guangzhe Zhao, Jinliang Li",179.0,,2026-11,Issue/Volume,10.1016/j.patcog.2026.113523,https://doi.org/10.1016/j.patcog.2026.113523
1599,Method,Tracking by detection and query: An efficient end-to-end framework for multi-object tracking,"Shukun Jia, Shiyu Hu, Yichao Cao, Feng Yang, Xin Lu, Xiaobo Lu",179.0,,2026-11,Issue/Volume,10.1016/j.patcog.2026.113552,https://doi.org/10.1016/j.patcog.2026.113552
1600,Method,PLRVG: Progressive layer-wise refinement for visual grounding via deep-to-shallow decoding,"Wenxuan Cheng, Ming Dai, Wankou Yang",179.0,,2026-11,Issue/Volume,10.1016/j.patcog.2026.113555,https://doi.org/10.1016/j.patcog.2026.113555
1601,Method,Sparse adversarial attack via robust attack points selection,"Yunjian Zhang, Yanwei Liu, Jianing Li, Enci Liu, Yao Zhu, Antonios Argyriou",179.0,,2026-11,Issue/Volume,10.1016/j.patcog.2026.113490,https://doi.org/10.1016/j.patcog.2026.113490
1602,Method,Power quality disturbances recognition based on a new multilayer kernel extreme learning machine,"Wenhao Lai, Jiaojiao Wu, Weijin Qian, Mingjie Hu, Zhongxi Jin, Huaibao Li, Zhiqiang Hu",179.0,,2026-11,Issue/Volume,10.1016/j.patcog.2026.113577,https://doi.org/10.1016/j.patcog.2026.113577
1603,Method,Bayesian importance-weighted support vector data description,"Taha J. Alhindi, Omar Alturkistani, Jaeseung Baek, Sangahn Kim, Mehmet Turkoz, Myong K. Jeong",179.0,,2026-11,Issue/Volume,10.1016/j.patcog.2026.113567,https://doi.org/10.1016/j.patcog.2026.113567
1604,Method,AlignMamba-2: Enhancing multimodal fusion and sentiment analysis with modality-aware Mamba,"Yan Li, Yifei Xing, Xiangyuan Lan, Xin Li, Haifeng Chen, Dongmei Jiang",179.0,,2026-11,Issue/Volume,10.1016/j.patcog.2026.113517,https://doi.org/10.1016/j.patcog.2026.113517
1605,Method,Robust prototype-aware representation refinement for LLM-based sequential recommendation,"Jie Ma, Jiwei Qin, Yanping Chen, Qiangsheng Feng, Shengquan Liu",179.0,,2026-11,Issue/Volume,10.1016/j.patcog.2026.113550,https://doi.org/10.1016/j.patcog.2026.113550
1606,Method,AC-HGL: Heterogeneous graph representation learning through adaptive correlation for stock movement prediction,"Shantian Yang, Wenyang Deng, Zheng Zeng, Bo Yang",179.0,,2026-11,Issue/Volume,10.1016/j.patcog.2026.113605,https://doi.org/10.1016/j.patcog.2026.113605
1607,Method,Hierarchical textual-visual guidance for referring remote sensing segmentation,"Shiyu Zhang, Qing Zhou, Qi Wang, Yuan Yuan, Junyu Gao",179.0,,2026-11,Issue/Volume,10.1016/j.patcog.2026.113579,https://doi.org/10.1016/j.patcog.2026.113579
1608,Method,AUV intelligent perception for underwater surveillance using complete underwater imaging model,"Shunmin An, Lihong Xu, Linling Wang",179.0,,2026-11,Issue/Volume,10.1016/j.patcog.2026.113582,https://doi.org/10.1016/j.patcog.2026.113582
1609,Method,Emphasizing crucial features for efficient image restoration,"Hu Gao, Bowen Ma, Ying Zhang, Jingfan Yang, Jing Yang, Xingjian Wang, Depeng Dang",179.0,,2026-11,Issue/Volume,10.1016/j.patcog.2026.113575,https://doi.org/10.1016/j.patcog.2026.113575
1610,Method,TOFusion: Text-guided and object-aware infrared and visible image fusion,"Jun Chen, Wei Yu, Zhuo Cheng, Xin Tian, Jiayi Ma",179.0,,2026-11,Issue/Volume,10.1016/j.patcog.2026.113569,https://doi.org/10.1016/j.patcog.2026.113569
1611,Method,SARL: Structure-aware representation learning for 3D human pose estimation from point clouds,"Kefan Chen, Yong Wang, Xin Du, Mengyuan Liu",179.0,,2026-11,Issue/Volume,10.1016/j.patcog.2026.113570,https://doi.org/10.1016/j.patcog.2026.113570
1612,Method,SwiftDistill: Efficient robust knowledge transfer via dual-branch adversarial distillation and hardness-balanced augmentation,"Junhao Dong, Yuqing Wen, Zhengdao Li, Weijun Gao, Zhixuan Zhang, Siheng Wang, Xinghua Qu, Yew-Soon Ong",179.0,,2026-11,Issue/Volume,10.1016/j.patcog.2026.113453,https://doi.org/10.1016/j.patcog.2026.113453
1613,Method,Synergistic audio-textual cues: A cross-modal framework for weakly-supervised temporal action localization,"Linkai Liu, Yuchen Zhou, Zipeng Guo, Lei Yu, Chao Gou",179.0,,2026-11,Issue/Volume,10.1016/j.patcog.2026.113526,https://doi.org/10.1016/j.patcog.2026.113526
1614,Method,FedG2: Cross-domain federated graph learning via dual graph matching,"Sheng Huang, Lele Fu, Tianchi Liao, Bowen Deng, Chuanfu Zhang, Chuan Chen",179.0,,2026-11,Issue/Volume,10.1016/j.patcog.2026.113565,https://doi.org/10.1016/j.patcog.2026.113565
1615,Method,DWSFusion: Dual weight supervision for lightweight infrared and visible image fusion,"Zhenkai Qiang, Yu Shen, Yubin Yuan, Guanxiang Pei",179.0,,2026-11,Issue/Volume,10.1016/j.patcog.2026.113520,https://doi.org/10.1016/j.patcog.2026.113520
1616,Method,FaceEditor: Text-driven and mask-constrained face attribute editing,"Lin Zhang, Huihuang Zhao, Weiliang Meng, Yuan Yang, Paul L. Rosin, Yu-Kun Lai, Yaonan Wang",179.0,,2026-11,Issue/Volume,10.1016/j.patcog.2026.113559,https://doi.org/10.1016/j.patcog.2026.113559
1617,Method,Source-free foundation model-enabled transferable state of health estimation for lithium-ion batteries with intelligent adapter mapping,"Yan Qin, Qingyue Huang, Liang Cao, Wei Dai, Chau Yuen",179.0,,2026-11,Issue/Volume,10.1016/j.patcog.2026.113498,https://doi.org/10.1016/j.patcog.2026.113498
1618,Method,DS3: Dual-space sample selection for speaker representation learning with noisy labels,"Zhihua Fang, Liang He",179.0,,2026-11,Issue/Volume,10.1016/j.patcog.2026.113595,https://doi.org/10.1016/j.patcog.2026.113595
1619,Method,Structure prediction and opportunity-cost scheduler for LLM inference,"Weiyan Huang, Guomao Xin, Bruce Gu, Youyang Qu, Longxiang Gao",179.0,,2026-11,Issue/Volume,10.1016/j.patcog.2026.113599,https://doi.org/10.1016/j.patcog.2026.113599
1620,Method,Multi-label feature selection based on binary hashing learning and dynamic graph constraints,"Cong Guo, Changqin Huang, Wenhua Zhou, Xiaodi Huang",179.0,,2026-11,Issue/Volume,10.1016/j.patcog.2026.113603,https://doi.org/10.1016/j.patcog.2026.113603
1621,Method,EmoRAct: A neuro-symbolic framework coupling acoustic tokens with prosody semantics for emotion recognition,"Minqiang Yang, Hui Bai, Mingwen Zhang, Yongfeng Tao, Changsheng Ma, Bin Hu",179.0,,2026-11,Issue/Volume,10.1016/j.patcog.2026.113586,https://doi.org/10.1016/j.patcog.2026.113586
1622,Method,Revisiting the generalization problem of low-level vision models through the lens of image deraining,"Jinfan Hu, Zhiyuan You, Jinjin Gu, Kaiwen Zhu, Tianfan Xue, Chao Dong",179.0,,2026-11,Issue/Volume,10.1016/j.patcog.2026.113578,https://doi.org/10.1016/j.patcog.2026.113578
1623,Method,Integrated biomechanical framework for pathological gait analysis and recognition via multibody dynamics and enhanced stability metrics,"Yongjun Pan, Weigao Chen, Zilu Wang, Xiaobo Nie, Aki Mikkola",179.0,,2026-11,Issue/Volume,10.1016/j.patcog.2026.113553,https://doi.org/10.1016/j.patcog.2026.113553
1624,Method,Domain adaptation for remote sensing image semantic segmentation with prototype-driven domain disentangle alignment,"Xiufei Zhang, Yuanwei Liu, Xiaoliang Qian, Gong Cheng, Xiwen Yao",179.0,,2026-11,Issue/Volume,10.1016/j.patcog.2026.113583,https://doi.org/10.1016/j.patcog.2026.113583
1625,Method,Continual graph learning: A survey,"Qiao Yuan, Sheng-Uei Guan, Pin Ni, Tianlun Luo, Prudence Wong, Victor Chang, Ka Lok Man",179.0,,2026-11,Issue/Volume,10.1016/j.patcog.2026.113600,https://doi.org/10.1016/j.patcog.2026.113600
1626,Method,Motion2Motion: Learning human pose refining in videos without ground truth label,"Zhenyu Wen, Xiong Li, Xudong Wu, Minjie Chen, Zhen Hong, Haoran Duan, Xiaoqin Zhang",179.0,,2026-11,Issue/Volume,10.1016/j.patcog.2026.113607,https://doi.org/10.1016/j.patcog.2026.113607
1627,Method,Camouflaged object detection based on edge screening and cross-layer fusion,"Yanliang Ge, Yuxi Zhong, Junchao Ren, Min He, Hongbo Bi, Qiao Zhang",179.0,,2026-11,Issue/Volume,10.1016/j.patcog.2026.113604,https://doi.org/10.1016/j.patcog.2026.113604
1628,Method,Think-Before-Draw: Decomposing emotion semantics for fine-grained controllable generation of expressive talking heads,"Hanlei Shi, Leyuan Qu, Yu Liu, Di Gao, Linlin Gong, Yuhua Zheng, Taihao Li",179.0,,2026-11,Issue/Volume,10.1016/j.patcog.2026.113593,https://doi.org/10.1016/j.patcog.2026.113593
1629,Method,Dynamic interactive fuzzy operations for information preserving multi-exposure image fusion,"Mingzhi Liu, Lili Liu, Boxun Han, Linzhe Yang, Menglu Ma, Xujie Gao, Sheng Wang, Fu Xu",179.0,,2026-11,Issue/Volume,10.1016/j.patcog.2026.113538,https://doi.org/10.1016/j.patcog.2026.113538
1630,Method,Variable selection using relative importance rankings,"Tien-En Chang, Argon Chen",179.0,,2026-11,Issue/Volume,10.1016/j.patcog.2026.113561,https://doi.org/10.1016/j.patcog.2026.113561
1631,Method,A weakly supervised preference alignment framework for robust ancient Chinese translation,"Xiaojun Bi, Shuo Li, Junyao Xing, Yiwen Sun",179.0,,2026-11,Issue/Volume,10.1016/j.patcog.2026.113562,https://doi.org/10.1016/j.patcog.2026.113562
1632,Method,Fine-grained mutual geometric features enhanced human-object interaction detection,"Ri Liu, Lin Bai, Shengjie Lin, Xiaoyu Jiang",179.0,,2026-11,Issue/Volume,10.1016/j.patcog.2026.113614,https://doi.org/10.1016/j.patcog.2026.113614
1633,Method,ODPL-CLIP: Open differential prompt learning with CLIP for open-set domain adaptation,"Dezhong Li, Guangyi Xiao, Hao Chen",179.0,,2026-11,Issue/Volume,10.1016/j.patcog.2026.113563,https://doi.org/10.1016/j.patcog.2026.113563
1634,Method,Topological-aware multiple kernel learning for ensemble clustering,"Jiaxuan Xu, Lei Duan, Xinye Wang, Liang Du",179.0,,2026-11,Issue/Volume,10.1016/j.patcog.2026.113588,https://doi.org/10.1016/j.patcog.2026.113588
1635,Method,FAME: Frequency and motion extrapolation for robust multimodal facial action unit detection,"Mengxin Shi, Cheng Lu, Zhangfeng Hu, Hongli Chang, Jinghua Zhang, Yuan Zong",179.0,,2026-11,Issue/Volume,10.1016/j.patcog.2026.113594,https://doi.org/10.1016/j.patcog.2026.113594
1636,Method,KRCapVLM: Beam-guided knowledge replay for knowledge-rich image captioning using vision-language model,"Reem Aljunaid, Qasim Umer, Sajjad Mahmood, Mahmood Niazi, Muzammil Behzad",179.0,,2026-11,Issue/Volume,10.1016/j.patcog.2026.113568,https://doi.org/10.1016/j.patcog.2026.113568
1637,Method,DMSAA-SLAM: RGB-D SLAM for dynamic scenes via diffusion self-attention,"Lei Xia, Xiaomei Li, Ziyang Wang, Hui Chen, Xianxun Zhu, Ling Fan",179.0,,2026-11,Issue/Volume,10.1016/j.patcog.2026.113576,https://doi.org/10.1016/j.patcog.2026.113576
1638,Method,Bidirectional regression for monocular 6DoF head pose estimation and reference system alignment,"Sungho Chun, Boeun Kim, Hyung Jin Chang, Ju Yong Chang",179.0,,2026-11,Issue/Volume,10.1016/j.patcog.2026.113585,https://doi.org/10.1016/j.patcog.2026.113585
1639,Method,AtmosOceanNet: SST forecast method driven by atmospheric-oceanic multimodal data,"Qinxuan Wang, Jun Bai, Kun Ding, Ying Wang, Yineng Li, Shiming Xiang, Xiaoqing Chu",179.0,,2026-11,Issue/Volume,10.1016/j.patcog.2026.113566,https://doi.org/10.1016/j.patcog.2026.113566
1640,Method,Enhanced mass and architectural distortion detection in digital breast tomosynthesis via cross-slice weighted box fusion,"Peng Shi, Peirong Li, Fang Chen, Qinying Guo, Xinting Wu, Jing Zhong",179.0,,2026-11,Issue/Volume,10.1016/j.patcog.2026.113601,https://doi.org/10.1016/j.patcog.2026.113601
1641,Method,Compressive self-attention transformer for low-light enhancement and zero-element pixels restoration,"Changhui Hu, Donghang Jing, Dong Xu, Kerui Hu, Tieshen Chen, Ziyun Cai, Fei Wu, Xiaoyuan Jing",179.0,,2026-11,Issue/Volume,10.1016/j.patcog.2026.113536,https://doi.org/10.1016/j.patcog.2026.113536
1642,Method,Structured-condensed prompt tuning in vision-language models for fine-grained image recognition,"Xinda Liu, Qinyu Zhang, Weiqing Min, Guohua Geng, Shuqiang Jiang",179.0,,2026-11,Issue/Volume,10.1016/j.patcog.2026.113610,https://doi.org/10.1016/j.patcog.2026.113610
1643,Method,UTA-Sign: Unsupervised thermal video augmentation via event-assisted traffic signage sketching,"Yuqi Han, Songqian Zhang, Weijian Su, Ke Li, Jiayu Yang, Jinli Suo, Qiang Zhang",179.0,,2026-11,Issue/Volume,10.1016/j.patcog.2026.113508,https://doi.org/10.1016/j.patcog.2026.113508
1644,Method,FPS: Frequency prompt synchronization for micro-expression recognition,"Jiateng Liu, Hengcan Shi, Yaonan Wang, Wenming Zheng",179.0,,2026-11,Issue/Volume,10.1016/j.patcog.2026.113572,https://doi.org/10.1016/j.patcog.2026.113572
1645,Method,Hierarchical Fourier encoding for spatially-adaptive continuous super-resolution,"Yang Cheng, Haoyue Xing, Chaohui Li, Cancan Yao, Qun Hao",179.0,,2026-11,Issue/Volume,10.1016/j.patcog.2026.113590,https://doi.org/10.1016/j.patcog.2026.113590
1646,Method,A generative multimodal network for facial expression recognition,"Yue Zhao, Mingjian Song, Qi Zhang, Jiawei Yang, Kenji Yoshigoe, Chunwei Tian",179.0,,2026-11,Issue/Volume,10.1016/j.patcog.2026.113518,https://doi.org/10.1016/j.patcog.2026.113518
1647,Method,Hybrid explicit and implicit encoding for multi-view representation learning,"Shuochen Yao, Yusheng Zhang, Weiqing Yan, Chang Tang, Guanghui Yue, Kaile Su, Jian Jin",179.0,,2026-11,Issue/Volume,10.1016/j.patcog.2026.113584,https://doi.org/10.1016/j.patcog.2026.113584
1648,Method,Prototype-based multi-view fine-grained 3D classification and ad-hoc interpretability,"Shuxian Ma, Zihao Dong, Runmin Cong, Sam Kwong, Xiuli Shao",179.0,,2026-11,Issue/Volume,10.1016/j.patcog.2026.113596,https://doi.org/10.1016/j.patcog.2026.113596
1649,Method,M3-HOI: Multi-modal mining network for video-based human-object interaction recognition,"Bohong Wu, Qing Gao",179.0,,2026-11,Issue/Volume,10.1016/j.patcog.2026.113557,https://doi.org/10.1016/j.patcog.2026.113557
1650,Method,Single positive multi-label learning via label ranking relationship,"Yinsong Xiong, Weiwei Li, Xiuyi Jia",179.0,,2026-11,Issue/Volume,10.1016/j.patcog.2026.113542,https://doi.org/10.1016/j.patcog.2026.113542
1651,Method,Fine-grained sparse attention transformer to enhance electronic nose detection performance,"Jinyue Zhang, Junqi Liu, Fanjin Meng, Xiangyu Zhang, Qinglun Zhang, Yan Shi",179.0,,2026-11,Issue/Volume,10.1016/j.patcog.2026.113589,https://doi.org/10.1016/j.patcog.2026.113589
1652,Method,EARL: Embracing amnesic replay for learning with noisy labels,"Monica Millunzi, Lorenzo Bonicelli, Angelo Porrello, Jacopo Credi, Petter N. Kolm, Simone Calderara",179.0,,2026-11,Issue/Volume,10.1016/j.patcog.2026.113514,https://doi.org/10.1016/j.patcog.2026.113514
1653,Method,PTCNet: Pure transformer network for two-view correspondence pruning,"Xiangyang Miao, Shunxing Chen, Shiping Wang, Junwen Guo, Fengying Wu, Guobao Xiao, Zongjuan Li",179.0,,2026-11,Issue/Volume,10.1016/j.patcog.2026.113564,https://doi.org/10.1016/j.patcog.2026.113564
1654,Method,Sea-out NeRF: Spatial perception enhancement for underwater unmanned systems,"Jingchun Zhou, Tianyu Liang, Dehuan Zhang, Gemine Vivone, Qiuping Jiang, Minyi Xu",179.0,,2026-11,Issue/Volume,10.1016/j.patcog.2026.113617,https://doi.org/10.1016/j.patcog.2026.113617
1655,Method,Balancing tails when comparing distributions: Comprehensive equity index (CEI) with application to bias evaluation in operational face biometrics,"Imanol Solano, Julian Fierrez, Aythami Morales, Alejandro Peña, Ruben Tolosana, Francisco Zamora-Martinez, Javier San Agustin",179.0,,2026-11,Issue/Volume,10.1016/j.patcog.2026.113616,https://doi.org/10.1016/j.patcog.2026.113616
1656,Method,Audio-visual saliency prediction based on joint adversarial learning and Co-Attention mechanism,"Amin Mao, Jiebin Yan, Yuming Fang, Chao Cai",179.0,,2026-11,Issue/Volume,10.1016/j.patcog.2026.113548,https://doi.org/10.1016/j.patcog.2026.113548
1657,Method,High-frequency geometry enhanced graph attention network for hyperspectral and multispectral image fusion,"Ziqing Ma, Chang Yang, Zhichang Guo, Yao Li",179.0,,2026-11,Issue/Volume,10.1016/j.patcog.2026.113592,https://doi.org/10.1016/j.patcog.2026.113592
1658,Method,Seg-LLaVA: Empowering pixel-level understanding with large vision language model,"Fan Yang, Yousong Zhu, Yufei Zhan, Hongyin Zhao, Xin Li, Yaowei Wang, Ming Tang, Xin Ning, Jinqiao Wang",179.0,,2026-11,Issue/Volume,10.1016/j.patcog.2026.113560,https://doi.org/10.1016/j.patcog.2026.113560
1659,Method,Topology-Preserving retinal vascular segmentation via sparse persistent homology and MoE convolution,"Benteng Ma, Xiaomeng Li, Bin Pu, Kwang-Ting Cheng",179.0,,2026-11,Issue/Volume,10.1016/j.patcog.2026.113612,https://doi.org/10.1016/j.patcog.2026.113612
1660,Method,UDAN-CLIP: Diffusion attention network with contrastive language-image joint learning for underwater image enhancement,"Afrah Shaahid, Muzammil Behzad",179.0,,2026-11,Issue/Volume,10.1016/j.patcog.2026.113573,https://doi.org/10.1016/j.patcog.2026.113573
1661,Method,A semantic-structural feature learning with multi-stage interaction for 3D point cloud registration,"Feilong Cao, Qiaoyan Qiu, Hailiang Ye, Ke Lu",179.0,,2026-11,Issue/Volume,10.1016/j.patcog.2026.113606,https://doi.org/10.1016/j.patcog.2026.113606
1662,Method,EEGTune: A data-efficient fine-tuning framework for EEG foundation models,"Zelin Liao, Yonghao Song, Chengjian Xu, Haochuan Zhang, Qingqing Zheng",179.0,,2026-11,Issue/Volume,10.1016/j.patcog.2026.113591,https://doi.org/10.1016/j.patcog.2026.113591
1663,Method,Model knowledge-prior embedded subspace learning network for hyperspectral image classification,"Xiangyu Nie, Zhaohui Xue, Jun Li",179.0,,2026-11,Issue/Volume,10.1016/j.patcog.2026.113587,https://doi.org/10.1016/j.patcog.2026.113587
1664,Method,AFH-Net: An adaptive feature harmonization network for document image De-warping,"Xinyue Zhou, Yuqi Liu, Nanfeng Jiang, Wang Man, Xu-Yao Zhang, Shunzhou Wang, Da-Han Wang",179.0,,2026-11,Issue/Volume,10.1016/j.patcog.2026.113608,https://doi.org/10.1016/j.patcog.2026.113608
1665,Method,A deterministic information bottleneck method for clustering mixed-type data,"Efthymios Costa, Ioanna Papatsouma, Angelos Markos",179.0,,2026-11,Issue/Volume,10.1016/j.patcog.2026.113580,https://doi.org/10.1016/j.patcog.2026.113580
1666,Method,Harnessing the power of local representations for few-shot classification,"Shi Tang, Guiming Luo, Xinchen Ye, Zhiyi Xia",179.0,,2026-11,Issue/Volume,10.1016/j.patcog.2026.113597,https://doi.org/10.1016/j.patcog.2026.113597
1667,Method,Unsupervised text-based person retrieval via Adaptive Uncertainty-Aware Cross-Modal Learning,"Weijia Sun, Wei Zhang, Yida Qi, Jiayu Yang, Jinjia Peng",179.0,,2026-11,Issue/Volume,10.1016/j.patcog.2026.113628,https://doi.org/10.1016/j.patcog.2026.113628
1668,Method,Fine-grained conditional inpainting diffusion for component-aware face makeup rendering,"Linyan Xie, Zhen Xu, Si Wu",179.0,,2026-11,Issue/Volume,10.1016/j.patcog.2026.113609,https://doi.org/10.1016/j.patcog.2026.113609
1669,Method,Learning robust representations for highly dynamic pose estimation via mixture of spatiotemporal experts,"Jiangning Wei, Hao Yu, Lixiong Qin, Bo Yu, Dandan Xiao, Ke Li, Jun Liu",179.0,,2026-11,Issue/Volume,10.1016/j.patcog.2026.113618,https://doi.org/10.1016/j.patcog.2026.113618
1670,Method,EdgeFusionNet: Edge information-guided small object detection for remote sensing images,"Linsong Xiao, Hanyun Li, Sai Yao, Chengyu Hou",179.0,,2026-11,Issue/Volume,10.1016/j.patcog.2026.113621,https://doi.org/10.1016/j.patcog.2026.113621
1671,Method,Single-domain generalization for fastener detection via sample reconstruction and class-wise domain contrast,"Shixiang Su, Songlin Du, Xuan Wei, Xiaobo Lu",179.0,,2026-11,Issue/Volume,10.1016/j.patcog.2026.113620,https://doi.org/10.1016/j.patcog.2026.113620
1672,Method,Trajectory-enhanced transferable attacks for vision-language pre-trained models,"Haiqi Zhang, Ziqiang Li, Hao Tang, Zechao Li",179.0,,2026-11,Issue/Volume,10.1016/j.patcog.2026.113571,https://doi.org/10.1016/j.patcog.2026.113571
1673,Method,An efficient deep unfolding approach for snapshot compressed imaging of motion videos,"Jianfu Yin, Chenglong Tao, Bingliang Hu, Yao Wang, Quan Wang",179.0,,2026-11,Issue/Volume,10.1016/j.patcog.2026.113554,https://doi.org/10.1016/j.patcog.2026.113554
1674,Method,QuAC: Quality-aware chinese pre-training proactive defense framework,"Zhongyi Deng, C.L. Philip Chen, Yile Chen, Tong Zhang",179.0,,2026-11,Issue/Volume,10.1016/j.patcog.2026.113574,https://doi.org/10.1016/j.patcog.2026.113574
1675,Method,Compactness driven Co-learning for crowd counting and localization,"Ziheng Yan, Xinyan Liu, Guorong Li, Weigang Zhang, Fang Wan, Qingming Huang",179.0,,2026-11,Issue/Volume,10.1016/j.patcog.2026.113638,https://doi.org/10.1016/j.patcog.2026.113638
1676,Method,Remove the distraction: Semantic-SNR guided low-light image enhancement under flexible supervision,"Muhammad Zain Ul Abideen, Benzhuang Zhang, Risheng Liu",179.0,,2026-11,Issue/Volume,10.1016/j.patcog.2026.113643,https://doi.org/10.1016/j.patcog.2026.113643
1677,Method,MCF-UNet: Multi-level context fusion unet for immunohistochemical positive cell detection,"Dixiao Tao, Yong Luo, Yi Zhang, Zongjie Hao, Cheng Li, Dehua Cao, Lin Zhao, Yamei Luo, Dongjing Shan",179.0,,2026-11,Issue/Volume,10.1016/j.patcog.2026.113630,https://doi.org/10.1016/j.patcog.2026.113630
1678,Method,LASTracker: A lightweight RGB-E tracking framework with ANN-SNN adaptive switching,"Zikai Wang, Siying Liu, Hanle Zheng, Sihan Wang, Yifan Hu, Hanxiao Fan, Yao Li, Hao Guo, Lei Deng",179.0,,2026-11,Issue/Volume,10.1016/j.patcog.2026.113623,https://doi.org/10.1016/j.patcog.2026.113623
1679,Method,Hierarchical attention fusion with synergistic adversarial contrastive learning for incomplete multi-view clustering,"Teng Sun, Yunwei Luo, Zhenqiu Shu, Tianyan Xu, Hongbin Wang, Zhengtao Yu",179.0,,2026-11,Issue/Volume,10.1016/j.patcog.2026.113539,https://doi.org/10.1016/j.patcog.2026.113539
1680,Method,Thought graph traversal for test-time scaling in chest X-ray VLLMs,"Yue Yao, Zelin Wen, Yan Tong, Xinyu Tian, Xuqing Li, Xiao Ma, Dongliang Xu, Tom Gedeon",179.0,,2026-11,Issue/Volume,10.1016/j.patcog.2026.113639,https://doi.org/10.1016/j.patcog.2026.113639
1681,Method,Domain-generalizable face anti-spoofing with patch-based multi-tasking and artifact pattern conversion,"Seungjin Jung, Yonghyun Jeong, Minha Kim, Jimin Min, Youngjoon Yoo, Jongwon Choi",179.0,,2026-11,Issue/Volume,10.1016/j.patcog.2026.113640,https://doi.org/10.1016/j.patcog.2026.113640
1682,Method,Multi-scale cross-domain and class-wise kernel discriminative alignment for EEG-based emotion recognition,"Gang Luo, Chengcheng Zheng, Lixian Zhu, Tianqi Fan, Fuze Tian, Dixin Wang, Kun Qian, Jingxin Liu, Shuting Sun, Bin Hu",179.0,,2026-11,Issue/Volume,10.1016/j.patcog.2026.113626,https://doi.org/10.1016/j.patcog.2026.113626
1683,Method,Alpha-aware neural style transfer in RGBA space via soft alpha-guided feature propagation,"Xiaotong Zhou, Yuhui Zheng, Shihao Dong, Junming Yang",179.0,,2026-11,Issue/Volume,10.1016/j.patcog.2026.113615,https://doi.org/10.1016/j.patcog.2026.113615
1684,Method,One-shot novel view and pose human image synthesis via 3D prior guided diffusion model,"Shenjian Gong, Kangkan Wang, Shanshan Zhang, Jian Yang",179.0,,2026-11,Issue/Volume,10.1016/j.patcog.2026.113644,https://doi.org/10.1016/j.patcog.2026.113644
1685,Method,Attention-guided knowledge distillation based deep multiple instance learning for gigapixel whole slide image analysis,"Weiheng Fu, Yike Zhou, Meilian Xu, Tianfu Wen, Xiaoshuang Shi, Xiaofeng Zhu",179.0,,2026-11,Issue/Volume,10.1016/j.patcog.2026.113642,https://doi.org/10.1016/j.patcog.2026.113642
1686,Method,FTransMamba: A multi-stage fusion transformer and mamba modeling for multimodal remote sensing scene understanding,"Zhengpeng Li, Jun Hu, Weichun Guan, Jiawei Miao, Kunyang Wu, Zhiguo Xia, Bin Yang, Jiansheng Wu",179.0,,2026-11,Issue/Volume,10.1016/j.patcog.2026.113625,https://doi.org/10.1016/j.patcog.2026.113625
1687,Method,MIFFNet: A multidimensional image feature fusion network for lettuce fresh weight estimation,"Feng Yu, Jun Xiao, Jinmeng Zhang, Xining Zhang, Ming Wang, Rupeng Luan, Yuhan Wang, Yuntao Ma, Qian Zhang",179.0,,2026-11,Issue/Volume,10.1016/j.patcog.2026.113641,https://doi.org/10.1016/j.patcog.2026.113641
1688,Method,LE-DualNet: A dual-stream network ensembling large vision model priors and temporal decomposition for automated depression detection,"Yaowei Wang, Yicheng Zhang, Zihao Ma, Li Cai, Yun Yang",179.0,,2026-11,Issue/Volume,10.1016/j.patcog.2026.113627,https://doi.org/10.1016/j.patcog.2026.113627
1689,Method,Time-frequency denoising and optimization network for characterizing nonstationary rotating machinery signals,"Depei Shao, Dezun Zhao, Tianyang Wang",179.0,,2026-11,Issue/Volume,10.1016/j.patcog.2026.113656,https://doi.org/10.1016/j.patcog.2026.113656
1690,Method,Corrigendum to “Multi-view biclustering via non-negative matrix tri-factorisation” [Pattern Recognition 172PB (2025) 112454],"Ella S.C. Orme, Theodoulos Rodosthenous, Marina Evangelou",179.0,,2026-11,Issue/Volume,10.1016/j.patcog.2026.113611,https://doi.org/10.1016/j.patcog.2026.113611
1691,Method,Diff-magnifier: Utilizing state space model for diffusion processes in breast tumor pathological image super-resolution and classification,"Yiyao Liu, Yongtao Zhang, Lei Dong, Tianfu Wang, Song Wu, Shimao Zhu, Baiying Lei",179.0,,2026-11,Issue/Volume,10.1016/j.patcog.2026.113649,https://doi.org/10.1016/j.patcog.2026.113649
1692,Method,Open world object detection applied in semantic scene construction,"Yuan Xu, Lin Jiang, Le Wan, Yunfei Li, Jianyang Zhu, Qing Lu",179.0,,2026-11,Issue/Volume,10.1016/j.patcog.2026.113613,https://doi.org/10.1016/j.patcog.2026.113613
1693,Method,F3-SD: Focal feature fusion with self-distillation on large vision-language models for cross-modal retrieval,"Da Chen, Yangtao Wang, Yanzhao Xie, Xin Tan, Xiaocui Li, Maobin Tang, Meie Fang, Wensheng Zhang",179.0,,2026-11,Issue/Volume,10.1016/j.patcog.2026.113664,https://doi.org/10.1016/j.patcog.2026.113664
1694,Method,SMHGC: Homophily-agnostic multi-view heterophilous graph clustering,"Jianpeng Chen, Yawen Ling, Yazhou Ren, Shufei Zhang, Lifang He",179.0,,2026-11,Issue/Volume,10.1016/j.patcog.2026.113668,https://doi.org/10.1016/j.patcog.2026.113668
1695,Method,H2R-BM: Can leveraging human videos enhance performance and generalizability in robotic bimanual manipulation?,"Xiaoshuai Hao, Huaihai Lyu, Lingfeng Zhang, Rui Liu, Dayan Wu, Jing Zhang, Long Chen",179.0,,2026-11,Issue/Volume,10.1016/j.patcog.2026.113637,https://doi.org/10.1016/j.patcog.2026.113637
1696,Method,Feature selection via anchor weight graph guided minimizing between-class similarity,"Jiarui Kong, Jingyi Ding, Ronghua Shang, Yangyang Li",179.0,,2026-11,Issue/Volume,10.1016/j.patcog.2026.113651,https://doi.org/10.1016/j.patcog.2026.113651
1697,Method,iMatcher: Improve matching in point cloud registration via local-to-global geometric consistency learning,"Karim Slimani, Catherine Achard, Brahim Tamadazte",179.0,,2026-11,Issue/Volume,10.1016/j.patcog.2026.113658,https://doi.org/10.1016/j.patcog.2026.113658
1698,Method,Sample selection for remote sensing image change detection with unsupervised knowledge representation quantification,"Linye Zhu, Huaqiao Xing, Wenbin Sun, Shouhang Du, Congcong Wang, Qing Su",179.0,,2026-11,Issue/Volume,10.1016/j.patcog.2026.113671,https://doi.org/10.1016/j.patcog.2026.113671
1699,Method,Joint pluralistic generation and realistic inpainting of occluded facial images,"Yongsheng Shi, Dongjin Huang, Jinhua Liu, Jiantao Qu, Wen Tang",179.0,,2026-11,Issue/Volume,10.1016/j.patcog.2026.113670,https://doi.org/10.1016/j.patcog.2026.113670
1700,Method,Rethinking the trigger of backdoor attacks: Towards physical backdoor threats,"Yiming Li, Mingyan Zhu, Shu-Tao Xia, Zhifeng Li, Zhan Qin, Dacheng Tao",179.0,,2026-11,Issue/Volume,10.1016/j.patcog.2026.113665,https://doi.org/10.1016/j.patcog.2026.113665
1701,Method,SpikeTAD: Spiking neural networks for end-to-end temporal action detection,"Min Yang, Mi Zhou, Limin Wang",179.0,,2026-11,Issue/Volume,10.1016/j.patcog.2026.113672,https://doi.org/10.1016/j.patcog.2026.113672
1702,Method,CM-PIUG: Cross-modal prompt injection unified modeling and game-theoretic defense strategies,"Gaoyuan Quan, Zhiyong Zhang, Yanting Zhang, Weiguo Wang, Junchang Jing, Mengdan Xue",179.0,,2026-11,Issue/Volume,10.1016/j.patcog.2026.113661,https://doi.org/10.1016/j.patcog.2026.113661
1703,Method,Semantic-preserved augmentation with reliability-aware fine-tuning for aspect category sentiment analysis,"Yaping Chai, Haoran Xie, Joe S. Qin",179.0,,2026-11,Issue/Volume,10.1016/j.patcog.2026.113629,https://doi.org/10.1016/j.patcog.2026.113629
1704,Method,Fair face forgery detection via cross-domain decoupling and entropy-adaptive enhancement,"Fan Cheng, Linkai Tian, Fanjun Meng, Xianliang Wang, Mingsha Peng, Liangliang Su, Zhize Wu",179.0,,2026-11,Issue/Volume,10.1016/j.patcog.2026.113673,https://doi.org/10.1016/j.patcog.2026.113673
1705,Method,SDGScenes: User-intent driven indoor scene generation via semantic dependency graph,"Yuhan Gao, Xueying Li, Jicong Ao, Chao Yu, Peng Liu, Chenjia Bai",179.0,,2026-11,Issue/Volume,10.1016/j.patcog.2026.113674,https://doi.org/10.1016/j.patcog.2026.113674
1706,Method,I2ID: Disentangling identity features via synchronized masking for zero-shot composed person retrieval,"Guo Yu, Di Wang, Chengwei Yan, Feng Yan, Nan Luo, Yifeng Wang, Quan Wang",179.0,,2026-11,Issue/Volume,10.1016/j.patcog.2026.113654,https://doi.org/10.1016/j.patcog.2026.113654
1707,Method,Underwater image enhancement via multidimensional feature cooperative VMamba,"Weibo Zhang, Hao Wang, Peng Ren, Weidong Zhang",179.0,,2026-11,Issue/Volume,10.1016/j.patcog.2026.113650,https://doi.org/10.1016/j.patcog.2026.113650
1708,Method,Understanding gait recognition through silhouette sequence disentanglement and fine-grained visualization,"Shaoxiong Zhang, Yixiu Liu, Jinkai Zheng, Liangqiong Qu, Ming Li, Chenggang Yan",179.0,,2026-11,Issue/Volume,10.1016/j.patcog.2026.113619,https://doi.org/10.1016/j.patcog.2026.113619
1709,Method,Motif-aware brain functional connectivity network analysis for cognitive disorder diagnosis,"Dongdong Chen, Linlin Yao, Lu Bai, Edwin R. Hancock, Lichi Zhang",179.0,,2026-11,Issue/Volume,10.1016/j.patcog.2026.113655,https://doi.org/10.1016/j.patcog.2026.113655
1710,Method,SGAN: Shapelet-based GAN for local time series black-box attack,"Kaiyu Yang, Jidong Yuan, Haoyu Yan, Haiyang Liu, Yongqi Sun",179.0,,2026-11,Issue/Volume,10.1016/j.patcog.2026.113635,https://doi.org/10.1016/j.patcog.2026.113635
1711,Method,DNMFNet: Unsupervised deep feature extraction for hyperspectral image classification with limited labels,"Wenjing Cui, Chunbo Cheng, Hong Li, Yuxiao Cun",179.0,,2026-11,Issue/Volume,10.1016/j.patcog.2026.113663,https://doi.org/10.1016/j.patcog.2026.113663
1712,Method,Refining forgery-aware prompts for deepfake detection with pattern blended samples,"Caibo Feng, Chunxiao Liu",179.0,,2026-11,Issue/Volume,10.1016/j.patcog.2026.113659,https://doi.org/10.1016/j.patcog.2026.113659
1713,Method,SAPP: Sparse attention transformers for pattern recognition in portfolio management,"Jiahao Li, Yong Zhang, Liangwei Chen, Xiaoteng Zheng, Xingyu Yang",179.0,,2026-11,Issue/Volume,10.1016/j.patcog.2026.113660,https://doi.org/10.1016/j.patcog.2026.113660
1714,Method,OV-Pro: Enhancing open-vocabulary 3D object detection by prototype contrastive distillation,"Tongao Ge, Junyin Wang, Chenghu Du, Hui Li, Huikai Liu, Shengwu Xiong",179.0,,2026-11,Issue/Volume,10.1016/j.patcog.2026.113648,https://doi.org/10.1016/j.patcog.2026.113648
1715,Method,Rotation-invariant representation learning by sector convolution neural networks,"Wenwei Lin, Xunpei Sun, Chonghao Zhong, Haitao Meng, Gang Chen, Bingxian Zhang, Zonghua Gu",179.0,,2026-11,Issue/Volume,10.1016/j.patcog.2026.113636,https://doi.org/10.1016/j.patcog.2026.113636
1716,Method,SFDFuse: A lightweight spatial-frequency fusion network for infrared-visible images,"Hongyang Zhao, Tao Jiang, Xingdong Li, Jing Jin",179.0,,2026-11,Issue/Volume,10.1016/j.patcog.2026.113634,https://doi.org/10.1016/j.patcog.2026.113634
1717,Method,RoBoTS: A Robust Bounded Twin SVM Based on RoBoSS Loss Function,"Mushir Akhtar, M. Tanveer, Mohd. Arshad",179.0,,2026-11,Issue/Volume,10.1016/j.patcog.2026.113653,https://doi.org/10.1016/j.patcog.2026.113653
1718,Method,ARNet: A visual reasoning framework for recovering traversable areas under anomalies in agriculture,"Jiehao Li, Hongkai Chen, Shan Zeng, Jinrong Cui, Xiwen Luo, C. L Philip Chen, Chenguang Yang",179.0,,2026-11,Issue/Volume,10.1016/j.patcog.2026.113632,https://doi.org/10.1016/j.patcog.2026.113632
1719,Method,A variational Bayesian algorithm for probabilistic affine and non-rigid point cloud registration,"Xinke Ma, Qingjie Zeng, Yang Hu, Mengkang Lu, Jie Zhou, Yong Xia",179.0,,2026-11,Issue/Volume,10.1016/j.patcog.2026.113645,https://doi.org/10.1016/j.patcog.2026.113645
1720,Method,Anomaly-aware transitions for reward-free offline imitation learning,"Zhiliang Lin, Zhuangzhuang Chen, Guanming Zhu, Jie Chen, Jianqiang Li",179.0,,2026-11,Issue/Volume,10.1016/j.patcog.2026.113677,https://doi.org/10.1016/j.patcog.2026.113677
1721,Method,Adaptive density clustering with differential privacy,"Wenbo Zhang, Xianyu Zuo, Yadi Wang, Lei Zhang",179.0,,2026-11,Issue/Volume,10.1016/j.patcog.2026.113652,https://doi.org/10.1016/j.patcog.2026.113652
1722,Method,PGMM: Prior Guided Multi-expert Model for Long-tailed Classification,"Chenxun Deng, Lin Ji, Chengyang Zhang, Hongying Yan, Zhongde Zhang, Lifeng Wang, Junguo Zhang",179.0,,2026-11,Issue/Volume,10.1016/j.patcog.2026.113669,https://doi.org/10.1016/j.patcog.2026.113669
1723,Method,DSA-GNN: Optimizing long-tail in graph structures via degree suppression with attention,"Guanwei Huang, Rui Duan, Qingxiao Guan, Can Tian, Siyuan Chen, Wensheng Zhang",179.0,,2026-11,Issue/Volume,10.1016/j.patcog.2026.113631,https://doi.org/10.1016/j.patcog.2026.113631
1724,Method,UNIT3D: Unified Instance-relative Transformer for indoor 3D object detection and segmentation,"Xinrun Liu, Weikun Liu, Bin Fan, Hongmin Liu",179.0,,2026-11,Issue/Volume,10.1016/j.patcog.2026.113678,https://doi.org/10.1016/j.patcog.2026.113678
1725,Method,Uncertainty-aware mixture of experts for robust multimodal sentiment analysis,"Xinyu Xiao, Xuan Wang, Shuhan Qi, Huale Li",179.0,,2026-11,Issue/Volume,10.1016/j.patcog.2026.113417,https://doi.org/10.1016/j.patcog.2026.113417
1726,Method,A global–local hybrid perception model for few-shot fine-grained image classification,"Yu Zhang, Mei Hao, Juan Lyu, Sai Ho Ling, Guoliang Gong, Gang Chen",179.0,,2026-11,Issue/Volume,10.1016/j.patcog.2026.113685,https://doi.org/10.1016/j.patcog.2026.113685
1727,Method,Negative-weighted knowledge distillation regularized graph convolutional network for multi-label class-incremental learning,"Kaile Du, Junzhou Xie, Fan Lyu, Yifan Zhou, Zihan Ye, Wei Li, Yuyang Li, Guangcan Liu",179.0,,2026-11,Issue/Volume,10.1016/j.patcog.2026.113657,https://doi.org/10.1016/j.patcog.2026.113657
1728,Method,An integrated framework for enhancing small AprilTag pose accuracy under long-distance conditions,"Hezhi Zhang, Yuan Du, Qin Zhang, Guanwen Huang",179.0,,2026-11,Issue/Volume,10.1016/j.patcog.2026.113683,https://doi.org/10.1016/j.patcog.2026.113683
1729,Method,Dual-attention cooperative and multi-view gated transformer for adverse weather removal,"Shan Liang, Yuanbo Wen, Tao Gao, Ziqi Li, Jing Qin, Ting Chen",179.0,,2026-11,Issue/Volume,10.1016/j.patcog.2026.113633,https://doi.org/10.1016/j.patcog.2026.113633
1730,Method,PRDiff-Dehaze: Toward non-homogeneous haze image restoration via progressive refinement diffusion,"Yingbo Wang, Qiang Qu, Kun He, Tongfei Liu, Xiaogang Du, Tao Lei, Daqi Liu, Asoke K. Nandi",179.0,,2026-11,Issue/Volume,10.1016/j.patcog.2026.113688,https://doi.org/10.1016/j.patcog.2026.113688
1731,Method,PolyS-Net: A joint learning framework for depth-aware and scale-aware polyp size estimation,"Sijia Du, Yang Ding, Yaqi Wang, Chen Liu, Jun Wang, Ruilan Wang, Huiyu Zhou, Qingwei Zhang, Xiaobo Li, Dahong Qian",179.0,,2026-11,Issue/Volume,10.1016/j.patcog.2026.113646,https://doi.org/10.1016/j.patcog.2026.113646
1732,Method,A geometry-aware implicit–explicit framework for light field angular super-resolution,"Mingyuan Zhao, Da Yang, Rongshan Chen, Zhenglong Cui, Ruixuan Cong, Hao Sheng",179.0,,2026-11,Issue/Volume,10.1016/j.patcog.2026.113691,https://doi.org/10.1016/j.patcog.2026.113691
1733,Method,A gated feature fusion model for entity recognition in open-source intelligence,"Guiyun Feng, Honghui Chen",179.0,,2026-11,Issue/Volume,10.1016/j.patcog.2026.113690,https://doi.org/10.1016/j.patcog.2026.113690
1734,Method,A unified framework to learn invariant representations of graph neural networks for ECG biometrics,"Tianbang Ma, Chunying Liu, Yuwen Huang, Yilong Yin, Gongping Yang, Jinshan Pan",179.0,,2026-11,Issue/Volume,10.1016/j.patcog.2026.113662,https://doi.org/10.1016/j.patcog.2026.113662
1735,Method,A dual residual transformer architecture for indoor semantic occupancy prediction,"Shizhang Fang, Qi Zheng, Xu Wang",179.0,,2026-11,Issue/Volume,10.1016/j.patcog.2026.113667,https://doi.org/10.1016/j.patcog.2026.113667
1736,Method,Competitive firm prediction: A novel heterogeneous graph sampled weighted attention network,"Xiaoqing Ye, Dun Liu, Tianrui Li",179.0,,2026-11,Issue/Volume,10.1016/j.patcog.2026.113694,https://doi.org/10.1016/j.patcog.2026.113694
1737,Method,Graph-fusion guided data reconstruction for multi-view multi-label feature selection,"Jiaming Chen, Ping Zhang, Yonghao Li, Wanfu Gao",179.0,,2026-11,Issue/Volume,10.1016/j.patcog.2026.113692,https://doi.org/10.1016/j.patcog.2026.113692
1738,Method,On learning denoisable student logits,"Diqi Chen, Yang Li, Jiajun Liu, Brano Kusy, Jun Zhou, Yongsheng Gao",179.0,,2026-11,Issue/Volume,10.1016/j.patcog.2026.113684,https://doi.org/10.1016/j.patcog.2026.113684
1739,Method,MPRSurv: Multi-perspective prompted ranking for vision-language survival analysis on whole slide images,"Ruofan Zhang, Shengyuan Liu, Mengjie Fang, Shaoli Zhao, Wei Guo, Zipei Wang, Xin Feng, Xu-Yao Zhang, Xuebin Xie, Jie Tian, Di Dong",179.0,,2026-11,Issue/Volume,10.1016/j.patcog.2026.113695,https://doi.org/10.1016/j.patcog.2026.113695
1740,Method,Robust contrastive multi-view subspace clustering,"Bing Cai, Ping Dai, Shupin Wang, Gui-Fu Lu",179.0,,2026-11,Issue/Volume,10.1016/j.patcog.2026.113696,https://doi.org/10.1016/j.patcog.2026.113696
1741,Method,FLEX-MoCo: Flexible MRI motion correction using motion recognition and adaptive routing,"Feng Li, Zhenrong Shen, Jiangdong Cai, Rongrong Xie, Zijian Zhou, Han Zhang, Dinggang Shen, Feng Shi, Qian Wang",179.0,,2026-11,Issue/Volume,10.1016/j.patcog.2026.113699,https://doi.org/10.1016/j.patcog.2026.113699
1742,Method,Label-guided optimal transport for domain adaptation regression,"Zi-Ying Chen, Chuan-Xian Ren, Hong Yan",179.0,,2026-11,Issue/Volume,10.1016/j.patcog.2026.113697,https://doi.org/10.1016/j.patcog.2026.113697
1743,Method,Dynamic and Consistent Doubly Stochastic similarity learning for multi-view and multi-order clustering,"Nian Wang, Zhigao Cui, Yanzhao Su, Aihua Li, Yuanliang Xue, Wenqi Ren",179.0,,2026-11,Issue/Volume,10.1016/j.patcog.2026.113698,https://doi.org/10.1016/j.patcog.2026.113698
1744,Method,Personality-aware Multimodal Deception Detection with multimodal large language model,"Cong Cai, Zhengqi Wen, Xuefei Liu, Jianhua Tao, Bin Liu",179.0,,2026-11,Issue/Volume,10.1016/j.patcog.2026.113686,https://doi.org/10.1016/j.patcog.2026.113686
1745,Method,Explanation-guided backdoor defense for ID and OOD attacks in graph neural networks,"Hao Sui, Bing Chen, Jiale Zhang, Chengcheng Zhu, Di Wu, Shivakumara Palaiahnakote",179.0,,2026-11,Issue/Volume,10.1016/j.patcog.2026.113693,https://doi.org/10.1016/j.patcog.2026.113693
1746,Method,Multi-granularity collaborative constraint feature alignment network for unsupervised person re-identification,"Yanbing Chen, Lingyi Guo, Zhixin Tie, Yinghong Xu, Hao Sheng",179.0,,2026-11,Issue/Volume,10.1016/j.patcog.2026.113676,https://doi.org/10.1016/j.patcog.2026.113676
1747,Method,MIP: Mutual information-guided prompt for class-incremental continual graph learning,"QiAo Yuan, Boxuan Zhu, Weizhi Huang, Sheng-Uei Guan, Ka Lok Man",179.0,,2026-11,Issue/Volume,10.1016/j.patcog.2026.113704,https://doi.org/10.1016/j.patcog.2026.113704
1748,Method,NeRS: Negative Relational Smoothing for Graph Contrastive Learning,"Sheng Wan, Shougang Ren, Zicheng Zhao, Yan Zhu, Chen Gong",179.0,,2026-11,Issue/Volume,10.1016/j.patcog.2026.113714,https://doi.org/10.1016/j.patcog.2026.113714
1749,Method,Temporal–spatial cross-fusion for dynamic micro expression recognition,"Feng Liu, Bingyu Nan, Xuezhong Qian, Xiaolan Fu",179.0,,2026-11,Issue/Volume,10.1016/j.patcog.2026.113715,https://doi.org/10.1016/j.patcog.2026.113715
1750,Method,Fine-tuned Whisper-based semantic-temporal aggregation networks for sound event classification,"Chen Chen, Jia Zhou, Yong Chen, Ao Li, Fengwei Gu, Liang Xi",179.0,,2026-11,Issue/Volume,10.1016/j.patcog.2026.113706,https://doi.org/10.1016/j.patcog.2026.113706
1751,Method,MADSC: Aspect-aware description and calibrated alignment for unified Multimodal Aspect-Based Sentiment Analysis,"Tianyu Zhao, Ling-Ang Meng, Dawei Song",179.0,,2026-11,Issue/Volume,10.1016/j.patcog.2026.113712,https://doi.org/10.1016/j.patcog.2026.113712
1752,Method,Learning dynamic compact representations for light field angular super-resolution,"Gaosheng Liu, Zhuhua Hu",179.0,,2026-11,Issue/Volume,10.1016/j.patcog.2026.113710,https://doi.org/10.1016/j.patcog.2026.113710
1753,Method,Robust feature selection with adaptive k-nearest-neighbor rough sets,"Zhouming Ma, Jiaping Li, Yingying Huang, Jinkun Chen, Guoping Lin, Meiling Zheng",179.0,,2026-11,Issue/Volume,10.1016/j.patcog.2026.113713,https://doi.org/10.1016/j.patcog.2026.113713
1754,Method,Adversarial fair multi-view clustering,"Mudi Jiang, Jiahui Zhou, Lianyu Hu, Xinying Liu, Zengyou He, Zhikui Chen",179.0,,2026-11,Issue/Volume,10.1016/j.patcog.2026.113708,https://doi.org/10.1016/j.patcog.2026.113708
1755,Method,Text-Guided Modality Fusion for Brain Tumor Segmentation,"Xiao Luan, Xiongfeng Huang, Linghui Liu, Weisheng Li, Xinbo Gao",179.0,,2026-11,Issue/Volume,10.1016/j.patcog.2026.113748,https://doi.org/10.1016/j.patcog.2026.113748
1756,Method,A database and model for the PM2.5 concentration measurement with visible and infrared imaging,"Han Wang, Hongxing Jiang, Guangcheng Wang, Quan Shi, Kui Jiang",179.0,,2026-11,Issue/Volume,10.1016/j.patcog.2026.113754,https://doi.org/10.1016/j.patcog.2026.113754
1757,Method,Vision Mamba-enhanced Multi-level Context Aggregation Network for polyp segmentation,"Jiaye Chen, Jian Ding, Tianyang Xu, Rui Wang, Xiaoning Song, Tao Zhou",179.0,,2026-11,Issue/Volume,10.1016/j.patcog.2026.113752,https://doi.org/10.1016/j.patcog.2026.113752
1758,Method,Towards generic semi-supervised 3D medical image segmentation from a frequency shortcut view,"Yigeng Huang, Suwen Li, Jiatong Li, Zhuo Han, Qi Yang, Junyi Wang, Jun Lin, Xiujuan Wang, Huanqin Wang",179.0,,2026-11,Issue/Volume,10.1016/j.patcog.2026.113761,https://doi.org/10.1016/j.patcog.2026.113761
1759,Method,Rethinking post-synaptic potential dynamics: Adaptive Synaptic Filter for versatile temporal integration,"Zhikun Liu, Junxue Wang, Qiang Yu",179.0,,2026-11,Issue/Volume,10.1016/j.patcog.2026.113765,https://doi.org/10.1016/j.patcog.2026.113765
1760,Method,DGNNF: Dynamic Graph Neural Network Fusion for 3D object detection,"Zhicheng Zhou, Tianye Yu, Jinfeng Chen, Jing Liang",179.0,,2026-11,Issue/Volume,10.1016/j.patcog.2026.113707,https://doi.org/10.1016/j.patcog.2026.113707
1761,Method,Count2Density: Crowd density estimation without location-level annotations,"Mattia Litrico, Feng Chen, Michael Pound, Sotirios A. Tsaftaris, Sebastiano Battiato, Mario Valerio Giuffrida",179.0,,2026-11,Issue/Volume,10.1016/j.patcog.2026.113755,https://doi.org/10.1016/j.patcog.2026.113755
1762,Method,IKXAI-anonymity: Iterative XAI-based probabilistic k-anonymity for face image anonymization,"Rami Haffar, David Sánchez",179.0,,2026-11,Issue/Volume,10.1016/j.patcog.2026.113750,https://doi.org/10.1016/j.patcog.2026.113750
1763,Method,HM-RAG: Long video reasoning and anomaly detection via hierarchical multi-agent retrieval-augmented generation,"Jisheng Dang, Quan Wan, Dewei Liu, Ziyue Wang, Bimei Wang, Pei Liu, Hong Peng, Bin Hu, Tat-Seng Chua",179.0,,2026-11,Issue/Volume,10.1016/j.patcog.2026.113622,https://doi.org/10.1016/j.patcog.2026.113622
1764,Method,PathFinder: Advancing path loss prediction for single-to-multi-transmitter scenario,"Zhijie Zhong, Zhiwen Yu, Pengyu Li, Jianming Lv, C.L. Philip Chen, Min Chen",179.0,,2026-11,Issue/Volume,10.1016/j.patcog.2026.113725,https://doi.org/10.1016/j.patcog.2026.113725
1765,Method,HSDP: Hypergraph and structure-aware representation learning for information diffusion prediction,"Wang Zhang, Wenjun Wang, Xuan Guo, Tianpeng Li, Minglai Shao",179.0,,2026-11,Issue/Volume,10.1016/j.patcog.2026.113732,https://doi.org/10.1016/j.patcog.2026.113732
1766,Method,Temporal-camera-based semantic scene completion network with query-mask constraint and 3D layout initialization,"Xu Zhao, Chade Li, Pengju Zhang, Yihong Wu",179.0,,2026-11,Issue/Volume,10.1016/j.patcog.2026.113743,https://doi.org/10.1016/j.patcog.2026.113743
1767,Method,Zero-Shot infrared-guided HDR video deflickering,"Jingchao Peng, Thomas Bashford-Rogers, Francesco Banterle, Haitao Zhao, Kurt Debattista",179.0,,2026-11,Issue/Volume,10.1016/j.patcog.2026.113759,https://doi.org/10.1016/j.patcog.2026.113759
1768,Method,PFM-VEPAR: Prompting foundation models for RGB-Event camera based pedestrian attribute recognition,"Minghe Xu, Rouying Wu, ChiaWei Chu, Xiao Wang, Yu Li",179.0,,2026-11,Issue/Volume,10.1016/j.patcog.2026.113720,https://doi.org/10.1016/j.patcog.2026.113720
1769,Method,Single-branch network with self-coaching for real-time semantic segmentation,"Guoyu Yang, Daming Shi, Yuan Wang, Zunjin Zhao",179.0,,2026-11,Issue/Volume,10.1016/j.patcog.2026.113719,https://doi.org/10.1016/j.patcog.2026.113719
1770,Method,Wavelet-enhanced transformer for visual–tactile multimodal fusion in robotic object recognition,"Liang Li, Guochu Chen, Manliang Cao, Baojiang Li, Haiyan Wang, Bin Wang, Zizhen Yi",179.0,,2026-11,Issue/Volume,10.1016/j.patcog.2026.113773,https://doi.org/10.1016/j.patcog.2026.113773
1771,Method,A dual-graph neural network for glioblastoma progression diagnosis,"Qiang Li, Xinyue Li, Hailiang Tang, Xiaohua Qian",179.0,,2026-11,Issue/Volume,10.1016/j.patcog.2026.113768,https://doi.org/10.1016/j.patcog.2026.113768
1772,Method,MTLQ-ViT: Multi-granularity Tail-enhanced Logarithmic Quantization for Vision Transformers,"Yan Kang, Shouhao Xu, Qika Lin, Kai He, Zhan Gao, Zhuangzhuang Chen, Bin Pu",179.0,,2026-11,Issue/Volume,10.1016/j.patcog.2026.113769,https://doi.org/10.1016/j.patcog.2026.113769
1773,Method,RSUniVLM: A unified vision-language model for remote sensing via Granularity-oriented MoE,"Xu Liu, Zhouhui Lian",179.0,,2026-11,Issue/Volume,10.1016/j.patcog.2026.113717,https://doi.org/10.1016/j.patcog.2026.113717
1774,Method,Efficient bidirectional fusion multi-gate network for lightweight single image super-resolution,"Shuli Yang, Shu Tang, Xinbo Gao, Jiaxu Leng, Xianzhong Xie",179.0,,2026-11,Issue/Volume,10.1016/j.patcog.2026.113701,https://doi.org/10.1016/j.patcog.2026.113701
1775,Method,Self-representation and low-rank tensor based multi-view unsupervised feature selection,"Jingfeng Su, Hangjun Che, Qianlong Zhou, Man-Fai Leung, You Zhao, Junjian Huang, Xing He",179.0,,2026-11,Issue/Volume,10.1016/j.patcog.2026.113721,https://doi.org/10.1016/j.patcog.2026.113721
1776,Method,Edges: An expressive and efficient model for learning Graph Edit Distance,"Aldo Moscatelli, Maxime Bérar, Pierre Héroux, Florian Yger, Sébastien Adam",179.0,,2026-11,Issue/Volume,10.1016/j.patcog.2026.113764,https://doi.org/10.1016/j.patcog.2026.113764
1777,Method,VPF: Topology-preserving Virtual Path Fusion to tackle over-squashing,"Huiwen Bai, Lizhong Ding, Junyu Zhang, Chunhui Zhang, Jiarun Fu, Liang Chang, Tianlong Gu, Changsheng Li, Ye Yuan, Guoren Wang",179.0,,2026-11,Issue/Volume,10.1016/j.patcog.2026.113770,https://doi.org/10.1016/j.patcog.2026.113770
1778,Method,Robustness-aware decoupling framework for adversarial detection in remote sensing images,"Yuru Su, Shaohui Mei, Xiang Li, Shuai Wan",179.0,,2026-11,Issue/Volume,10.1016/j.patcog.2026.113738,https://doi.org/10.1016/j.patcog.2026.113738
1779,Method,Boosting adversarial transferability of vision-language pre-trained models via optimal transport,"Simeng Qin, Gang Li, Sensen Gao, Dongchen Han, Xiaojun Jia, Yang Bai, Jindong Gu, Xiaochun Cao",179.0,,2026-11,Issue/Volume,10.1016/j.patcog.2026.113729,https://doi.org/10.1016/j.patcog.2026.113729
1780,Method,CoDiFSR: Code Diffusion paradigm with prior knowledge distillation for face super-resolution,"Junhao Gu, Nan Su, Zhengguo Wang, Shuimu Chen, Wenming Yang, Guijin Wang",179.0,,2026-11,Issue/Volume,10.1016/j.patcog.2026.113745,https://doi.org/10.1016/j.patcog.2026.113745
1781,Method,Variational inference framework for partial multi-view multi-label representation learning,"Kaibo Duan, Hiroyuki Shinnou, Shi Bao",179.0,,2026-11,Issue/Volume,10.1016/j.patcog.2026.113742,https://doi.org/10.1016/j.patcog.2026.113742
1782,Method,MicroDETR: DETR with frequency-spatial aware and cross-scale fusion for tiny object detection,"Yanxia Lv, Guangwen Dong, Xin Song",179.0,,2026-11,Issue/Volume,10.1016/j.patcog.2026.113747,https://doi.org/10.1016/j.patcog.2026.113747
1783,Method,RecHCA: Hierarchical Context Awareness for one-step sensorless freehand 3D ultrasound reconstruction,"Qing-Han Yang, Jing-Yang Zhang, Chuan Chen, Xing-Yang Liu, Yan Xi, Yong-Ping Zheng, Yang Chen, Guang-Quan Zhou",179.0,,2026-11,Issue/Volume,10.1016/j.patcog.2026.113718,https://doi.org/10.1016/j.patcog.2026.113718
1784,Method,Vis2Tac: Residual feature–mediated cross-modal mapping learning framework for surface micro-defect detection,"Zerui Xi, Yiping Gao, Xinyu Li, Liang Gao",179.0,,2026-11,Issue/Volume,10.1016/j.patcog.2026.113728,https://doi.org/10.1016/j.patcog.2026.113728
1785,Method,Supervised discrete cross-modal hashing with exploiting semantic correlations,"Donglin Zhang, Zhikai Hu, Xiao-Jun Wu, Josef Kittler",179.0,,2026-11,Issue/Volume,10.1016/j.patcog.2026.113727,https://doi.org/10.1016/j.patcog.2026.113727
1786,Method,An explicit suppression paradigm for cross-domain medical image segmentation,"Yuheng Xu, Taiping Zhang, Yuqi Fang",179.0,,2026-11,Issue/Volume,10.1016/j.patcog.2026.113723,https://doi.org/10.1016/j.patcog.2026.113723
1787,Method,Occluded person Re-Identification with noise injection,"Can Yao, Xi Du, Rui Li, Ye Fan, Deng Cai, Shenqi Lai",179.0,,2026-11,Issue/Volume,10.1016/j.patcog.2026.113689,https://doi.org/10.1016/j.patcog.2026.113689
1788,Method,A novel sonar image instance segmentation algorithm based on multi-scale attention and enhanced feature fusion,"Qi He, Pengfei Shi, Qianqian Zhang, Xinnan Fan, Yuanxue Xin",179.0,,2026-11,Issue/Volume,10.1016/j.patcog.2026.113746,https://doi.org/10.1016/j.patcog.2026.113746
1789,Method,Coffee-Mate: Assisting keyframe selection via self-distillation for video question answering,"Bowen Yuan, Sisi You",179.0,,2026-11,Issue/Volume,10.1016/j.patcog.2026.113740,https://doi.org/10.1016/j.patcog.2026.113740
1790,Method,Reliability-enhanced partial multi-label feature selection based on neighborhood rough set,"Jinghua Liu, Shuqi Huang, Yuling Fan, Hongbo Zhang, Jin Gou, Yaojin Lin",179.0,,2026-11,Issue/Volume,10.1016/j.patcog.2026.113762,https://doi.org/10.1016/j.patcog.2026.113762
1791,Method,CAAE: Contrastive Adversarial AutoEncoder for multivariate time series anomaly detection,"Xin Xie, Kexuan Liu, Ying Wang, Mengqi Wu, Huichaoyi Zhang, Tao Wan",179.0,,2026-11,Issue/Volume,10.1016/j.patcog.2026.113687,https://doi.org/10.1016/j.patcog.2026.113687
1792,Method,Learning dual implicit neural representations for universal image deraining,"Shuang Jiao, Jianping Zhao, Hua Li, Junxi Sun",179.0,,2026-11,Issue/Volume,10.1016/j.patcog.2026.113736,https://doi.org/10.1016/j.patcog.2026.113736
1793,Method,Retrieval-augmented prompt for out-of-distribution detection,"Ruisong Han, Jiahao Zhang, Guofeng Zhang, Mingyue Cheng, Changqing Zhang, Zongbo Han",179.0,,2026-11,Issue/Volume,10.1016/j.patcog.2026.113779,https://doi.org/10.1016/j.patcog.2026.113779
1794,Method,CSBoRA: A continual learning method for large language models with true orthogonality and reduced forgetting,"Yuyang Liu, Lai-Man Po, Farrell Hung, Zhuohan Wang, Haoxuan Wu, Zeyu Jiang, Kun Li, Xuyuan Xu, Kwok-Wai Cheung",179.0,,2026-11,Issue/Volume,10.1016/j.patcog.2026.113782,https://doi.org/10.1016/j.patcog.2026.113782
1795,Method,MINA: Multimodal intention analysis of social media posts via LLM-guided audio-visual-text reasoning,"Feihong Lu, Tao Yang, Ziqin Zhu, Yudi Huang, Shiqi Gao, Yangyifei Luo, Zengxu Wang, Qian Li, Qingyun Sun, Jianxin Li",179.0,,2026-11,Issue/Volume,10.1016/j.patcog.2026.113700,https://doi.org/10.1016/j.patcog.2026.113700
1796,Method,Instance-level geometric prompting for visual object tracking,"Qinghua Liu, Wanli Xue, Huayu Ma, Yunpeng Li, Yangcan Wu, Shengyong Chen",179.0,,2026-11,Issue/Volume,10.1016/j.patcog.2026.113675,https://doi.org/10.1016/j.patcog.2026.113675
1797,Method,EmoCaliber: Advancing Reliable Visual Emotion Comprehension via Confidence Verbalization and Calibration,"Daiqing Wu, Dongbao Yang, Can Ma, Yu Zhou",179.0,,2026-11,Issue/Volume,10.1016/j.patcog.2026.113716,https://doi.org/10.1016/j.patcog.2026.113716
1798,Method,Prototype-guided pseudo-labeling for semi-supervised federated human activity recognition,"Mengyuan Song, Siwei Feng, Tao Deng",179.0,,2026-11,Issue/Volume,10.1016/j.patcog.2026.113760,https://doi.org/10.1016/j.patcog.2026.113760
1799,Method,ORC-DETR: An angle-aware and shape-adaptive oriented road crack detection method,"Dingwen Wang, Han Yan, Zhuoxuan Zhao, Haowen Liu",179.0,,2026-11,Issue/Volume,10.1016/j.patcog.2026.113751,https://doi.org/10.1016/j.patcog.2026.113751
1800,Method,DiffCrack: A semantic–structural controllable framework for crack image generation in complex scenes,"Tian Qin, Lingxi Xie, Qin Zou, Qi Tian, Qingquan Li",179.0,,2026-11,Issue/Volume,10.1016/j.patcog.2026.113771,https://doi.org/10.1016/j.patcog.2026.113771
1801,Method,Structure and progress aware diffusion for medical image segmentation,"Siyuan Song, Guyue Hu, Chenglong Li, Dengdi Sun, Zhe Jin, Jin Tang",179.0,,2026-11,Issue/Volume,10.1016/j.patcog.2026.113733,https://doi.org/10.1016/j.patcog.2026.113733
1802,Method,Exploring personalized federated learning from a distribution-based perspective,"Tianhao Yu, Kheng Cher Yeo, Sami Azam, Xiaohan Yu, Hui Chen, Xianxun Zhu",179.0,,2026-11,Issue/Volume,10.1016/j.patcog.2026.113774,https://doi.org/10.1016/j.patcog.2026.113774
1803,Method,Collaborative character-component style integration transformer for few-shot font generation,"Jiaxin Li, Zhen Xu, Si Wu",179.0,,2026-11,Issue/Volume,10.1016/j.patcog.2026.113776,https://doi.org/10.1016/j.patcog.2026.113776
1804,Method,Keyframe selection from motion capture data with dual-agent reinforcement learning,"Kun Hu, Xinzhi Wang, Clinton A. Mo, Mingyang Ma, Shaohui Mei, Zebin Chen, Zhiyong Wang",179.0,,2026-11,Issue/Volume,10.1016/j.patcog.2026.113775,https://doi.org/10.1016/j.patcog.2026.113775
1805,Method,A comprehensive review of Embodied Artificial Intelligence from finance and management perspective,"Wenping Zhang, Chengwen Hou, Zekun Yang, Qiao Niu, Xuanlin Ma, Hang Cao",179.0,,2026-11,Issue/Volume,10.1016/j.patcog.2026.113722,https://doi.org/10.1016/j.patcog.2026.113722
1806,Method,SurfSyn: Domain foundation model for pixel-level surface defect detection driven by synthetic data,"Kunye Shen, Xiaofei Zhou, Zhi Liu",179.0,,2026-11,Issue/Volume,10.1016/j.patcog.2026.113709,https://doi.org/10.1016/j.patcog.2026.113709
1807,Method,Robust feature extraction for visible-NIR image registration through unsupervised dual training with adaptive knowledge transfer,"Ling Chen, Zedong Tang, Xiangming Jiang",179.0,,2026-11,Issue/Volume,10.1016/j.patcog.2026.113814,https://doi.org/10.1016/j.patcog.2026.113814
1808,Method,HyperPRET: Few-shot class incremental learning with precognition and retrospection for hyperspectral imagery,"Yun Zhang, Bobo Xi, Tie Zheng, Jiaojiao Li, Shou Feng, Yunsong Li",179.0,,2026-11,Issue/Volume,10.1016/j.patcog.2026.113786,https://doi.org/10.1016/j.patcog.2026.113786
1809,Method,Harnessing weak pair uncertainty for text-based person search,"Jintao Sun, Zhedong Zheng, Gangyi Ding",179.0,,2026-11,Issue/Volume,10.1016/j.patcog.2026.113783,https://doi.org/10.1016/j.patcog.2026.113783
1810,Method,Mask Correction and Contrastive Feature Aggregation for few-shot medical image segmentation,"Qiang Chi, Yuhang Liu, Yue Zhang, Zidong Liu, Fuzhi Wu, Jean-Louis Dillenseger, Huazhong Shu",179.0,,2026-11,Issue/Volume,10.1016/j.patcog.2026.113790,https://doi.org/10.1016/j.patcog.2026.113790
1811,Method,Bones to identity: Generative contrastive fusion for cross-modality medical person identification from skeletal data,"Chaoqun Niu, Dongdong Chen, Jizhe Zhou, Jian Wang, Quan-Hui Liu, Caiyang Yu, Yuan Li, Wei Ju, Jiancheng Lv",179.0,,2026-11,Issue/Volume,10.1016/j.patcog.2026.113711,https://doi.org/10.1016/j.patcog.2026.113711
1812,Method,Smart brain localization retrieval network based on linkage of localization refinement and dynamic planning,"Shengwei Wang, Keda Chen, Pengjiao Zhao, Yize Wang, Aobo Guo",179.0,,2026-11,Issue/Volume,10.1016/j.patcog.2026.113792,https://doi.org/10.1016/j.patcog.2026.113792
1813,Method,Multi-view subspace approach with superpixel meta-samples and relational-consistency contrastive learning for unsupervised PolSAR image classification,"Xianyu Zuo, Qilong Liu, Baojun Qiao, Yadi Wang, Yi Xie, Yang Cheng, Xiaohui Zhou, Ran Wang",179.0,,2026-11,Issue/Volume,10.1016/j.patcog.2026.113789,https://doi.org/10.1016/j.patcog.2026.113789
1814,Method,NIER-Former: A neurophysiology-inspired hierarchical neural network for EEG emotion recognition,"Jiangwen Lu, Yici Liu, Yunyuan Gao, Qingshan She, Jing Lin",179.0,,2026-11,Issue/Volume,10.1016/j.patcog.2026.113787,https://doi.org/10.1016/j.patcog.2026.113787
1815,Method,RCACF: 4D Radar-Camera Adaptive and Cooperative Fusion for 3D detection,"Shihao Wang, Keyan Ren, Wenzhuo Zhu, Jingyi Huang, Jianyu Gu, Qing Niu",179.0,,2026-11,Issue/Volume,10.1016/j.patcog.2026.113778,https://doi.org/10.1016/j.patcog.2026.113778
1816,Method,A training-free framework for text-to-image person re-identification via query-prototype matching,"Hao Yang, Quan Zhang, Jian-Fang Hu, Jianhuang Lai",179.0,,2026-11,Issue/Volume,10.1016/j.patcog.2026.113705,https://doi.org/10.1016/j.patcog.2026.113705
1817,Method,Multiple myeloma cell segmentation based on position prior information guidance in medical imaging,"Duantengchuan Li, Jiangyi Zhang, Yue Li, Qingbin Wang, Hui Shen, Chenghang Lai, Yuxin Tan, Fuling Zhou",179.0,,2026-11,Issue/Volume,10.1016/j.patcog.2026.113744,https://doi.org/10.1016/j.patcog.2026.113744
1818,Method,Structure searchable network model for deepfake image detection,"Zinian Liu, Xiaofeng Wang, Qin Wang, Ningning Bai, Ruidong Han, Shanmin Pang",179.0,,2026-11,Issue/Volume,10.1016/j.patcog.2026.113813,https://doi.org/10.1016/j.patcog.2026.113813
1819,Method,scKAN: Integration of multi-modal single-cell data via adaptive Kolmogorov–Arnold networks,"Li Zheng, Yu Zhang, Siqi Tian, Bo Ding, Sijia Wang, Xiaoyu Wang, Anxin Gu, Liang Yang, Mengzhu Wang, Hongxing Zhang",179.0,,2026-11,Issue/Volume,10.1016/j.patcog.2026.113807,https://doi.org/10.1016/j.patcog.2026.113807
1820,Method,ProtoIENet: An interpretable approach for medical image classification,"Xiaoyan Wang, Jianhao Yu, Wenzhong Zhang, Yating Zhu, Ming Xia, Xiaojie Huang, Ying Cui, Dongyan Guo, Xiaoqin Zhang",179.0,,2026-11,Issue/Volume,10.1016/j.patcog.2026.113772,https://doi.org/10.1016/j.patcog.2026.113772
1821,Method,Dual-gated transformer with local context aggregation for weakly-supervised medical image anomaly detection,"Fan Zhang, Demin Liu, Yakun Ju, Guodong Fan",179.0,,2026-11,Issue/Volume,10.1016/j.patcog.2026.113731,https://doi.org/10.1016/j.patcog.2026.113731
1822,Method,FSKD: A few-shot knowledge distillation framework for object tracking,"Yongqi Pan, Lailong Luo, Cheng Zhu, Mingrui Lao, Qianzhen Zhang, Xianqiang Zhu",179.0,,2026-11,Issue/Volume,10.1016/j.patcog.2026.113821,https://doi.org/10.1016/j.patcog.2026.113821
1823,Method,Dual-level self-adaptive threshold learning for semi-supervised CNV classification,"Jie Guo, Lingzhao Meng, Jia Han, Ying Guo, Fengxiang Li, Yipeng Ning, Lishan Qiao, Nianying Sun, Guang Zhang, Xiaoming Xi, Yilong Yin",179.0,,2026-11,Issue/Volume,10.1016/j.patcog.2026.113757,https://doi.org/10.1016/j.patcog.2026.113757
1824,Method,GaitAdapt: Continual learning for evolving gait recognition,"Jingjie Wang, Shunli Zhang, Xiang Wei, Senmao Tian",179.0,,2026-11,Issue/Volume,10.1016/j.patcog.2026.113816,https://doi.org/10.1016/j.patcog.2026.113816
1825,Method,"Variable precision (I,SO)-fuzzy rough sets and their applications in image processing and fuzzy decision trees","Xingyu Yao, Xiaohong Zhang, Eunsuk Yang, Yaoyao Fan",179.0,,2026-11,Issue/Volume,10.1016/j.patcog.2026.113796,https://doi.org/10.1016/j.patcog.2026.113796
1826,Method,Cross-modal attention fusion of RGB and skeleton for multimodal-driven video anomaly detection,"Boan Chen, Liang Cao, Weide Liu, Jinmei Liu, Baoquan Zhao, Yang Liu",179.0,,2026-11,Issue/Volume,10.1016/j.patcog.2026.113815,https://doi.org/10.1016/j.patcog.2026.113815
1827,Method,AlignMLLA: A lightweight dual-stage alignment fusion network for infrared-visible image fusion,"Lijun Yuan, Ming Yang, Qiqin Li, Chuanjiang Xie, Xinyu Zhu",179.0,,2026-11,Issue/Volume,10.1016/j.patcog.2026.113800,https://doi.org/10.1016/j.patcog.2026.113800
1828,Method,Bio-inspired dual-stream spatio-temporal fusion network for small defect detection on complex textures,"Zhiyan Zhong, Hongxin Wang, Changsheng Zhou, Chao Yuan, Jigen Peng, Shigang Yue",179.0,,2026-11,Issue/Volume,10.1016/j.patcog.2026.113798,https://doi.org/10.1016/j.patcog.2026.113798
1829,Method,Causally Invariant Video Anomaly Detection via Counterfactual Reasoning and prototype intervention,"Enhao Ning, Weixuan Gao, Yiwen Liu, Jicheng Yuan, Huang Zhang, Shuyao He, Xin Ning",179.0,,2026-11,Issue/Volume,10.1016/j.patcog.2026.113809,https://doi.org/10.1016/j.patcog.2026.113809
1830,Method,Defense-to-attack: Bypassing weak defenses enables stronger jailbreaks in Vision-Language Models,"Yunhan Zhao, Xiang Zheng, Yige Li, Xingjun Ma",179.0,,2026-11,Issue/Volume,10.1016/j.patcog.2026.113805,https://doi.org/10.1016/j.patcog.2026.113805
1831,Method,PT-Herb: A Prompt-Tuned Network with Adaptive Contrastive Learning for Long-Tailed Traditional Chinese Medicine Herb Recognition,"Jun Liang, Jiehan Zhou, Xinyao Liu, ZhiPeng Liu, Qin Liu, Yuwu Lu",179.0,,2026-11,Issue/Volume,10.1016/j.patcog.2026.113780,https://doi.org/10.1016/j.patcog.2026.113780
1832,Method,Explicit–implicit dense to sparse knowledge distillation for efficient sparse 3D detection,"Yuqi Huang, Haonan Zhang, Kang Ke, Yingke Gao, Longjun Liu",179.0,,2026-11,Issue/Volume,10.1016/j.patcog.2026.113825,https://doi.org/10.1016/j.patcog.2026.113825
1833,Method,Exploring transferable inconsistencies with regional guidance for reference-based deepfake detection,"Liyue Ming, Peisong He, Beibei Li, Haoliang Li, Xinghao Jiang",179.0,,2026-11,Issue/Volume,10.1016/j.patcog.2026.113795,https://doi.org/10.1016/j.patcog.2026.113795
1834,Method,Efficient spatial pyramid for object detection,"Banu Wirawan Yohanes, Philip O. Ogunbona, Wanqing Li",179.0,,2026-11,Issue/Volume,10.1016/j.patcog.2026.113702,https://doi.org/10.1016/j.patcog.2026.113702
1835,Method,Segmetron: Sample-efficient model-agnostic semantic segmentation with a trustworthy reject option via PQ learning,"T.A. Bohoran, K.S. Parke, A. Cowley, G.S. Gulsin, J. Yeo, A. Dattani, G.P. McCann, A. Giannakidis",179.0,,2026-11,Issue/Volume,10.1016/j.patcog.2026.113753,https://doi.org/10.1016/j.patcog.2026.113753
1836,Method,MORCU: Margin-based ordinal classification with dynamic regularization for calibration and unimodality,"Daehwan Kim, Haejun Chung, Ikbeom Jang",179.0,,2026-11,Issue/Volume,10.1016/j.patcog.2026.113820,https://doi.org/10.1016/j.patcog.2026.113820
1837,Method,Embracing sparse features: Partial Multi-Label Learning via noisy label identification,"Xiaoying Wu, Sanyang Liu, Mengxue Jia, Yiguang Bai",179.0,,2026-11,Issue/Volume,10.1016/j.patcog.2026.113756,https://doi.org/10.1016/j.patcog.2026.113756
1838,Method,Provably Noise-to-Noise robust learning: Mitigating data poisoning attacks against classifier-guided diffusion models,"Yu Yang, Jianping Li, Rui Zhu, Wei Jiang, Hitesh Tewari",179.0,,2026-11,Issue/Volume,10.1016/j.patcog.2026.113726,https://doi.org/10.1016/j.patcog.2026.113726
1839,Method,Dependency-aware synthetic tabular data generation,"Chaithra Umesh, Kristian Seegel-Schultz, Manjunath Mahendra, Saptarshi Bej, Olaf Wolkenhauer",179.0,,2026-11,Issue/Volume,10.1016/j.patcog.2026.113819,https://doi.org/10.1016/j.patcog.2026.113819
1840,Method,CapSRA: LMM-guided caption semantic retrieval aggregation for hateful meme detection,"Pengfei Yang, Haoyu Yang, Yili Li, Yong Wang, Jin Wu, Kunpeng Zhang, Fan Zhou",179.0,,2026-11,Issue/Volume,10.1016/j.patcog.2026.113781,https://doi.org/10.1016/j.patcog.2026.113781
1841,Method,C2INet: Continual Causal Intervention with memorizable priors for incremental trajectory forecasting,"Xiaohe Li, Kaixin Zhang, Zide Fan, Fangli Mou, Leilei Lin, Ying Geng, Yingyan Hou",179.0,,2026-11,Issue/Volume,10.1016/j.patcog.2026.113829,https://doi.org/10.1016/j.patcog.2026.113829
1842,Method,Polarity aware detection transformer with hierarchical cross attention for unmanned aerial vehicle small object detection,"Huan Lei, Lei Shang, Hong Zhao, Wenyuan Yang",179.0,,2026-11,Issue/Volume,10.1016/j.patcog.2026.113812,https://doi.org/10.1016/j.patcog.2026.113812
1843,Method,Improving cross-lingual dependency parsing via LLM progressive alignment,"Jianghui He, Jianjian Liu, Ying Li, Zhengtao Yu, Yuxin Huang, Shengxiang Gao, Cunli Mao",179.0,,2026-11,Issue/Volume,10.1016/j.patcog.2026.113777,https://doi.org/10.1016/j.patcog.2026.113777
1844,Method,A ViT-like unified multi-scale learning network for efficient image super-resolution,"Rui He, Zhenyang Zhu, Xiaoyang Mao",179.0,,2026-11,Issue/Volume,10.1016/j.patcog.2026.113735,https://doi.org/10.1016/j.patcog.2026.113735
1845,Method,Multi-scale cross-attention integrates dynamic and static features for protein–RNA prediction,"Chengqian Lu, Tao Peng, Xiangmao Meng, Min Zeng, Yi Pan, Jianxin Wang",179.0,,2026-11,Issue/Volume,10.1016/j.patcog.2026.113734,https://doi.org/10.1016/j.patcog.2026.113734
1846,Method,Enhancing referring multi-object tracking via language guidance and temporal representation,"Libin Xu, Yingping Huang",179.0,,2026-11,Issue/Volume,10.1016/j.patcog.2026.113823,https://doi.org/10.1016/j.patcog.2026.113823
1847,Method,Multi-agent Contrastive Trajectory Exploration,"Tianxu Li, Kun Zhu",179.0,,2026-11,Issue/Volume,10.1016/j.patcog.2026.113801,https://doi.org/10.1016/j.patcog.2026.113801
1848,Method,Multi-hop spatio-temporal graph convolutional networks for brain disorder diagnosis and prognosis,"Haoxiang Liu, Junquan Zhang, Zhi Fang, Xiaonan Zhang, Xiyue Sun, Li Feng, Dingyang Liu, Zhiquan Yang, JingLiang Cheng, Huafu Chen, Wei Huang, Xi Jiang, Rong Li",179.0,,2026-11,Issue/Volume,10.1016/j.patcog.2026.113763,https://doi.org/10.1016/j.patcog.2026.113763
1849,Method,A Max–Min framework for invariant learning with consistency and diversity in domain generalization,"Huibin Lin, Chun-Yang Zhang, Yuena Lin, Hai-Chun Cai, C.L. Philip Chen",179.0,,2026-11,Issue/Volume,10.1016/j.patcog.2026.113808,https://doi.org/10.1016/j.patcog.2026.113808
1850,Method,PMNet: Parametric manifold network for infrared small target detection,"Ruoqi Lian, Shangwei Deng, Ziqian Chen, Qianwen Ma, Haofeng Hu, Xiaobo Li",179.0,,2026-11,Issue/Volume,10.1016/j.patcog.2026.113828,https://doi.org/10.1016/j.patcog.2026.113828
1851,Method,G2CTN: Group sampling and global location with hierarchical network for point cloud analysis,"Jun Wang, Zhiyuan Ma, Weibin Liu, Xin Zhang, Zhiyuan Zou",179.0,,2026-11,Issue/Volume,10.1016/j.patcog.2026.113802,https://doi.org/10.1016/j.patcog.2026.113802
1852,Method,A unified analysis on cross-architecture generalizability of coresets,"Diqi Chen, Jiajun Liu, Frank de Hoog, Brano Kusy, Jun Zhou, Yongsheng Gao",179.0,,2026-11,Issue/Volume,10.1016/j.patcog.2026.113730,https://doi.org/10.1016/j.patcog.2026.113730
1853,Method,Frequency-guided generalizable representation learning for cross-domain few-shot learning,"Siqi Hui, Sanping Zhou, Ye Deng, Wenli Huang, Yang Wu, Jinjun Wang",179.0,,2026-11,Issue/Volume,10.1016/j.patcog.2026.113826,https://doi.org/10.1016/j.patcog.2026.113826
1854,Method,EDNet: Zero-shot classification for ceramic package substrates surface defect with embedding diffusion network,"Bingyang Guo, Yuting Wang, Ruiyun Yu",179.0,,2026-11,Issue/Volume,10.1016/j.patcog.2026.113811,https://doi.org/10.1016/j.patcog.2026.113811
1855,Method,Dynamic facial AU detection network with weak local–global alignment constraint branch,"Hailin Huang, Wei Zou, Danfeng Hu, Jingya Zhang, JiaJun Wang",179.0,,2026-11,Issue/Volume,10.1016/j.patcog.2026.113831,https://doi.org/10.1016/j.patcog.2026.113831
1856,Method,MN-AQA: Multi-stage neuro-symbolic action quality assessment for explainable diving scoring,"Huilin Ge, Bingying Hu, Yixuan Zhao, Xiangbo Shu, Meiqi Cao, Zheng Wang",179.0,,2026-11,Issue/Volume,10.1016/j.patcog.2026.113827,https://doi.org/10.1016/j.patcog.2026.113827
1857,Method,Token-level refined region-based framework for multimodal sentiment analysis,"Yanbo Li, Qing He, Mengrong Lv, Qingfeng Lin, Ting Jiang",179.0,,2026-11,Issue/Volume,10.1016/j.patcog.2026.113803,https://doi.org/10.1016/j.patcog.2026.113803
1858,Method,mmWave-CSARNet: Continuous human activity recognition with cross-attentive boundary-frame fusion in mmWave radar,"Minhao Ding, Zhixiang Zhang, Yipeng Ding, Bowen Tang, Runjin Liu",179.0,,2026-11,Issue/Volume,10.1016/j.patcog.2026.113830,https://doi.org/10.1016/j.patcog.2026.113830
1859,Method,Harmonising adaptive receptive field with multi-scale and multi-task perception for real-time face detection,"He-Feng Yin, Tianyang Xu, Jian Wang, Xiao-Jun Wu",179.0,,2026-11,Issue/Volume,10.1016/j.patcog.2026.113832,https://doi.org/10.1016/j.patcog.2026.113832
1860,Method,A novel multimodal semantic–spatial representation method for embodied perception and spatial reasoning,"Xinyu Zhou, Xinru Tang, Bin Chen",179.0,,2026-11,Issue/Volume,10.1016/j.patcog.2026.113833,https://doi.org/10.1016/j.patcog.2026.113833
1861,Method,Multivariate time series anomaly detection using neighbor relation-guided Transformer,"Junchang Zhang, Zhangfa Wu, Hongping Gan",179.0,,2026-11,Issue/Volume,10.1016/j.patcog.2026.113835,https://doi.org/10.1016/j.patcog.2026.113835
1862,Method,Granular-ball guided Coulomb force for anomaly detection,"Shihao Wang, Xinyu Su, Dezhong Peng, Xi Peng, Xiaomin Song, Zhong Yuan",179.0,,2026-11,Issue/Volume,10.1016/j.patcog.2026.113785,https://doi.org/10.1016/j.patcog.2026.113785
1863,Method,Multilevel prototype constraints based on hyperbolic space for EEG auditory attention decoding,"Dongrui Gao, Jian Ning, Zongyao Peng, Meng Tang, Aisen Deng, Shihong Liu, Xinmin Ding, Manqing Wang, Lutao Wang, Liping Xie, Pengrui Li",179.0,,2026-11,Issue/Volume,10.1016/j.patcog.2026.113741,https://doi.org/10.1016/j.patcog.2026.113741
1864,Method,A cross-entropy and overlap functions-based sequential three-way decision method and its application,"Jingwen Xie, Lingqiang Li, Chunxin Bo",179.0,,2026-11,Issue/Volume,10.1016/j.patcog.2026.113784,https://doi.org/10.1016/j.patcog.2026.113784
1865,Method,Light-UNet: A simple 3D brain tumor segmentation network,"Xinxin Li, Zhenping Lan, Yanguo Sun, Yuheng Sun, Yuepeng Guo, Yuru Wang",179.0,,2026-11,Issue/Volume,10.1016/j.patcog.2026.113842,https://doi.org/10.1016/j.patcog.2026.113842
1866,Method,Segment and pick any fruit: Text-prompted robotic harvesting,"Zhaoxin Fan, Xiaotong Su, Yanfeng Lu, Yuan Fang, Zeyu Gao, Jungui Feng, Yuanzhe Hu",179.0,,2026-11,Issue/Volume,10.1016/j.patcog.2026.113836,https://doi.org/10.1016/j.patcog.2026.113836
1867,Method,Separating anything from image in context,"Yecong Wan, Mingwen Shao, Jun Shu, Yuanshuo Cheng, Deyu Meng, Wangmeng Zuo",179.0,,2026-11,Issue/Volume,10.1016/j.patcog.2026.113839,https://doi.org/10.1016/j.patcog.2026.113839
1868,Method,Diffusion models with spatial control and attention fusion for incremental few-shot semantic segmentation,"Guangchen Shi, Yirui Wu, Wei Zhu, Shivakumara Palaiahnakote, Shirong Zou, Yixuan Wang, Tong Lu",179.0,,2026-11,Issue/Volume,10.1016/j.patcog.2026.113838,https://doi.org/10.1016/j.patcog.2026.113838
1869,Method,BIR-Adapter: A parameter-efficient diffusion adapter for blind image restoration,"Cem Eteke, Alexander Griessel, Wolfgang Kellerer, Eckehard Steinbach",179.0,,2026-11,Issue/Volume,10.1016/j.patcog.2026.113824,https://doi.org/10.1016/j.patcog.2026.113824
1870,Method,Improving the generalization of ViTs for action understanding with VLM pre-training,"Hui Lu, Albert Ali Salah, Ronald Poppe",179.0,,2026-11,Issue/Volume,10.1016/j.patcog.2026.113794,https://doi.org/10.1016/j.patcog.2026.113794
1871,Method,Bidirectional intervention attention network for audio–visual matching,"Jiaxiang Wang, Aihua Zheng, Dequan Li, Chenglong Li, Wenjuan Cheng, Ran He",179.0,,2026-11,Issue/Volume,10.1016/j.patcog.2026.113840,https://doi.org/10.1016/j.patcog.2026.113840
1872,Method,Patched-EDM for accurate FPGA routing congestion prediction,"Tingyuan Nie, Pengfei Liu, Zhenhao Wang",179.0,,2026-11,Issue/Volume,10.1016/j.patcog.2026.113804,https://doi.org/10.1016/j.patcog.2026.113804
1873,Method,Tensor completion via a novel non-convex minimax pth order concave penalty method,"Hongbing Zhang, Bing Zheng",179.0,,2026-11,Issue/Volume,10.1016/j.patcog.2026.113806,https://doi.org/10.1016/j.patcog.2026.113806
1874,Method,DENOTER: Dual cascadEd iNformatiOn filTERing for robust sequential recommendation,"Xun Yao, Wangli Yang, Xinrong Hu, Jie Yang, Yi Guo",179.0,,2026-11,Issue/Volume,10.1016/j.patcog.2026.113758,https://doi.org/10.1016/j.patcog.2026.113758
1875,Method,Enhance and reuse: A dual-mechanism approach to boost deep forest for label distribution learning,"Jia-Le Xu, Shen-Huan Lyu, Yu-Nian Wang, Ning Chen, Zhihao Qu, Bin Tang, Baoliu Ye",179.0,,2026-11,Issue/Volume,10.1016/j.patcog.2026.113817,https://doi.org/10.1016/j.patcog.2026.113817
1876,Method,ATDFusion: Adapter-Tuned Dual-Branch Network for multimodal medical image fusion,"Chenyang Li, Rui Zhu, Hang Zhao, Xiongfei Li, Xiaoli Zhang",179.0,,2026-11,Issue/Volume,10.1016/j.patcog.2026.113848,https://doi.org/10.1016/j.patcog.2026.113848
1877,Method,Structured prompt-guided knowledge injection for medical image segmentation,"Yiyang Zhao, Kelei He, Yizhe Zhang, Yi Zhou, Tao Zhou, Dong Liang",179.0,,2026-11,Issue/Volume,10.1016/j.patcog.2026.113852,https://doi.org/10.1016/j.patcog.2026.113852
1878,Method,Towards robust and generalizable learning via implicit counterfactual data augmentation,"Xiaoling Zhou, Ou Wu, Michael K. Ng",179.0,,2026-11,Issue/Volume,10.1016/j.patcog.2026.113845,https://doi.org/10.1016/j.patcog.2026.113845
1879,Method,Controllable Facial Expression Synthesis via implicit keypoints and continuous labels,"Yeong Min Lee, Byung Cheol Song",179.0,,2026-11,Issue/Volume,10.1016/j.patcog.2026.113844,https://doi.org/10.1016/j.patcog.2026.113844
1880,Method,Compositional meta-learning for mitigating task heterogeneity in physics-informed neural networks,"Beomchul Park, Minsu Koh, Heejo Kong, Seong-Whan Lee",179.0,,2026-11,Issue/Volume,10.1016/j.patcog.2026.113797,https://doi.org/10.1016/j.patcog.2026.113797
1881,Method,CE-CLIP: Cloud–edge collaborative fine-tuning for multimodal adaptation,"Kejun Ren, Yuntao Du, Lianming Xu, Yunxiang Yao, Wei Han, Lei Jin, Li Wang",179.0,,2026-11,Issue/Volume,10.1016/j.patcog.2026.113846,https://doi.org/10.1016/j.patcog.2026.113846
1882,Method,Adaptive pedestrian detection in resource-constrained dynamic crowds via hierarchical occlusion-aware reasoning,"Zhongsheng Tang, Qiang Huang, Liangyi Yang, Jingbo Xiang, Xianfeng Ye",179.0,,2026-11,Issue/Volume,10.1016/j.patcog.2026.113847,https://doi.org/10.1016/j.patcog.2026.113847
1883,Method,A Structural Knowledge Enhanced Re-ranking method with large language models for temporal knowledge graph prediction,"Bo Li, Bin Song, Tiantian He, Yew-Soon Ong",179.0,,2026-11,Issue/Volume,10.1016/j.patcog.2026.113834,https://doi.org/10.1016/j.patcog.2026.113834
1884,Method,Vision transformer Hook for dense predictions,"Siyuan Mei, Mareike Thies, Yan Xia, Yipeng Sun, Fei Wu, Fuxin Fan, Mingxuan Gu, Chengze Ye, Yixing Huang, Vincent Christlein, Andreas Maier",179.0,,2026-11,Issue/Volume,10.1016/j.patcog.2026.113818,https://doi.org/10.1016/j.patcog.2026.113818
1885,Method,Unsupervised highly accelerated 3D multi-parametric MRI reconstruction via low-rank integrated implicit neural representation,"Haonan Zhang, Guoyan Lao, Yuyao Zhang, Hongjiang Wei",179.0,,2026-11,Issue/Volume,10.1016/j.patcog.2026.113859,https://doi.org/10.1016/j.patcog.2026.113859
1886,Method,Category-agnostic object re-identification,"Likai Wang, Ruize Han, Bingliang Jiao, Wei Feng",179.0,,2026-11,Issue/Volume,10.1016/j.patcog.2026.113849,https://doi.org/10.1016/j.patcog.2026.113849
1887,Method,Concept-Aware Learning for Weakly Supervised Video Anomaly Detection,"Shuo Li, Fang Liu, Licheng Jiao, Jiahao Wang, Xu Liu, Long Sun, Lingling Li, Puhua Chen",179.0,,2026-11,Issue/Volume,10.1016/j.patcog.2026.113853,https://doi.org/10.1016/j.patcog.2026.113853
1888,Method,3D-STMN++: Leveraging semantic proxies to enhance superpoint-text matching for 3D Referring Expression Segmentation,"Changli Wu, Qi Chen, Jiayi Ji, Yihang Liu, Yiwei Ma, Xiaoshuai Sun, Liujuan Cao",179.0,,2026-11,Issue/Volume,10.1016/j.patcog.2026.113854,https://doi.org/10.1016/j.patcog.2026.113854
1889,Method,Contrast-driven incremental multi-view clustering with semantic distillation and adaptive graph fusion,"Hongwei Yin, Hongpeng Chen, Wenjun Hu, Peng Zhou, Shitong Wang",179.0,,2026-11,Issue/Volume,10.1016/j.patcog.2026.113856,https://doi.org/10.1016/j.patcog.2026.113856
1890,Method,MoE-TCR: Mixture-of-experts framework for pan-specific TCR-epitope binding prediction,"Wei Qu, Jinxing Li, Zhentao He, Jiayi Wang, Shanfeng Zhu",179.0,,2026-11,Issue/Volume,10.1016/j.patcog.2026.113737,https://doi.org/10.1016/j.patcog.2026.113737
1891,Method,Rethinking feature representations preferred by fine-grained detection in remote sensing scenes: From a regularization perspective,"Xueru Xu, Zhong Chen, Guoyou Wang",179.0,,2026-11,Issue/Volume,10.1016/j.patcog.2026.113857,https://doi.org/10.1016/j.patcog.2026.113857
1892,Method,SFF-CycleGAN: Spatial-Frequency Fusion CycleGAN by frequency-selective modeling of scattering and absorption for underwater image enhancement,"Gangping Zhang, Yuchen Li, Tuxin Guan, Chaofeng Li, Xiaojun Wu, Yuhui Zheng",179.0,,2026-11,Issue/Volume,10.1016/j.patcog.2026.113858,https://doi.org/10.1016/j.patcog.2026.113858
1893,Method,RoCA: Robust Contrastive Adaptation for unsupervised anomaly detection,"Xu Tan, Chaohui Chen, Haidong Gao, Yang Yu, Ronghua Liang",179.0,,2026-11,Issue/Volume,10.1016/j.patcog.2026.113843,https://doi.org/10.1016/j.patcog.2026.113843
1894,Method,Fast and accurate explanations of distance-based classifiers by uncovering latent explanatory structures,"Florian Bley, Jacob Kauffmann, Simon León Krug, Klaus-Robert Müller, Grégoire Montavon",179.0,,2026-11,Issue/Volume,10.1016/j.patcog.2026.113682,https://doi.org/10.1016/j.patcog.2026.113682
1895,Method,Remote sensing change detection via spatiotemporal multi-scale fusion and optical flow warping,"Chunde Liao, Kuangrong Hao, Bing Wei, Xue-song Tang, Lihong Ren",179.0,,2026-11,Issue/Volume,10.1016/j.patcog.2026.113855,https://doi.org/10.1016/j.patcog.2026.113855
1896,Method,DUKAE: DUal-level Knowledge Accumulation and Ensemble for pre-trained model-based continual learning,"Songze Li, Tonghua Su, Xu-Yao Zhang, Qixing Xu, Zhongjie Wang",179.0,,2026-11,Issue/Volume,10.1016/j.patcog.2026.113860,https://doi.org/10.1016/j.patcog.2026.113860
1897,Method,A Survey on lightweight technology of neural networks for medical image segmentation,"Zhiqin Zhu, Hanchen Wang, Guanqiu Qi, Yuanyuan Li, Neal Mazur, Yu Liu, Huafeng Li, Baisen Cong, Litao Bai",179.0,,2026-11,Issue/Volume,10.1016/j.patcog.2026.113870,https://doi.org/10.1016/j.patcog.2026.113870
1898,Method,TIME: Trajectory and Interaction-based Memory Enhancement network for multi-agent trajectory prediction,"Xiangzheng Zhou, Xiaobo Chen, Jian Yang",179.0,,2026-11,Issue/Volume,10.1016/j.patcog.2026.113861,https://doi.org/10.1016/j.patcog.2026.113861
1899,Method,PR-DETR: Injecting position and relation prior for dense video captioning,"Yizhe Li, Sanping Zhou, Zheng Qin, Le Wang",179.0,,2026-11,Issue/Volume,10.1016/j.patcog.2026.113872,https://doi.org/10.1016/j.patcog.2026.113872
1900,Method,Hierarchical spatial modulation network for efficient image super-resolution,"Yuanyuan Li, Feng Xie, Hao Ding, Long Cheng, Qiuzhuo Liu, Zhiqin Zhu",179.0,,2026-11,Issue/Volume,10.1016/j.patcog.2026.113882,https://doi.org/10.1016/j.patcog.2026.113882
1901,Method,RectLoRA: Subspace parameter-efficient fine-tuning for continual adaptation of LLMs and LVMs,"Xueguang Li, Cheng Guo, Xinyu Tang, Yingmo Jie",179.0,,2026-11,Issue/Volume,10.1016/j.patcog.2026.113887,https://doi.org/10.1016/j.patcog.2026.113887
1902,Method,Visual Label Augmentation-Driven Multimodal Emotion Recognition,"Qinglan Wei, Yaqi Zhou, Junzhe Zhou, Long Ye, Yuan Zhang",179.0,,2026-11,Issue/Volume,10.1016/j.patcog.2026.113886,https://doi.org/10.1016/j.patcog.2026.113886
1903,Method,From static to adaptive multi-view: Nuanced expert prompt tuning for Fine-Grained Image Retrieval,"Wenbin Liang, Haowei Wang, Ke-Yue Zhang, Jingyu Gong, Yan Gao, Xin Tan, Lizhuang Ma",179.0,,2026-11,Issue/Volume,10.1016/j.patcog.2026.113884,https://doi.org/10.1016/j.patcog.2026.113884
1904,Method,Adaptive message passing mechanism for graph neural networks,"Yangtao Wang, Yujie Shi, Qi Zhang, Linruo Liu, Yanzhao Xie, Maobin Tang, Xiaocui Li",179.0,,2026-11,Issue/Volume,10.1016/j.patcog.2026.113875,https://doi.org/10.1016/j.patcog.2026.113875
1905,Method,HSP: A Hierarchical Semantic Preserving method for multimodal entity alignment,"Bao Wang, Ruizhe Ma, Xinyu Liang, Li Yan, Zongmin Ma",179.0,,2026-11,Issue/Volume,10.1016/j.patcog.2026.113878,https://doi.org/10.1016/j.patcog.2026.113878
1906,Method,GeoRL: Adaptive tokenization via reinforcement learning for remote sensing foundation models,"Hengyang He, Le Zhang, Ce Zhu",179.0,,2026-11,Issue/Volume,10.1016/j.patcog.2026.113874,https://doi.org/10.1016/j.patcog.2026.113874
1907,Method,Aggregation-aware MLP: An unsupervised approach for graph message-passing,"Xuanting Xie, Bingheng Li, Erlin Pan, Xinyi Wang, Keren He, Wenyu Chen, Zhao Kang",179.0,,2026-11,Issue/Volume,10.1016/j.patcog.2026.113877,https://doi.org/10.1016/j.patcog.2026.113877
1908,Method,"S3AD: Efficient industrial anomaly detection via selection, space, and scale","Zhonghua Peng, Chengyang Dong, Bo Liu, Zuoyong Li, Kun Zeng, Jialong Li",179.0,,2026-11,Issue/Volume,10.1016/j.patcog.2026.113868,https://doi.org/10.1016/j.patcog.2026.113868
1909,Method,Modular gradient-saliency parallel attention and efficient multi-scale shuffle for ISAR-optical image fusion,"Ze Wang, Lei Liu, Zhenxi Zhang, Rongzhen Du, Wanting Zhou, Dou Sun, Jingjing Cai, Xueru Bai, Feng Zhou",179.0,,2026-11,Issue/Volume,10.1016/j.patcog.2026.113881,https://doi.org/10.1016/j.patcog.2026.113881
1910,Method,Source-Free Domain Adaptive Object Detection with semantics compensation,"Song Tang, Jiuzheng Yang, Mao Ye, Boyu Wang, Yan Gan, Xiatian Zhu",179.0,,2026-11,Issue/Volume,10.1016/j.patcog.2026.113850,https://doi.org/10.1016/j.patcog.2026.113850
1911,Method,Multispectral detection of camouflaged targets in foggy and complex scenes,"Yu Liu, Ju Cheng, Pengfei Wang, Shouqian Chen, Shu Wang, Feng Huang",179.0,,2026-11,Issue/Volume,10.1016/j.patcog.2026.113895,https://doi.org/10.1016/j.patcog.2026.113895
1912,Method,Confidence-guided dual hypergraph learning for sparse-label graph classification,"Hui Shen, Huifang Ma, Rui Bing, Jiyuan Sun, Zhixin Li",179.0,,2026-11,Issue/Volume,10.1016/j.patcog.2026.113871,https://doi.org/10.1016/j.patcog.2026.113871
1913,Method,Tensorized pure nonlinear anchor graph learning for multi-view clustering,"Fei Wang, Gui-Fu Lu",179.0,,2026-11,Issue/Volume,10.1016/j.patcog.2026.113876,https://doi.org/10.1016/j.patcog.2026.113876
1914,Method,CLNS: Camera-aware label noise suppression for unsupervised visible–infrared person re-identification,"Sicheng Zhao, Wei Lu, Shihao Li, Sibao Chen, Chris H.Q. Ding, Futian Wang, Jin Tang, Bin Luo",179.0,,2026-11,Issue/Volume,10.1016/j.patcog.2026.113873,https://doi.org/10.1016/j.patcog.2026.113873
1915,Method,Instructing visual feature modeling with semantic guidance for 3D visual grounding,"Yachao Zhang, Shiran Bian, Jiahao Li, Jiawen Lin, Fangyong Wang, Yong Xie, Yuan Xie, Yanyun Qu",179.0,,2026-11,Issue/Volume,10.1016/j.patcog.2026.113896,https://doi.org/10.1016/j.patcog.2026.113896
1916,Method,Stable region enhanced online learning method for intermediate verification latency and concept drift,"Zixin Zhong, Liyan Song, Fengzhen Tang, Bo Yuan",179.0,,2026-11,Issue/Volume,10.1016/j.patcog.2026.113899,https://doi.org/10.1016/j.patcog.2026.113899
1917,Method,High-order tensor completion via learnable nonlinear transformation and sparse regularization,"Wenhao Xiong, Zexuan Wei, Xiongjun Zhang",179.0,,2026-11,Issue/Volume,10.1016/j.patcog.2026.113901,https://doi.org/10.1016/j.patcog.2026.113901
1918,Method,Automated diagnosis of Bietti crystalline dystrophy via fusing hypergraph learning and transformer,"Shaolong Wang, Juexue Wang, Li Dong, Junlong Qu, Wenbin Wei, Baiying Lei",179.0,,2026-11,Issue/Volume,10.1016/j.patcog.2026.113906,https://doi.org/10.1016/j.patcog.2026.113906
1919,Method,A skeleton-deconstructed transformer with graph convolution for efficient monocular 3D human pose estimation,"Fujin Zhong, Xiyuan Fan, Hong Yu, Guoyin Wang, Jun Hu",179.0,,2026-11,Issue/Volume,10.1016/j.patcog.2026.113883,https://doi.org/10.1016/j.patcog.2026.113883
1920,Method,Multi-dimensional fine-grained modeling and assessment for non-stationary fatigue processes,"Mei Wang, Ruimin Hu, Xiaojie Zhu, Dongliang Zhu, Liang Liao",179.0,,2026-11,Issue/Volume,10.1016/j.patcog.2026.113837,https://doi.org/10.1016/j.patcog.2026.113837
1921,Method,Action hints: Semantic typicality and context uniqueness for generalizable skeleton-based video anomaly detection,"Canhui Tang, Sanping Zhou, Haoyue Shi, Le Wang",179.0,,2026-11,Issue/Volume,10.1016/j.patcog.2026.113898,https://doi.org/10.1016/j.patcog.2026.113898
1922,Method,Unifying RGB and thermal object detection in one detector,"Bin Fan, Jinyu Wang, Wei Zhao, Yongjie Chen, Hongmin Liu",179.0,,2026-11,Issue/Volume,10.1016/j.patcog.2026.113902,https://doi.org/10.1016/j.patcog.2026.113902
1923,Method,Spinal segment landmark localization method under arbitrary view,"Yonghong Zhang, Baoduo Geng, Yuanyuan Zhu, Xuquan Ji, Lei Hu, Yumei Xue",180.0,,2026-12,Issue/Volume,10.1016/j.patcog.2026.113932,https://doi.org/10.1016/j.patcog.2026.113932
1924,Method,An entity-relation extraction model based on bidirectional machine reading comprehension,"Jie Hu, Xujiang Li, Juan Chen, Fei Teng, Bo Peng, Tianrui Li",179.0,,2026-11,Issue/Volume,10.1016/j.patcog.2026.113885,https://doi.org/10.1016/j.patcog.2026.113885
1925,Method,Unfolded ISTA for deep sparse subspace clustering,"Tianhao Huang, Tianyang Xu, Xiao-Jun Wu, Josef Kittler",180.0,,2026-12,Issue/Volume,10.1016/j.patcog.2026.113880,https://doi.org/10.1016/j.patcog.2026.113880
1926,Method,DITAU-Net: Dual-Interactive Temporal Convolution with Adversarial and U-shaped Autoencoders for Multivariate Time Series Anomaly Detection,"Zhengzheng Luo, Jiangtao Sheng, Lei Xu, Yugen Yi",180.0,,2026-12,Issue/Volume,10.1016/j.patcog.2026.113924,https://doi.org/10.1016/j.patcog.2026.113924
1927,Method,3D semi-supervised classification based on multi-modal data augmentation and self-adaptive thresholding,"Yihang Ding, Mofei Song",179.0,,2026-11,Issue/Volume,10.1016/j.patcog.2026.113907,https://doi.org/10.1016/j.patcog.2026.113907
1928,Method,LDFE: Laplacian Decoupled Feature Enhancement block for dual-stream CNN-based RGB-IR object detection,"Wenhao Dong, Xiaoyan Luo, Linlin Yang, Haodong Zhu, Xiaorong Shi, Guodong Guo, Baochang Zhang",179.0,,2026-11,Issue/Volume,10.1016/j.patcog.2026.113935,https://doi.org/10.1016/j.patcog.2026.113935
1929,Method,Harmonizing class uniformity and separability for transferability estimation,"Yuhe Ding, Bo Jiang, Lijun Sheng, Aihua Zheng, Jian Liang",179.0,,2026-11,Issue/Volume,10.1016/j.patcog.2026.113897,https://doi.org/10.1016/j.patcog.2026.113897
1930,Method,Regarding general robust-feature as trigger: A transferable backdoor attack against black-box models,"Jinbo Wang, Ruijin Wang, Fengli Zhang",180.0,,2026-12,Issue/Volume,10.1016/j.patcog.2026.113908,https://doi.org/10.1016/j.patcog.2026.113908
1931,Method,DegMamba: Mamba-enhanced depth super-resolution with degradation guidance,"Qiyue Wu, Zhiqiang Yan, Zhengxue Wang, Jian Yang, Jun Li",179.0,,2026-11,Issue/Volume,10.1016/j.patcog.2026.113921,https://doi.org/10.1016/j.patcog.2026.113921
1932,Method,CausalPose: Causal visuo-tactile fusion for robust 6-DoF object pose estimation,"Peiliang Wu, Yao Li, Yuanzhi Li, Mingyue Niu, Fengda Zhao, Ziying Song, Yongtao Yang, Wenbai Chen",179.0,,2026-11,Issue/Volume,10.1016/j.patcog.2026.113905,https://doi.org/10.1016/j.patcog.2026.113905
1933,Method,Searching from area to point: A semantic guided framework with geometric consistency for accurate feature matching,"Yesheng Zhang, Xu Zhao",179.0,,2026-11,Issue/Volume,10.1016/j.patcog.2026.113920,https://doi.org/10.1016/j.patcog.2026.113920
1934,Method,M-MambaS: Multimodal Mamba for small lesion segmentation,"Gui Wang, Jianfeng Ren, Linlin Shen, Wooi Ping Cheah, Rong Qu",180.0,,2026-12,Issue/Volume,10.1016/j.patcog.2026.113923,https://doi.org/10.1016/j.patcog.2026.113923
1935,Method,Enhancing robustness in few-shot medical image segmentation: An adversarial registration-segmentation joint learning framework,"Chenye Yang, Xing Zhang, Juntian Qu, Shancheng Jiang",180.0,,2026-12,Issue/Volume,10.1016/j.patcog.2026.113912,https://doi.org/10.1016/j.patcog.2026.113912
1936,Method,RMPSNet: Occluded person re-identification via regional masking and prompt-distribution synergy,"Zan Gao, Shuai Xie, Shengxun Wei, Yibo Zhao, Chunjie Ma, Chen Li",179.0,,2026-11,Issue/Volume,10.1016/j.patcog.2026.113919,https://doi.org/10.1016/j.patcog.2026.113919
1937,Method,Bridging the Gap between Vision and Text for unsupervised text-only captioning,"Lanxiao Wang, Heqian Qiu, Haitao Wen, Fanman Meng, Qingbo Wu, Hongliang Li",179.0,,2026-11,Issue/Volume,10.1016/j.patcog.2026.113937,https://doi.org/10.1016/j.patcog.2026.113937
1938,Method,Robust mixed-degradation person Re-identification via structural consistency distillation,"Siyuan Zhao, Wenxin Huang, Wenxuan Liu, Xuemei Jia, Xiyu Han, Siqi Liang, Xian Zhong",179.0,,2026-11,Issue/Volume,10.1016/j.patcog.2026.113938,https://doi.org/10.1016/j.patcog.2026.113938
1939,Method,Improving face forgery detection via hierarchical mixture of experts and fine-grained visual-text alignment,"Chaowei Fang, Bolin Fu, Tao Yang, De Cheng",180.0,,2026-12,Issue/Volume,10.1016/j.patcog.2026.113939,https://doi.org/10.1016/j.patcog.2026.113939
1940,Method,Semantic segmentation of power equipment guided by multi-modal and multi-level wavelet for UAV inspections,"Jianshu Chao, Ruoyun Liu, Deyu An, Cheng Zhu, Bangjiang Lin, Li Fang, Dapeng Ye, Zhicong Luo",179.0,,2026-11,Issue/Volume,10.1016/j.patcog.2026.113914,https://doi.org/10.1016/j.patcog.2026.113914
1941,Method,Optimization-driven data-level defense against privacy leakage in pattern recognition,"Chien-Ming Chen, Wei Li, Saru Kumari, Yachao Li",179.0,,2026-11,Issue/Volume,10.1016/j.patcog.2026.113928,https://doi.org/10.1016/j.patcog.2026.113928
1942,Method,Weighted sample correlation knowledge distillation for visual recognition,"Daidai Liu, Fan Gao, Jianping Gou, Jiacheng Liu, Baosheng Yu, Zhang Yi",179.0,,2026-11,Issue/Volume,10.1016/j.patcog.2026.113911,https://doi.org/10.1016/j.patcog.2026.113911
1943,Method,"TriScore: Aligning audio, symbolic scores, and sheet music images in a shared embedding space","Antonio Hidalgo-Centeno, Eliseo Fuentes-Martinez, Jorge Calvo-Zaragoza, Antonio Javier Gallego",179.0,,2026-11,Issue/Volume,10.1016/j.patcog.2026.113926,https://doi.org/10.1016/j.patcog.2026.113926
1944,Method,Rethinking the ambiguity in Facial Expression Recognition,"Yuandong Min, Ruyi Xu, Shutong Wang, Zhiyi Yang, Jingying Chen",180.0,,2026-12,Issue/Volume,10.1016/j.patcog.2026.113910,https://doi.org/10.1016/j.patcog.2026.113910
1945,Method,Agent Propagation Generative Adversarial Networks with large foundation models for Alzheimer’s disease risk prediction,"Xia-An Bi, Wenzhuo Shen, Dayou Chen, Wenli Chen, Luyun Xu, Xun Luo, Lixia Zhang",179.0,,2026-11,Issue/Volume,10.1016/j.patcog.2026.113927,https://doi.org/10.1016/j.patcog.2026.113927
1946,Method,Multivariate neural directional total variation,"Zelin Zeng, Guancheng Zhou, Yisi Luo, Xile Zhao, Qi Xie, Deyu Meng",179.0,,2026-11,Issue/Volume,10.1016/j.patcog.2026.113909,https://doi.org/10.1016/j.patcog.2026.113909
1947,Method,Activation features empowered: An efficient gradient-free proxy for zero-shot neural architecture search,"Junhao Huang, Bing Xue, Yanan Sun, Mengjie Zhang, Gary G. Yen",179.0,,2026-11,Issue/Volume,10.1016/j.patcog.2026.113917,https://doi.org/10.1016/j.patcog.2026.113917
1948,Method,MrsNet: Multi-scale dual-domain reconstruction with spatial-spectral masked network for hyperspectral anomaly detection,"Zhe Zhao, Jiangluqi Song, Huixin Zhou, Yong Zhu",179.0,,2026-11,Issue/Volume,10.1016/j.patcog.2026.113925,https://doi.org/10.1016/j.patcog.2026.113925
1949,Method,Audio denoising and audio-visual localization for unmanned aerial vehicles,"Zhaojian Li, Jianbo Li, Dengdian Huang, Jianbin Jiao, Jingzhu Li, Bin Zhao",179.0,,2026-11,Issue/Volume,10.1016/j.patcog.2026.113931,https://doi.org/10.1016/j.patcog.2026.113931
1950,Method,Affinity maximization learning for unsupervised deep visual graph matching,"Yu Xie, Yiming Zhang, Zhe Li, Wenjian Wang, A.K. Qin, Ming Li",179.0,,2026-11,Issue/Volume,10.1016/j.patcog.2026.113879,https://doi.org/10.1016/j.patcog.2026.113879
1951,Method,ACSD-Net: SSM-based feature extraction with confidence-guided dynamic fusion for multimodal AxSpA abnormal pattern recognition,"Yanjie Lu, Yiling Pan, Yigang Wang, Hong Sun, Qiaoqiao Liu, Guodao Zhang, Xinjun Miao",180.0,,2026-12,Issue/Volume,10.1016/j.patcog.2026.113936,https://doi.org/10.1016/j.patcog.2026.113936
1952,Method,MEERA: Multimodal experts for evidence routing and sparse LLM adaptation in sentiment analysis,"Fuqiang Niu, Yong Liao, Xiaojiang Peng, Hu Huang, Bowen Zhang",179.0,,2026-11,Issue/Volume,10.1016/j.patcog.2026.113922,https://doi.org/10.1016/j.patcog.2026.113922
1953,Method,Corrigendum to “Superpixel Attention-Based Method for Real-World Image Super-Resolution Reconstruction” [Pattern Recognition 177 (2026) 113298],"Jun Zhang, Qicheng Li, Zheng Liang, Shuobing Li, Ruixin Zhang, Hongxia Deng",179.0,,2026-11,Issue/Volume,10.1016/j.patcog.2026.113893,https://doi.org/10.1016/j.patcog.2026.113893
1954,Method,Global–local distillation network-based audio–visual speaker tracking with incomplete modalities,"Yidi Li, Yihan Li, Zhenhuan Xu, Weiwei Wan, Hong Liu",179.0,,2026-11,Issue/Volume,10.1016/j.patcog.2026.113916,https://doi.org/10.1016/j.patcog.2026.113916
1955,Method,RSSDA: A Riemannian Source Selection and Domain Alignment framework for cross-subject multi-class motor imagery classification,"Tao Ding, Yuhao Zhang, Xingwei Zhao, Jian Shi, Jun Liu, Zhouping Tang, Bo Tao, Han Ding",180.0,,2026-12,Issue/Volume,10.1016/j.patcog.2026.113934,https://doi.org/10.1016/j.patcog.2026.113934
1956,Method,Stratify: Rethinking federated learning for non-IID data through balanced sampling,"Hui Yeok Wong, Chee Kau Lim, Chee Seng Chan",180.0,,2026-12,Issue/Volume,10.1016/j.patcog.2026.113900,https://doi.org/10.1016/j.patcog.2026.113900
1957,Method,Mixed-type tabular data generation with graph-augmented flow matching,"Shikun Chen, Longjin Lv, Yangguang Liu",179.0,,2026-11,Issue/Volume,10.1016/j.patcog.2026.113913,https://doi.org/10.1016/j.patcog.2026.113913
1958,Method,Adjustable Balanced Min-Max Cut for graph clustering,"Yun Liang, Qimin Liang, Wang Gao, Feiping Nie",179.0,,2026-11,Issue/Volume,10.1016/j.patcog.2026.113941,https://doi.org/10.1016/j.patcog.2026.113941
1959,Method,MASC: Joint motion-aware and VLM-semantic augmentation for contextual traffic anomaly detection,"Hao Tong, Chengcheng Xu, Dejie Yang, Qi Ai, Haibo Chen, Haiguang Lai",179.0,,2026-11,Issue/Volume,10.1016/j.patcog.2026.113952,https://doi.org/10.1016/j.patcog.2026.113952
1960,Method,GS-CL: Generative Spectral-Contrastive Learning for Robust 3D point cloud representation,"Yinan Wang, Hao Zhang, Jiaxu Shi, Yangyang Liu, Fengjun Zhao, Xin Cao",179.0,,2026-11,Issue/Volume,10.1016/j.patcog.2026.113904,https://doi.org/10.1016/j.patcog.2026.113904
1961,Method,A3-FPN: Asymptotic content-aware pyramid attention network for dense visual prediction,"Meng’en Qin, Yu Song, Quanling Zhao, Xiaodong Yang, Yingtao Che, Xiaohui Yang",179.0,,2026-11,Issue/Volume,10.1016/j.patcog.2026.113793,https://doi.org/10.1016/j.patcog.2026.113793
1962,Method,Cross-modal local and global alignment for Chinese Character Recognition,"Junjie Yang, Anna Zhu, Hongyi Cai",179.0,,2026-11,Issue/Volume,10.1016/j.patcog.2026.113930,https://doi.org/10.1016/j.patcog.2026.113930
1963,Method,DocSR-DETR: Enhancing Document Layout Analysis with emphasis on background regions of document images,"Wenjie Xu, Mayire Ibrayim, Quan Wang, Linying Wang",179.0,,2026-11,Issue/Volume,10.1016/j.patcog.2026.113944,https://doi.org/10.1016/j.patcog.2026.113944
1964,Method,Mitigating distribution shift via adaptive reweighting for robust visual question answering,"Xingdong Song, Runmin Wang, Han Xu, Congzhen Yu, Zukun Wan, Tianming Ma, Changxin Gao, Nong Sang",179.0,,2026-11,Issue/Volume,10.1016/j.patcog.2026.113945,https://doi.org/10.1016/j.patcog.2026.113945
1965,Method,A universal pansharpening network via spatial–spectral contrastive learning,"Kai Zhang, Na Yan, Yunlong Liu, Feng Zhang, Wenbo Wan, Lingchen Gu, Jiande Sun",179.0,,2026-11,Issue/Volume,10.1016/j.patcog.2026.113918,https://doi.org/10.1016/j.patcog.2026.113918
1966,Method,SFDFuse: Spatial and frequency feature decomposition for visible and infrared image fusion,"Xupei Zhang, Hanlin Qin, Jinni Geng, Juzheng Liu, Zhe Liu, Heyi Li",179.0,,2026-11,Issue/Volume,10.1016/j.patcog.2026.113949,https://doi.org/10.1016/j.patcog.2026.113949
1967,Method,Physics-informed graph neural networks for frequency-aware optical aberration correction,"Yong En Kok, Bowen Deng, Alexander Bentley, Andrew J. Parkes, Michael G. Somekh, Amanda J. Wright, Michael P. Pound",179.0,,2026-11,Issue/Volume,10.1016/j.patcog.2026.113950,https://doi.org/10.1016/j.patcog.2026.113950
1968,Method,Individual identification using a novel 3D gait model from human joints and Joint-Features Set Abstraction,"Jegoon Ryu, Tatsuya Kawakami, Sei-ichiro Kamata",180.0,,2026-12,Issue/Volume,10.1016/j.patcog.2026.113869,https://doi.org/10.1016/j.patcog.2026.113869
1969,Method,Co-Synthesizing multiple similar filters to enhance the feature diversity of pruned network,"Jinyu Yan, Wei Huang, Le Yin, Wenjing Xie, Yixin Zhao",179.0,,2026-11,Issue/Volume,10.1016/j.patcog.2026.113948,https://doi.org/10.1016/j.patcog.2026.113948
1970,Method,Modeling multi-segment acceleration for event camera rotation estimation,"Chenyang Shi, Yuqing He, Wenzhuo Li, Weijun Ding, Ningfang Song, Shenghai Yuan, Jing Jin",179.0,,2026-11,Issue/Volume,10.1016/j.patcog.2026.113946,https://doi.org/10.1016/j.patcog.2026.113946
1971,Method,SignDAGC: Dynamic axial graph structure for continuous sign language recognition and translation,"Hong-Xiang Hu, Xu-Hua Yang, Dong Wei, Gang-Feng Ma, Sheng Liu, Yuan Feng, Yong Wang",179.0,,2026-11,Issue/Volume,10.1016/j.patcog.2026.113947,https://doi.org/10.1016/j.patcog.2026.113947
1972,Method,DICE: Disentangling Causal Evidence for multimodal textbook question answering via attentive embedding fusion,"Xu Gu, Yu Li, Bingke Zhu, Jinqiao Wang, Xiaolin Qin",179.0,,2026-11,Issue/Volume,10.1016/j.patcog.2026.113953,https://doi.org/10.1016/j.patcog.2026.113953
1973,Method,Adaptive and scalable traffic accident detection in dynamic and resource-constrained surveillance environments,"Zhongsheng Tang, Xianfeng Ye, Qiang Huang, Liangyi Yang, Can Yi",180.0,,2026-12,Issue/Volume,10.1016/j.patcog.2026.113954,https://doi.org/10.1016/j.patcog.2026.113954
1974,Method,Reinforcement learning-powered co-optimization: Bridging critic model and multimodal LLM reasoning abilities,"Qing Wang, Shuhang Liu, Zhenrong Zhang, Jun Du, Jianshu Zhang, Quan Liu",180.0,,2026-12,Issue/Volume,10.1016/j.patcog.2026.113955,https://doi.org/10.1016/j.patcog.2026.113955
1975,Method,SASA: Bridging the semantic gap for node classification in text-attributed graphs using self-adversarial alignment,"Yuewei Zhou, Lina Ni, Zhijie Qu, Ning Li, Jinquan Zhang, Yongquan Liang",180.0,,2026-12,Issue/Volume,10.1016/j.patcog.2026.113942,https://doi.org/10.1016/j.patcog.2026.113942
1976,Method,SSFDT: Spatial–spectral-frequency dual transformer for hyperspectral image denoising,"Yuefei Zhang, Mengying Xie, Shaojiang Deng, Xiaowei Yang",179.0,,2026-11,Issue/Volume,10.1016/j.patcog.2026.113894,https://doi.org/10.1016/j.patcog.2026.113894
1977,Method,A novel dynamic deep ensemble learning approach for ESG portfolio selection,"Weiping Wu, Yu Lin, Chengneng Jin, Shan Pang",180.0,,2026-12,Issue/Volume,10.1016/j.patcog.2026.113943,https://doi.org/10.1016/j.patcog.2026.113943
1978,Method,Contrastive flow with controllable augmentation for partial multi-label learning,"Haixiang Li, Min Fang, Xiao Li, Guizhi Wang",179.0,,2026-11,Issue/Volume,10.1016/j.patcog.2026.113959,https://doi.org/10.1016/j.patcog.2026.113959
1979,Method,DFBSNet: Dual frequency-domain branch fusion and selection network for hyperspectral anomaly detection,"Yiming Yao, Qing Wang, Dong Zhao, Mingtao You, Pei Xiang, Yuta Asano, Xin Yu, Chao Wang, Huixin Zhou, Jinchang Ren",180.0,,2026-12,Issue/Volume,10.1016/j.patcog.2026.113967,https://doi.org/10.1016/j.patcog.2026.113967
1980,Method,ETCMesh: Exploring temporal consistency for human pose and mesh reconstruction with state space models,"Hehao Zhang, Zhengping Hu, Jirui Di, Qiming Zhang, Zhe Sun",180.0,,2026-12,Issue/Volume,10.1016/j.patcog.2026.113960,https://doi.org/10.1016/j.patcog.2026.113960
1981,Method,Updatable one-stream Vision-Language tracking via multilayer perceptual memory network,"Hao Dong, Ziang Li, Peipei Song, Huanlong Zhang, Bin Jiang, Bineng Zhong",180.0,,2026-12,Issue/Volume,10.1016/j.patcog.2026.113791,https://doi.org/10.1016/j.patcog.2026.113791
1982,Method,LiteTrack: Towards efficient vision-language tracking with parameter freezing and feature selection,"Liqiang Liu, Lingling Yang, Feng Huang, Yanfang Fu, Tiantian Feng, Shu Wang, Anyuan Xie, Zijian Cao",180.0,,2026-12,Issue/Volume,10.1016/j.patcog.2026.113961,https://doi.org/10.1016/j.patcog.2026.113961
1983,Method,Fairness-aware differentially private model training without sensitive attributes for face recognition,"Fengrui Hao, Yuzhao Chen, Tianlong Gu, Fan Zhang, Xuemin Wang",180.0,,2026-12,Issue/Volume,10.1016/j.patcog.2026.113963,https://doi.org/10.1016/j.patcog.2026.113963
1984,Method,SSRW-INN: An invertible neural network for screen shooting robust watermarking,"Jiaxing Liao, Jiaohua Qin, Yuanjing Luo, Xuyu Xiang",180.0,,2026-12,Issue/Volume,10.1016/j.patcog.2026.113929,https://doi.org/10.1016/j.patcog.2026.113929
1985,Method,Frequency-adaptive experts with deep-to-shallow guidance for temporal action detection,"Lizao Zhang, Qiuhong Tian, Zhengzheng Li, Yilei Qian, Yijie Yang",180.0,,2026-12,Issue/Volume,10.1016/j.patcog.2026.113940,https://doi.org/10.1016/j.patcog.2026.113940
1986,Method,RL-guided domain-calibrated prototype network for gearbox open-set diagnosis,"Xiaofeng Liu, Kaiwen Qian, Zheng Zhao, Fan Yang, Daiping wei, Lin Bo, Jun Luo",180.0,,2026-12,Issue/Volume,10.1016/j.patcog.2026.114029,https://doi.org/10.1016/j.patcog.2026.114029
1987,Method,VideoAligner: Text-driven feature decomposition for precise video–text alignment,"Zhanzhou Feng, Shunan Mao, Yaowei Wang, Shiliang Zhang",180.0,,2026-12,Issue/Volume,10.1016/j.patcog.2026.113971,https://doi.org/10.1016/j.patcog.2026.113971
1988,Method,MSRA-Diff: A diffusion model with multi-scale region-aware alignment for medical image fusion,"Yu Cheng, Xiongwen Quan, Mingjing Han, Han Zhang",180.0,,2026-12,Issue/Volume,10.1016/j.patcog.2026.113970,https://doi.org/10.1016/j.patcog.2026.113970
1989,Method,ScalarNet: Learning retrieval-optimized scalar embeddings for efficient image storage and search,"Umali Leonard, Xiaofeng Ding, Mtisunge Tupochere Malemia",180.0,,2026-12,Issue/Volume,10.1016/j.patcog.2026.113799,https://doi.org/10.1016/j.patcog.2026.113799
1990,Method,Shannon entropy-weighted views and adversarial learning for light field microscopy 3D reconstruction,"Shaokang Yan, Zhimin Qiao, Qihong Zhao, Jinjia Wang",180.0,,2026-12,Issue/Volume,10.1016/j.patcog.2026.113962,https://doi.org/10.1016/j.patcog.2026.113962
1991,Method,Efficient multi-view subspace clustering with coupled sparse gradient and anchor-driven Laplacian regularization,"Qiancheng Tu, Ming Yang, Yi Ran, Jingyu Wang, Wen Li",180.0,,2026-12,Issue/Volume,10.1016/j.patcog.2026.113964,https://doi.org/10.1016/j.patcog.2026.113964
1992,Method,Class unbiasing for generalization in medical diagnosis,"Lishi Zuo, Lu Yi, Youzhi Tu, Man-Wai Mak",180.0,,2026-12,Issue/Volume,10.1016/j.patcog.2026.113968,https://doi.org/10.1016/j.patcog.2026.113968
1993,Method,An overlap-driven feature selection via volume-aware separability-consistency index for imbalanced classification,"Yanzhou Pan, Minghao Chen, Weihua Xu",180.0,,2026-12,Issue/Volume,10.1016/j.patcog.2026.113972,https://doi.org/10.1016/j.patcog.2026.113972
1994,Method,Progressive local self-attention for content-aligned super-resolution,"Detian Huang, Xiancheng Zhu, Feiyang Chen, Fei Shen, Taotao Lai, Huanqiang Zeng, Junhui Hou",180.0,,2026-12,Issue/Volume,10.1016/j.patcog.2026.113951,https://doi.org/10.1016/j.patcog.2026.113951
1995,Method,4SNet: Spatial and Spectrum Self-adaptive Synergy Network for Visible-Infrared Person Re-identification,"Mingfu Xiong, Feiyang Luo, Junjie Huang, Yifei Guo, Aziz Alotaibi, Sambit Bakshi, Javier Del Ser, Khan Muhammad",180.0,,2026-12,Issue/Volume,10.1016/j.patcog.2026.113966,https://doi.org/10.1016/j.patcog.2026.113966
1996,Method,Efficient adversarial purification via consistency model and reinforcement learning-based diffusion sequence selection,"Yanchun Li, Zhenlin Song, Yichen Zhang, Haolin Liu, Shujuan Tian, Jing Zhang",179.0,,2026-11,Issue/Volume,10.1016/j.patcog.2026.113958,https://doi.org/10.1016/j.patcog.2026.113958
1997,Method,DCH-Net: A hyperspectral object detection network with differential convolution and spectral gradient fusion,"Ailin Niu, Xinyu Yan, Qiang Wang, Jiuchen Chen, Xiaolin Han, Qizhi Xu",180.0,,2026-12,Issue/Volume,10.1016/j.patcog.2026.113956,https://doi.org/10.1016/j.patcog.2026.113956
1998,Method,Low-rank discriminant machine with large margin distribution,"Yaochen Huang, Heng Kong, Zhihui Lai",180.0,,2026-12,Issue/Volume,10.1016/j.patcog.2026.113969,https://doi.org/10.1016/j.patcog.2026.113969
1999,Method,OPa-Ma: Text guided Mamba for 360-degree image out-painting,"Penglei Gao, Kai Yao, Tiandi Ye, Steven Z. Wang, Yuan Yao, Xiaofeng Wang",180.0,,2026-12,Issue/Volume,10.1016/j.patcog.2026.113957,https://doi.org/10.1016/j.patcog.2026.113957
2000,Method,Dual-module collaborative learning for open-set recognition with noisy labels,"Haoyang Liu, Yaojin Lin, Peipei Li, Xuegang Hu",180.0,,2026-12,Issue/Volume,10.1016/j.patcog.2026.113965,https://doi.org/10.1016/j.patcog.2026.113965
2001,Method,Zeromix: Multimodal mixing for zero-shot 3D point cloud classification,"Qin Li, Guoqing Zhou",180.0,,2026-12,Issue/Volume,10.1016/j.patcog.2026.114059,https://doi.org/10.1016/j.patcog.2026.114059
2002,Method,Switcher: Adaptive framework for unified and customized multi-modal object tracking,"He Wang, Tianyang Xu, Zhangyong Tang, Xiao-Jun Wu, Josef Kittler",180.0,,2026-12,Issue/Volume,10.1016/j.patcog.2026.114022,https://doi.org/10.1016/j.patcog.2026.114022
2003,Method,Multimodal emotion recognition via large model guided dialogue state tracking with dynamic graph refinement,"Qing Zhang, Yu Sui, Haoze Guo, Jie Liu, Jianyong Duan, Hao Wang, Li He, Linqi Song, Guizhong Xu",180.0,,2026-12,Issue/Volume,10.1016/j.patcog.2026.114018,https://doi.org/10.1016/j.patcog.2026.114018
2004,Method,Multi-space Knowledge Graph Embedding and Adversarial Contrastive Learning for Recommendation,"Qianying Wang, Shanyun Du, Meng Zhang",180.0,,2026-12,Issue/Volume,10.1016/j.patcog.2026.114040,https://doi.org/10.1016/j.patcog.2026.114040
2005,Method,Learning discrete latent representations for scene-guided multi-modal motion prediction,"Ziheng Lu, Yingfeng Cai, Hai Wang, Xiaoqiang Sun, Long Chen",180.0,,2026-12,Issue/Volume,10.1016/j.patcog.2026.113979,https://doi.org/10.1016/j.patcog.2026.113979
2006,Method,A2VAD: Attribute-augmented prompt learning for weakly supervised video anomaly detection,"Chen Xu, Zheng Wang, Xing Xu, Jingkuan Song, Zhe Sun, Andrzej Cichocki",180.0,,2026-12,Issue/Volume,10.1016/j.patcog.2026.113987,https://doi.org/10.1016/j.patcog.2026.113987
2007,Method,Multi-label prototype selection based on editing nearest neighbor rule,"Panagiotis Filippakis, Stefanos Ougiaroglou, Georgios Evangelidis, Dimitris A. Dervos",180.0,,2026-12,Issue/Volume,10.1016/j.patcog.2026.114001,https://doi.org/10.1016/j.patcog.2026.114001
2008,Method,Distributed State Semantic Prompts for zero-shot anomaly detection,"Zhengping Hu, Wurong Chen, Mingyan Li",180.0,,2026-12,Issue/Volume,10.1016/j.patcog.2026.114002,https://doi.org/10.1016/j.patcog.2026.114002
2009,Method,Free3R-GS: Endoscopic SfM-free rendering with reflection repair using 4D Gaussian splatting,"Teng Li, Yuchen Zhou, Guangming Xia, Yu Dai, Jianxun Zhang, Rui Wang, Huan Gu",180.0,,2026-12,Issue/Volume,10.1016/j.patcog.2026.113980,https://doi.org/10.1016/j.patcog.2026.113980
2010,Method,SFGFusion: Surface fitting guided 3D object detection with 4D radar and camera fusion,"Xiaozhi Li, Huijun Di, Jian Li, Feng Liu, Wei Liang",180.0,,2026-12,Issue/Volume,10.1016/j.patcog.2026.113999,https://doi.org/10.1016/j.patcog.2026.113999
2011,Method,A novel multi-view multi-task learning framework for cell–cell communication prediction,"Xiangjun Hu, Qingchen Zhang, Ruhao Liu, Libang Wu, Shigang Lin",180.0,,2026-12,Issue/Volume,10.1016/j.patcog.2026.113994,https://doi.org/10.1016/j.patcog.2026.113994
2012,Method,Dual-Selection and Optimal Transport for Robust Incomplete and Unaligned Multi-view Clustering,"Liang Zhao, Yifan Guo, Shubin Ma, Chuanye He, Chenhui Yao",180.0,,2026-12,Issue/Volume,10.1016/j.patcog.2026.113990,https://doi.org/10.1016/j.patcog.2026.113990
2013,Method,Fission-based Dynamic Hypergraph Neural Network,"Wei Xu, Xiaoyi Jiang, Qingzhe Cui, Lixiang Xu, Xiaofeng Wang",180.0,,2026-12,Issue/Volume,10.1016/j.patcog.2026.113995,https://doi.org/10.1016/j.patcog.2026.113995
2014,Method,PDAH-SR: Prior-driven direction-aware hierarchical shunting for lightweight super-resolution,"Haoyu Pei, Yongping Zheng, Lee Huang, Xinjian Xiang, Dianzheng Xu",180.0,,2026-12,Issue/Volume,10.1016/j.patcog.2026.113992,https://doi.org/10.1016/j.patcog.2026.113992
2015,Method,Effective video anomaly detection by step-constrained diffusion model,"Guang Yu, Junhua Xi, Siqi Wang, Zhiping Cai, Kefeng Deng, Kaijun Ren",180.0,,2026-12,Issue/Volume,10.1016/j.patcog.2026.114012,https://doi.org/10.1016/j.patcog.2026.114012
2016,Method,Task Memory Sinkhorn Neuralization under varying measure distributions,"Yupeng Wei, Xiaopeng Hong, Shuangxiu Li, Wangmeng Zuo, Xiaopeng Fan",180.0,,2026-12,Issue/Volume,10.1016/j.patcog.2026.114028,https://doi.org/10.1016/j.patcog.2026.114028
2017,Method,LADC-Net: Lesion-aware dual-calibrated network for long-tailed medical image classification,"Yaping Bai, Jinghua Li, Dehui Kong, Suqiao Yang, Tengfei Liu, Baocai Yin",180.0,,2026-12,Issue/Volume,10.1016/j.patcog.2026.113975,https://doi.org/10.1016/j.patcog.2026.113975
2018,Method,Efficient Neural Architecture Search for brain-inspired spiking neural network,"Peilin Lai, Yang Zhang, Weizhao He, Yu Zeng, Hongsong Wang",180.0,,2026-12,Issue/Volume,10.1016/j.patcog.2026.113978,https://doi.org/10.1016/j.patcog.2026.113978
2019,Method,Mitigating gradient conflicts for multi-task glioma phenotyping and grading via implicit regularization,"Qijian Chen, Lihui Wang, Zeyu Deng, Rongpin Wang, Li Wang, Yi Chen, Yue-Min Zhu, Hongjiang Wei",180.0,,2026-12,Issue/Volume,10.1016/j.patcog.2026.113974,https://doi.org/10.1016/j.patcog.2026.113974
2020,Method,Text-to-motion retrieval by text-to-motion generation,"Honghu Pan, Qianqian Wang, Guoqing Zhu, Yongyong Chen",180.0,,2026-12,Issue/Volume,10.1016/j.patcog.2026.113983,https://doi.org/10.1016/j.patcog.2026.113983
2021,Method,Target-agnostic common attributes learning for few-shot semantic segmentation,"Yadang Chen, Yujie Zhang, Yuhui Zheng, Zhi-Xin Yang, Enhua Wu",180.0,,2026-12,Issue/Volume,10.1016/j.patcog.2026.114032,https://doi.org/10.1016/j.patcog.2026.114032
2022,Method,"SFA: Scan, Focus, and Amplify toward guidance-aware answering for Video TextVQA","Haibin He, Qihuang Zhong, Juhua Liu, Bo Du, Peng Wang, Jing Zhang",180.0,,2026-12,Issue/Volume,10.1016/j.patcog.2026.114009,https://doi.org/10.1016/j.patcog.2026.114009
2023,Method,Structured Grouping Collaborative Decorrelated Regularization for Model Pruning in Infrared Small Target Detection,"Yonghao Li, Jun Chen, Boyang Li, Yulan Guo, Longguang Wang, Siyi Deng",180.0,,2026-12,Issue/Volume,10.1016/j.patcog.2026.114005,https://doi.org/10.1016/j.patcog.2026.114005
2024,Method,Fault tolerant cooperative control for multi-UAVs via interval observer-augmented reinforcement learning,"Wei Hao, Tong Mei, Yishi Liu, Ruian Wang, Wenlai Ma, Yuxun Cao, Runmin Cong",180.0,,2026-12,Issue/Volume,10.1016/j.patcog.2026.114007,https://doi.org/10.1016/j.patcog.2026.114007
2025,Method,CERNet: Real-time stereo matching via collaborative enhancement and refinement,"Zhisheng Zhu, Mengyin Wang, Fuming Sun",180.0,,2026-12,Issue/Volume,10.1016/j.patcog.2026.114013,https://doi.org/10.1016/j.patcog.2026.114013
2026,Method,M3GStyler: Enhancing consistency across multi-view in multi-modality 3D Gaussian style transfer,"Xueqi Qiu, Xingyu Miao, Haoran Duan, Minye Shao, Bing Zhai, Gongjie Zhang, Jingjing Deng, Yang Long",180.0,,2026-12,Issue/Volume,10.1016/j.patcog.2026.114014,https://doi.org/10.1016/j.patcog.2026.114014
2027,Method,Data as voters: Core set selection using approval-based multi-winner voting,"Luis Sánchez-Fernández, Jesús A. Fisteus, Rafael Eugenio López Zaragoza",180.0,,2026-12,Issue/Volume,10.1016/j.patcog.2026.114027,https://doi.org/10.1016/j.patcog.2026.114027
2028,Method,Crowd counting with sparse annotation,"Shiwei Zhang, Zhengzheng Wang, Qing Liu, Fei Wang, Wei Ke, Tong Zhang",180.0,,2026-12,Issue/Volume,10.1016/j.patcog.2026.114000,https://doi.org/10.1016/j.patcog.2026.114000
2029,Method,Cross-source medical anomaly detection via prompt-guided diffusion representations,"Yunkang Cao, Haiming Yao, Yu Cai, Yuxin Zhang, Hao Chen, Hui Zhang, Weiming Shen",180.0,,2026-12,Issue/Volume,10.1016/j.patcog.2026.113985,https://doi.org/10.1016/j.patcog.2026.113985
2030,Method,S3Mamba: Region-aware spatio-semantic Mamba for remote sensing change detection,"Yuan Wang, Sixian Chan, Guoyu Yang, Tianyang Dong, Zhaomin Chen, Jian Tao, Xiaoqin Zhang",180.0,,2026-12,Issue/Volume,10.1016/j.patcog.2026.114042,https://doi.org/10.1016/j.patcog.2026.114042
2031,Method,Adaptively sampling-reusing-mixing decomposed gradients to speed up sharpness aware minimization,"Jiaxin Deng, Junbiao Pang, Baochang Zhang",180.0,,2026-12,Issue/Volume,10.1016/j.patcog.2026.114031,https://doi.org/10.1016/j.patcog.2026.114031
2032,Method,MiA: A plug-and-play hyperparameter-free Mamba in Attention module for spatial–temporal consistent visual tracking,"Yao Chen, Guancheng Jia, Ding Ma, Yufei Zha, Peng Zhang",180.0,,2026-12,Issue/Volume,10.1016/j.patcog.2026.114033,https://doi.org/10.1016/j.patcog.2026.114033
2033,Method,Heterogeneous Knowledge Distillation Fostered Pre-training for remote sensing object detection,"Fan Liu, Xinlei Zhang, Chuanyi Zhang, Liang Yao, Fan Cheng, Xinyuan Li, Xiaohan Yu",180.0,,2026-12,Issue/Volume,10.1016/j.patcog.2026.114030,https://doi.org/10.1016/j.patcog.2026.114030
2034,Method,DecoupleMAD: Boosting sensitivity in multimodal anomaly detection via representation decoupling,"Yuan Zhao, Bocen Li, Xiaoqin Zhang, Lihe Zhang, Huchuan Lu",180.0,,2026-12,Issue/Volume,10.1016/j.patcog.2026.114025,https://doi.org/10.1016/j.patcog.2026.114025
2035,Method,Temporal multimodal knowledge distillation for modality-missing RGBT tracking,"Rui Ruan, Yunlong Kang, Lei Liu, Jingpeng Sun, Chenglong Li, Jin Tang",180.0,,2026-12,Issue/Volume,10.1016/j.patcog.2026.113991,https://doi.org/10.1016/j.patcog.2026.113991
2036,Method,Frequency aided attention mechanism for better segmentation generalization and explainability,"Mohammed Lawal, Zhijun Yuan, Yining Hua, Dewei Yi",180.0,,2026-12,Issue/Volume,10.1016/j.patcog.2026.113988,https://doi.org/10.1016/j.patcog.2026.113988
2037,Method,Hybrid linear attention: A vision transformer integrating selective sampling softmax and multi-feature fusion enhancement,"Senqi Guan, Wenxin Liang, Yunlong Gao, Linlin Zong, Xinyue Liu, Xianchao Zhang",180.0,,2026-12,Issue/Volume,10.1016/j.patcog.2026.114037,https://doi.org/10.1016/j.patcog.2026.114037
2038,Method,Lightweight adaptive pseudo-augmented graph convolutional network for skeleton-based gesture and action recognition,"Kaixuan Wang, Jun Wang, Yichun Shu, Qingsheng Xie",180.0,,2026-12,Issue/Volume,10.1016/j.patcog.2026.114017,https://doi.org/10.1016/j.patcog.2026.114017
2039,Method,Reconstruction error-aware collaborative memory network for unsupervised anomaly detection,"Xu Liu, Chunlei Wu, Huan Zhang, Leiquan Wang",180.0,,2026-12,Issue/Volume,10.1016/j.patcog.2026.113998,https://doi.org/10.1016/j.patcog.2026.113998
2040,Method,Low-Rank Tensor Latent Space Learning for multimodal feature selection in Alzheimer’s disease diagnosis,"Xi Guo, Hongmei Chen, Biao Xiang, Zhong Yuan, Chuan Luo, Shi-Jinn Horng, Tianrui Li",180.0,,2026-12,Issue/Volume,10.1016/j.patcog.2026.114015,https://doi.org/10.1016/j.patcog.2026.114015
2041,Method,Convolution-aware multi-view graph contrastive learning,"Yuhao Tao, Bing Lin, Chenglong Wang, Jun Wang, Shuchang Zhao, Shiqing Zhang, Kan Yu",180.0,,2026-12,Issue/Volume,10.1016/j.patcog.2026.113986,https://doi.org/10.1016/j.patcog.2026.113986
2042,Method,Unlocking shared-specific features of multi-modal brain graphs for accurate psychiatric diagnosis,"Yin Huang, Geng Chen, Xuyun Wen, Lifang Wei, Han Zhang, Dinggang Shen",180.0,,2026-12,Issue/Volume,10.1016/j.patcog.2026.113997,https://doi.org/10.1016/j.patcog.2026.113997
2043,Method,Feature-based optimization enables 2D CNNs for efficient spatio-temporal perception,"Shilin Chen, Xingwang Wang, Xiaohui Wei, Yafeng Sun, Kun Yang",180.0,,2026-12,Issue/Volume,10.1016/j.patcog.2026.114035,https://doi.org/10.1016/j.patcog.2026.114035
2044,Method,Dual-level data-anchor association learning via k-partite graph factorization for multi-view clustering,"Jian-Sheng Wu, Yuan-Tong Cheng, Weidong Min, Wei-Shi Zheng",180.0,,2026-12,Issue/Volume,10.1016/j.patcog.2026.114010,https://doi.org/10.1016/j.patcog.2026.114010
2045,Method,Enhancing weakly supervised 3D medical image segmentation through probabilistic-aware learning,"Runmin Jiang, Zhaoxin Fan, Junhao Wu, Lenghan Zhu, Xin Huang, Tianyang Wang, Heng Huang, Min Xu",180.0,,2026-12,Issue/Volume,10.1016/j.patcog.2026.113973,https://doi.org/10.1016/j.patcog.2026.113973
2046,Method,STFI: Structure-aware and time–frequency domain interaction network for deformable medical image registration,"Rui Hu, Yu-Xin Zhang, Nian Wang, Teng Li",180.0,,2026-12,Issue/Volume,10.1016/j.patcog.2026.114036,https://doi.org/10.1016/j.patcog.2026.114036
2047,Method,Bidirectional token-masking autoencoder for Referring Image Segmentation,"Minhyeok Lee, Dogyoon Lee, Jungho Lee, Suhwan Cho, Sangyoun Lee",180.0,,2026-12,Issue/Volume,10.1016/j.patcog.2026.114006,https://doi.org/10.1016/j.patcog.2026.114006
2048,Method,Challenging and enhancing the reasoning capacity of multimodal LLMs in context-violating images,"Yuyang Chen, Hongxi Li, Qiyuan Cheng, Xinxiao Wu",180.0,,2026-12,Issue/Volume,10.1016/j.patcog.2026.114023,https://doi.org/10.1016/j.patcog.2026.114023
2049,Method,VSE-MOT: Multi-object tracking in low-quality video scenes guided by visual semantic enhancement,"Jun Du, Weiwei Xing, Ming Li, Fei Richard Yu",180.0,,2026-12,Issue/Volume,10.1016/j.patcog.2026.114038,https://doi.org/10.1016/j.patcog.2026.114038
2050,Method,A Guided Fusion Network based on Cross-Scale Semantic Alignment for multi-spectral object detection,"Hongtao Wu, Jing Rong, Qiuzhan Zhou, Di Yang, Weiqi Wang",180.0,,2026-12,Issue/Volume,10.1016/j.patcog.2026.114024,https://doi.org/10.1016/j.patcog.2026.114024
2051,Method,Spatiotemporal feature fusion of multinode radial pulse waves for physiological cycle recognition,"Chun Zhang, Wenjing Li, Junhui Gong, Xiaoyong Lv, Le Yang, Tianang Sun, Yuliang Zhao",180.0,,2026-12,Issue/Volume,10.1016/j.patcog.2026.113984,https://doi.org/10.1016/j.patcog.2026.113984
2052,Method,MXPose: Multiplex interactive learning for multi-view 3D Human Pose Estimation,"Wanruo Zhang, Zhou Guan, Mengyuan Liu, Bin Ren, Hong Liu",180.0,,2026-12,Issue/Volume,10.1016/j.patcog.2026.113993,https://doi.org/10.1016/j.patcog.2026.113993
2053,Method,Self-supervised 3D despeckling for optical coherence tomography via anisotropic blind-spot learning,"Sicheng Li, Mai Dan, Yuhui Chu, Yunpeng Zhao, Pengpeng Zhao",180.0,,2026-12,Issue/Volume,10.1016/j.patcog.2026.113976,https://doi.org/10.1016/j.patcog.2026.113976
2054,Method,PolSAR vehicle recognition via scattering mechanism-driven hybrid attention,"Jie Deng, Wei Wang, Huiqiang Zhang, Deliang Xiang, Jun Zhang",180.0,,2026-12,Issue/Volume,10.1016/j.patcog.2026.114061,https://doi.org/10.1016/j.patcog.2026.114061
2055,Method,Sparse feature selection via ℓp-quasi-norm second-order cone programming,"Miguel Carrasco, Benjamin Ivorra, Julio López, Matthieu Marechal, Angel M. Ramos",180.0,,2026-12,Issue/Volume,10.1016/j.patcog.2026.114043,https://doi.org/10.1016/j.patcog.2026.114043
2056,Method,Link prediction on multi-relational graphs from an influence propagation perspective,"Zidu Yin, Yuankai Qi, Dong Gong, Ehsan Abbasnejad, Kun Yue, Javen Qinfeng Shi",180.0,,2026-12,Issue/Volume,10.1016/j.patcog.2026.114039,https://doi.org/10.1016/j.patcog.2026.114039
2057,Method,Visual intelligence-driven hybrid feature learning with efficient dual-stage recurrent attention network for human activity recognition,"Tariq Ahmad, Weiwei Jiang, Zhenjun Zhang, Asif Rahim, Kamal M. Othman, Inam Ullah",180.0,,2026-12,Issue/Volume,10.1016/j.patcog.2026.113989,https://doi.org/10.1016/j.patcog.2026.113989
2058,Method,Unified stable and generalizable online hashing for cross-modal retrieval,"Yang Sun, Tianshi Wang, Fengling Li, Guohua Dong, Lei Zhu",180.0,,2026-12,Issue/Volume,10.1016/j.patcog.2026.114053,https://doi.org/10.1016/j.patcog.2026.114053
2059,Method,CHSCD: A progressive Cascade Hierarchical network for Semantic Change Detection,"Qian Yuan, Zhijuan Du",180.0,,2026-12,Issue/Volume,10.1016/j.patcog.2026.113982,https://doi.org/10.1016/j.patcog.2026.113982
2060,Method,InMoE: Interaction-aware graph mixture of experts for trajectory prediction,"Hongkun Liu, Yufan Hu, Ziyi Liu, Hongmin Liu",180.0,,2026-12,Issue/Volume,10.1016/j.patcog.2026.114078,https://doi.org/10.1016/j.patcog.2026.114078
2061,Method,Test-time Adaptive Hierarchical Co-enhanced Denoising Network for reliable multimodal classification,"Shu Shen, C. L. Philip Chen, Tong Zhang",180.0,,2026-12,Issue/Volume,10.1016/j.patcog.2026.114052,https://doi.org/10.1016/j.patcog.2026.114052
2062,Method,Localized simple multiple kernel k-means with matrix regularization,"Cong Wang, Guoqing Chen, Boying Wu, Qiyu Jin, Tieyong Zeng",180.0,,2026-12,Issue/Volume,10.1016/j.patcog.2026.113981,https://doi.org/10.1016/j.patcog.2026.113981
2063,Method,DECC: Deep Ensemble Classifier Chains with Cascaded Label Dependency Modeling,"Shuyue Chen, Jiaolv Wu, Tianlun Zhang, Ran Wang",180.0,,2026-12,Issue/Volume,10.1016/j.patcog.2026.113977,https://doi.org/10.1016/j.patcog.2026.113977
2064,Method,Can Prompt-Guided Cross-Modal Learning with Class-Aware Network improve few-shot image classification performance?,"Zhe Sun, Pengfei Guo, Dalong Luo, Xianghe Zhang",180.0,,2026-12,Issue/Volume,10.1016/j.patcog.2026.114051,https://doi.org/10.1016/j.patcog.2026.114051
2065,Method,Recurrent network incorporating facial prior knowledge for face image super-resolution,"Xinyu Ren, Tao Liu, Wenwen Zhao, Hui Ouyang, Yimeng Gao, Yuxin Wang",180.0,,2026-12,Issue/Volume,10.1016/j.patcog.2026.114065,https://doi.org/10.1016/j.patcog.2026.114065
2066,Method,Implicit Chain-of-Thought Reasoning via Task-Aware Latent Motion for transferable VLA,"Ya Jing, Xinghang Li, Xinlong Wang, Lifang Wu",180.0,,2026-12,Issue/Volume,10.1016/j.patcog.2026.114060,https://doi.org/10.1016/j.patcog.2026.114060
2067,Method,Precise positioning of ultrasound-guided fine-needle aspiration biopsy of thyroid nodule,"Tao Deng, Shengqi Chen, Chengfan Yang, Yi Huang, Buyun Ma, Yang Chen",180.0,,2026-12,Issue/Volume,10.1016/j.patcog.2026.114041,https://doi.org/10.1016/j.patcog.2026.114041
2068,Method,Training-free image inversion for one-step diffusion models,"Tao Wu, Senmao Li, Yaxing Wang, Shiqi Yang, Kai Wang, Joost van de Weijer",180.0,,2026-12,Issue/Volume,10.1016/j.patcog.2026.114063,https://doi.org/10.1016/j.patcog.2026.114063
2069,Method,ACTNet: Adapting CNN-Transformer-based foundation model for remote sensing change detection,"Jiaen Chen, Da Wu, Quanqing Ma, Zhe Zhao, Yuanfeng Wu, Yuanyuan Ren, Yuchen Zheng",180.0,,2026-12,Issue/Volume,10.1016/j.patcog.2026.114066,https://doi.org/10.1016/j.patcog.2026.114066
2070,Method,SES-Net: Semantic-edge synergistic network for industrial small defect detection,"Zhe Liu, Luhao Xia, Kai Han, Jun Chen, Jinyao Zhu, Shiyu Gan, Li Wang, Xiaocheng Hu, Jiarui Zhang, Qingli Li, Yi Liu",180.0,,2026-12,Issue/Volume,10.1016/j.patcog.2026.114067,https://doi.org/10.1016/j.patcog.2026.114067
2071,Method,A2D2C: Adaptive attention-driven dynamic convolution for local feature adaptation,"Tianyu Zhang, Fan Wan, Xingyu Miao, Jingjing Deng, Xianghua Xie, Yang Long",180.0,,2026-12,Issue/Volume,10.1016/j.patcog.2026.113915,https://doi.org/10.1016/j.patcog.2026.113915
2072,Method,A frequency-enhanced Mamba network for few-shot SAR ATR,"Xuelian Yu, Yan Peng, Xiaotian Du, Shuang Xie, Benchi Zhang",180.0,,2026-12,Issue/Volume,10.1016/j.patcog.2026.114062,https://doi.org/10.1016/j.patcog.2026.114062
2073,Method,Bio-inspired crowd navigation: Spatiotemporal graph and Neural Circuit Policy driven by DRL,"Tianyong Ao, Haoqiang Li, Zhe Li, Huaguang Shi, Lei Shi, Yi Zhou",180.0,,2026-12,Issue/Volume,10.1016/j.patcog.2026.114008,https://doi.org/10.1016/j.patcog.2026.114008
2074,Method,Low-rank reduced biquaternion matrix completion with application to color image inpainting,"Zhijie Wang, Liangtian He, Jifei Miao, Liang-Jian Deng, Jun Liu",180.0,,2026-12,Issue/Volume,10.1016/j.patcog.2026.114021,https://doi.org/10.1016/j.patcog.2026.114021
2075,Method,Unrectified-stereo: A new paradigm for stereo matching without epipolar rectification,"Xiucai Zhang, Guanyu Zhang, Jun Lin, Changming Sun, Wenqi Ma, Yihan Bai, Yuhai Wang, Huanyu Zhao, Yang Liu",180.0,,2026-12,Issue/Volume,10.1016/j.patcog.2026.114069,https://doi.org/10.1016/j.patcog.2026.114069
2076,Method,DS2D: Decoupling feature guidance with state-space diffusion for infrared–visible image fusion,"Zhiwei Wu, Xinyu Liu, Zongjuan Li, Shiping Wang, Ping Fan, Fengying Wu, Guobao Xiao",180.0,,2026-12,Issue/Volume,10.1016/j.patcog.2026.114011,https://doi.org/10.1016/j.patcog.2026.114011
2077,Method,Face-to-skull translation via a progressive global–local shape transform network,"Lei Ma, Peng Qi, Na Li, Ning Ding, Min Zhu, Jingyang Zhang",180.0,,2026-12,Issue/Volume,10.1016/j.patcog.2026.114074,https://doi.org/10.1016/j.patcog.2026.114074
2078,Method,Confusion distillation for Continual Self-Supervised Learning,"Ganghao Liu, Qin Zhou, Zhiling Fu, Zhe Wang",180.0,,2026-12,Issue/Volume,10.1016/j.patcog.2026.114071,https://doi.org/10.1016/j.patcog.2026.114071
2079,Method,ASLoRA: Adaptive Sharing Low-Rank Adaptation Across Layers,"Junyan Hu, Jiao Xue, Mengqi Zhang, Yao Chen, Zhaochun Ren, Shu Wu, Zhumin Chen, Pengjie Ren",180.0,,2026-12,Issue/Volume,10.1016/j.patcog.2026.114072,https://doi.org/10.1016/j.patcog.2026.114072
2080,Method,GeoSIC: Geometric-aware stereo image compression via implicit 3D feature fields,"Rui Tang, Jiaxuan Li, Minxi Yang, Dahua Gao",180.0,,2026-12,Issue/Volume,10.1016/j.patcog.2026.114076,https://doi.org/10.1016/j.patcog.2026.114076
2081,Method,See what you seek: Semantic contextual integration for cloth-changing person re-identification,"Wenxin Huang, Xian Zhong, Xiyu Han, Jingling Yuan, Alex Chichung Kot",180.0,,2026-12,Issue/Volume,10.1016/j.patcog.2026.114004,https://doi.org/10.1016/j.patcog.2026.114004
2082,Method,Low-Rank quaternion tensor function representation with spatiotemporal SVTV for color video recovery,"JinPing Zou, Huan Ren, Meng Chen, Qinghua He, Xiang Wang",180.0,,2026-12,Issue/Volume,10.1016/j.patcog.2026.114077,https://doi.org/10.1016/j.patcog.2026.114077
2083,Method,A fine-grained entity understanding network for weakly supervised phrase grounding,"Pengyue Lin, Ruifan Li, Fangxiang Feng, Lun Ke, Zhanyu Ma, Xiaojie Wang",180.0,,2026-12,Issue/Volume,10.1016/j.patcog.2026.114075,https://doi.org/10.1016/j.patcog.2026.114075
2084,Method,PSC-UDA: Point-cloud Structure Constrained Unsupervised Domain Adaptation for contour-based kidney segmentation,"Yang Li, Zhusi Zhong, Jie Li, Helen Zhang, Mihir Khunte, Lulu Bi, Scott Collins, Harrison Bai, Michael K. Atalay, Ihab Kamel, Xinbo Gao, Zhicheng Jiao",180.0,,2026-12,Issue/Volume,10.1016/j.patcog.2026.114070,https://doi.org/10.1016/j.patcog.2026.114070
2085,Method,A Segment Anything Model adaptation framework for battery visual inspection under complex radiographic imaging conditions,"Chun Cao, Tianyu Wang, Shiyu Lu, Mian Li, Yunlong Huang, Xi Vincent Wang, Lihui Wang",180.0,,2026-12,Issue/Volume,10.1016/j.patcog.2026.114087,https://doi.org/10.1016/j.patcog.2026.114087
2086,Method,Semi-supervised nighttime pedestrian tracking via dual teachers and VLM-guided semantic enhancement,"Dingzhong Cai, Wending Yan, Chunrong Hua, Yan Huang, Dawei Dong, Imdad Ullah Khan, Bing Yan",180.0,,2026-12,Issue/Volume,10.1016/j.patcog.2026.114082,https://doi.org/10.1016/j.patcog.2026.114082
2087,Method,Multi-label feature selection by transitive label pairs and symmetric distinction degree using neighborhood noise-tolerant discrimination index,"Yun Kang, Jiaxin Li, Jianhua Dai",180.0,,2026-12,Issue/Volume,10.1016/j.patcog.2026.114089,https://doi.org/10.1016/j.patcog.2026.114089
2088,Method,Beyond consistency: Preserving temporal structure in zero-shot video editing,"Deyin Liu, Yisheng Ding, Zhe Jin, Xiatian Zhu, Anjan Dutta, Lin Wu",180.0,,2026-12,Issue/Volume,10.1016/j.patcog.2026.114081,https://doi.org/10.1016/j.patcog.2026.114081
2089,Method,"A single-cell feature selection method based on subspace and minimum redundancy, applicable to multi-omics","Pei Liu, Yuheng Wang, Xiaoyi Lv, Zhigang Li, Cheng Chen, Chen Chen, Yuanzhi He, Jing Wang, Jin Gu",180.0,,2026-12,Issue/Volume,10.1016/j.patcog.2026.114094,https://doi.org/10.1016/j.patcog.2026.114094
2090,Method,Clinically-informed prompt learning for explainable diagnosis with biomedical vision–language models,"Hao Xie, Yucheng Fan, N.F. Law, Yong-Ping Zheng, Sai Ho Ling, Yang Hu, Yakun Ju",180.0,,2026-12,Issue/Volume,10.1016/j.patcog.2026.114114,https://doi.org/10.1016/j.patcog.2026.114114
2091,Method,SENTI: Semantic Enhancement and Relation Propagation Network for multimodal emotion recognition in conversations,"Jian Zhang, Peizheng Zhao, Qiufeng Wang, Han Liu, Dongming Lu, Fangyu Wu",180.0,,2026-12,Issue/Volume,10.1016/j.patcog.2026.114019,https://doi.org/10.1016/j.patcog.2026.114019
2092,Method,Adversarially robust multimedia watermarking via data-centric optimization,"Ziyuan Luo, Qi Song, Haoliang Li, Anderson Rocha, Renjie Wan",180.0,,2026-12,Issue/Volume,10.1016/j.patcog.2026.114080,https://doi.org/10.1016/j.patcog.2026.114080
2093,Method,A2HA: Attribute-aware hierarchical alignment for text–image person re-identification,"Ziyu Zhu, Runmin Wang, Han Xu, Qiuju Dai, Lingxin Cui, Xingdong Song, Congzhen Yu, Xin Hu, Changxin Gao, Nong Sang",180.0,,2026-12,Issue/Volume,10.1016/j.patcog.2026.114100,https://doi.org/10.1016/j.patcog.2026.114100
2094,Method,Human–Object Interaction detection enhanced by common sense and contextual cues,"Cheng-Kang Tan, Wei-Ta Chu",180.0,,2026-12,Issue/Volume,10.1016/j.patcog.2026.114093,https://doi.org/10.1016/j.patcog.2026.114093
2095,Method,Synergistic knowledge distillation via reciprocal and self learning,"Ping Wang, Yu Chen, Renjie Huang, Jianping Gou, Min Zhou, Yibing Zhan, Zhang Yi",180.0,,2026-12,Issue/Volume,10.1016/j.patcog.2026.114112,https://doi.org/10.1016/j.patcog.2026.114112
2096,Method,Physical plausibility reasoning via HCM-GRPO: Empowering compact model for superior performance,"Zhiyuan Hu, Zheng Sun, Yi Wei, Long Yu",180.0,,2026-12,Issue/Volume,10.1016/j.patcog.2026.114108,https://doi.org/10.1016/j.patcog.2026.114108
2097,Method,Semantic-decoupled spatial partition guided point-supervised oriented object detection,"Xinyuan Liu, Hang Xu, Zirui Chen, Yike Ma, Chenggang Yan, Feng Dai",180.0,,2026-12,Issue/Volume,10.1016/j.patcog.2026.114079,https://doi.org/10.1016/j.patcog.2026.114079
2098,Method,Dual-aspect synergistic outlier detection with structural deviation and attribute rarity,"Jinhai Li, Jiayao Shi, Shen Li, Yu Chen",180.0,,2026-12,Issue/Volume,10.1016/j.patcog.2026.114084,https://doi.org/10.1016/j.patcog.2026.114084
2099,Method,Random sampling in hyperspectral image classification with supervised band selection,"Mohammad Ali Hajiani, Babak Seyfe",180.0,,2026-12,Issue/Volume,10.1016/j.patcog.2026.114091,https://doi.org/10.1016/j.patcog.2026.114091
2100,Method,Diffusion classifier-driven reward for offline preference-based reinforcement learning,"Teng Pang, Bingzheng Wang, Guoqiang Wu, Yilong Yin",180.0,,2026-12,Issue/Volume,10.1016/j.patcog.2026.114098,https://doi.org/10.1016/j.patcog.2026.114098
2101,Method,Relation Perception Distillation for object detection,"Zhengyu Mao, Zhenyu Liu, Ruining Tang, Guifang Duan, Jianrong Tan",180.0,,2026-12,Issue/Volume,10.1016/j.patcog.2026.114088,https://doi.org/10.1016/j.patcog.2026.114088
2102,Method,Noise correction and distribution fine-tuning for long-tailed partial multi-label learning,"Jingyu Zhong, Ronghua Shang, Mengmeng Liu, Yuhao Xie, Jie Feng",180.0,,2026-12,Issue/Volume,10.1016/j.patcog.2026.114096,https://doi.org/10.1016/j.patcog.2026.114096
2103,Method,Perceiving degradation prompts in residual diffusion model for real image denoising,"Meiqin Liu, Xuan Long, Qi Tang, Chao Yao, Yao Zhao",180.0,,2026-12,Issue/Volume,10.1016/j.patcog.2026.114090,https://doi.org/10.1016/j.patcog.2026.114090
2104,Method,Harmonize task divergence with MUNet: Bridging semantic gaps between segmentation and classification for medical images,"Junwei Yang, Laquan Li, Weisheng Li, Shenhai Zheng",180.0,,2026-12,Issue/Volume,10.1016/j.patcog.2026.114097,https://doi.org/10.1016/j.patcog.2026.114097
2105,Method,Parallax tolerant image stitching based on concise registration,"Kuo Chen, Yidan Gao, Yunfan Du, Guanghui Chang, Gong Cheng, Xinbo Gao",180.0,,2026-12,Issue/Volume,10.1016/j.patcog.2026.114085,https://doi.org/10.1016/j.patcog.2026.114085
2106,Method,Hierarchical Dynamic Self-Supervised Learning for Robust Deep Non-negative Matrix Factorization in clustering tasks,"Fang Yuan, Dengxiu Yu, Guangyong Chen, Shuqiang Wang, Min Gan, Li Zhang",180.0,,2026-12,Issue/Volume,10.1016/j.patcog.2026.114086,https://doi.org/10.1016/j.patcog.2026.114086
2107,Method,Uncertainty estimation in instance segmentation of affordances via Bayesian visual transformers,"Lorenzo Mur-Labadia, Ruben Martinez-Cantin, Jose J. Guerrero",180.0,,2026-12,Issue/Volume,10.1016/j.patcog.2026.113841,https://doi.org/10.1016/j.patcog.2026.113841
2108,Method,Spatially guided end-to-end image stitching with learnable boundary constraints,"Kai Che, Jian Lv, Jiayuan Gong, Yun Zhou, Longcheng Que",180.0,,2026-12,Issue/Volume,10.1016/j.patcog.2026.114095,https://doi.org/10.1016/j.patcog.2026.114095
2109,Method,Eye-Conscious Augmentation driven Multi-Granularity Regression for 3D gaze estimation,"Shuting Ning, Xuetao Tian, Meng Zhou, Rui Li",180.0,,2026-12,Issue/Volume,10.1016/j.patcog.2026.114110,https://doi.org/10.1016/j.patcog.2026.114110
2110,Method,LoFT-CLIP: Few-shot anomaly detection for railway fasteners based on large vision-language models,"Bo Tang, Zhanwei Yang, Dechen Yao, Buyao Yang, Longting Chen, Ran Bi, Yongxing Zhao, Jingsong Xie, Zhibin Guo",180.0,,2026-12,Issue/Volume,10.1016/j.patcog.2026.114099,https://doi.org/10.1016/j.patcog.2026.114099
2111,Method,High-resolution Fusion Mamba and deep-feature memory for medical image segmentation,"Zhengxiao Zhang, Biao Xiang, Changhong Xie, Feiniu Yuan",180.0,,2026-12,Issue/Volume,10.1016/j.patcog.2026.114147,https://doi.org/10.1016/j.patcog.2026.114147
2112,Method,3D human pose estimation with decoupled spatio-temporal hybrid transformer,"Guozheng Peng, Lixin Han",180.0,,2026-12,Issue/Volume,10.1016/j.patcog.2026.114125,https://doi.org/10.1016/j.patcog.2026.114125
2113,Method,Calibrated Mondrian conformal prediction for uncertainty quantification in spatial modeling,"Jung-In Seo, Young Eun Jeon, Yongku Kim",180.0,,2026-12,Issue/Volume,10.1016/j.patcog.2026.114113,https://doi.org/10.1016/j.patcog.2026.114113
2114,Method,MLCA: Multi-level Correlative Attacks against Deep Cross-Modal Hashing,"Xiaohang Fang, Xin Liu, Zhikai Hu, Yiu-ming Cheung, Shu-Juan Peng, Xing Xu",180.0,,2026-12,Issue/Volume,10.1016/j.patcog.2026.114124,https://doi.org/10.1016/j.patcog.2026.114124
2115,Method,ParsingFormer for pixel-wise hierarchical human representation learning,"Pu Cao, Zhixiang Lv, Junyi Ji, Shanli Li, Qing Song, Lu Yang",180.0,,2026-12,Issue/Volume,10.1016/j.patcog.2026.114016,https://doi.org/10.1016/j.patcog.2026.114016
2116,Method,Bridging the synthetic-to-real gap in quantitative MRI mapping via frequency-guided domain adaptation,"Linyu Fan, Che Wang, Ming Ye, Qizhi Yang, Zejun Wu, Lu Wang, Xinghao Ding, Yue Huang, Jianfeng Bao, Shuhui Cai, Congbo Cai",180.0,,2026-12,Issue/Volume,10.1016/j.patcog.2026.114135,https://doi.org/10.1016/j.patcog.2026.114135
2117,Method,Model aggregation-assisted transfer learning framework for generalized semiparametric models,"Xiaonan Hu, Xinyu Zhang, Yanwei Wang",180.0,,2026-12,Issue/Volume,10.1016/j.patcog.2026.113749,https://doi.org/10.1016/j.patcog.2026.113749
2118,Method,3D spatiotemporal attention for cross-subject inner speech recognition,"Lingyu Wu, Tzyy-Ping Jung, Yanhong Zhou, Xueguang Xie, Xianglong Wan, Hao Yu, Dingna Duan, Tiange Liu, Danyang Li, Jing Wang, Haiqing Song, Dong Wen",180.0,,2026-12,Issue/Volume,10.1016/j.patcog.2026.114134,https://doi.org/10.1016/j.patcog.2026.114134
2119,Method,Feature-interpretable disease prediction from tabular data via dynamic GCN and LLMs,"Shuting Pang, Yanjie Dong, Rui Wang, Junren Wang, He Lyu, Wenwen Chen, Qian Li, Huan Song, Xiaoshuang Shi",180.0,,2026-12,Issue/Volume,10.1016/j.patcog.2026.114137,https://doi.org/10.1016/j.patcog.2026.114137
2120,Method,ACIDNet: Asymmetric Chromaticity-Intensity Decoupling for low-light image enhancement,"Chaoya Hu, Huiying Li",180.0,,2026-12,Issue/Volume,10.1016/j.patcog.2026.114139,https://doi.org/10.1016/j.patcog.2026.114139
2121,Method,SBCD: Spectral backbone with intensity-structure dual-domain fusion for robust cross-domain few-shot learning,"Ying Yang, Entong Zhu, Xueying Li, Bin Hu, Kehua Guo",180.0,,2026-12,Issue/Volume,10.1016/j.patcog.2026.114138,https://doi.org/10.1016/j.patcog.2026.114138
2122,Method,Adaptive fusion with structural separation for incomplete multi-view clustering,"Lilei Sun, Dan Xiao, Xin Long, Dingling Chen, Zhengli Wang",180.0,,2026-12,Issue/Volume,10.1016/j.patcog.2026.114115,https://doi.org/10.1016/j.patcog.2026.114115
2123,Method,Promptable Selective Scene Text Removal,"Guan Li, Anna Zhu, Ran Gong, Seiichi Uchida",180.0,,2026-12,Issue/Volume,10.1016/j.patcog.2026.114136,https://doi.org/10.1016/j.patcog.2026.114136
2124,Method,Tensorized Anchor Graphs with Multi-Scale Learning for One-Step Multi-View Clustering,"Fei Wang, Gui-Fu Lu",180.0,,2026-12,Issue/Volume,10.1016/j.patcog.2026.114144,https://doi.org/10.1016/j.patcog.2026.114144
2125,Method,Soft local reactivation for communication efficient federated learning,"Ziyang Zhang, Chang Mu, Kailing Guo, Xiang Tian, Xiangmin Xu",180.0,,2026-12,Issue/Volume,10.1016/j.patcog.2026.114158,https://doi.org/10.1016/j.patcog.2026.114158
2126,Method,Multi-level decoupled trend learning for GNN-based multivariate time series prediction,"Shaohan Li, Zhenfeng Zhu, Youru Li, Yeyu Yan, Shuai Zheng, Pengyuan Li, Yan Zhuang, Yao Zhao",180.0,,2026-12,Issue/Volume,10.1016/j.patcog.2026.113996,https://doi.org/10.1016/j.patcog.2026.113996
2127,Method,Dynamic Prompt Memory Network for video shadow detection,"Rui Yao, Zhicheng Li, Hancheng Zhu, Kunyang Sun, Jiaqi Zhao, Zhiwen Shao, Abdulmotaleb El Saddik",180.0,,2026-12,Issue/Volume,10.1016/j.patcog.2026.114141,https://doi.org/10.1016/j.patcog.2026.114141
2128,Method,Dynamic higher-order causality discovery via reinforcement learning for mild cognitive impairment analysis,"Yingying Wang, Kai Ren, Shuo Guo, Jian Yang, Chen Qiao",180.0,,2026-12,Issue/Volume,10.1016/j.patcog.2026.114150,https://doi.org/10.1016/j.patcog.2026.114150
2129,Method,PTPD: Prototype-Guided Triplet Prompt Distillation with Vision–language models,"Yanzhao Xie, Hao Huang, Yangtao Wang, Fangyuan Zhang, Rukai Wei, Dandan Shao, Maobin Tang, Meie Fang, Weilong Peng, Lisheng Fan, Wensheng Zhang",180.0,,2026-12,Issue/Volume,10.1016/j.patcog.2026.114145,https://doi.org/10.1016/j.patcog.2026.114145
2130,Method,Quantum-driven attention and relation-aware distillation for multi-modal emotion recognition in conversations,"Xu Xu, Ghulam Muhammad",180.0,,2026-12,Issue/Volume,10.1016/j.patcog.2026.114157,https://doi.org/10.1016/j.patcog.2026.114157
2131,Method,Corrupted bitstream semantic understanding by adaptive-modal large language models,"Kejun Wu, Fangcheng Li, Wenyang Liu, Qiong Liu, You Yang",180.0,,2026-12,Issue/Volume,10.1016/j.patcog.2026.114151,https://doi.org/10.1016/j.patcog.2026.114151
2132,Method,Comprehensive survey on advances and challenges in RGB-D semantic segmentation,"Soyun Choi, Eunnam Cho, Aecheon Jung, Byung-Cheol Min, Junhong Min, Sungeun Hong",180.0,,2026-12,Issue/Volume,10.1016/j.patcog.2026.114146,https://doi.org/10.1016/j.patcog.2026.114146
2133,Method,Memory-anchored multimodal cross-domain adaptation for drug response prediction from cell lines to patients,"Licai Zhang, Xiao Kang, Xinxing Yang, Lin Wang, Genke Yang, Jian Chu",180.0,,2026-12,Issue/Volume,10.1016/j.patcog.2026.114142,https://doi.org/10.1016/j.patcog.2026.114142
2134,Method,MUIT-TTA: Annotation-free intracranial hemorrhage segmentation via pseudo-anomaly synthesis and test-time adaptation,"Jinying Zong, Yifei Chen, Mingxuan Liu, Yuxin Du, Changwei Wu, Beining Wu, Guanyu Zhou, Feiwei Qin",180.0,,2026-12,Issue/Volume,10.1016/j.patcog.2026.114143,https://doi.org/10.1016/j.patcog.2026.114143
2135,Method,Siamese Mamba with Dynamic Relational Matcher for hyperspectral object tracking,"Minghao Zhu, Chongchong Wang, Heng Wang, Yuebo Meng, Yaohai Lin, Junyi Li, Zongfang Ma",180.0,,2026-12,Issue/Volume,10.1016/j.patcog.2026.114083,https://doi.org/10.1016/j.patcog.2026.114083
2136,Method,Classifier retraining with decoupled federated learning for imbalanced medical image classification,"Chunling Chen, Haiwei Pan, Kejia Zhang, Yuchao Zhang, Jian Guan",180.0,,2026-12,Issue/Volume,10.1016/j.patcog.2026.114149,https://doi.org/10.1016/j.patcog.2026.114149
2137,Method,SAMS-UNet: Sparse attention multi-scale UNet for medical image segmentation,"Guanghui Han, Zhongcheng Wang",180.0,,2026-12,Issue/Volume,10.1016/j.patcog.2026.114209,https://doi.org/10.1016/j.patcog.2026.114209
2138,Method,ProMML for robust few-shot adaptation of vision-language models,"Rongfeng Zhao, Li Zhou, Zonghan Shang, Yiwen Liu, Yugui Zhang, Shuang Li, Jin Ning, Xin Ning",180.0,,2026-12,Issue/Volume,10.1016/j.patcog.2026.114160,https://doi.org/10.1016/j.patcog.2026.114160
2139,Method,Single-domain generalized object detection by balancing domain diversity and invariance,"Zhenwei He, Hongsu Ni, Ling Lu, Luxin Jiang",180.0,,2026-12,Issue/Volume,10.1016/j.patcog.2026.114184,https://doi.org/10.1016/j.patcog.2026.114184
2140,Method,ITDRCNN: An Interactive Task-Decoupled RCNN for enhanced object detection,"Shuai Wu, Hang Wei, Yining Quan, Yong Xu, Chunwei Tian, Qiguang Miao",180.0,,2026-12,Issue/Volume,10.1016/j.patcog.2026.114190,https://doi.org/10.1016/j.patcog.2026.114190
2141,Method,Exploring a novel data- and parameter-efficient fine-tuning method for robust face recognition,"Yin Lin, Liwen Wang, Qidong Huang, Baocai Yin, Bing Yin, Cong Liu, Yang Cao, Zengfu Wang",180.0,,2026-12,Issue/Volume,10.1016/j.patcog.2026.114187,https://doi.org/10.1016/j.patcog.2026.114187
2142,Method,DictCR-former: Content-aware dictionary transformer for cloud removal,"Wenli Huang, Yang Wu, Sanping Zhou, Xiaomeng Xin, Xiaobo Jia, Ping Yu, Ye Deng",180.0,,2026-12,Issue/Volume,10.1016/j.patcog.2026.114154,https://doi.org/10.1016/j.patcog.2026.114154
2143,Method,Towards SAR-to-optical image translation via perception correlative learning and global-local feature collaboration,"Yu Chen, Weida Zhan, Yichun Jiang, Depeng Zhu, Xiaoyu Xu, Jinxin Guo, Ziqiang Hao",180.0,,2026-12,Issue/Volume,10.1016/j.patcog.2026.114186,https://doi.org/10.1016/j.patcog.2026.114186
2144,Method,Adaptive collaborative correlation learning-based semi-supervised multi-label feature selection,"Li Yang, Yanyong Huang, Dongjie Wang, Xiuwen Yi, Fengmao Lv, Tianrui Li",180.0,,2026-12,Issue/Volume,10.1016/j.patcog.2026.114176,https://doi.org/10.1016/j.patcog.2026.114176
2145,Method,RTGlassNet: Real-time glass segmentation with a lightweight Differentiable Conditional Random Field,"Yue Zhang, Chenyi Zhu, Yuxi Liu, Muddesar Iqbal, Junqing Zhang, Pablo Casaseca-de-la-Higuera, Xinheng Wang",180.0,,2026-12,Issue/Volume,10.1016/j.patcog.2026.114181,https://doi.org/10.1016/j.patcog.2026.114181
2146,Method,Attribute-incomplete graph anomaly detection network,"Renda Han, Xiaobao Wang, Xinyuan Li, Mengfei Li, Guangzhen Yao, Wenxin Zhang, Ronghao Fu, Dayu Hu, Zeyu Zhang, Kaiming Wang",180.0,,2026-12,Issue/Volume,10.1016/j.patcog.2026.114173,https://doi.org/10.1016/j.patcog.2026.114173
2147,Method,Weighted structured lasso in high-dimensional logistic regression for binary classification data,"Yongxin Kuang, Hai-Bin Wang",180.0,,2026-12,Issue/Volume,10.1016/j.patcog.2026.114026,https://doi.org/10.1016/j.patcog.2026.114026
2148,Method,Geometric Contrastive Ensemble Distillation with calibration margin induction,"Yang Yang, Kai Xu, Junyao Hou, Miao Zhang, Xiang Li, Zhenghua Chen, Yingxue Gao, Chao Wang, Min Wu, Quanjun Yin",180.0,,2026-12,Issue/Volume,10.1016/j.patcog.2026.114064,https://doi.org/10.1016/j.patcog.2026.114064
2149,Method,GPI-Net++: Gestalt-inspired bidirectional Parallel Interaction Network with inlier candidate expansion for robust point cloud registration,"Weikang Gu, Mingyue Han, Li Xue, Heng Dong, Changcai Yang, Riqing Chen, Lifang Wei",180.0,,2026-12,Issue/Volume,10.1016/j.patcog.2026.114175,https://doi.org/10.1016/j.patcog.2026.114175
2150,Method,Multi-view neural flow via curvature-aware topological modeling,"Weijun Huang, Yongquan Shi, Yueyang Pi, Yiqing Shi, Shiping Wang",180.0,,2026-12,Issue/Volume,10.1016/j.patcog.2026.114164,https://doi.org/10.1016/j.patcog.2026.114164
2151,Method,Predict overlooked nodes: A fast graph representation learning paradigm,"Siqi Huang, Yanchen Xu, Hongyuan Zhang, Xuelong Li",180.0,,2026-12,Issue/Volume,10.1016/j.patcog.2026.114177,https://doi.org/10.1016/j.patcog.2026.114177
2152,Method,MIXER: Mixed hyperspherical random embedding neural network for texture recognition,"Ricardo T. Fares, Lucas C. Ribas",180.0,,2026-12,Issue/Volume,10.1016/j.patcog.2026.114183,https://doi.org/10.1016/j.patcog.2026.114183
2153,Method,Sample compression-based anchor strategy for tensor multi-view clustering,"Liang Yao, Jun Kong, Min Jiang, Yaozu Kan",180.0,,2026-12,Issue/Volume,10.1016/j.patcog.2026.114182,https://doi.org/10.1016/j.patcog.2026.114182
2154,Method,EHEN: Eigendecomposition-based hyperchannel enhancement network for hyperspectral image super-resolution,"Yong Yang, Aoqi Zhao, Shuying Huang, Weiguo Wan, Xiaozheng Wang",180.0,,2026-12,Issue/Volume,10.1016/j.patcog.2026.114111,https://doi.org/10.1016/j.patcog.2026.114111
2155,Method,NeuroFuser: Resource-aware neuromodulation of multi-scale fusion attention for domain adaptive segmentation,"Serdar Erişen, André Borrmann",180.0,,2026-12,Issue/Volume,10.1016/j.patcog.2026.114167,https://doi.org/10.1016/j.patcog.2026.114167
2156,Method,Dual-path decoupling and contrastive hashing for medical cross-modal retrieval,"Yunfei Chen, Can Liang, Renwei Xia, Aiwan Fan, Zhan Yang",180.0,,2026-12,Issue/Volume,10.1016/j.patcog.2026.114179,https://doi.org/10.1016/j.patcog.2026.114179
2157,Method,WCI-Mamba: Overcoming intensity inhomogeneity in remote sensing image segmentation,"Shengning Zhou, Yunsong Yang, Guodong Fan, Linwei Fan, Yihui Liu, Jinjiang Li",180.0,,2026-12,Issue/Volume,10.1016/j.patcog.2026.114174,https://doi.org/10.1016/j.patcog.2026.114174
2158,Method,Retrieval-augmented diffusion with acoustic priors for high-fidelity sonar image generation,"Shaocong Yang, Zheng Gu, Hongye Cao, Xiaolong Qi, Ling Lin, Jing Huo, Yang Gao",180.0,,2026-12,Issue/Volume,10.1016/j.patcog.2026.114165,https://doi.org/10.1016/j.patcog.2026.114165
2159,Method,2DSig-Detect: A semi-supervised framework for anomaly detection on image data using 2D-signatures,"Xinheng Xie, Kureha Yamaguchi, Margaux Leblanc, Simon Malzard, Varun Chhabra, Victoria Nockles, Yue Wu",180.0,,2026-12,Issue/Volume,10.1016/j.patcog.2026.114172,https://doi.org/10.1016/j.patcog.2026.114172
2160,Method,Bidirectional semantic accumulation for deep graph representation learning via autoencoders,"Chengxin Xie, Qiya Song, Meng Liu, Yuan Luo, Jingui Huang",180.0,,2026-12,Issue/Volume,10.1016/j.patcog.2026.114168,https://doi.org/10.1016/j.patcog.2026.114168
2161,Method,GARFLN: Geodesic Adaptive Riemannian Functional Link Network,"A. Quadir, M. Tanveer",180.0,,2026-12,Issue/Volume,10.1016/j.patcog.2026.114163,https://doi.org/10.1016/j.patcog.2026.114163
2162,Method,BT-SAM: Fusing boundary and textual guidance for robust ultrasound segmentation,"Wenhao Li, Fangyi Liu, Bo Du",180.0,,2026-12,Issue/Volume,10.1016/j.patcog.2026.114170,https://doi.org/10.1016/j.patcog.2026.114170
2163,Method,Multi-view Learning Via Using Statistical Invariant,"Bo Xu, Yiwei Song, Chunna Li, Yuanhai Shao",180.0,,2026-12,Issue/Volume,10.1016/j.patcog.2026.114180,https://doi.org/10.1016/j.patcog.2026.114180
2164,Method,A hierarchical evaluation framework for security and trustworthiness in Large Vision-Language Models,"Xuan Feng, Mingfeng Feng, Ning Zhang, Tianlong Gu, Liang Chang, Chenzhong Bin",180.0,,2026-12,Issue/Volume,10.1016/j.patcog.2026.114161,https://doi.org/10.1016/j.patcog.2026.114161
2165,Method,ONE-FOR-ALL: Towards unified zero-shot anomaly detection via adaptive prompt learning,"Yuqing Zhao, Min Meng, Jigang Wu",180.0,,2026-12,Issue/Volume,10.1016/j.patcog.2026.114123,https://doi.org/10.1016/j.patcog.2026.114123
2166,Method,Cascaded diffusion model and segment anything model for medical image synthesis,"Haowen Pang, Xiaoming Hong, Peng Zhang, Pengli Zhu, Shun Yao, Fengping An, Guoyuan Yang, Tiantian Liu, Anqi Qiu, Chuyang Ye, Tianyi Yan",180.0,,2026-12,Issue/Volume,10.1016/j.patcog.2026.114148,https://doi.org/10.1016/j.patcog.2026.114148
2167,Method,Artificial-light-aware underwater image restoration: An adaptive optical model with wavelet contrast optimization,"Sen Lin, Yuanjie Sun",180.0,,2026-12,Issue/Volume,10.1016/j.patcog.2026.114191,https://doi.org/10.1016/j.patcog.2026.114191
2168,Method,Privacy-preserving graph embedding for non-linear private attributes,"Yuyu Li, Jinchuan Tang",180.0,,2026-12,Issue/Volume,10.1016/j.patcog.2026.114204,https://doi.org/10.1016/j.patcog.2026.114204
2169,Method,"Before memories fade: Large language models for language-based dementia detection, a systematic review","Jana Sweidan, Mounim A. El-Yacoubi, Nasredine Semmar",180.0,,2026-12,Issue/Volume,10.1016/j.patcog.2026.114166,https://doi.org/10.1016/j.patcog.2026.114166
2170,Method,Multimodal visual Test-Time Adaptation in resource constrained environments,"Ziyi Liu, Yingying Zhang, Haogang Zhu",180.0,,2026-12,Issue/Volume,10.1016/j.patcog.2026.114199,https://doi.org/10.1016/j.patcog.2026.114199
2171,Method,Hierarchical intra-inter modal adaptation for vision-language models,"Chunru Dong, Tao Zhang, Feng Zhang, Qiang Hua, Jie Zhu, Yong Zhang",180.0,,2026-12,Issue/Volume,10.1016/j.patcog.2026.114200,https://doi.org/10.1016/j.patcog.2026.114200
2172,Method,Progressively evolutionary deep learning network for 3D medical image segmentation,"Zihao Lv, Guanghan Wang, Yuanzhi Cheng, Yongpeng Yu, Guohua Wang, Shinichi Tamura",180.0,,2026-12,Issue/Volume,10.1016/j.patcog.2026.114201,https://doi.org/10.1016/j.patcog.2026.114201
2173,Method,A biological vision inspired framework for machine perception of illusory contours,"Xiao Zhang, Kai-Fu Yang, Xian-Shi Zhang, Hong-Zhi You, Hong-Mei Yan, Yong-Jie Li",180.0,,2026-12,Issue/Volume,10.1016/j.patcog.2026.114185,https://doi.org/10.1016/j.patcog.2026.114185
2174,Method,PaTH: Patch-wise temporal hierarchical modeling for high-resolution flight trajectory prediction,"Guoxin Huang, Fengshuo Ye, Yi Lin, Hongyu Yang, Yunxiang Han, Dongyue Guo",180.0,,2026-12,Issue/Volume,10.1016/j.patcog.2026.114206,https://doi.org/10.1016/j.patcog.2026.114206
2175,Method,Shape-aware defect detection network,"Yuhao Zhao, Hu Su, Hongxuan Ma, Wei Zou, Xingkun Li, Ningbo Cheng, Song Liu",180.0,,2026-12,Issue/Volume,10.1016/j.patcog.2026.114208,https://doi.org/10.1016/j.patcog.2026.114208
2176,Method,CL2T-MCQRNN: A transfer layer contribution-based framework for layer selection in SAR image classification,"Chunliu Wang, Peng Wang, Ting Xu, Feng Zhang, Xiuhui Tan, Rong Cheng, Lilong Xu, Zezhou Xin",180.0,,2026-12,Issue/Volume,10.1016/j.patcog.2026.114207,https://doi.org/10.1016/j.patcog.2026.114207
2177,Method,Mixture of zero-cost proxies for training-free network architecture search,"Junghyup Lee, Jeimin Jeon, Kwanghoon Sohn, Bumsub Ham",180.0,,2026-12,Issue/Volume,10.1016/j.patcog.2026.114211,https://doi.org/10.1016/j.patcog.2026.114211
2178,Method,Uni-DMFM: A universal dynamic multi-scale foundation model for EEG representation learning,"Wensheng Chen, Yurong Li, Jiyu Tan, Xiaojing Xue, Zhenhua Zhao",180.0,,2026-12,Issue/Volume,10.1016/j.patcog.2026.114221,https://doi.org/10.1016/j.patcog.2026.114221
2179,Method,Cibic: Pixel-free foundation model for robust corrupted image bitstream captioning,"Junnan Liang, Kejun Wu, Xuanwei Hu, Tianyi Liu",180.0,,2026-12,Issue/Volume,10.1016/j.patcog.2026.114238,https://doi.org/10.1016/j.patcog.2026.114238
2180,Method,SimpleZ3D: A simple framework for zero-shot 3D industrial anomaly detection,"Hui Gao, Wenlong Zhao, Yuzhong Zhong, Maoning Wang, Jianwei Zhang",180.0,,2026-12,Issue/Volume,10.1016/j.patcog.2026.114237,https://doi.org/10.1016/j.patcog.2026.114237
2181,Method,FedBayesMamba: Uncertainty-aware federated learning for multimodal and audio–visual sequential modeling with selective state space models,"Xianxun Zhu, Xiaosong E, Michele Nappi, Imad Rida, Hui Chen",180.0,,2026-12,Issue/Volume,10.1016/j.patcog.2026.114240,https://doi.org/10.1016/j.patcog.2026.114240
2182,Method,You can mask more for extremely low-bitrate image compression,"Anqi Li, Feng Li, Jiaxin Han, Runmin Cong, Yunchao Wei, Weisi Lin, Yao Zhao, Huihui Bai",180.0,,2026-12,Issue/Volume,10.1016/j.patcog.2026.114109,https://doi.org/10.1016/j.patcog.2026.114109
2183,Method,Uncertainty-aware multi-modal time series anomaly detection via reduced-order evidence fusion,"Qiucen Li, Xingheng Wan, Huicen Guo, Wei Wang, Meng Liu, Yuning Cui",180.0,,2026-12,Issue/Volume,10.1016/j.patcog.2026.114212,https://doi.org/10.1016/j.patcog.2026.114212
2184,Method,Tensorized synergistic representation for multi-view unsupervised feature selection,"Chen Wang, Peng Song, Changjia Wang",180.0,,2026-12,Issue/Volume,10.1016/j.patcog.2026.114239,https://doi.org/10.1016/j.patcog.2026.114239
2185,Method,Celebrating the Life and Research Work of Edwin Hancock,"Xiao Bai, Jun Zhou, Richard Wilson, Charlotte Davies, Josef Kittler",180.0,,2026-12,Issue/Volume,10.1016/j.patcog.2026.114263,https://doi.org/10.1016/j.patcog.2026.114263
2186,Method,K-means clustering with generalized metrics using Ordered Pair of Normalized real numbers,"Ying Tang, Jia Guo, Yi Zheng, Hao Feng, Xiaoqin Pan, Lei Zhou",180.0,,2026-12,Issue/Volume,10.1016/j.patcog.2026.114236,https://doi.org/10.1016/j.patcog.2026.114236
2187,Method,SSL-SSAW: Self-supervised Learning with Sigmoid Self-attention Weighting for question-based Sign Language Translation,"Zekang Liu, Wei Feng, Fanhua Shang, Lianyu Hu, Jichao Feng, Liqing Gao",180.0,,2026-12,Issue/Volume,10.1016/j.patcog.2026.114189,https://doi.org/10.1016/j.patcog.2026.114189
2188,Method,SAM-LLaVA: A segmentation-aware vision-language framework for industrial defect diagnosis,"Shengwang An, Chengjia Wang, Xinghui Dong",180.0,,2026-12,Issue/Volume,10.1016/j.patcog.2026.114242,https://doi.org/10.1016/j.patcog.2026.114242
2189,Method,MSCD: Multi-step conditional diffusion for cross-view LiDAR point cloud semantic segmentation,"Jiacheng Yin, Han Wang, Li Tang, Shunlai Cui, Siyao Cheng, Jingcai Yu",180.0,,2026-12,Issue/Volume,10.1016/j.patcog.2026.114162,https://doi.org/10.1016/j.patcog.2026.114162
2190,Method,Elasticity-Aware Neural Hamiltonian Fields for dynamic 3D vision synthesis,"Wenkai Tan, Ziyu Wang, Safayat Bin Hakim, Alvaro Velasquez, Lusi Li, Houbing Song",180.0,,2026-12,Issue/Volume,10.1016/j.patcog.2026.114231,https://doi.org/10.1016/j.patcog.2026.114231
2191,Method,HITrocket: Hadamard-vector inner-product transform of ROCKET for time series classification,"Wang Hao, Zhang Kuang, Hou Chengyu, Yuan Zhonghao, Tan Chenxing, Fu Weifeng, Yao Xingran",180.0,,2026-12,Issue/Volume,10.1016/j.patcog.2026.114220,https://doi.org/10.1016/j.patcog.2026.114220
2192,Method,UMDM-USG: A unified multi-view diffusion model for underwater scene generation via cross-view representation alignment,"Yifan Zhu, Chengjia Wang, Xinghui Dong",180.0,,2026-12,Issue/Volume,10.1016/j.patcog.2026.114232,https://doi.org/10.1016/j.patcog.2026.114232
2193,Method,RDS-Net: Recursive structure refinement network with Dual-awareness Shape transfer for point cloud completion,"Xiaocui Li, Weili Chen, Xinyu Zhang, Yangtao Wang, Wei Liang, Keqin Li",180.0,,2026-12,Issue/Volume,10.1016/j.patcog.2026.114230,https://doi.org/10.1016/j.patcog.2026.114230
2194,Method,Unsupervised domain adaptation for cross-modal volumetric medical image segmentation by synergistic alignment and decoupled learning,"Renshu Gu, Hang Su, Chenglin Wang, Xiangyang Wu, Jiayu Zhang, Yu Li, Caiming Zhang, Masahiro Toyoura, Gang Xu",180.0,,2026-12,Issue/Volume,10.1016/j.patcog.2026.114153,https://doi.org/10.1016/j.patcog.2026.114153
2195,Method,AdaSAM-AD: Boosting SAM2 for fine-grained pixel-level anomaly detection via spatial-channel calibration and deformable cascades,"Xianbing Zhao, Xinyang Yang, Yifan Wang, Wai Keung Wong, Ning Ma, Chengliang Liu, Zhenhua Feng",180.0,,2026-12,Issue/Volume,10.1016/j.patcog.2026.114073,https://doi.org/10.1016/j.patcog.2026.114073
2196,Method,ALS: Attentive long-short-range message passing for graph representation learning,"Yi Luo, Xu Sun, Guangchun Luo, Aiguo Chen",180.0,,2026-12,Issue/Volume,10.1016/j.patcog.2026.114235,https://doi.org/10.1016/j.patcog.2026.114235
2197,Method,FIST: Flow-inspired spatio-temporal target state modeling for visual tracking,"Zhen Wan, Boxiong Sun, Tonghao Han, Yufei Zha, Peng Zhang",180.0,,2026-12,Issue/Volume,10.1016/j.patcog.2026.114243,https://doi.org/10.1016/j.patcog.2026.114243
2198,Method,LPOM pretraining as a warm start: Enhancing gradient descent optimization via non-gradient weight initialization,"Benying Tan, Jianpeng Wu, Yang Qin, Yujie Li, Shuxue Ding",180.0,,2026-12,Issue/Volume,10.1016/j.patcog.2026.114244,https://doi.org/10.1016/j.patcog.2026.114244
2199,Method,A novel FNFBC-ResBlock for replay audio detection via hints knowledge distillation,"Junliu Zhong, Jianpeng Cheng, Sai Zhao, Yanfen Gan",180.0,,2026-12,Issue/Volume,10.1016/j.patcog.2026.114254,https://doi.org/10.1016/j.patcog.2026.114254
2200,Method,FADE: Frequency-aware desnowing with explicit gradient structural prompts for robust foundation model perception,"Chengzhe Jiao, Lina Wu, Yusheng Ci, Ci Liang, Shaowu Cheng",180.0,,2026-12,Issue/Volume,10.1016/j.patcog.2026.114252,https://doi.org/10.1016/j.patcog.2026.114252
2201,Method,Hierarchical spatial perception network and SAM-assisted uncertainty suppression for medical image segmentation,"Lei Wang, Jie Zhou, Xiaokai Yang, Huan Ye, Hao Zhang, Zijian Wang, Yu Chen, Ke Yan, Chuoying Tan, Xiaomin Xu, Jiantao Pu",180.0,,2026-12,Issue/Volume,10.1016/j.patcog.2026.114198,https://doi.org/10.1016/j.patcog.2026.114198
2202,Method,Entropy-aware structural alignment for zero-shot Handwritten Chinese Character Recognition,"Qiuming Luo, Tao Zeng, Feng Li, Heming Liu, Rui Mao, Chang Kong",180.0,,2026-12,Issue/Volume,10.1016/j.patcog.2026.114156,https://doi.org/10.1016/j.patcog.2026.114156
2203,Method,Secure Distribution: Anti-collusion Watermarking via Spectral Weight Modulation in Latent Diffusion Models,"Yunshu Dai, Jianwei Fei, Wenhong Huang, Fangjun Huang, Zhihua Xia",180.0,,2026-12,Issue/Volume,10.1016/j.patcog.2026.114246,https://doi.org/10.1016/j.patcog.2026.114246
2204,Method,Attacking hard-label large vision–language models with model-sensitive adversarial patch designs,"Nian Ai, Guangke Chen, Xiaowen Cai, Zhongliang Guo, Daizong Liu, Pan Zhou, Ognjen Arandjelović",180.0,,2026-12,Issue/Volume,10.1016/j.patcog.2026.114261,https://doi.org/10.1016/j.patcog.2026.114261
2205,Method,HAViG: Hierarchical adaptive visual grounding framework for video question answering,"Lei Zhu, Lingmin Pan, Siqiao Tan, Chengyuan Zhang, Deyin Liu, Lin Yuanbo Wu, Farid Boussaid, Mohammed Bennamoun",180.0,,2026-12,Issue/Volume,10.1016/j.patcog.2026.114178,https://doi.org/10.1016/j.patcog.2026.114178
2206,Method,Hybrid feature selection for cross-domain few shot learning,"Bing Yang, Xueqin Xiang, Wanzeng Kong, Jianhai Zhang, Jinliang Yao, Haihong Wu",180.0,,2026-12,Issue/Volume,10.1016/j.patcog.2026.114202,https://doi.org/10.1016/j.patcog.2026.114202
2207,Method,MEHGT-LKG: Multimodal edge-enhanced heterogeneous graph transformer with LLM-driven knowledge graphs for stock trend prediction,"Wei Chen, Quanshi Zhou, Ni An, Manrui Jiang",180.0,,2026-12,Issue/Volume,10.1016/j.patcog.2026.114152,https://doi.org/10.1016/j.patcog.2026.114152
2208,Method,DiffFuseNet: Infrared-visible image fusion via diffusion-guided feature alignment and feature consistency alignment,"Yuequn Wang, Zhengwei Li, Leqiang Yang, Wei Xu, Tianyu Lv, Jie Liu",180.0,,2026-12,Issue/Volume,10.1016/j.patcog.2026.114259,https://doi.org/10.1016/j.patcog.2026.114259
2209,Method,Prior knowledge driven dynamic fusion network for infrared and visible images,"Yueying Luo, Kangjian He, Dan Xu, Qing Zhang, Yiqiao Zhou",180.0,,2026-12,Issue/Volume,10.1016/j.patcog.2026.114253,https://doi.org/10.1016/j.patcog.2026.114253
2210,Method,Disentangled privileged reconstruction and self-mining for robust multimodal sentiment analysis under missing modalities,"Yan Gong, Yin Zhang",180.0,,2026-12,Issue/Volume,10.1016/j.patcog.2026.114260,https://doi.org/10.1016/j.patcog.2026.114260
2211,Method,Prototype-tailored cross-view alignment for partially-aligned incomplete multi-view clustering,"Wen-Jue He, Chenzi Liu, Zhongliang Luo, Zheng Zhang",180.0,,2026-12,Issue/Volume,10.1016/j.patcog.2026.114233,https://doi.org/10.1016/j.patcog.2026.114233
2212,Method,Conformalized confidence calibration for multi-view 3D reconstruction,"Mianqi Dong, Yi Li",180.0,,2026-12,Issue/Volume,10.1016/j.patcog.2026.114249,https://doi.org/10.1016/j.patcog.2026.114249
2213,Method,FedMLAC: Mutual learning driven heterogeneous federated audio classification,"Jun Bai, Rajib Rana, Di Wu, Youyang Qu, Xiaohui Tao, Ji Zhang, Carlos Busso, Shivakumara Palaiahnakote",180.0,,2026-12,Issue/Volume,10.1016/j.patcog.2026.114250,https://doi.org/10.1016/j.patcog.2026.114250
2214,Method,ProtoSig: Enhancing training data for offline handwritten signature verification using prototypical signatures,"Kecia G. de Moura, Robert Sabourin, Rafael M.O. Cruz",180.0,,2026-12,Issue/Volume,10.1016/j.patcog.2026.114258,https://doi.org/10.1016/j.patcog.2026.114258
2215,Method,Polarimetric diffusion model with hybrid convolutional Transformer for PolSAR image classification,"Zuzheng Kuang, Haixia Bi, Chen Xu, Lijun He, Fan Li",180.0,,2026-12,Issue/Volume,10.1016/j.patcog.2026.114205,https://doi.org/10.1016/j.patcog.2026.114205
2216,Method,LVAD: A realistic data synthesis strategy and coarse-to-fine framework for low-light video anomaly detection,"Linxuan Han, Fan Zhou, Baoquan Zhao, Hao Zhou, Yu Liu",180.0,,2026-12,Issue/Volume,10.1016/j.patcog.2026.114222,https://doi.org/10.1016/j.patcog.2026.114222
2217,Method,Exploring non-local spatial–angular correlations with a hybrid Mamba-Transformer framework for light field super-resolution,"Haosong Liu, Xiancheng Zhu, Huanqiang Zeng, Jianqing Zhu, Jiuwen Cao, Junhui Hou",180.0,,2026-12,Issue/Volume,10.1016/j.patcog.2026.114210,https://doi.org/10.1016/j.patcog.2026.114210
2218,Method,Explicitly enforcing distinguishability in contrastive learning for more generalizable representations,"Zhengyang Gu, Zhipeng Xie",180.0,,2026-12,Issue/Volume,10.1016/j.patcog.2026.114068,https://doi.org/10.1016/j.patcog.2026.114068
2219,Method,AdaPT: Adaptive position trigger for improving backdoor attacks in transfer learning,"Chun Zhou, Hua Meng, Zhiguo Long, Mingxing Zhang, Zhengchun Zhou",180.0,,2026-12,Issue/Volume,10.1016/j.patcog.2026.114247,https://doi.org/10.1016/j.patcog.2026.114247
2220,Method,SGF-MRI: Structure guided fusion for multi-contrast MRI super-resolution and reconstruction,"Shaoming Zheng, Siyi Du, Chen Qin",180.0,,2026-12,Issue/Volume,10.1016/j.patcog.2026.114188,https://doi.org/10.1016/j.patcog.2026.114188
2221,Method,Zero-shot referring expression comprehension via guidance of Multimodal Large Language Models,"Rouyi Li, Wei Zhuo, Shiyi Zheng, Zhihao Wu, Linlin Shen",180.0,,2026-12,Issue/Volume,10.1016/j.patcog.2026.114223,https://doi.org/10.1016/j.patcog.2026.114223
2222,Method,UAD-ICL: Uncertainty-aware semantic control for trustworthy latent context in-context learning,"Jianxin Zhang, Yilu Hu, Teng Liu, Baoxi Liu, Zhibin Zhang, Hong Liu",180.0,,2026-12,Issue/Volume,10.1016/j.patcog.2026.114241,https://doi.org/10.1016/j.patcog.2026.114241
2223,Method,RAPTOR: Rotational Adaptive Parallel Topology for Object Detection in remote sensing,"Ke Liu, Jian Zou, Wei Zhang, Qiang Li, Qi Wang",180.0,,2026-12,Issue/Volume,10.1016/j.patcog.2026.114269,https://doi.org/10.1016/j.patcog.2026.114269
2224,Method,Quadrant-based pipeline for automated breast tumor detection and location classification on MRI images,"Hamida Romdhane, Dorra Ben-Sellem",180.0,,2026-12,Issue/Volume,10.1016/j.patcog.2026.114264,https://doi.org/10.1016/j.patcog.2026.114264
2225,Method,Multi-type Transformer encoding-based graph contrastive learning for drug repositioning,"Ming-Li Cui, Ying-Lian Gao, Dao-Hui Ge, Hui Yang, Chun-Hou Zheng, Jin-Xing Liu, Yan-Li Wang",180.0,,2026-12,Issue/Volume,10.1016/j.patcog.2026.114267,https://doi.org/10.1016/j.patcog.2026.114267
2226,Method,Improved Graph Anomaly Detection through global information,"Yiming Zhao, Nannan Wu, Qingcheng Lu, Wei Yu, Jilei Liu, Wenjun Wang",180.0,,2026-12,Issue/Volume,10.1016/j.patcog.2026.114234,https://doi.org/10.1016/j.patcog.2026.114234
2227,Method,PSO-GhostNet: Lightweight CNN discovery via deep particle search and structured redundancy-aware design,"Dianwei Wang, Jiaqi Zhang, Jie Fang, Yuanqing Li, Da Ai, Jianing Tang",180.0,,2026-12,Issue/Volume,10.1016/j.patcog.2026.114276,https://doi.org/10.1016/j.patcog.2026.114276
2228,Method,TFBTrack: Target-Aware Foreground–Background Modeling for vision–language tracking,"Jiahao Wang, Fang Liu, Licheng Jiao, Hao Wang, Shuo Li, Lingling Li, Puhua Chen, Xu Liu, Xinyan Huang",180.0,,2026-12,Issue/Volume,10.1016/j.patcog.2026.114273,https://doi.org/10.1016/j.patcog.2026.114273
2229,Method,Vision-Language Complementary Dual-Centroid learning for unsupervised person re-identification,"Runcheng Yang, Guorong Lin, Chang-Dong Wang, Xiaowen Ma, Zhenhua Huang",180.0,,2026-12,Issue/Volume,10.1016/j.patcog.2026.114278,https://doi.org/10.1016/j.patcog.2026.114278
2230,Method,BDForecast: A dynamic network for balanced precipitation forecasting,"Yangtian Fang, Pan Xiang, Renfeng Liu, Peihua Xu, Chi Cheng, Xin Tian",180.0,,2026-12,Issue/Volume,10.1016/j.patcog.2026.114159,https://doi.org/10.1016/j.patcog.2026.114159
2231,Method,MGID-Net: Multimodal denoising for industrial GPR images with deep image–text fusion,"Yuqi Chen, Wentai Lei, Tao Zhang",180.0,,2026-12,Issue/Volume,10.1016/j.patcog.2026.114229,https://doi.org/10.1016/j.patcog.2026.114229
2232,Method,HoLDNet: A lightweight hollow-dilated convolutional network for hyperspectral anomaly detection,"Min Huang, Chao Zeng, Yuxiang Zhang, Yanni Dong",180.0,,2026-12,Issue/Volume,10.1016/j.patcog.2026.114279,https://doi.org/10.1016/j.patcog.2026.114279
2233,Method,Mitigating label noise in graph learning with information bottleneck-guided aggregation and adversarial consistency,"Zhengyang Liu, Hang Yu, Xiangfeng Luo",180.0,,2026-12,Issue/Volume,10.1016/j.patcog.2026.114271,https://doi.org/10.1016/j.patcog.2026.114271
2234,Method,RGCA: Recognition-Guided Context-Aware Network for Manchu word inpainting,"Xiaojun Bi, Wenhao Tao, Zheng Chen",180.0,,2026-12,Issue/Volume,10.1016/j.patcog.2026.114274,https://doi.org/10.1016/j.patcog.2026.114274
2235,Method,Evolution-consistent dynamic graph condensation,"Dong Chen, Shuai Zheng, Yeyu Yan, Muhao Xu, Zhenfeng Zhu, Yao Zhao",180.0,,2026-12,Issue/Volume,10.1016/j.patcog.2026.114169,https://doi.org/10.1016/j.patcog.2026.114169
2236,Method,ADCC-MVC: Adaptive fusion and dual contrastive calibration for multi-view clustering,"Xuecheng Zhao, Sen Xu, Xuesheng Bian, Shanliang Yao, Naixuan Guo, Xiufang Xu, Wei Wang, Fupin Hu, Tian Zhou, Yuyang Shen",180.0,,2026-12,Issue/Volume,10.1016/j.patcog.2026.114281,https://doi.org/10.1016/j.patcog.2026.114281
2237,Method,A semi-supervised classification method driven by minimal and sufficient discriminative information,"Ruojin Zhou, Hongjie Zhang, Ling Jing, Junyan Tan",180.0,,2026-12,Issue/Volume,10.1016/j.patcog.2026.114245,https://doi.org/10.1016/j.patcog.2026.114245
2238,Method,RAMP: Iterative Refinement and Adaptive Multi-granularity Perception for embodied dialog localization,"Haoyu Wang, Le Wang, Sanping Zhou, Zheng Qin, Gang Hua, Wei Tang",180.0,,2026-12,Issue/Volume,10.1016/j.patcog.2026.114282,https://doi.org/10.1016/j.patcog.2026.114282
2239,Method,Segment and inpaint: Defending object detectors with a unified segment and inpaint paradigm,"Jiaming Guo, Chun Pong Lau",180.0,,2026-12,Issue/Volume,10.1016/j.patcog.2026.114092,https://doi.org/10.1016/j.patcog.2026.114092
2240,Method,Adversarial noise-perturbed feature fusion for deep multi-view clustering with joint optimization,"Yong Wang, Lihao Yang, Yazhou Ren, Yourui Huang, Guifu Lu, Xinwang Liu, Tianming Ni",180.0,,2026-12,Issue/Volume,10.1016/j.patcog.2026.114248,https://doi.org/10.1016/j.patcog.2026.114248
2241,Method,Geometric insights into the relationship between weight landscape and generalization,"Zhixing Lu, Bo Xu, Yuanyuan Sun, Yuanyu Zhang, Paerhati Tulajiang, Hongfei Lin",180.0,,2026-12,Issue/Volume,10.1016/j.patcog.2026.114262,https://doi.org/10.1016/j.patcog.2026.114262
2242,Method,Fine-grained alignment in medical pathology vision-language models via variational distillation,"Runlin Huang, Haowei Lin, Weipeng Zhuo, Yiu-ming Cheung, Hongmin Cai, Weifeng Su",180.0,,2026-12,Issue/Volume,10.1016/j.patcog.2026.114283,https://doi.org/10.1016/j.patcog.2026.114283
2243,Method,MDPL: Multi-scale degradation-aware prior learning for image deblurring via momentum contrast and Blur-Adaptive Relational Fusion,"Guangmang Cui, Yucheng Huang, Ziyi Chen, Haoyu Liu, Jufeng Zhao",180.0,,2026-12,Issue/Volume,10.1016/j.patcog.2026.114251,https://doi.org/10.1016/j.patcog.2026.114251
2244,Method,CacheFL: Federated cache tuning for contrastive vision-language models under limited resources and data,"Mengjun Yi, Hanwen Zhang, Hui Dou, Furao Shen, Jian Zhao",180.0,,2026-12,Issue/Volume,10.1016/j.patcog.2026.114285,https://doi.org/10.1016/j.patcog.2026.114285
2245,Method,Variational image dehazing method based on joint color-brightness decomposition,"Yin Gao, Yibin Lin, Binhe Yu, Chao Yan, Jun Li",180.0,,2026-12,Issue/Volume,10.1016/j.patcog.2026.114300,https://doi.org/10.1016/j.patcog.2026.114300
2246,Method,Bidomain multi-order modeling for image dehazing,"Zihao Chen, Hao Shen, Chenxu Wu, Junling Li, Wei Wang, Wenqi Ren",180.0,,2026-12,Issue/Volume,10.1016/j.patcog.2026.114304,https://doi.org/10.1016/j.patcog.2026.114304
2247,Method,A mathematical optimization approach to multisphere support vector data description,"Víctor Blanco, Inmaculada Espejo, Raúl Páez, Antonio M. Rodríguez-Chía",180.0,,2026-12,Issue/Volume,10.1016/j.patcog.2026.114292,https://doi.org/10.1016/j.patcog.2026.114292
2248,Method,SCRC-Net: A structure-constrained and representation-consistent network for SAR ship classification,"Yuhang Qi, Lu Wang, Chunhui Zhao, P. Takis Mathiopoulos, Tomoaki Ohtsuki, Fumiyuki Adachi",180.0,,2026-12,Issue/Volume,10.1016/j.patcog.2026.114294,https://doi.org/10.1016/j.patcog.2026.114294
2249,Method,Survey of automated 3D reconstruction from optical satellite imagery,"Rongrong Zhang, Anzhu Yu, Mengmeng Sun, Danyang Hong, Chunping Qiu, Zhen Yan, Xin Liu, Junyi Fan, Song Ji",180.0,,2026-12,Issue/Volume,10.1016/j.patcog.2026.114296,https://doi.org/10.1016/j.patcog.2026.114296
2250,Method,GALA: A GlobAl-LocAl cluster approach for Multi-Source Active Domain Adaptation,"Juepeng Zheng, Yibin Wen, Peifeng Zhang, Zurong Mai, Qingmei Li, Yang Zhang, Haohuan Fu",180.0,,2026-12,Issue/Volume,10.1016/j.patcog.2026.114299,https://doi.org/10.1016/j.patcog.2026.114299
2251,Method,Beyond discriminative features: Invariant Representation Learning for Few-Shot Class-Incremental Learning,"Jicheng Yuan, Wenfa Li, Lusi Li, Liping Zhang, Jijie Wu, Enhao Ning, Wenbin Zhang, Xin Ning",180.0,,2026-12,Issue/Volume,10.1016/j.patcog.2026.114302,https://doi.org/10.1016/j.patcog.2026.114302
2252,Method,Incomplete multi-view clustering via imbalanced anchor-aligned graph learning,"Enze Ji, Xuan Chen, Zhikui Chen, Chuan Xiao",180.0,,2026-12,Issue/Volume,10.1016/j.patcog.2026.114290,https://doi.org/10.1016/j.patcog.2026.114290
2253,Method,Semantic-based saccadic scanpath prediction for autism spectrum disorder,"Wenqi Zhong, Hang Sun, Chen Xia, Linzhi Yu, Dingwen Zhang, Kuan Li",180.0,,2026-12,Issue/Volume,10.1016/j.patcog.2026.114305,https://doi.org/10.1016/j.patcog.2026.114305
2254,Method,Security-aware post-training quantization for Mixture-of-Experts large language models,"Boyu Liu, Shiran Ge, Zhiyi Zhu, Canjia Li, Linlin Yang, Baochang Zhang",180.0,,2026-12,Issue/Volume,10.1016/j.patcog.2026.114286,https://doi.org/10.1016/j.patcog.2026.114286
2255,Method,Spiking pyramid wavelet transformation for high-efficient and low-energy image restoration,"Chen Zhao, Xiantao Hu, Song Wu, Qian Wang, Chen Wu, Rui Xie, Jian Yang, Ying Tai",180.0,,2026-12,Issue/Volume,10.1016/j.patcog.2026.114297,https://doi.org/10.1016/j.patcog.2026.114297
2256,Method,Wisteria: A unified multi-scale feature learning framework for DNA language model,"Weihua Wang, Haoji Li, Feilong Bao, Lei Yang, Guanglai Gao",180.0,,2026-12,Issue/Volume,10.1016/j.patcog.2026.114289,https://doi.org/10.1016/j.patcog.2026.114289
2257,Method,DWT-based Tensor Robust Principal Component Analysis for dynamic high-dimensional signals,"Qile Zhu, Shun Fang, Shiqian Wu, Xiaopan Li, Shoulie Xie, Sos Agaian",180.0,,2026-12,Issue/Volume,10.1016/j.patcog.2026.114295,https://doi.org/10.1016/j.patcog.2026.114295
2258,Method,Diffusion-based controllable time-step consistency for semi-supervised medical image segmentation,"Shiman Li, Jiayue Zhao, Yi Hao, Chenxi Zhang, Zhijian Song",180.0,,2026-12,Issue/Volume,10.1016/j.patcog.2026.114203,https://doi.org/10.1016/j.patcog.2026.114203
2259,Method,Ego-LM: Prompting frozen language models for multi-modal egocentric action recognition,"Deng Xiong, Yang Liu, Yalan Ye, Shu-Dong Huang",180.0,,2026-12,Issue/Volume,10.1016/j.patcog.2026.114171,https://doi.org/10.1016/j.patcog.2026.114171
2260,Method,Explainable AI framework for melanoma detection using dual-shape masking and composite index,"Akbar Kushanoor, Sanjay K. Sahay",180.0,,2026-12,Issue/Volume,10.1016/j.patcog.2026.114287,https://doi.org/10.1016/j.patcog.2026.114287
2261,Method,Follow your prompts: Controllable image dehazing via latent space manipulation,"Jiyou Chen, Haopeng Liu, Huihuang Zhao, Gaobo Yang, Wenqi Ren",180.0,,2026-12,Issue/Volume,10.1016/j.patcog.2026.114303,https://doi.org/10.1016/j.patcog.2026.114303
2262,Method,FlexiSR-Diff: Flexible diffusion for multi-modal medical image fusion &amp; super-resolution,"Yushen Xu, Xiaosong Li, Gao Wang, Yang Liu, Tao Ye, Yuchun Wang, Huafeng Li",180.0,,2026-12,Issue/Volume,10.1016/j.patcog.2026.114291,https://doi.org/10.1016/j.patcog.2026.114291
2263,Method,Efficient quaternion fractional jacobi-fourier moments for zero-watermarking of color images,"Xiangyang Wang, Dawei Wang, Jicong Tang, Panpan Niu",180.0,,2026-12,Issue/Volume,10.1016/j.patcog.2026.114320,https://doi.org/10.1016/j.patcog.2026.114320
2264,Method,Learning fair graph representation through neighbor counterfactual information,"Qingfeng Chen, Wujie Wei, Debo Cheng, Jiuyong Li, Lin Liu, Xiaofeng Zhu",180.0,,2026-12,Issue/Volume,10.1016/j.patcog.2026.114308,https://doi.org/10.1016/j.patcog.2026.114308
2265,Method,Beyond aggregate metrics: Scale-balanced temporal grounding via semantic diffusion encoding and structure-aware decoding,"Henghao Zhao, Rui Yan, Zechao Li, Xuezhi He",180.0,,2026-12,Issue/Volume,10.1016/j.patcog.2026.114307,https://doi.org/10.1016/j.patcog.2026.114307
2266,Method,Causal mixture-of-experts for robust multimodal fusion,"Yang Lan, Xin Long, Yaoyuan Zeng, Huiling Chen, Yu Xiao, Jungang Yang",180.0,,2026-12,Issue/Volume,10.1016/j.patcog.2026.114306,https://doi.org/10.1016/j.patcog.2026.114306
2267,Method,Multi-view semantic-guided domain adaptive semantic segmentation through cross-modality motif matching,"Lu Jiang, Liang Du, Chenyou Guo, Chengliang Liu, Yabo Liu",180.0,,2026-12,Issue/Volume,10.1016/j.patcog.2026.114323,https://doi.org/10.1016/j.patcog.2026.114323
2268,Method,Interpretable pan-sharpening via explicit spatial–spectral closed-loop priors,"Chuang Liu, Zhiqi Zhang, Zhiwei Ye, Xiao Wu, Mi Wang, Jianhua Guo",180.0,,2026-12,Issue/Volume,10.1016/j.patcog.2026.114301,https://doi.org/10.1016/j.patcog.2026.114301
2269,Method,Towards privacy-preserving drug recommendation via attribute unlearning,"Hengyu Zhang, Zihao Zhou, Guofang Ma, Yanchao Tan, Yuyuan Li, Chaochao Chen, Carl Yang",180.0,,2026-12,Issue/Volume,10.1016/j.patcog.2026.114321,https://doi.org/10.1016/j.patcog.2026.114321
2270,Method,Auto-Feedback Semantic Interface Learning for Text-Based Person Retrieval,"Jiayi Li, Min Jiang, Meng Wu, Jun Kong, Saeed Anwar, Ajmal Mian",180.0,,2026-12,Issue/Volume,10.1016/j.patcog.2026.114324,https://doi.org/10.1016/j.patcog.2026.114324
2271,Method,Part-aware attention calibration and dynamic enhancement for low-resolution fine-grained image recognition,"Tiantian Yan, Jiexiang Fang, Di Guo, Xin Yang, Haojie Li, Qiang Zhang, Dongsheng Zhou",180.0,,2026-12,Issue/Volume,10.1016/j.patcog.2026.114331,https://doi.org/10.1016/j.patcog.2026.114331
2272,Method,RDFNet-SLAM: A deep learning-based RGB-D SLAM system for challenging indoor scenarios,"Ningning Li, Zexiao Xie, Xiaomin Wang, Ruiyao Wang",180.0,,2026-12,Issue/Volume,10.1016/j.patcog.2026.114325,https://doi.org/10.1016/j.patcog.2026.114325
2273,Method,Cooperative meta-learning for incremental few-shot object detection in open urban environments,"Yuan Li, Chengyuan Zhang, Song Yang, Yin Zhang, Lin Yuanbo Wu",180.0,,2026-12,Issue/Volume,10.1016/j.patcog.2026.114275,https://doi.org/10.1016/j.patcog.2026.114275
2274,Method,MSemi: Adaptive text–image fusion for semi-supervised medical image segmentation,"Ziyan Cao, Qing Cai, Fan Zhang, Cheng Zhang, Ke Yan, Zhi Liu, Mei Wu, Xiuliang Wei",180.0,,2026-12,Issue/Volume,10.1016/j.patcog.2026.114318,https://doi.org/10.1016/j.patcog.2026.114318
2275,Method,DynaCollab: Dynamic Anatomical Alignment with task-aware collaborative contrast for multimodal medical image segmentation,"Weiqing Liu, Bin Li, Lianfang Tian, Qianhui Qiu",180.0,,2026-12,Issue/Volume,10.1016/j.patcog.2026.114329,https://doi.org/10.1016/j.patcog.2026.114329
2276,Method,Silhouette generation from identity-level skeleton synthesis for improved gait recognition,"Yang Wang, Yan Huang, Caifeng Shan, Yan Huang, Liang Wang",180.0,,2026-12,Issue/Volume,10.1016/j.patcog.2026.114328,https://doi.org/10.1016/j.patcog.2026.114328
2277,Method,Three-way cluster-guided contrastive graph clustering,"Yi Xu, Yang Liu, Peng Zhou",180.0,,2026-12,Issue/Volume,10.1016/j.patcog.2026.114313,https://doi.org/10.1016/j.patcog.2026.114313
2278,Method,Bridging the encoder gap: Stability-aware efficient adaptation of SAM2 for video object segmentation,"Zhiqiang Hou, Hao Cui, Sugang Ma, Hao Yue, Chenxu Wang, Yang Liu, Lu Liu",180.0,,2026-12,Issue/Volume,10.1016/j.patcog.2026.114333,https://doi.org/10.1016/j.patcog.2026.114333
2279,Method,BeatDance: Generating beat-consistent 3D dance with hierarchical spatial–temporal modeling,"Xiaojian Shen, Dahu Shi, Jianrong Zhang, Hai Li, Hongwei Zhao, Dawei Zhang, Yunzhi Zhuge, Zhiliang Wu, Guanghui Yue, Wei Zhou",180.0,,2026-12,Issue/Volume,10.1016/j.patcog.2026.114344,https://doi.org/10.1016/j.patcog.2026.114344
2280,Method,ARF: A parameter-efficient auxiliary framework for VFM-based medical image registration,"Haojie Wang, Qingyin Zhou, Junyi Wu, Fei Yao, Zhiqiang Wang, Qi Lin, Cunzao Wu, Zhifang Pan",180.0,,2026-12,Issue/Volume,10.1016/j.patcog.2026.114284,https://doi.org/10.1016/j.patcog.2026.114284
2281,Method,Palmprint de-identification via diffusion model for high-quality and diverse synthesis,"Licheng Yan, Bob Zhang, Andrew Beng Jin Teoh, Lu Leng, Shuyi Li, Yuqi Wang, Ziyuan Yang",180.0,,2026-12,Issue/Volume,10.1016/j.patcog.2026.114334,https://doi.org/10.1016/j.patcog.2026.114334
2282,Method,Multi-view masked graph representation learning with semantic alignment for spatial multi-omics clustering,"Jinjie Zhao, Jun Wan, Wenwen Min",180.0,,2026-12,Issue/Volume,10.1016/j.patcog.2026.114316,https://doi.org/10.1016/j.patcog.2026.114316
2283,Method,DeepELIC: Deep encrypted lossy image compression network via compressive sensing unfolding,"Fangyuan Gao, Yufan Deng, Xin Deng, Zhenyu Guan, Mai Xu",180.0,,2026-12,Issue/Volume,10.1016/j.patcog.2026.114311,https://doi.org/10.1016/j.patcog.2026.114311
2284,Method,Towards invariant and interpretable representations for domain generalization in time series classification,"Yongming Chen, Zhenyu Weng, Bah Hwee Gwee, Qi Cao, Sirajudeen Gulam Razul, Zhiping Lin",180.0,,2026-12,Issue/Volume,10.1016/j.patcog.2026.114341,https://doi.org/10.1016/j.patcog.2026.114341
2285,Method,DINO-PCB: Two-stage vision foundation model pretraining and distillation for real-time circuit-board defect detection,"Junjie Ke, Lihuo He, Jing Zhang, Haiming Wang, Yuqi Ji, Hui Chen, Jie Li, Sicheng Zhao, Guiguang Ding, Xinbo Gao",180.0,,2026-12,Issue/Volume,10.1016/j.patcog.2026.114338,https://doi.org/10.1016/j.patcog.2026.114338
2286,Method,Dual-branch decoupling framework for medical one-class classification,"Lin Fan, Xun Gong, Lingsong Huang, Yafei Ou",180.0,,2026-12,Issue/Volume,10.1016/j.patcog.2026.114266,https://doi.org/10.1016/j.patcog.2026.114266
2287,Method,Prior-knowledge guidance and dual-domain representation refinement for deepfake detection,"Hao Jia, Zhiyong Cheng, Tianyi Wang, Chunjie Ma, Yibo Zhao, Zan Gao",180.0,,2026-12,Issue/Volume,10.1016/j.patcog.2026.114315,https://doi.org/10.1016/j.patcog.2026.114315
2288,Method,Towards consistent and controllable image synthesis for identity-preserving face editing,"Mengting Wei, Tuomas Varanka, Yante Li, Xingxun Jiang, Huai-Qian Khor, Guoying Zhao",180.0,,2026-12,Issue/Volume,10.1016/j.patcog.2026.114322,https://doi.org/10.1016/j.patcog.2026.114322
2289,Method,Ethereum phishing fraud detection via dynamic graph neural network with anonymous walks,"Chao Li, Yafei Zhang, Runshuo Liu, Zhongying Zhao, Hua Duan, Qingtian Zeng",180.0,,2026-12,Issue/Volume,10.1016/j.patcog.2026.114343,https://doi.org/10.1016/j.patcog.2026.114343
2290,Method,CPLN: Consistent pseudo-label noise learning for semi-supervised medical image classification,"Jiachang Liu, Yufei Wang, Dongyu He, Jiejie Zhou, Zhifang Pan",180.0,,2026-12,Issue/Volume,10.1016/j.patcog.2026.114270,https://doi.org/10.1016/j.patcog.2026.114270
2291,Method,DPIA: Dynamic Periodic Interaction and Adaptation for Multivariate Time Series forecasting,"Cheng Tan, Wenbin Zhang, Mingjing Du",180.0,,2026-12,Issue/Volume,10.1016/j.patcog.2026.114310,https://doi.org/10.1016/j.patcog.2026.114310
2292,Method,Prototypical multi-source graph contrastive domain adaptation,"Xiao Shen, Chuanyun Lin, Zhihao Chen, Junwei Gong, Xi Zhou",180.0,,2026-12,Issue/Volume,10.1016/j.patcog.2026.114312,https://doi.org/10.1016/j.patcog.2026.114312
2293,Method,Semantic-aided bag-of-words for LiDAR-based place recognition,"Jiahao Sun, Yuxiaotong Lin, Jian Zhang, Peiqi Yi, Liang Li",180.0,,2026-12,Issue/Volume,10.1016/j.patcog.2026.114335,https://doi.org/10.1016/j.patcog.2026.114335
2294,Method,Prior-informed generative hashing under non-ideal semantic manifolds for cross-modal retrieval,"Zequn Wang, Fengling Li, Tianshi Wang, Guohua Dong, Guoli Yang, Lei Zhu",180.0,,2026-12,Issue/Volume,10.1016/j.patcog.2026.114345,https://doi.org/10.1016/j.patcog.2026.114345
2295,Method,CLIP the divergence: Language-guided unsupervised domain adaptation,"Jinjing Zhu, Yucheng Chen, Lin Wang",180.0,,2026-12,Issue/Volume,10.1016/j.patcog.2026.114337,https://doi.org/10.1016/j.patcog.2026.114337
2296,Method,Entropy regularization for sparse robust fuzzy clustering via boolean weighting,"Xinru Zhang, Zhenyu Ma, Jingyu Wang, Feiping Nie, Xuelong Li",180.0,,2026-12,Issue/Volume,10.1016/j.patcog.2026.114339,https://doi.org/10.1016/j.patcog.2026.114339
2297,Method,TopoCropNet: A topologically augmented framework for robust crop disease identification,"Xiaopeng Li, Xiaoyu Chen, Shuqin Li, Yang Liu, Amol Yerudkar, Jinde Cao",180.0,,2026-12,Issue/Volume,10.1016/j.patcog.2026.114346,https://doi.org/10.1016/j.patcog.2026.114346
2298,Method,SHTOcc: Effective 3D occupancy prediction with sparse head and tail voxels,"Qiucheng Yu, Yuan Xie, Xin Tan",180.0,,2026-12,Issue/Volume,10.1016/j.patcog.2026.114340,https://doi.org/10.1016/j.patcog.2026.114340
2299,Method,Explainable anomaly detection and localization for ADHD in MRI using topological features,"Peng Wang, Jiayi Duan, Yuqing Xing, Ruihang Xu, Anyuan Xu, Haodong Chen, Shengchao Hu, Tao Wang, Shuang Liu",180.0,,2026-12,Issue/Volume,10.1016/j.patcog.2026.114347,https://doi.org/10.1016/j.patcog.2026.114347
2300,Method,GenAI-based hybrid deep learning model for network intrusion detection using synthetic traffic generation,"P. Dileep Kumar Reddy, K.V. Siva Prasad Reddy, K. Purushotham Prasad, U. Rakesh, Suneetha Racharla, M. Venkata Ramana",180.0,,2026-12,Issue/Volume,10.1016/j.patcog.2026.114362,https://doi.org/10.1016/j.patcog.2026.114362
2301,Method,HDR imaging for dynamic scenes with events,"Zhaoyuan Zeng, Xiaopeng Li, Cien Fan, Chen Zhao, Lei Deng, Lei Yu",180.0,,2026-12,Issue/Volume,10.1016/j.patcog.2026.114265,https://doi.org/10.1016/j.patcog.2026.114265
2302,Method,Cognitive task recognition via multi-band EEG features and hybrid deep learning,"Wei Quan, Shikai Liu, Yi Zhu, Qiaoqiao Jia",180.0,,2026-12,Issue/Volume,10.1016/j.patcog.2026.114288,https://doi.org/10.1016/j.patcog.2026.114288
2303,Method,High-order tensor completion via a learnable t-product-induced Fully-Connected Tensor Network decomposition,"Bin Xiao, Yu-Bang Zheng, Heng-Chao Li",180.0,,2026-12,Issue/Volume,10.1016/j.patcog.2026.114332,https://doi.org/10.1016/j.patcog.2026.114332
2304,Method,Fairness-aware graph learning via adaptive manifold structure and representation alignment,"Boyan Chen, Guixian Zhang, Jinyi Jie, Debo Cheng, Shichao Zhang",180.0,,2026-12,Issue/Volume,10.1016/j.patcog.2026.114293,https://doi.org/10.1016/j.patcog.2026.114293
2305,Method,IDCFace: Identity Consistent Face anonymization for secure recognition,"Ruiying Lu, Shuang Wan, Zimin Miao, Nannan Wang, Chunlei Peng",180.0,,2026-12,Issue/Volume,10.1016/j.patcog.2026.114326,https://doi.org/10.1016/j.patcog.2026.114326
2306,Method,BinaryAD: Efficient image anomaly detection via binarized representations,"Junjie Chen, Wenjing Zhang, Pengfei Wang, Bingyang Guo, Hanzhe Liang, Linlin Shen, Jinbao Wang, Zhichao Lu",180.0,,2026-12,Issue/Volume,10.1016/j.patcog.2026.114280,https://doi.org/10.1016/j.patcog.2026.114280
2307,Method,An intelligent elimination and choice translating reality III model based on neural networks with threshold detection,"Meng-xian Wang, Zhi Xiao, Hong-gang Peng, Jian-qiang Wang",180.0,,2026-12,Issue/Volume,10.1016/j.patcog.2026.114390,https://doi.org/10.1016/j.patcog.2026.114390
2308,Method,A novel dual decomposition optimization method on the SO(2) manifold for deep neural networks,"Weiping Liu, Jiajun Wang, He Li, Jingui Zou",180.0,,2026-12,Issue/Volume,10.1016/j.patcog.2026.114349,https://doi.org/10.1016/j.patcog.2026.114349
2309,Method,Text domain generalization via domain fuzzification and fuzzy relation-aware contrastive learning,"Qizhi Li, Baiyang Chen, Yingke Chen, Zhong Yuan, Dezhong Peng, Qilin Li, Xu Wang",180.0,,2026-12,Issue/Volume,10.1016/j.patcog.2026.114327,https://doi.org/10.1016/j.patcog.2026.114327
2310,Method,Light field image blind super-resolution via degradation representation learning,"Kailing Yong, Fan Fan, Jun Huang, You Du, Haonan Tian, Yong Ma",180.0,,2026-12,Issue/Volume,10.1016/j.patcog.2026.114330,https://doi.org/10.1016/j.patcog.2026.114330
2311,Method,Beyond single scores: A multi-cognitive objective learning for AD progression prediction,"Xuanhan Fan, Menghui Zhou, Yu Zhang, Jun Qi, Yun Yang, Po Yang",180.0,,2026-12,Issue/Volume,10.1016/j.patcog.2026.114348,https://doi.org/10.1016/j.patcog.2026.114348
2312,Method,"S3-CLIP: Structure, semantics, and saliency-enhanced alignment for person re-identification","Xiang Li, Yan Wang, Mianxiong Dong",180.0,,2026-12,Issue/Volume,10.1016/j.patcog.2026.114319,https://doi.org/10.1016/j.patcog.2026.114319
2313,Method,Efficient one-pass incomplete multi-view clustering via anchor alignment and high-order correlation exploitation,"Yu Gan, Tingzhou Yan, Hongtao Li, Xinzhong Zhu, Wei Hu, Chang Tang",180.0,,2026-12,Issue/Volume,10.1016/j.patcog.2026.114350,https://doi.org/10.1016/j.patcog.2026.114350
2314,Method,Feature space extreme value convergence theorem and copula joint model for open set recognition,"Ziheng Xia, Mengdie Wu, Feng Xiao, Hongwei Liu",180.0,,2026-12,Issue/Volume,10.1016/j.patcog.2026.114352,https://doi.org/10.1016/j.patcog.2026.114352
2315,Method,A spatial-spectral-frequency interactive network for multimodal remote sensing classification,"Hao Liu, Yunhao Gao, Wei Li, Mingyang Zhang, Maoguo Gong, Lorenzo Bruzzone",180.0,,2026-12,Issue/Volume,10.1016/j.patcog.2026.114309,https://doi.org/10.1016/j.patcog.2026.114309
2316,Method,A learnable Generalised Mean-Sum-Max aggregation operator for robust and scalable GNNs,"Wei Chen, Wenxu Yan, Wenyuan Wang",180.0,,2026-12,Issue/Volume,10.1016/j.patcog.2026.114398,https://doi.org/10.1016/j.patcog.2026.114398
2317,Method,Leveraging Neural Architecture Search for improved downstream-agnostic adversarial attack,"Haodong Xiao, Wenbo Yu, Jiahui Wang, Bin Chen, Hao Fang, Yulin Wu, Xuan Wang, Zhi Wang, Shu-Tao Xia",180.0,,2026-12,Issue/Volume,10.1016/j.patcog.2026.114378,https://doi.org/10.1016/j.patcog.2026.114378
2318,Method,Brain region anomaly detection for ASD subtypes via deep residual adaptive network with foundation models,"Jinxiong Fang, Wenli Chen, Luyun Xu, Xia-An Bi",180.0,,2026-12,Issue/Volume,10.1016/j.patcog.2026.114383,https://doi.org/10.1016/j.patcog.2026.114383
2319,Method,Multi-task SegFormer for knee ultrasound: Effusion ROI segmentation and patient-level classification of inflammatory arthritis,"Zehra Şimşek, Gökalp Tulum, Merve Dur İnce, Ferhat Cuce, Ezgi Çimen Güneş, Tuğba Çaviş, Onur Osman, Jawad Rasheed",180.0,,2026-12,Issue/Volume,10.1016/j.patcog.2026.114358,https://doi.org/10.1016/j.patcog.2026.114358
2320,Method,Blood-YOLO: Multi-scale edge and sequence-aware framework for unified blood disorder detection,"Sibei Chen, Xiaofang Song, Bei Xiong, Hui Shen, Zhiwei Ye, Liye Mei",180.0,,2026-12,Issue/Volume,10.1016/j.patcog.2026.114366,https://doi.org/10.1016/j.patcog.2026.114366
2321,Method,Diff-BODE: Diffusion guided and boundary optimized deformable black-box patch attack,"Yang Wu, Jing Liu",180.0,,2026-12,Issue/Volume,10.1016/j.patcog.2026.114370,https://doi.org/10.1016/j.patcog.2026.114370
2322,Method,FAFN: Feature alignment and filtering network for fine-grained few-shot image classification,"Jijie Wu, Qiyu Yin, Rui Zhu, Xiaoxu Li",180.0,,2026-12,Issue/Volume,10.1016/j.patcog.2026.114386,https://doi.org/10.1016/j.patcog.2026.114386
2323,Method,Camera measurement-free passive monocular visual localization,"Jingxue Bi, Zetao Wen, Baoguo Yu, Kefei Zhang, Lu Huang, Xiaomei Zhao, Xiqi Wang, Lingyun Bi, Guobiao Yao",180.0,,2026-12,Issue/Volume,10.1016/j.patcog.2026.114403,https://doi.org/10.1016/j.patcog.2026.114403
2324,Method,MHDPose: Multi-hypothesis 3D human pose estimation using bidirectional Mamba diffusion models,"Marsha Mariya Kappan, Eduardo Benitez Sandoval, Erik Meijering, Francisco Cruz",180.0,,2026-12,Issue/Volume,10.1016/j.patcog.2026.114396,https://doi.org/10.1016/j.patcog.2026.114396
2325,Method,Gen3D-Mamba: Directional state space fusion and hidden state pruning for generalizable 3D skeleton pose estimation,"Jialin Tao, Zhi Liu, Yan Sun, Xiaofeng Lu, Yu Zhang, Jie Chen",180.0,,2026-12,Issue/Volume,10.1016/j.patcog.2026.114389,https://doi.org/10.1016/j.patcog.2026.114389
2326,Method,Adaptive geometry-semantic fusion for few-shot 3D point cloud classification,"Shanshan Guo, Yali Peng, Le Hui, Shigang Liu",180.0,,2026-12,Issue/Volume,10.1016/j.patcog.2026.114397,https://doi.org/10.1016/j.patcog.2026.114397
2327,Method,Expert-guided bipolar feature disentanglement for multimodal survival prediction,"Guangli Li, Zhihao He, Qian Xiao, Fanou Yang, Jianguo Wu, Renzhong Wu, Jingqin Lv, Gongning Luo, Shiying Zeng, Yitao Zhang, Hongbin Zhang",180.0,,2026-12,Issue/Volume,10.1016/j.patcog.2026.114392,https://doi.org/10.1016/j.patcog.2026.114392
2328,Method,Physics-inspired pseudo anomaly generation and prototype feature guidance for 3D anomaly detection,"Jian Ning, Qin Zou, Linchun Wu, Yuanhao Yue, Kunmo Li, Shoubin Chen, Zhongyuan Wang",180.0,,2026-12,Issue/Volume,10.1016/j.patcog.2026.114391,https://doi.org/10.1016/j.patcog.2026.114391
2329,Method,Heterogeneous change detection via frequency domain interaction and statistical style embedding,"Wei Jing, Qiang Li, Qi Wang",180.0,,2026-12,Issue/Volume,10.1016/j.patcog.2026.114393,https://doi.org/10.1016/j.patcog.2026.114393
2330,Method,Feature-constrained consistency learning for multi-view online action detection,"Yufeng Xie, Liping Xie, Yang Lu, Jiajie Chen, Huimin Lu",180.0,,2026-12,Issue/Volume,10.1016/j.patcog.2026.114399,https://doi.org/10.1016/j.patcog.2026.114399
2331,Method,Multi-scale spatiotemporal modeling with dual-branch fusion for dynamic gesture recognition,"Jing Hu, Songtao Liu, Mingzhou Liu, Lin Ling, Xi Zhang, Maogen Ge",180.0,,2026-12,Issue/Volume,10.1016/j.patcog.2026.114395,https://doi.org/10.1016/j.patcog.2026.114395
2332,Method,Sinkhorn-Regularized Uncertainty Quantification for LLMs via entropic optimal transport,Jin Cong,180.0,,2026-12,Issue/Volume,10.1016/j.patcog.2026.114377,https://doi.org/10.1016/j.patcog.2026.114377
2333,Method,DAPA: Distribution-aware physical attacks against aerial open-vocabulary object detection,"Ruiyang Jia, Fanjie Meng, Panyu Yue, Ruofei He, Wei Sun",180.0,,2026-12,Issue/Volume,10.1016/j.patcog.2026.114371,https://doi.org/10.1016/j.patcog.2026.114371
2334,Method,RAIPP: Anchoring visual drift via foundation model priors for unsupervised incremental anomaly detection,"You Zhou, Jiangshan Zhao, Deyu Zeng, Xiaotong Luo, Haoyu Liang, Zongze Wu",180.0,,2026-12,Issue/Volume,10.1016/j.patcog.2026.114367,https://doi.org/10.1016/j.patcog.2026.114367
2335,Method,Communication-efficient personalized federal graph learning via low-rank decomposition,"Ruyue Liu, Rong Yin, Xiangzhen Bo, Xiaoshuai Hao, Xingrui Zhou, Yong Liu, Liang Li, Jinwen Zhong, Can Ma, Weiping Wang",180.0,,2026-12,Issue/Volume,10.1016/j.patcog.2026.114360,https://doi.org/10.1016/j.patcog.2026.114360
2336,Method,Elastic net-based cost-sensitive broad learning system with F-measure maximization and density harmonization,"Yanting Li, Yuan Zhang, Yiping Gao, Yusha Wang, Junwei Jin, Xiaoyun Sun, C.L. Philip Chen",180.0,,2026-12,Issue/Volume,10.1016/j.patcog.2026.114372,https://doi.org/10.1016/j.patcog.2026.114372
2337,Method,Bayesian knowledge-guided confidence aware model based on multimodal pre-trained LLMs for depression detection,"Zhihua Wang, Haotian Zhai, Tianrui Jia, Zihan Wang, Haojie Zhang, Kun Qian, Chen Xu, Zipeng Zhang, Wei Xue, Wen Qi, Bin Hu",180.0,,2026-12,Issue/Volume,10.1016/j.patcog.2026.114388,https://doi.org/10.1016/j.patcog.2026.114388
2338,Method,Align–Filter–Fuse tokens with Mutual Nearest Neighbor matching for training-free few-shot classification,"Yongchao Duan, Guichao Zhou, Yuwu Lu, Ming Zhao",180.0,,2026-12,Issue/Volume,10.1016/j.patcog.2026.114368,https://doi.org/10.1016/j.patcog.2026.114368
2339,Method,Multi-modal fusion approaches for stock market prediction: A comprehensive survey,"Ying Liu, Yiwei Lin, Cai Xu, Qingxia Jenny Wang, Jie Zhao, Ziyu Guan, Wei Zhao, Guandong Xu",180.0,,2026-12,Issue/Volume,10.1016/j.patcog.2026.114384,https://doi.org/10.1016/j.patcog.2026.114384
2340,Method,DCAF: Decoupled Cache Adaptation and Auxiliary Logit Fusion for few-shot CLIP,"Huilin Ge, Yixuan Zhao, Zhiwei Lv, Xi Yang",180.0,,2026-12,Issue/Volume,10.1016/j.patcog.2026.114382,https://doi.org/10.1016/j.patcog.2026.114382
2341,Method,CalliECD: An Error Correction Diffusion Model for Multi-Style Chinese Calligraphy Generation,"Qiyao Hu, Yinyin Luo, Xianlin Peng, Rui Cao, Jinye Peng, Jianping Fan",180.0,,2026-12,Issue/Volume,10.1016/j.patcog.2026.114373,https://doi.org/10.1016/j.patcog.2026.114373
2342,Method,Hyperbolic graph embedding: A survey and an evaluation on anomaly detection,"Souhail Abdelmouaiz Sadat, Mohamed Yacine Touahria Miliani, Khadidja Hab El Hames, Hamida Seba, Mohammed Haddad",180.0,,2026-12,Issue/Volume,10.1016/j.patcog.2026.114385,https://doi.org/10.1016/j.patcog.2026.114385
2343,Method,Cell as Point: One-stage framework for efficient cell tracking,"Yaxuan Song, Jianan Fan, Heng Huang, Mei Chen, Weidong Cai",180.0,,2026-12,Issue/Volume,10.1016/j.patcog.2026.114376,https://doi.org/10.1016/j.patcog.2026.114376
2344,Method,MGFN++: Magnitude-contrastive glance-and-focus network for weakly-supervised video anomaly detection,"Yingxian Chen, Wei-Bin Kou, Wilton Fok, Zhengzhe Liu, Xiaojuan Qi, Yik-Chung Wu",180.0,,2026-12,Issue/Volume,10.1016/j.patcog.2026.114314,https://doi.org/10.1016/j.patcog.2026.114314
2345,Method,LIGA-Net: A lightweight in-vehicle gaze estimation framework based on anisotropic attention,"Xi Li, Zexuan Yu, Daosong Hu",180.0,,2026-12,Issue/Volume,10.1016/j.patcog.2026.114363,https://doi.org/10.1016/j.patcog.2026.114363
2346,Method,Event-aware temporal modeling and semantic alignment for long-form video question answering,"Xichun Sheng, Haibo Gong, Lian Zhang, Liang Li, Jiehua Zhang, Chenggang Yan, Tao Tan",180.0,,2026-12,Issue/Volume,10.1016/j.patcog.2026.114369,https://doi.org/10.1016/j.patcog.2026.114369
2347,Method,FedDh: Dual-hypernetwork-based federated transfer learning framework for personalized myocardial infarction localization,"Shuaiying Yuan, Zhe Wang, Yongkang Qin, Xue Wang, Wangyang Yang, Hao Liu",180.0,,2026-12,Issue/Volume,10.1016/j.patcog.2026.114317,https://doi.org/10.1016/j.patcog.2026.114317
2348,Method,FEAD: Frequency-enhanced cross-modal prompt learning for zero-shot anomaly detection,"Qianyi Li, Xiaojun Chang, Qiuping Jiang",180.0,,2026-12,Issue/Volume,10.1016/j.patcog.2026.114356,https://doi.org/10.1016/j.patcog.2026.114356
2349,Method,Mitigating hallucination in Multimodal Large Language Models via cross-layer visual anchors,"Chengxu Yang, Siqi Cai, Jingling Yuan, Chuang Hu",180.0,,2026-12,Issue/Volume,10.1016/j.patcog.2026.114380,https://doi.org/10.1016/j.patcog.2026.114380
2350,Method,FedAPP: Asynchronous federated learning with data and model heterogeneity,"Yunfeng Zhao, Guoxian Yu, Jun Wang, Qingzhong Li, Dimitrios Gunopulos, Carlotta Domeniconi",180.0,,2026-12,Issue/Volume,10.1016/j.patcog.2026.114359,https://doi.org/10.1016/j.patcog.2026.114359
2351,Method,RD-IARL: Incremental action reinforcement learning based on reward deviation for multi-view end-to-end autonomous driving,"Chengcheng Xu, Haiyan Zhao, Xinghao Lu, Bingzhao Gao, Hong Chen",180.0,,2026-12,Issue/Volume,10.1016/j.patcog.2026.114361,https://doi.org/10.1016/j.patcog.2026.114361
2352,Method,DBCore: Shaping generalizable decision boundaries for coreset selection,"Diqi Chen, Jiajun Liu, Frank de Hoog, Wangzhi Xing, Brano Kusy, Jun Zhou, Yongsheng Gao",180.0,,2026-12,Issue/Volume,10.1016/j.patcog.2026.114374,https://doi.org/10.1016/j.patcog.2026.114374
2353,Method,Harnessing noisy LLM annotations: Confidence-calibrated node selection on text-attributed graphs,"Zihan Fang, Shide Du, Zhihao Wu, Zhiling Cai, Yanchao Tan, Shiping Wang, Zhouchen Lin",180.0,,2026-12,Issue/Volume,10.1016/j.patcog.2026.114379,https://doi.org/10.1016/j.patcog.2026.114379
2354,Method,FP-THD: Full page transcription of historical documents,"Hala Neji, Javier Nogueras-Iso, Javier Lacasta, Miguel Ángel Latre, Francisco Javier García-Marco",180.0,,2026-12,Issue/Volume,10.1016/j.patcog.2026.114351,https://doi.org/10.1016/j.patcog.2026.114351
2355,Method,Anomaly crowd behavior detection via optimized equivariant quantum convolutional neural network,"M Chitra, C Shanmuganathan",180.0,,2026-12,Issue/Volume,10.1016/j.patcog.2026.114452,https://doi.org/10.1016/j.patcog.2026.114452
2356,Method,CMUA++: A cross-model universal active defense framework for combating deepfake,"Xiaoyu Ye, Hao Huang, Xiaoyu Zhou, Yongtao Wang, Kai-Kuang Ma",180.0,,2026-12,Issue/Volume,10.1016/j.patcog.2026.114364,https://doi.org/10.1016/j.patcog.2026.114364
2357,Method,Order-preserving knowledge distillation,"Cong Li, Gong Cheng",180.0,,2026-12,Issue/Volume,10.1016/j.patcog.2026.114405,https://doi.org/10.1016/j.patcog.2026.114405
2358,Method,FreedomDiVe: Task-free image fusion via marginal distribution-based diffusion variational estimation,"Zihan Gui, He Huang, Guangyi Yang, Jun Liu, Jun Ma, Wei He",180.0,,2026-12,Issue/Volume,10.1016/j.patcog.2026.114400,https://doi.org/10.1016/j.patcog.2026.114400
2359,Method,Generalized Least Squares Kernelized Tensor Factorization,"Mengying Lei, Lijun Sun",180.0,,2026-12,Issue/Volume,10.1016/j.patcog.2026.114342,https://doi.org/10.1016/j.patcog.2026.114342
2360,Method,CPL-IQA: Blind image quality assessment via convolutional prototype learning,"Hui Wang, Guangcheng Wang, Ziyuan Yang, Zexin Lu, Yi Zhang",180.0,,2026-12,Issue/Volume,10.1016/j.patcog.2026.114354,https://doi.org/10.1016/j.patcog.2026.114354
2361,Method,Tabular data imputation via local and global information: A score-based diffusion approach,"Bowen Wan, Hongbo Shi, Liping Jing, Mingqi Yan, Daming Wang",180.0,,2026-12,Issue/Volume,10.1016/j.patcog.2026.114336,https://doi.org/10.1016/j.patcog.2026.114336
2362,Method,FESS-3D: Target foreground enhancement single-shot fringe projection 3D reconstruction,"Yiming Li, Zinan Li, Xiaojun Liang, Weikang Chen, Cong Liu, Chaobo Zhang, Xiaohao Wang, Weihua Gui, Wen Gao, Xinghui Li",180.0,,2026-12,Issue/Volume,10.1016/j.patcog.2026.114375,https://doi.org/10.1016/j.patcog.2026.114375
2363,Method,Fuzzy combination entropy-based outlier detector for heterogeneous data,"Xinyu Su, Zhong Yuan, Wei Huang, Hongmei Chen, Zheng Li",180.0,,2026-12,Issue/Volume,10.1016/j.patcog.2026.114407,https://doi.org/10.1016/j.patcog.2026.114407
2364,Method,Hierarchical representation allocation for efficient image super-resolution,"Nianzu Qiao, Changyin Sun, Liang Lin",180.0,,2026-12,Issue/Volume,10.1016/j.patcog.2026.114408,https://doi.org/10.1016/j.patcog.2026.114408
2365,Method,Dual-path co-distillation for cross-domain few-shot remote sensing image classification,"He Wang, Yang Xu, Ruiqing Wang, Zhihui Wei, Zebin Wu",180.0,,2026-12,Issue/Volume,10.1016/j.patcog.2026.114409,https://doi.org/10.1016/j.patcog.2026.114409
2366,Method,Reward shaping using graph MAMBA,"Jianghui Sang, Guangdi Jiang, Yongli Wang, Hua Yang, Jun Huang",180.0,,2026-12,Issue/Volume,10.1016/j.patcog.2026.114404,https://doi.org/10.1016/j.patcog.2026.114404
2367,Method,PLC-YOLO: A progressive local chunk-based model for accurate malaria microscopic image detection,"Yong Lu, Chenxu Wang, Xuze Gu, Xiuqin Pan, Ruihua Zhang",180.0,,2026-12,Issue/Volume,10.1016/j.patcog.2026.114365,https://doi.org/10.1016/j.patcog.2026.114365
2368,Method,PanoFM: An LLM-empowered panoramic foundation model with clinical semantic integration for comprehensive dental disease diagnosis,"Xu Han, Zhihan Wu, Zian Wang, Sicheng Dong, Rongteng Zhang, Jiannan Liu, Lichi Zhang",180.0,,2026-12,Issue/Volume,10.1016/j.patcog.2026.114411,https://doi.org/10.1016/j.patcog.2026.114411
2369,Method,Expansion and constriction: A unified objective perspective for heterogeneous federated learning,"Kaixuan Cong, Kaiyu Wang, Guangsheng Feng, Hongwu Lv, Wenqi Zheng, Kaiqi Zhang, Zihui Wang",180.0,,2026-12,Issue/Volume,10.1016/j.patcog.2026.114412,https://doi.org/10.1016/j.patcog.2026.114412
2370,Method,MMDiffuzzy: Fuzzy memory guided diffusion for uncertainty-aware multimodal fusion in WSI analysis,"Tianyi Zhou, Weiping Ding, Yuepeng Chen, Jiashuang Huang, Hui Luo",180.0,,2026-12,Issue/Volume,10.1016/j.patcog.2026.114394,https://doi.org/10.1016/j.patcog.2026.114394
2371,Method,FIRE: Fourier-series Implicit Neural Representations for high-fidelity continuous signal modeling,"Yan Pang, Jufeng Han, Shu Wei, Xin Ning, Lina Yu, Min Wu, Lusi Li, Hong Qin, Weijun Li",180.0,,2026-12,Issue/Volume,10.1016/j.patcog.2026.114413,https://doi.org/10.1016/j.patcog.2026.114413
2372,Method,Multi-level graph attention networks for bridging the molecular structure and odor,"Hongxin Xie, Jiande Sun, Zhihui Li, Xin Guo, Tianlin Zhang, Xiaojun Chang",180.0,,2026-12,Issue/Volume,10.1016/j.patcog.2026.114451,https://doi.org/10.1016/j.patcog.2026.114451
2373,Method,Online conformal inference with retrospective adjustment for faster adaptation to distribution shift,"Jungbin Jun, Ilsang Ohn",180.0,,2026-12,Issue/Volume,10.1016/j.patcog.2026.114406,https://doi.org/10.1016/j.patcog.2026.114406
2374,Method,HGS-OCC: Real-time 3D occupancy prediction via hybrid depth optimization with multi-representation geometry-semantic integration,"Zaipeng Duan, Xuzhong Hu, Pei An, Chenxu Dang, Xinmin Zhang, Jie Ma",180.0,,2026-12,Issue/Volume,10.1016/j.patcog.2026.114453,https://doi.org/10.1016/j.patcog.2026.114453
2375,Method,Learning semantic-spatial hierarchies representation for image super-resolution of remote sensing,"Kanghui Zhao, Tao Lu, Jiaming Wang, Yanduo Zhang, Yu Wang, Yuanzhi Wang",180.0,,2026-12,Issue/Volume,10.1016/j.patcog.2026.114426,https://doi.org/10.1016/j.patcog.2026.114426
2376,Method,CIA-Net: Common-individual attention network for interpretable brain region segmentation in biparametric MRI,"Junjie He, Bangkang Fu, Cen Pan, Dongxue Li, Yunsong Peng, Zi Xu, Rongpin Wang",180.0,,2026-12,Issue/Volume,10.1016/j.patcog.2026.114387,https://doi.org/10.1016/j.patcog.2026.114387
2377,Method,Dynamic bias compensation in soft actor–critic: A method for stable value estimation,"Han Wang, Wei Du, Yanyu Xu, Lizhen Cui",180.0,,2026-12,Issue/Volume,10.1016/j.patcog.2026.114410,https://doi.org/10.1016/j.patcog.2026.114410
2378,Method,CAMS-AMSS: Causal-aware adaptive masked subnetworks for imbalanced multimodal sentiment analysis,"Xiaosong E, Keyu Li, Dong Xing, Rui Wang",180.0,,2026-12,Issue/Volume,10.1016/j.patcog.2026.114436,https://doi.org/10.1016/j.patcog.2026.114436
2379,Method,Semi-supervised camouflaged fixation prediction via self-evolving pseudo-label learning,"Longbin Tang, Yu Fang, Chen Xia, Dingwen Zhang",180.0,,2026-12,Issue/Volume,10.1016/j.patcog.2026.114427,https://doi.org/10.1016/j.patcog.2026.114427
2380,Method,From spectrum to prototype: Full-scale aggregated perception network for infrared small target detection,"Zhipeng Wang, Duanyang Zhong, Meiwen Zhang, Yasheng Li, Wenfeng Song, Jisheng Xie, Senhao Yang, Wei Zheng, Feng Zhou",180.0,,2026-12,Issue/Volume,10.1016/j.patcog.2026.114437,https://doi.org/10.1016/j.patcog.2026.114437
2381,Method,Open-set domain adaptation via unknown sample exploration for hyperspectral image classification,"Weijun Liu, Cheng Shi, Qiguang Miao, Zhiyong Lv, Xiaofan Wang, Tao Zuo",180.0,,2026-12,Issue/Volume,10.1016/j.patcog.2026.114435,https://doi.org/10.1016/j.patcog.2026.114435
2382,Method,Multi-way dual-aligned based deep incomplete multiview learning with application to single-cell clustering,"Sanlin Mei, Ao Li, Jiahui Pan, Xiaomeng Wang, Fengwei Gu, Lili Zhou",180.0,,2026-12,Issue/Volume,10.1016/j.patcog.2026.114442,https://doi.org/10.1016/j.patcog.2026.114442
2383,Method,Boosting overlapping organoid instance segmentation using pseudo-label unmixing and synthesis-assisted learning,"Gui Huang, Kangyuan Zheng, Xuan Cai, Jiaqi Wang, Jianjia Zhang, Kaida Ning, Wenbo Wei, Yujuan Zhu, Jiong Zhang, Mengting Liu",180.0,,2026-12,Issue/Volume,10.1016/j.patcog.2026.114454,https://doi.org/10.1016/j.patcog.2026.114454
2384,Method,Conformal Recursive Feature Elimination,"Marcos López-De-Castro, Alberto García-Galindo, Ruben Armañanzas",180.0,,2026-12,Issue/Volume,10.1016/j.patcog.2026.114450,https://doi.org/10.1016/j.patcog.2026.114450
2385,Method,MediGOT: Label-free target-domain performance evaluation for medical imaging via graph-based optimal transport and reliability correction,"Xiao-Long Yin, Bing-Yao Wang, Guang-Le Song",180.0,,2026-12,Issue/Volume,10.1016/j.patcog.2026.114446,https://doi.org/10.1016/j.patcog.2026.114446
2386,Method,Orthogonal gradient projection and distribution calibration replay for few-shot class-incremental SAR target recognition,"Haohao Ren, Junyi Li, Lei Miao, Liwei Fan, Yun Zhou, Lin Zou",180.0,,2026-12,Issue/Volume,10.1016/j.patcog.2026.114447,https://doi.org/10.1016/j.patcog.2026.114447
2387,Method,Wavelet-frame guided spatial-frequency perception for small object detection in urban environments,"Cong Wang, Kai Wang",180.0,,2026-12,Issue/Volume,10.1016/j.patcog.2026.114440,https://doi.org/10.1016/j.patcog.2026.114440
2388,Method,Efficient and robust topology-based clustering,"Johann Maximilian Zollner, Balthasar Teuscher, Wejdene Mansour, Martin Werner",180.0,,2026-12,Issue/Volume,10.1016/j.patcog.2026.114415,https://doi.org/10.1016/j.patcog.2026.114415
2389,Method,FreePose: Modeling frequency-decoupled motion trajectories for 3D human pose estimation,"Xuguang Liu, Yong Wang, Xiaoqing Wang, Wenming Yang",180.0,,2026-12,Issue/Volume,10.1016/j.patcog.2026.114423,https://doi.org/10.1016/j.patcog.2026.114423
2390,Method,M2GO: Multimodal protein function prediction via heterogeneous expert interaction,"Xiaoling Luo, Ruli Zheng, Peng Chen, Xiaopeng Jin, Baoyi Pan, Bob Zhang, Chengliang Liu",180.0,,2026-12,Issue/Volume,10.1016/j.patcog.2026.114434,https://doi.org/10.1016/j.patcog.2026.114434
2391,Method,Detection transformer with Chain-Of-Thought prompted and Class-Aware Adaptive Query Selection for degenerated image,"Fei Cai, Zhong Qu, Xuehui Yin, Xuejuan Han",180.0,,2026-12,Issue/Volume,10.1016/j.patcog.2026.114432,https://doi.org/10.1016/j.patcog.2026.114432
2392,Method,The muzzle as a biometric feature: Cattle identification using unique muzzle patterns,"Tomáš Goldmann, Samuel Šimún, Filip Orság",180.0,,2026-12,Issue/Volume,10.1016/j.patcog.2026.114417,https://doi.org/10.1016/j.patcog.2026.114417
2393,Method,VERSE: Visual Embedding Reduction and Space Exploration — Latent-space clustering for improving document understanding,"Ignacio de Rodrigo, Alvaro J. Lopez-Lopez, Jaime Boal",180.0,,2026-12,Issue/Volume,10.1016/j.patcog.2026.114448,https://doi.org/10.1016/j.patcog.2026.114448
2394,Method,Frozen-Fusion network with spatial–temporal learning for video action recognition,"Zhancheng Zhang, Zuxi Zhang, Wenhao Tao, Xiaoqing Luo, Fuyuan Hu",180.0,,2026-12,Issue/Volume,10.1016/j.patcog.2026.114414,https://doi.org/10.1016/j.patcog.2026.114414
2395,Method,An interpretable depth map super-resolution method via unrolling dual-boundary consistency constrained optimization,"Lijun Zhao, Hao Ren, Jinjing Zhang, Huihui Bai, Anhong Wang",180.0,,2026-12,Issue/Volume,10.1016/j.patcog.2026.114424,https://doi.org/10.1016/j.patcog.2026.114424
2396,Method,Shape-aware unsupervised optical flow via multi-scale recurrent refinement and texture-aware loss,"Ziyang Zhou, Zemin Cai, Guanhong Huang, Jian-huang Lai, Dagang Zheng",180.0,,2026-12,Issue/Volume,10.1016/j.patcog.2026.114425,https://doi.org/10.1016/j.patcog.2026.114425
2397,Method,DPLoRA: Stable Diffusion Model distillation via Dynamic Parallel LoRA branches,"Weibin Zeng, Yan Kong, Fuzhang Wu, Youheng Ren, Sicheng Shen, Yuqing Fan, Weiming Dong",180.0,,2026-12,Issue/Volume,10.1016/j.patcog.2026.114420,https://doi.org/10.1016/j.patcog.2026.114420
2398,Method,A continuous-time generative model for irregular and regular industrial time series,"Yakun Wang, Yisheng Zou, Gang Wang, Sonlin He, Linfu Sun, Ning Zhou",180.0,,2026-12,Issue/Volume,10.1016/j.patcog.2026.114429,https://doi.org/10.1016/j.patcog.2026.114429
2399,Method,Dynamic tokenization in the Transformer era: A review and taxonomy,"Mohammad Mahdi Azizi, Bagher BabaAli, Fatemeh Ziaeetabar",180.0,,2026-12,Issue/Volume,10.1016/j.patcog.2026.114439,https://doi.org/10.1016/j.patcog.2026.114439
2400,Method,Wavelet Domain Steganography for Robust Unlearnable Data,"Jiahao Li, Yiqiang Chen, Yunbing Xing, Yang Gu",180.0,,2026-12,Issue/Volume,10.1016/j.patcog.2026.114422,https://doi.org/10.1016/j.patcog.2026.114422
2401,Method,An efficient adaptive compression method for human perception and machine vision tasks,"Lei Liu, Zhenghao Chen, Zhihao Hu, Dong Xu",180.0,,2026-12,Issue/Volume,10.1016/j.patcog.2026.114421,https://doi.org/10.1016/j.patcog.2026.114421
2402,Method,Decoupled prompt learning and cluster fusion for zero-shot anomaly detection,"Hui Liu, Zhenyan Ji, Jiuqian Dai, Zechang Xiong, Jiqiang Liu, Shen Yin, Jose Enrique Armendariz-Inigo",180.0,,2026-12,Issue/Volume,10.1016/j.patcog.2026.114428,https://doi.org/10.1016/j.patcog.2026.114428
2403,Method,Weighted granular-ball rough sets: A granular learning framework for robust feature selection and fault diagnosis,"Jingqian Wang, Jiachen Hao, Xiaohong Zhang, Jun Liu",180.0,,2026-12,Issue/Volume,10.1016/j.patcog.2026.114416,https://doi.org/10.1016/j.patcog.2026.114416
2404,Method,LOG: Local Feature-Guided Global Linguistic Sequence Reconstruction for Chinese Scene Text Recognition,"Qiuyi Xin, Chu Zhang, Qing Lang, Xiaoping Wu, Jiabin Ye, Lianwen Jin, Hengnian Qi",180.0,,2026-12,Issue/Volume,10.1016/j.patcog.2026.114431,https://doi.org/10.1016/j.patcog.2026.114431
2405,Method,GDOTrack: Multi-object tracking algorithm based on feature decoupling and appearance aggregation,"Zhigang Liu, Xinyang Liu, Tao Feng",180.0,,2026-12,Issue/Volume,10.1016/j.patcog.2026.114444,https://doi.org/10.1016/j.patcog.2026.114444
2406,Method,Relaxed domain adaptation broad learning system for cross-domain classification,"Junwei Jin, Shaokai Chang, Yanting Li, Chunhua Zhu, Jing Liang, C.L. Philip Chen",180.0,,2026-12,Issue/Volume,10.1016/j.patcog.2026.114418,https://doi.org/10.1016/j.patcog.2026.114418
2407,Method,Interactive bi-space embedding based temporal graph learning framework,"Yuchen Zhou, Jianyi Zhang, Yajie Qi, Yanan Cao, Rong Qian",180.0,,2026-12,Issue/Volume,10.1016/j.patcog.2026.114461,https://doi.org/10.1016/j.patcog.2026.114461
2408,Method,AMG-Net: A multitask network with adaptive mutual guidance for Semantic Change Detection,"Yuduo Bian, Wei Wei, Chen Ding, Lei Zhang, Jiangbin Zheng, Yanning Zhang",180.0,,2026-12,Issue/Volume,10.1016/j.patcog.2026.114458,https://doi.org/10.1016/j.patcog.2026.114458
2409,Method,Neural operators for cross-modal graph alignment,Bailing Zhang,180.0,,2026-12,Issue/Volume,10.1016/j.patcog.2026.114456,https://doi.org/10.1016/j.patcog.2026.114456
2410,Method,Camera-lidar fusion for road detection: a vision transformer-based study,"Anthony Sigama, Baohua Guo, James Chakwizira, Tendayi Gondo, David Bassir, Sen Wang, Weifan Gu",180.0,,2026-12,Issue/Volume,10.1016/j.patcog.2026.114475,https://doi.org/10.1016/j.patcog.2026.114475
2411,Method,HGNet: Hypergraph-coordinated multi-scale spatial dependency-aware fusion for image classification,"Xudong Zhou, Nian Wang, Yan Zhang, Dian Jing",180.0,,2026-12,Issue/Volume,10.1016/j.patcog.2026.114355,https://doi.org/10.1016/j.patcog.2026.114355
2412,Method,Gaussian Splatting Confidence Supervision for SPN-based depth completion,"Haipeng Guo, Junbao Li, Huanyu Liu",180.0,,2026-12,Issue/Volume,10.1016/j.patcog.2026.114460,https://doi.org/10.1016/j.patcog.2026.114460
2413,Method,MADM: Bridging Mamba and autoregressive diffusion for text-to-motion generation,"Yichen Ge, Chengyang Li, Liping Zhu, Jian Gao, Xiaojie Lin",180.0,,2026-12,Issue/Volume,10.1016/j.patcog.2026.114459,https://doi.org/10.1016/j.patcog.2026.114459
2414,Method,Zero-shot unsupervised learning with unfolded equilibrium network for remote sensing pansharpening,"Jieyi Zhu, Zihan Cao, Xiao Wu, Liang-Jian Deng",180.0,,2026-12,Issue/Volume,10.1016/j.patcog.2026.114457,https://doi.org/10.1016/j.patcog.2026.114457
2415,Method,Prompt-in-prompt learning for all-in-one image restoration,"Zilong Li, Yiming Lei, Chenglong Ma, Junping Zhang, Hongming Shan",180.0,,2026-12,Issue/Volume,10.1016/j.patcog.2026.114401,https://doi.org/10.1016/j.patcog.2026.114401
2416,Method,Few-shot multistatic ISAR target classification based on sparse hierarchical graph attention network,"Jiawei Shen, Bowen Chen, Xueru Bai, Feng Zhou",180.0,,2026-12,Issue/Volume,10.1016/j.patcog.2026.114462,https://doi.org/10.1016/j.patcog.2026.114462
2417,Method,RDNet: Dynamic filtering guided transformer with cross-batch feature retention for camouflaged object detection,"Jun Wang, Songxiao Geng, Jinjia Peng, Weibin Liu, Shuaiqi Liu",180.0,,2026-12,Issue/Volume,10.1016/j.patcog.2026.114353,https://doi.org/10.1016/j.patcog.2026.114353
2418,Method,Interpretable image complexity modeling via multi-attribute cross-modal learning and cognitive alignment,"Xiaoying Guo, Yuanhao Liu, Liang Li, Jing Yang, Yuhua Qian",180.0,,2026-12,Issue/Volume,10.1016/j.patcog.2026.114466,https://doi.org/10.1016/j.patcog.2026.114466
2419,Method,DUMIR: Dynamic Uncertainty-Aware Multimodal Intent Recognition,"Weiyin Gong, Kai Zhang, Xinjie Sun, Yanghai Zhang, Hui Li",180.0,,2026-12,Issue/Volume,10.1016/j.patcog.2026.114474,https://doi.org/10.1016/j.patcog.2026.114474
2420,Method,TD-SRN: Degradation-modulated Tri-Domain Synergistic Reconstruction Network for sparse-view CT,"Rui-Jun Bai, Yihong Li, Zhong Li, Luyang Li, Hanming Wei, Chenkai Zhao, Jia Guo, Ping Chen",180.0,,2026-12,Issue/Volume,10.1016/j.patcog.2026.114441,https://doi.org/10.1016/j.patcog.2026.114441
2421,Method,MARINE-Net: Physics-guided lightweight CNN-INR architecture for underwater image restoration and color enhancement,"Suthir Sriram, Nivethitha Vijayaraj, Swamynathan V.P., Gaurav Choudhary, Thangavel Murugan",180.0,,2026-12,Issue/Volume,10.1016/j.patcog.2026.114463,https://doi.org/10.1016/j.patcog.2026.114463
2422,Method,GFedHPR: Graph Federated Learning for Hybrid Privacy Recommendation,"Ce Na, Qingqing Ye, Kai Yang, Dengzhao Fang, Yu Li, Jingtong Gao, Chengcheng Zhu, Jiale Zhang, Xiaobing Sun, Yi Chang",180.0,,2026-12,Issue/Volume,10.1016/j.patcog.2026.114468,https://doi.org/10.1016/j.patcog.2026.114468
2423,Method,Facial age estimation using age-region joint distribution,"Dongjun Choi, Sangwook Yoo",180.0,,2026-12,Issue/Volume,10.1016/j.patcog.2026.114469,https://doi.org/10.1016/j.patcog.2026.114469
2424,Method,An Anchor Graph-based Clustering Framework for Imbalanced Large-scale Data,"Guoping Kong, Huisheng Zhang, Qinwei Fan, Jian Wang",180.0,,2026-12,Issue/Volume,10.1016/j.patcog.2026.114473,https://doi.org/10.1016/j.patcog.2026.114473
2425,Method,Unsupervised multimodal remote sensing image registration via two-stream causal sequential inference,"Han Yang, Baoheng Wang, Lu Zhang, Yuan Luo, Risheng Huang, Yong Peng, Wanzeng Kong",180.0,,2026-12,Issue/Volume,10.1016/j.patcog.2026.114471,https://doi.org/10.1016/j.patcog.2026.114471
2426,Method,Weather-aware multi-granularity representation learning for cross-view geo-localization under adverse conditions,"Shifeng Xu, Jun Sun, Xujie Long, Jun Liu, Dejun Zhang",180.0,,2026-12,Issue/Volume,10.1016/j.patcog.2026.114445,https://doi.org/10.1016/j.patcog.2026.114445
2427,Method,A Retinex-based frequency-gradient optimization framework for infrared and visible image fusion,"Yuanwei Xie, Zilong Xue, Chenyoukang Lin, Xiaozheng Fan, Bo Wang",180.0,,2026-12,Issue/Volume,10.1016/j.patcog.2026.114501,https://doi.org/10.1016/j.patcog.2026.114501
2428,Method,Point cloud compression using graph neural networks,"Xiangjie Zhang, Huanqiang Zeng, Lei Cai, Xinrong Gong, Junhui Hou, Jianqing Zhu",180.0,,2026-12,Issue/Volume,10.1016/j.patcog.2026.114487,https://doi.org/10.1016/j.patcog.2026.114487
2429,Method,Bi-directional Self-Registration for misaligned infrared–visible image fusion,"Timing Li, Bing Cao, Qinghua Hu, Pengfei Zhu",180.0,,2026-12,Issue/Volume,10.1016/j.patcog.2026.114498,https://doi.org/10.1016/j.patcog.2026.114498
2430,Method,Cross-view alignment guided deep anchor multi-view clustering,"Hu Lu, Tong Li, Shengli Wu",180.0,,2026-12,Issue/Volume,10.1016/j.patcog.2026.114430,https://doi.org/10.1016/j.patcog.2026.114430
2431,Method,Unlocking the candidates: Beam-aware reasoning for audio–visual speech recognition,"Haoran Li, Haonan Wang, Ruixin Zhang, Xiaofan Li, Jun Wang, Shao Zeng, Qiong Jia, Tianjun Gu, Shouhong Ding, Xin Tan, Yan Gao",180.0,,2026-12,Issue/Volume,10.1016/j.patcog.2026.114357,https://doi.org/10.1016/j.patcog.2026.114357
2432,Method,Answer-syntax guided handwritten mathematical expression recognition for intelligent education,"Mingyu Fan, Xiangshu Ruan, Xiangli Nie, Jianan Sun, Pengcheng Qian, Qianjin Chen, Matthias Rätsch",180.0,,2026-12,Issue/Volume,10.1016/j.patcog.2026.114500,https://doi.org/10.1016/j.patcog.2026.114500
2433,Method,MACSL: A gradient-based multi-label acyclic causal structure learner,"Lin Ma, Liang Hu, Qiang Huang, Pingting Hao, Yonghao Li, Juncheng Hu, Weiping Ding",180.0,,2026-12,Issue/Volume,10.1016/j.patcog.2026.114443,https://doi.org/10.1016/j.patcog.2026.114443
2434,Method,Curve3D: Curvature-aware masked autoencoder for self-supervised point cloud understanding,"Yiding Sun, Chaoyi Lu, Haozhe Cheng, Jun Wang, Huimin Lu, Lin Chen, Jihua Zhu",180.0,,2026-12,Issue/Volume,10.1016/j.patcog.2026.114465,https://doi.org/10.1016/j.patcog.2026.114465
2435,Method,PC2F: Language-guided Progressive Calibration and Cascade Filtering for Remote Sensing Visual Grounding,"Long Sun, Zhengyang Wang, Licheng Jiao, Xu Liu, Lingling Li, Xiaoqiang Lu, Fang Liu, Shuo Li, Dan Zhang, Xiaolin Tian, Xiaowen Zhang",180.0,,2026-12,Issue/Volume,10.1016/j.patcog.2026.114449,https://doi.org/10.1016/j.patcog.2026.114449
2436,Method,CoMFormer: An explainable multimodal framework for Alzheimer’s disease diagnosis,"Shruti Pallawi, Dushyant Kumar Singh, Ashish Singh, Surbhi B. Khan, Shakila Basheer, Sushil Kumar Singh",180.0,,2026-12,Issue/Volume,10.1016/j.patcog.2026.114472,https://doi.org/10.1016/j.patcog.2026.114472
2437,Method,Two-stage decomposition network for handwritten Chinese character error correction,"Pengfei Hu, Zhenrong Zhang, Jiefeng Ma, Jun Du, Jianshu Zhang, Jianqing Gao, Feng Ma, Qingfeng Liu",180.0,,2026-12,Issue/Volume,10.1016/j.patcog.2026.114464,https://doi.org/10.1016/j.patcog.2026.114464
2438,Method,MambaCSR: Dual-interleaved scanning for compressed image super-resolution with SSMs,"Yulin Ren, Xin Li, Mengxi Guo, Bingchen Li, Shijie Zhao, Zhibo Chen",180.0,,2026-12,Issue/Volume,10.1016/j.patcog.2026.114402,https://doi.org/10.1016/j.patcog.2026.114402
2439,Method,QRel: Relation-sensitive QKV Scoring for link prediction in heterogeneous graphs,"Puneet Kapoor, Sakshi Kaushal, Harish Kumar, Kushal Kanwar",180.0,,2026-12,Issue/Volume,10.1016/j.patcog.2026.114502,https://doi.org/10.1016/j.patcog.2026.114502
2440,Method,ASTRM: Adaptive spatio-temporal reasoning for audio-visual question answering,"Mingxiang Wen, Yixin Wang, Xujian Zhao, Peiquan Jin, Hongyou Chen, Bo Li, Yin Long, Zhenwen Ren, Xingfeng Li, Chunming Yang, Hui Zhang",180.0,,2026-12,Issue/Volume,10.1016/j.patcog.2026.114470,https://doi.org/10.1016/j.patcog.2026.114470
2441,Method,PalmSecGANNet: Deep learning-based secure palmprint recognition with cancelable templates,"Md Sabuj Khan, Ting Zhong, Hengjian Li, Fan Zhou, Muhammad Zamir",180.0,,2026-12,Issue/Volume,10.1016/j.patcog.2026.114476,https://doi.org/10.1016/j.patcog.2026.114476
2442,Method,Structural causal diffusion model for underwater image enhancement,"Wei Zheng, Qianqi Chang, Youen Zhao",180.0,,2026-12,Issue/Volume,10.1016/j.patcog.2026.114478,https://doi.org/10.1016/j.patcog.2026.114478
2443,Method,Kernelized fuzzy β-covering rough set and its application to noise-resilient multilabel feature selection,"Tianyu Wang, Chengwei Liao, Shuai Liu, Bin Yang",180.0,,2026-12,Issue/Volume,10.1016/j.patcog.2026.114485,https://doi.org/10.1016/j.patcog.2026.114485
2444,Method,MotionDETR: Motion-aware Detection Transformer for sports video object detection,"Qingyuan Li, Shu Zhou, Yushan He, Ruiang Qi, Mengxin Qi, Yousong Yue",180.0,,2026-12,Issue/Volume,10.1016/j.patcog.2026.114494,https://doi.org/10.1016/j.patcog.2026.114494
2445,Method,Improving attribution through transferable adversarial attacks,"Zhiyu Zhu, Jiayu Zhang, Zhibo Jin, Xinyi Wang, Huaming Chen, Jianlong Zhou, Fang Chen",180.0,,2026-12,Issue/Volume,10.1016/j.patcog.2026.114496,https://doi.org/10.1016/j.patcog.2026.114496
2446,Method,Time-Unified Diffusion Policy with action discrimination for robotic manipulation,"Ye Niu, Sanping Zhou, Yizhe Li, Ye Deng, Le Wang",180.0,,2026-12,Issue/Volume,10.1016/j.patcog.2026.114491,https://doi.org/10.1016/j.patcog.2026.114491
2447,Method,ResiDet: Robust point cloud object detection framework under degraded visual environments with state space model,"Shengdi Sun, Songyue Yang, Zhangyu Wang, Runsen Liu, Guizhen Yu",180.0,,2026-12,Issue/Volume,10.1016/j.patcog.2026.114477,https://doi.org/10.1016/j.patcog.2026.114477
2448,Method,Dual feature-driven approach for partial multi-label learning,"Yanqiang Tu, Gengyu Lyu, Wei Ke, Wenbin Qian, Wuman Luo",180.0,,2026-12,Issue/Volume,10.1016/j.patcog.2026.114433,https://doi.org/10.1016/j.patcog.2026.114433
2449,Method,Mitigating single-view constraints for robust 3D reconstruction,"Bi Zeng, Song Wen, Qiaoxia Zhong, Zhuangkai Yao, Zhentao Lin",180.0,,2026-12,Issue/Volume,10.1016/j.patcog.2026.114492,https://doi.org/10.1016/j.patcog.2026.114492
2450,Method,A simple deep multi-task sparse modeling method via group sparsity regularization,"Yayu Zhang, Yuhua Qian, Xinyan Liang, Jieting Wang, Liyun Xu, Honghong Cheng",180.0,,2026-12,Issue/Volume,10.1016/j.patcog.2026.114482,https://doi.org/10.1016/j.patcog.2026.114482
2451,Method,APDiff: An Adaptive Physics-Guided Diffusion Framework for efficient unpaired image dehazing,"Li Zhao, Hanqi Wang, Chenxiang Fan, Haigen Hu, Wenqi Ren, Zhonglong Zheng, Xiaoqin Zhang",180.0,,2026-12,Issue/Volume,10.1016/j.patcog.2026.114480,https://doi.org/10.1016/j.patcog.2026.114480
2452,Method,MiRNA-disease association prediction via multi-view graph attention fusion network,"Xiao Zheng, Shiye Cheng, Wen Zhou, Qiyi He, Zhiwei Ye, Li Jin",180.0,,2026-12,Issue/Volume,10.1016/j.patcog.2026.114381,https://doi.org/10.1016/j.patcog.2026.114381
2453,Method,HCLIP-AD: Calibrating text-image foundation models with hierarchical semantic alignment for zero-shot anomaly detection,"Hui Yan, Gaochang Wu, Jinliang Ding",180.0,,2026-12,Issue/Volume,10.1016/j.patcog.2026.114490,https://doi.org/10.1016/j.patcog.2026.114490
2454,Method,VIM-Net: A voxel-interaction multimodal network for 3D object detection,"Minghan Wang, Bin Lu, Yang Sun, Xijiong Wang, Yonghuai Liu, Ardhendu Behera, Baowen Zhang",180.0,,2026-12,Issue/Volume,10.1016/j.patcog.2026.114481,https://doi.org/10.1016/j.patcog.2026.114481
2455,Method,Frequency-selective boundary transition learning for mixed-modality medical image segmentation,"Lijuan Xu, Dong Lian, Fuqiang Yu, Fenghua Tong, Shengnan Zhao, Yifei Li, Dawei Zhao",180.0,,2026-12,Issue/Volume,10.1016/j.patcog.2026.114483,https://doi.org/10.1016/j.patcog.2026.114483
2456,Method,Seeing cracks in frequency: FD-Mamba accurately segments cracks via frequency-difference priors,"Wanqiang Cai, Junwen Zheng, Xiaoyu Liu, Jiarui Sun, Yutao Hu, Jiasong Wu, Da Chen, Zongyuan Ge, Laurent D. Cohen",180.0,,2026-12,Issue/Volume,10.1016/j.patcog.2026.114486,https://doi.org/10.1016/j.patcog.2026.114486
2457,Method,Unsupervised feature selection via discriminative k-means and adaptive graph learning,"Longyan Xiang, Hongmei Chen, Biao Xiang, Zhong Yuan, Shi-Jinn Horng, Tianrui Li",180.0,,2026-12,Issue/Volume,10.1016/j.patcog.2026.114505,https://doi.org/10.1016/j.patcog.2026.114505
2458,Method,DGA-GCN: Dynamic Global Adaptive Graph Convolutional Networks for skeleton-based action recognition,"Zhao Pei, Yanni Xue, Zhichao Ren, Chengcai Leng, Wenwen Zhang, Yee-Hong Yang",180.0,,2026-12,Issue/Volume,10.1016/j.patcog.2026.114506,https://doi.org/10.1016/j.patcog.2026.114506
2459,Method,ERCAD: An embedding replay method for continual anomaly detection and segmentation,"Zhipeng Deng, Gen Yang, Bing Tu, Yong Liu, Junfeng Man",180.0,,2026-12,Issue/Volume,10.1016/j.patcog.2026.114507,https://doi.org/10.1016/j.patcog.2026.114507
2460,Method,SDFusion: A backbone-level infrared and visible image fusion method driven by segmentation and detection,"Wenlei Chen, Hanlin Qin, Yushuai Xiao, Xupei Zhang, Shuowen Yang",180.0,,2026-12,Issue/Volume,10.1016/j.patcog.2026.114503,https://doi.org/10.1016/j.patcog.2026.114503
2461,Method,PAGS-relight: Position-aware Gaussian Splatting scene relighting with multi-view diffusion models,"Jiangnan Ye, Jiedong Zhuang, Jianhong Bai, Lianrui Mu, Wuhao Tan, Jiayi Xu, Syed A.R. Abu-Bakar, Haoji Hu",180.0,,2026-12,Issue/Volume,10.1016/j.patcog.2026.114438,https://doi.org/10.1016/j.patcog.2026.114438
2462,Method,SDSSM: Sparse Dual-domain State-Space Modeling for physics-prior-guided underwater image enhancement,"Dingshuo Liu, Mingrui Kong, Hongyu Pan, Chenlong Li, Qingling Duan",180.0,,2026-12,Issue/Volume,10.1016/j.patcog.2026.114508,https://doi.org/10.1016/j.patcog.2026.114508
2463,Method,Quantization and disentanglement for cross-modal alignment in neural speech reconstruction from brain activity,"Che Liu, Changde Du, Xiaoyu Chen, Huiguang He",180.0,,2026-12,Issue/Volume,10.1016/j.patcog.2026.114499,https://doi.org/10.1016/j.patcog.2026.114499
2464,Method,Lightweight mamba-based spatial–spectral model for high-compression snapshot spectral compressive imaging,"Zheyu Shi, Lishun Wang, Ting Luo, Miao Cao, Yong Zhong, Xin Yuan",180.0,,2026-12,Issue/Volume,10.1016/j.patcog.2026.114455,https://doi.org/10.1016/j.patcog.2026.114455
2465,Method,IRCDG: Adaptive all-in-one image restoration via component-divided guidance,"Wei Sun, Xinbo Gao, Haotian Li, Yibao Zhao, Xueling Chen, Zhiqiang Hou, Yanning Zhang",180.0,,2026-12,Issue/Volume,10.1016/j.patcog.2026.114488,https://doi.org/10.1016/j.patcog.2026.114488
2466,Method,M3GAE: Motif-guided multi-view masked graph autoencoder for graph representation learning,"Xizhen Zhu, Qiqi Zhang, Huanqing Cui, Chao Li, Zhongying Zhao",180.0,,2026-12,Issue/Volume,10.1016/j.patcog.2026.114495,https://doi.org/10.1016/j.patcog.2026.114495
2467,Method,MC-DMVC: Discriminative and consensus-aware deep multi-view clustering,"Guanghong Zhou, Yong Wang, Wei Wang, Guifu Lu, Chao Kong, Xingyuan Ji",180.0,,2026-12,Issue/Volume,10.1016/j.patcog.2026.114497,https://doi.org/10.1016/j.patcog.2026.114497
2468,Method,LISA-Net: Lateral Inhibition and Structure Alignment Network,"Wei Chen, Peize Li, Qilan Lin, Shu Zhou",180.0,,2026-12,Issue/Volume,10.1016/j.patcog.2026.114504,https://doi.org/10.1016/j.patcog.2026.114504
2469,Method,UFDM: An Unsupervised Frequency-domain Diffusion Model for removing surgical smoke,"Xingwu Huang, Zhiqiang Wang, Weilin Lin, Wankai Fu, Yuping Hong, Sufang Qiu, Ge Lou, Zhaocong Zhang",180.0,,2026-12,Issue/Volume,10.1016/j.patcog.2026.114528,https://doi.org/10.1016/j.patcog.2026.114528
2470,Method,Federated continual learning with domain-routed historical expert matching for multimodal perception,"Xiuheng Liao, Zhiwei Si, Tao Liu, Di Wu, Buzhen He, Weiyu Wang, Chunhua Su",180.0,,2026-12,Issue/Volume,10.1016/j.patcog.2026.114532,https://doi.org/10.1016/j.patcog.2026.114532
2471,Method,A transformer-based framework with sufficient feature representation and dynamic class balancing for road event detection,"Fujin Zhong, Chenxi Hu, Tingting He, Hong Yu, Yan Yang",180.0,,2026-12,Issue/Volume,10.1016/j.patcog.2026.114489,https://doi.org/10.1016/j.patcog.2026.114489
2472,Method,RAP-VIoT: Resource-adaptive and scalable vision with IoT guidance and traceability,"Xianghui Meng, Jionghao Lin",180.0,,2026-12,Issue/Volume,10.1016/j.patcog.2026.114530,https://doi.org/10.1016/j.patcog.2026.114530
2473,Method,Illumination-aware context modeling for low-light image enhancement in complex real scenes,"Kailun Ji, Bingrong Xu, Chuang Xu, Jianhua Yin, Zhigang Zeng",180.0,,2026-12,Issue/Volume,10.1016/j.patcog.2026.114484,https://doi.org/10.1016/j.patcog.2026.114484
2474,Method,Multi-view Feature Selection method with adaptive projection subspace Fusion,"Jun Liu, Chenglong Zhang, Tongxue Zhou, Yi Liu, Razieh Sheikhpour, Yadi Wang, Junyi Guan, Jiejiang Chen, Bingbing Jiang",180.0,,2026-12,Issue/Volume,10.1016/j.patcog.2026.114467,https://doi.org/10.1016/j.patcog.2026.114467
2475,Method,A gravitational-potential-field-inspired density-based clustering algorithm,"Yongxu Chen, Mei Chen, Lipeng Wei, Chi Zhang",180.0,,2026-12,Issue/Volume,10.1016/j.patcog.2026.114493,https://doi.org/10.1016/j.patcog.2026.114493
2476,Method,DRDFL: Divide-and-conquer collaboration for efficient Ring-topology Decentralized Federated Learning,"Shunxin Guo, Jiaqi Lv, Xin Geng",180.0,,2026-12,Issue/Volume,10.1016/j.patcog.2026.114526,https://doi.org/10.1016/j.patcog.2026.114526
2477,Method,SWA-PF: Semantic-weighted adaptive particle filter for memory-efficient 4-DoF UAV localization in GNSS-denied environments,"Jiayu Yuan, Ming Dai, Enhui Zheng, Chao Su, Nanxing Chen, Qiming Hu, Shibo Zhu, Yibin Cao",180.0,,2026-12,Issue/Volume,10.1016/j.patcog.2026.114522,https://doi.org/10.1016/j.patcog.2026.114522
2478,Method,Reliable continual multi-modal clustering,"Guoliang Zou, Shizhe Hu, Sijia Li, Yuyang Du, Tongji Chen, Yangdong Ye",180.0,,2026-12,Issue/Volume,10.1016/j.patcog.2026.114527,https://doi.org/10.1016/j.patcog.2026.114527
2479,Method,Exploring internal potential: Semantic granularity-guided feature fusion for fine-grained open-set recognition,"Chaohua Li, Chuanxing Geng, Enhao Zhang, Songcan Chen",180.0,,2026-12,Issue/Volume,10.1016/j.patcog.2026.114529,https://doi.org/10.1016/j.patcog.2026.114529
2480,Method,Quality-robust text-to-image group retrieval under progressive visual degradation,"Ling Mei, Xiao Wang, Xin Yuan, Zainan Guo, Yuliang Liu",180.0,,2026-12,Issue/Volume,10.1016/j.patcog.2026.114533,https://doi.org/10.1016/j.patcog.2026.114533
2481,Method,Noise-tolerant optimal decision trees with explicit error budgets for interpretable decision support,"Zhigao Huang, Quanfa Li, Yuzhuo Pan",180.0,,2026-12,Issue/Volume,10.1016/j.patcog.2026.114531,https://doi.org/10.1016/j.patcog.2026.114531
2482,Method,Query-based model extraction attack: A survey,"Yulin Wu, Zelin Li, Yuxin Wang, Aiwei Liu, Shuhan Qi, Bin Chen, Xuan Wang",180.0,,2026-12,Issue/Volume,10.1016/j.patcog.2026.114523,https://doi.org/10.1016/j.patcog.2026.114523
2483,Method,Inter-instance similarity modeling for contrastive learning,"Chengchao Shen, Dawei Liu, Hao Tang, Zhe Qu, Jianxin Wang",180.0,,2026-12,Issue/Volume,10.1016/j.patcog.2026.114509,https://doi.org/10.1016/j.patcog.2026.114509
2484,Method,Rapid recognition of partially occluded faces via semi-tensor product compressed sensing,"Yunlong Li, Jun-e Feng, Shihua Fu",180.0,,2026-12,Issue/Volume,10.1016/j.patcog.2026.114525,https://doi.org/10.1016/j.patcog.2026.114525
2485,Method,Harmonized medical federated learning via redundancy-aware client consistency,"Jingjun Yi, Yuexiang Li, Hao Zhang, Qi Bi, Wei Ji, Huimin Huang, Yawen Huang, Yefeng Zheng, Feiyue Huang",180.0,,2026-12,Issue/Volume,10.1016/j.patcog.2026.114524,https://doi.org/10.1016/j.patcog.2026.114524
2486,Method,Self-paced contrastive learning with multiple negative proposals for weakly supervised temporal sentence grounding,"Qiming Zhang, Zhengping Hu, Jirui Di, Hehao Zhang",180.0,,2026-12,Issue/Volume,10.1016/j.patcog.2026.114545,https://doi.org/10.1016/j.patcog.2026.114545
2487,Method,Corrigendum to “A Dual Residual Transformer Architecture for Indoor Semantic Occupancy Prediction” [Pattern Recognition 179 (2026) 113667],"Shizhang Fang, Qi Zheng, Xu Wang",180.0,,2026-12,Issue/Volume,10.1016/j.patcog.2026.114534,https://doi.org/10.1016/j.patcog.2026.114534
2488,Method,Ultra-short rPPG estimation via periodicity guidance and signal reconstruction,"Pei-Kai Huang, Ya-Ting Chan, Kuan-Wen Chen, Chiou-Ting Hsu, Xiaoding Wang, Md. Jalil Piran",180.0,,2026-12,Issue/Volume,10.1016/j.patcog.2026.114573,https://doi.org/10.1016/j.patcog.2026.114573
2489,Method,DPA-Net: Dynamic prototype adaptation network with background suppression for few-shot object detection,"Yimeng Zhang, Rong Pan, Yuanze Zhang, Min Dang, Gang Liu",180.0,,2026-12,Issue/Volume,10.1016/j.patcog.2026.114540,https://doi.org/10.1016/j.patcog.2026.114540
2490,Method,Variational inference for the Bingham mixture model and applications,"Jiaxun Guo, Wentao Fan, Manar Amayri, Nizar Bouguila",180.0,,2026-12,Issue/Volume,10.1016/j.patcog.2026.114560,https://doi.org/10.1016/j.patcog.2026.114560
2491,Method,Dual-domain attention for individualized visual encoding from multimodal neuroimaging,"Wei Huang, Pengfei Yang, Luan Zhang, Hanziheng Cheng, Hengjiang Li, Fan Qin, Jingpeng Li, Xi Jiang, Rong Li, Huafu Chen",180.0,,2026-12,Issue/Volume,10.1016/j.patcog.2026.114539,https://doi.org/10.1016/j.patcog.2026.114539
2492,Method,BadDenoise: Backdoor attacks on self-supervised image denoising,"Ji Guo, Yansong Lin, Man Jiang, Jielei Wang, Cong Chen, Wenbo Jiang, Hongwei Li",180.0,,2026-12,Issue/Volume,10.1016/j.patcog.2026.114565,https://doi.org/10.1016/j.patcog.2026.114565
2493,Method,SAFE: A Semantic–Appearance Full-body Editor for pedestrian video anonymization,"Jingzhe Ma, Chao Fan, Dingqiang Ye, Jinfeng Yang, Dongyang Jin, Chengwen Luo, Jianqiang Li, Fuad Mire Hassan, Shiqi Yu",180.0,,2026-12,Issue/Volume,10.1016/j.patcog.2026.114543,https://doi.org/10.1016/j.patcog.2026.114543
2494,Method,Collaborative adaptation without forgetting in source-free domain adaptation,"Jisu Han, Joong-Won Hwang, Hyunsouk Cho, Wonjun Hwang",180.0,,2026-12,Issue/Volume,10.1016/j.patcog.2026.114551,https://doi.org/10.1016/j.patcog.2026.114551
2495,Method,EEdgeGNN: A local enhanced dynamic graph neural network with edge change perception,"Husheng Guo, Zhilin Cui, Xufei Zhang, Wenjian Wang",180.0,,2026-12,Issue/Volume,10.1016/j.patcog.2026.114538,https://doi.org/10.1016/j.patcog.2026.114538
2496,Method,A unified framework for sparse-view CT reconstruction via back-projection tensor interpolation,"Yongbo Wang, Zerui Mao, Qing Xiao, Shipeng Wang, Dong Zeng, Jianhua Ma, Lin Xie",180.0,,2026-12,Issue/Volume,10.1016/j.patcog.2026.114541,https://doi.org/10.1016/j.patcog.2026.114541
2497,Method,HazeRes-DFDet: Haze-Resilient Depth–Frequency Detector for foggy drone images,"Yiwen Chen, Wenjie Li, Guangwei Gao, Yanchao Li, Jiucheng Xie, Yi Yu",180.0,,2026-12,Issue/Volume,10.1016/j.patcog.2026.114544,https://doi.org/10.1016/j.patcog.2026.114544
2498,Method,Uncertainty-aware multimodal affective data fusion for personalized mental health dialogue,"Xianxun Zhu, Erik Cambria, Hui Chen",180.0,,2026-12,Issue/Volume,10.1016/j.patcog.2026.114574,https://doi.org/10.1016/j.patcog.2026.114574
2499,Method,DDAN: Dual-Dimensional Attention Network for image–text retrieval,"Rui Cao, Donglin Zhang, Xiao-Jun Wu",180.0,,2026-12,Issue/Volume,10.1016/j.patcog.2026.114556,https://doi.org/10.1016/j.patcog.2026.114556
2500,Method,MambaTS: Improved selective state space models for long-term time series forecasting,"Xiuding Cai, Xueyao Wang, Yaoyao Zhu, Yu Yao",180.0,,2026-12,Issue/Volume,10.1016/j.patcog.2026.114536,https://doi.org/10.1016/j.patcog.2026.114536
2501,Method,Generative representation learning with information disentanglement and global alignment for infrared and visible image fusion,"Hongbing Wu, Yuchen Zhang, Bei Sun, Xiaoyong Sun, Xiaojun Guo, Zhuo Zhang, Hanxiang Qian, Siyang Huang, Runze Guo, Shaojing Su",180.0,,2026-12,Issue/Volume,10.1016/j.patcog.2026.114553,https://doi.org/10.1016/j.patcog.2026.114553
2502,Method,Joint cardiac motion estimation and segmentation in MR images via structure-aware multi-manifold fusion,"Qifeng Zhao, Xuchu Wang",180.0,,2026-12,Issue/Volume,10.1016/j.patcog.2026.114563,https://doi.org/10.1016/j.patcog.2026.114563
2503,Method,BengHWR: A robust handwritten word recognizer in Bengali,"Moumita Moitra, Sujan Kumar Saha",180.0,,2026-12,Issue/Volume,10.1016/j.patcog.2026.114557,https://doi.org/10.1016/j.patcog.2026.114557
2504,Method,Learning rotation and reflection equivariant representations for electrical impedance tomography reconstruction,"Shuaikai Shi, Ruiyuan Kang, Panos Liatsis",180.0,,2026-12,Issue/Volume,10.1016/j.patcog.2026.114559,https://doi.org/10.1016/j.patcog.2026.114559
2505,Method,Describe-to-Score: A text-guided framework for image complexity assessment,"Shipeng Liu, Liang Zhao, Dengfeng Chen, Zhonglin Zhang",180.0,,2026-12,Issue/Volume,10.1016/j.patcog.2026.114549,https://doi.org/10.1016/j.patcog.2026.114549
2506,Method,ARTFuse-Net: Reliable OCT–OCTA multi-view fusion for structured retinal disease classification,"Tao Zhuang, Linqian Yang, Zhong Jin, Sula Huang, Xiyin Wu",180.0,,2026-12,Issue/Volume,10.1016/j.patcog.2026.114571,https://doi.org/10.1016/j.patcog.2026.114571
2507,Method,Bloom–Weave–Balance: A sample-efficient framework for hyperspectral image classification,"Rong Liu, Jiayang Huang, Jiaqi Yang",180.0,,2026-12,Issue/Volume,10.1016/j.patcog.2026.114577,https://doi.org/10.1016/j.patcog.2026.114577
2508,Method,SNNSIR: A fully Spiking Neural Network for Stereo Image Restoration,"Ronghua Xu, Jin Xie, Jing Nie, Jiale Cao, Yanwei Pang",180.0,,2026-12,Issue/Volume,10.1016/j.patcog.2026.114546,https://doi.org/10.1016/j.patcog.2026.114546
2509,Method,MorVess: Morphology-aware pulmonary vessel segmentation network,"Fuyou Mao, Yifei Chen, Beining Wu, Lixin Lin, Jinnan Dai, Zhiling Li, Yilei Chen, Yaqi Wang, Hao Zhang, Yan Tang, Huiyu Zhou, Feiwei Qin",180.0,,2026-12,Issue/Volume,10.1016/j.patcog.2026.114550,https://doi.org/10.1016/j.patcog.2026.114550
2510,Method,AME: Auxiliary Model Enhancement for cross-modal few-shot learning,"Chengqian Yu, Yihong Chen, Yuwu Lu",180.0,,2026-12,Issue/Volume,10.1016/j.patcog.2026.114479,https://doi.org/10.1016/j.patcog.2026.114479
2511,Method,An EM-driven vision transformer for fine-grained classification,Wenqiang Tang,180.0,,2026-12,Issue/Volume,10.1016/j.patcog.2026.114554,https://doi.org/10.1016/j.patcog.2026.114554
2512,Method,Interpreting networks via semantic probes with correction and counterfactuals,"Keyang Cheng, Hao Wan, Ligang He, Maozhen Li, Qing Tian",180.0,,2026-12,Issue/Volume,10.1016/j.patcog.2026.114564,https://doi.org/10.1016/j.patcog.2026.114564
2513,Method,DRTF-CoP: A cooperative perception framework via dynamic reliability-aware temporal fusion,"Bingyi Liu, Yifan Liu, Jian Teng, Chuanhui Zhu, Weizhen Han, Xun Shao",180.0,,2026-12,Issue/Volume,10.1016/j.patcog.2026.114583,https://doi.org/10.1016/j.patcog.2026.114583
2514,Method,MedHyCLIP: Hyperbolic CLIP adaptation for universal medical anomaly detection,"Keyu Guo, Xinyi Wu, Hongkai Wei, Yongle Huang, Xiangyu Song, Shijie Sun, Yueming Shi, Huansheng Song, Nicola Strisciuglio",180.0,,2026-12,Issue/Volume,10.1016/j.patcog.2026.114582,https://doi.org/10.1016/j.patcog.2026.114582
2515,Method,Decoupling polarity with self-prompts: A new framework for bright–dark infrared small target detection,"Jian Lin, Shaoyi Li, Xi Yang, Saisai Niu, Xiaokui Yue",180.0,,2026-12,Issue/Volume,10.1016/j.patcog.2026.114581,https://doi.org/10.1016/j.patcog.2026.114581
2516,Method,stHGNN: Deciphering spatial transcriptomics data via dual hypergraph learning enhancement,"Jinghong Tang, Lezhi Chen, Siyu Yi, Wei Liu, Mingyang Li, Yifan Wang, Ziyue Qiao, Bin Guo, Xianggen Liu, Jiancheng Lv, Wei Ju",180.0,,2026-12,Issue/Volume,10.1016/j.patcog.2026.114585,https://doi.org/10.1016/j.patcog.2026.114585
2517,Method,Bridging CLIP and CLAP for open-vocabulary audio–visual segmentation with semantic coherence,"Yunzhi Zhuge, Mengyuan Zhu, Yizhuang Peng, Lu Zhang, Jin Zhan, Pingping Zhang, Huchuan Lu",180.0,,2026-12,Issue/Volume,10.1016/j.patcog.2026.114586,https://doi.org/10.1016/j.patcog.2026.114586
2518,Method,From unstable conditioning to disentangled prompts: Variance-stable diffusion model for harsh underwater image enhancement,"Yu Zhou, Shengning Zhou, Genji Yuan, Huiyu Li, Guodong Fan, Jinjiang Li",180.0,,2026-12,Issue/Volume,10.1016/j.patcog.2026.114580,https://doi.org/10.1016/j.patcog.2026.114580
2519,Method,Multi-stage fine-grained vision classification method via attentional crop-mixing and cross-region contrast,"Huiming He, Hongju Yang, Yao Li, Fuyuan Cao",180.0,,2026-12,Issue/Volume,10.1016/j.patcog.2026.114590,https://doi.org/10.1016/j.patcog.2026.114590
2520,Method,Hypergraph-based global–local Virtual Unified Emotion fusion for multimodal emotion recognition in conversations,"Zehui Feng, Tong Wu, Zhaopeng Zhu, Ting Han",180.0,,2026-12,Issue/Volume,10.1016/j.patcog.2026.114584,https://doi.org/10.1016/j.patcog.2026.114584
2521,Method,Pattern-aware multiobjective optimization with multimodal representations for UAV reconnaissance and task offloading,"Mingyang Yu, Jiaqi Zhang, Junbo Jacob Lian, Yuxin Feng, Desheng Kong, Haotian Lu, Xinjian Wei, Jing Xu",180.0,,2026-12,Issue/Volume,10.1016/j.patcog.2026.114589,https://doi.org/10.1016/j.patcog.2026.114589
2522,Method,A NMF framework based on dynamic symmetric inertia for anomaly detection of temporal community evolution,"Wei Yu, Shihong Wu, Guangquan Xu, Lei Wang, Hongpeng Bai, Jun Wang, Weiyan Yang, Peiliang Sun",180.0,,2026-12,Issue/Volume,10.1016/j.patcog.2026.114578,https://doi.org/10.1016/j.patcog.2026.114578
2523,Method,AstN-Net: Rethinking neural connections with astrocyte-driven perspective,"Mengqiao Han, Hongming Zhang, Zhaoyang Hai, Guanxiu Yi, Said Boumaraf, Yunlong Li",180.0,,2026-12,Issue/Volume,10.1016/j.patcog.2026.114537,https://doi.org/10.1016/j.patcog.2026.114537
2524,Method,Physics-driven adaptive gradient reversal for cross-sensor SAR ship detection,"Yue Guo, Wei Wang, Ronghui Zhan, Zhongzhen Sun, Jun Zhang",180.0,,2026-12,Issue/Volume,10.1016/j.patcog.2026.114593,https://doi.org/10.1016/j.patcog.2026.114593
2525,Method,Boosting Multimodal Chain of Thought Reasoning by Selective Mixture of Experts,"Qilei Li, Shitong Sun, Da Li, Timothy Hospedales, Shaogang Gong",180.0,,2026-12,Issue/Volume,10.1016/j.patcog.2026.114570,https://doi.org/10.1016/j.patcog.2026.114570
2526,Method,Cross-view encoder with pseudo label for incomplete multi-view clustering in postoperative liver diagnosis,"Siyuan Li, Xinde Li, Chuanfei Hu",180.0,,2026-12,Issue/Volume,10.1016/j.patcog.2026.114572,https://doi.org/10.1016/j.patcog.2026.114572
2527,Method,SurfAge-Net: A hierarchical surface-based network for interpretable fine-grained brain age prediction,"Rongzhao He, Dalin Zhu, Ying Wang, Songhong Yue, Leilei Zhao, Yu Fu, Dan Wu, Bin Hu, Weihao Zheng",180.0,,2026-12,Issue/Volume,10.1016/j.patcog.2026.114542,https://doi.org/10.1016/j.patcog.2026.114542
2528,Method,Joint discriminative feature boosting and adaptive sample reweighting for multi-omics clustering,"Yinghui Sun, Wei Guo, Kang Wei, Min-Ling Zhang, Quansen Sun",180.0,,2026-12,Issue/Volume,10.1016/j.patcog.2026.114587,https://doi.org/10.1016/j.patcog.2026.114587
2529,Method,Day–Night Adaptation: A domain adaptation framework for medical image segmentation without source data,"Ziyang Chen, Yiwen Ye, Yongsheng Pan, Jingfeng Zhang, Yong Xia",180.0,,2026-12,Issue/Volume,10.1016/j.patcog.2026.114576,https://doi.org/10.1016/j.patcog.2026.114576
2530,Method,CLIP-VC: Augmented prompt integrating visual components for weakly supervised semantic segmentation,"Xuefei Bai, Wenjie Xu, Gaoxia Jiang, Wenjian Wang",180.0,,2026-12,Issue/Volume,10.1016/j.patcog.2026.114592,https://doi.org/10.1016/j.patcog.2026.114592
2531,Method,Dual-enhancement and fusion with knowledge-aware semantic alignment for multimodal sarcasm detection,"Subin Huang, Hao Guo, Jianqi Gao, Zhifa Geng, Junjie Chen, Chao Kong",180.0,,2026-12,Issue/Volume,10.1016/j.patcog.2026.114562,https://doi.org/10.1016/j.patcog.2026.114562
2532,Method,TCFnet: Temporal-frequency hybrid MetaFormer with multi-stage training for neural tracking of speech,"Dongdong Li, Shengyao Huang, Zhongliang Zeng, Zhishuo Jin, Zhe Wang, Hai Yang",180.0,,2026-12,Issue/Volume,10.1016/j.patcog.2026.114591,https://doi.org/10.1016/j.patcog.2026.114591
2533,Method,Using KL-divergence to focus frequency information in low-light image enhancement,"XingYang Yan, Xiaohong Huang, Zhao Zhang, Tian You, Ziheng Xu",180.0,,2026-12,Issue/Volume,10.1016/j.patcog.2026.114555,https://doi.org/10.1016/j.patcog.2026.114555
2534,Method,Deep learning intertemporal interactions in supply chain networks for asset pricing with mixed-frequency data,"Zezhou Wang, Qifa Xu, Cuixia Jiang, Shixiang Lu, Zhiwei Gao",180.0,,2026-12,Issue/Volume,10.1016/j.patcog.2026.114566,https://doi.org/10.1016/j.patcog.2026.114566
2535,Method,Causal intervention with topology augmentation for node-level out-of-distribution generalization on graphs,"Lianqiang Yang, Bowen Lu, Teng Li, Yunfei He, Kun Zhang",180.0,,2026-12,Issue/Volume,10.1016/j.patcog.2026.114616,https://doi.org/10.1016/j.patcog.2026.114616
2536,Method,HCNet: A Hierarchical Iterative Self-Correcting Network for semi-supervised medical image segmentation,"Wei Zhou, Chuangchuang Shi, Xiaonan Lin, Jing Wang, Yugen Yi",180.0,,2026-12,Issue/Volume,10.1016/j.patcog.2026.114612,https://doi.org/10.1016/j.patcog.2026.114612
2537,Method,PyMIF-Net: Pyramid Mutual Information Fusion Network for multimodal skin lesion classification,"Chengcheng Li, Huiying Xu, Huiling Chen, Zhihua Wu, Zhendong Chen, Yue Hu, Yue Chen, Xinkai Xu, Xinzhong Zhu",180.0,,2026-12,Issue/Volume,10.1016/j.patcog.2026.114613,https://doi.org/10.1016/j.patcog.2026.114613
2538,Method,Contourlet-informed prior controllable adaptation of ultrasound foundation model for abdominal trauma assessment,"Tuo Liu, Xuan Zhang, Xiuzhu Ma, Shuang Chen, Xuejuan Wang, Rongjun Ge, Faqin Lv, Yang Chen, Guang-Quan Zhou",180.0,,2026-12,Issue/Volume,10.1016/j.patcog.2026.114615,https://doi.org/10.1016/j.patcog.2026.114615
2539,Method,Multi-attribute and semantic-integrated modeling for interpretable sonar image quality assessment,"Qiang Tu, Boqin Cai, Weifan Lu, Shuwu Chen, Weiling Chen",180.0,,2026-12,Issue/Volume,10.1016/j.patcog.2026.114611,https://doi.org/10.1016/j.patcog.2026.114611
2540,Method,Morphology semantics-guided vision language alignment for cervical cell image classification,"Jiaxin Lei, Zunlei Feng, Xiaoyan Sun, Jingwen Ye, Zhenming Yuan, Jun Yu, Jian Zhang",180.0,,2026-12,Issue/Volume,10.1016/j.patcog.2026.114606,https://doi.org/10.1016/j.patcog.2026.114606
2541,Method,DBDenoiser: A dual-branch self-supervised image denoising method for real-world scenarios,"Jingjing Sun, Huo Wu, Fei Cheng, Mingjing Qian, Gang Fu, Feifei Wei, Zhongyun Bao",180.0,,2026-12,Issue/Volume,10.1016/j.patcog.2026.114575,https://doi.org/10.1016/j.patcog.2026.114575
2542,Method,LENet: An edge-enhanced network for hyperbolic target segmentation in Ground Penetrating Radar images,"Yuqi Chen, Wentai Lei, Tao Zhang",180.0,,2026-12,Issue/Volume,10.1016/j.patcog.2026.114588,https://doi.org/10.1016/j.patcog.2026.114588
2543,Method,Towards data-efficient generalised portrait animation: Landmark-driven latent traversal with fine-grained control mechanism,"Yingjie Dai, Tianyang Xu, Xiao-Jun Wu, Josef Kittler",180.0,,2026-12,Issue/Volume,10.1016/j.patcog.2026.114623,https://doi.org/10.1016/j.patcog.2026.114623
2544,Method,Hard-positive-aware intra–inter prototype refinement for few-shot image classification,"Mengjuan Jiang, Fanzhang Li",180.0,,2026-12,Issue/Volume,10.1016/j.patcog.2026.114607,https://doi.org/10.1016/j.patcog.2026.114607
2545,Method,Multi-view auxiliary modeling for stable LLM adaptation under view disagreement,"Xingyuan Chen, Jinming Zhang, Yunfei Long, Peng Jin, Ning Su, Xin-Yu Dai, Jia-Jun Chen",180.0,,2026-12,Issue/Volume,10.1016/j.patcog.2026.114569,https://doi.org/10.1016/j.patcog.2026.114569
2546,Method,From segmentation to change: Releasing segment anything model for remote sensing change detection,"Kaixuan Jiang, Chen Wu, Zhenghui Zhao, Bo Du, Liangpei Zhang",180.0,,2026-12,Issue/Volume,10.1016/j.patcog.2026.114605,https://doi.org/10.1016/j.patcog.2026.114605
2547,Method,Modality-incomplete Federated Learning via personalized prompt generation and alignment,"Shu Wang, Zhe Qu, Yuan Liu, Shichao Kan, Jianxin Wang",180.0,,2026-12,Issue/Volume,10.1016/j.patcog.2026.114603,https://doi.org/10.1016/j.patcog.2026.114603
2548,Method,Enhancing VLM-based multimodal sentiment analysis via prompt tuning and contrastive decoding,"Xiaowan Wang, Yiming Liu, Yifeng Chen, Jianxin Zhang, Xiusheng Lu",180.0,,2026-12,Issue/Volume,10.1016/j.patcog.2026.114624,https://doi.org/10.1016/j.patcog.2026.114624
2549,Method,Learning a physical model-guided global mamba for underwater image restoration,"Zijun Tan, Chuan Fu, Tan Guo, Zhixiong Nan, Tao Xiang, Fulin Luo",180.0,,2026-12,Issue/Volume,10.1016/j.patcog.2026.114635,https://doi.org/10.1016/j.patcog.2026.114635
2550,Method,Global Semantic mixup-regularized GCN for multi-view semi-supervised classification,"Zhiwen Yu, Ruizhi Huang, Guojie Li, Jane You, C.L. Philip Chen",180.0,,2026-12,Issue/Volume,10.1016/j.patcog.2026.114643,https://doi.org/10.1016/j.patcog.2026.114643
2551,Method,SelfDRSC++: Self-supervised dual reversed rolling shutter correction via video interpolation,"Wei Shang, Dongwei Ren, Wanying Zhang, Qilong Wang, Pengfei Zhu, Wangmeng Zuo",180.0,,2026-12,Issue/Volume,10.1016/j.patcog.2026.114636,https://doi.org/10.1016/j.patcog.2026.114636
2552,Method,Frequency-spatial decoupled enhancement network for cross-modality person re-identification,"Xu Zhang, Yuran Dai, Bing Cao, Zuyu Zhang",180.0,,2026-12,Issue/Volume,10.1016/j.patcog.2026.114637,https://doi.org/10.1016/j.patcog.2026.114637
2553,Method,CausalFormer: A causally-inspired transformer for context-aware gaze estimation and attention assessment,"Jie Sun, Wenjie Luo, Mengyang Dong, Shichen Li, Zhongshan Chen, Zhilin Sun, Yan Wang, Fen Zhao, Jie Zhu, Lingling Zheng, Xiangjun Zhao",180.0,,2026-12,Issue/Volume,10.1016/j.patcog.2026.114631,https://doi.org/10.1016/j.patcog.2026.114631
2554,Method,IPPKD: An Iterative Pruning method with Prompt Knowledge Distillation,"Yang Li, Liejun Wang, Xiaoming Tao",180.0,,2026-12,Issue/Volume,10.1016/j.patcog.2026.114640,https://doi.org/10.1016/j.patcog.2026.114640
2555,Method,Frequency-domain enhancement and regional cross-modal fusion for long-range small object 3D detection,"Di Tian, Jiawei Wang, Jiabo Li, Mingming Gong, Jiahang Shi",180.0,,2026-12,Issue/Volume,10.1016/j.patcog.2026.114644,https://doi.org/10.1016/j.patcog.2026.114644
2556,Method,High-order label propagation-guided nonnegative matrix factorization for semi-supervised clustering,"Jie Li, Xingwei Zhou, Xuzhu Shen, Chaoqian Li",180.0,,2026-12,Issue/Volume,10.1016/j.patcog.2026.114657,https://doi.org/10.1016/j.patcog.2026.114657
2557,Method,BRS-E2NeRF: Event Enhanced Neural Radiance Fields from Blurry Rolling Shutter Images,"Huijiao Wang, Kejing Xia, Yangguang Wang, Chi Zhang, Mingyuan Lin, Lei Yu",180.0,,2026-12,Issue/Volume,10.1016/j.patcog.2026.114646,https://doi.org/10.1016/j.patcog.2026.114646
2558,Method,GraFix++: A novel graph transformer based on a fixed multi-head structural attention mechanism,"Lingfeng Zhang, Luca Cosmo, Giorgia Minello, Andrea Torsello, Luca Rossi",180.0,,2026-12,Issue/Volume,10.1016/j.patcog.2026.114633,https://doi.org/10.1016/j.patcog.2026.114633
2559,Method,TBCNet: Twin-branch collaborative network for hyperspectral anomaly detection,"Dong Zhao, Mingtao You, Pei Xiang, Jianling Hu, Yuta Asano, Xin Yu, Chih-Chung Hsu, Huixin Zhou, Jinchang Ren",180.0,,2026-12,Issue/Volume,10.1016/j.patcog.2026.114647,https://doi.org/10.1016/j.patcog.2026.114647
2560,Method,FBAMPSM: Frequency-Boundary Aware Multi-Pattern Scanning Mamba for medical image segmentation,"Yugen Yi, Meiyun Wang, Jiangyan Dai, Jianhang Ji, Wei Zhou, Yanni Zhang",180.0,,2026-12,Issue/Volume,10.1016/j.patcog.2026.114662,https://doi.org/10.1016/j.patcog.2026.114662
2561,Method,RLU: Mitigating bias in dermatological disease diagnosis via robust bias-opposing learning-by-unlearning,"Haonan Zhong, Wei Song, Maurice Pagnucco, Yang Song",180.0,,2026-12,Issue/Volume,10.1016/j.patcog.2026.114660,https://doi.org/10.1016/j.patcog.2026.114660
2562,Method,"Absolute indices for determining compactness, separability and number of clusters","Adil M. Bagirov, Ramiz Aliguliyev, Nargiz Sultanova, Sona Taheri",180.0,,2026-12,Issue/Volume,10.1016/j.patcog.2026.114656,https://doi.org/10.1016/j.patcog.2026.114656
2563,Method,Modality-Specific Prototypes for Disentangled Reconstruction in modality-missing object re-identification,"Zhendong Xu, Aihua Zheng, Zi Wang, Chenglong Li, Dong Geng, Jin Tang",180.0,,2026-12,Issue/Volume,10.1016/j.patcog.2026.114641,https://doi.org/10.1016/j.patcog.2026.114641
2564,Method,Compact feature distributions and refined pseudo labels for weakly supervised incremental semantic segmentation,"Zilin Guo, Dongyue Wu, Changxin Gao, Nong Sang",180.0,,2026-12,Issue/Volume,10.1016/j.patcog.2026.114658,https://doi.org/10.1016/j.patcog.2026.114658
2565,Method,DWGNet: Dual-stream frequency-spatial collaborative graph reasoning network for prostate cancer image segmentation,"Hongfeng You, Xin Ning, Changbin Lin, Guangbo Fu, Xiaobing Chen, Meihong Sheng, Yuanpeng Zhang",180.0,,2026-12,Issue/Volume,10.1016/j.patcog.2026.114674,https://doi.org/10.1016/j.patcog.2026.114674
2566,Method,Concept-based heterogeneous context fusion for enhancing RAG via AMR-driven distillation,"Kaize Shi, Xueyao Sun, Qika Lin, Yan Li, Qing Li, Guandong Xu",180.0,,2026-12,Issue/Volume,10.1016/j.patcog.2026.114604,https://doi.org/10.1016/j.patcog.2026.114604
2567,Method,DisenGE: Learning multiple collaborative subgraphs for faithful Graph neural network explanation,"Youmin Zhang, Li Liu, Qun Liu, Haixia Wu, Shiming Fu",180.0,,2026-12,Issue/Volume,10.1016/j.patcog.2026.114625,https://doi.org/10.1016/j.patcog.2026.114625
2568,Method,Multi-modal classification based on Monte Carlo tree search with Pareto optimality guarantee,"Guoqing Liu, Yuhua Qian, Xiaofei Qi, Xinyan Liang, Shuai Jin",180.0,,2026-12,Issue/Volume,10.1016/j.patcog.2026.114653,https://doi.org/10.1016/j.patcog.2026.114653
2569,Method,Depth priors as teacher: Geometry-aware self-supervised monocular visual odometry,"Zheng Fu, Wei Chen, Wei Wang, Zhongchen Shi, Liang Xie, Erwei Yin",180.0,,2026-12,Issue/Volume,10.1016/j.patcog.2026.114672,https://doi.org/10.1016/j.patcog.2026.114672
2570,Method,Class-Modulated Top-K Logit Adjustment for long-tailed visual recognition,"Mengke Li, Ye Liu, Zhikai Hu, Yiqun Zhang, Yang Lu, Hui Huang",180.0,,2026-12,Issue/Volume,10.1016/j.patcog.2026.114608,https://doi.org/10.1016/j.patcog.2026.114608
2571,Method,OFVFusion: Optical flow-guided saliency learning for infrared and visible video fusion,"Zhenkai Qiang, Yu Shen, Guanxiang Pei, Zhen Yuan",180.0,,2026-12,Issue/Volume,10.1016/j.patcog.2026.114678,https://doi.org/10.1016/j.patcog.2026.114678
2572,Method,EAPFusion: Intrinsic evolving auxiliary prior guidance for infrared and visible image fusion,"Zhenyu Sun, Luobin Zhang, Axi Niu, Haishen Wang, Qingsen Yan",180.0,,2026-12,Issue/Volume,10.1016/j.patcog.2026.114600,https://doi.org/10.1016/j.patcog.2026.114600
2573,Method,CQNetwork: Consensuality quantification network for interpretable identification of RNA N6-methyladenosine modification sites,"Guodong Li, Lun Hu",180.0,,2026-12,Issue/Volume,10.1016/j.patcog.2026.114667,https://doi.org/10.1016/j.patcog.2026.114667
2574,Method,Learn the fundamental characteristics of handwritten characters for a necessary neural network calibration,"Mohamed Kentour, Joan Lu, Qiang Xu",,,2026-9,Early Access / In Press,10.1016/j.patcog.2026.114899,https://doi.org/10.1016/j.patcog.2026.114899
2575,Method,CWLE-Net: Infrared small target detection via Cross-Level Wavelet-Structured Lorentz Embedding,"Shangwei Deng, Yang Xu, Shangqi Deng, Qianwen Ma, Haofeng Hu, Xiaobo Li",,,2026-9,Early Access / In Press,10.1016/j.patcog.2026.114913,https://doi.org/10.1016/j.patcog.2026.114913
2576,Method,Instance-Prototype Affinity Learning for Non-Exemplar Continual Graph Learning,"Lei Song, Jiaxing Li, Shihan Guan, Youyong Kong",,,2026-9,Early Access / In Press,10.1016/j.patcog.2026.114911,https://doi.org/10.1016/j.patcog.2026.114911
2577,Method,Seeing what darkness conceals: Frequency-adaptive modeling for nighttime UAV vehicle detection,"Yingjie Du, Qimin Cheng, Linfeng Yuan",,,2026-9,Early Access / In Press,10.1016/j.patcog.2026.114915,https://doi.org/10.1016/j.patcog.2026.114915
2578,Method,Single-stage signal Attenuation Diffusion Model for Low-Light Image Enhancement and denoising,"Ying Liu, Junchao Zhang, Caiyun Wu",,,2026-9,Early Access / In Press,10.1016/j.patcog.2026.114918,https://doi.org/10.1016/j.patcog.2026.114918
2579,Method,MCDet: A motion-centric spatiotemporal framework for dim moving object detection,"Jiuchen Chen, Qizhi Xu, Kaiqi Li, Xinyu Yan, Xiaolin Han",,,2026-9,Early Access / In Press,10.1016/j.patcog.2026.114977,https://doi.org/10.1016/j.patcog.2026.114977
2580,Method,Language-guided multi-attribute reasoning with mixture-of-experts for colonoscopy video quality assessment,"Guanghui Yue, Tao Liu, Lei Dong, Lifang He, Qiulin Huang, Zhipeng Wang, Tianfu Wang",,,2026-9,Early Access / In Press,10.1016/j.patcog.2026.114976,https://doi.org/10.1016/j.patcog.2026.114976
2581,Method,SPOT: Map-grounded camera handoff for unsupervised multi-camera vehicle tracking,"Yujin Roh, Inho Jake Park, Chigon Hwang",,,2026-9,Early Access / In Press,10.1016/j.patcog.2026.114954,https://doi.org/10.1016/j.patcog.2026.114954
2582,Method,An adaptive decision-map-driven focus-guided network with global blur perception constraint for multi-focus fusion,"Yiqi Hu, Tianheng Zheng, Guanglu Dong, Pingyu Wang, Xing Ruan, Chao Ren",,,2026-9,Early Access / In Press,10.1016/j.patcog.2026.114912,https://doi.org/10.1016/j.patcog.2026.114912
2583,Method,Adaptive frequency-context-attention modeling for corruption-robust medical image classification,"Shigang Lin, Weiqin Lu, Yuting Rao, Xunwen Ye, Ning Lu, Efrata Sembiring Yan, Weifeng Wei, Pengxiang Su, Hong Rao, Xiong Jia, Guoqiang Ren, Jinsong Jiang",,,2026-9,Early Access / In Press,10.1016/j.patcog.2026.114921,https://doi.org/10.1016/j.patcog.2026.114921
2584,Method,Partially sharing spatial-dependence between forward and reverse sequences for 3D Human Motion Prediction,"Yuan Mei, Yangyi Wang, Bosai Wang, Anqi Dai, Huaijiang Sun",,,2026-9,Early Access / In Press,10.1016/j.patcog.2026.114967,https://doi.org/10.1016/j.patcog.2026.114967
2585,Method,PRF: Parallel Resonate and Fire Neuron for long sequence learning in Spiking Neural Networks,"Yulong Huang, Zunchang Liu, Xiaopeng Lin, Hongwei Ren, Hongxiang Huang, Haotian Fu, Yue Zhou, Hong Xing, Zeke Xie, Bojun Cheng",,,2026-9,Early Access / In Press,10.1016/j.patcog.2026.114968,https://doi.org/10.1016/j.patcog.2026.114968
2586,Method,Temporal grounding of Video Large Language Model via holistic event perception and matching,"Jiahao Nie, Wenbin An, Gongjie Zhang, Yicheng Xu, Yap-Peng Tan, Alex C. Kot, Shijian Lu",,,2026-9,Early Access / In Press,10.1016/j.patcog.2026.114930,https://doi.org/10.1016/j.patcog.2026.114930
2587,Method,Robust graph regularized multi-view non-negative matrix tri-factorization for integrative single-cell multi-omics clustering,"Sheng Yuan, Hangjun Che, Jingfeng Su, Huiwei Wang, Yadi Wang, Cheng Liu, Man-Fai Leung",,,2026-9,Early Access / In Press,10.1016/j.patcog.2026.114972,https://doi.org/10.1016/j.patcog.2026.114972
2588,Method,JCF-NMF: Automatic hierarchical multi-view clustering via Joint Convex-Fused Non-negative Matrix Factorization,"Yunxia Lin, Haoyu Hu, Bentian Li, Haikang Li, Yujia Zhang",,,2026-9,Early Access / In Press,10.1016/j.patcog.2026.114940,https://doi.org/10.1016/j.patcog.2026.114940
2589,Method,LIMA-Mamba: A lightweight and distribution-robust Mamba network for PPG-based biometrics,"Yanchao Xiao, Gongping Yang, Yilong Yin, Chunxiao Wang, Yuwen Huang, Jinshan Pan",,,2026-9,Early Access / In Press,10.1016/j.patcog.2026.114955,https://doi.org/10.1016/j.patcog.2026.114955
2590,Method,HisDiff: Hierarchical Diffusion Modeling for Spatial Gene Expression Prediction from Histology Images,"Xiaofei Liu, Yi Wang, Wenwen Min",,,2026-9,Early Access / In Press,10.1016/j.patcog.2026.114981,https://doi.org/10.1016/j.patcog.2026.114981
2591,Method,Aggregation of semantic consistency and visual attention for AI-generated image quality assessment,"Qingsen Yan, Qiang Li, Haojian Huang, Peng Wu, Wei Dong, Duwei Dai, Xue Bai",,,2026-9,Early Access / In Press,10.1016/j.patcog.2026.114907,https://doi.org/10.1016/j.patcog.2026.114907
2592,Method,Deflickering vision-based occupancy networks through lightweight spatio-temporal correlation,"Fengcheng Yu, Haoran Xu, Canming Xia, Ziyang Zong, Guang Tan",,,2026-9,Early Access / In Press,10.1016/j.patcog.2026.114988,https://doi.org/10.1016/j.patcog.2026.114988
2593,Method,SpikeHSA: Heterogeneous Space-Aligned Spiking Hashing for cross-modal retrieval,"Zhen Zhang, Yaochen Yang, Wenxin Huang, Lei Zhu, Xian Zhong",,,2026-9,Early Access / In Press,10.1016/j.patcog.2026.114979,https://doi.org/10.1016/j.patcog.2026.114979
2594,Method,PowerSkel++: Robust WiFi-CSI pose estimation for power stations under signal degradation,"Cunyi Yin, Chenwei Wang, Zhaoke Huang, Jing Chen, Hao Jiang, Ziyun Liao, Zhiwen Chen, Zhenghua Chen, Hong Yan",,,2026-9,Early Access / In Press,10.1016/j.patcog.2026.114987,https://doi.org/10.1016/j.patcog.2026.114987
2595,Method,GarmentX: Autoregressive parametric representations for 3D garment generation,"Jingfeng Guo, Jinnan Chen, Weikai Chen, Zhenyu Sun, Lanjiong Li, Baozhu Zhao, Lingting Zhu, Xin Wang, Qi Liu",,,2026-9,Early Access / In Press,10.1016/j.patcog.2026.114937,https://doi.org/10.1016/j.patcog.2026.114937
2596,Method,LR-SMAN: Low-Rank Symmetrical Mutual Attention Network for multispectral object detection,"Xinhao Wu, Jin Chen, Quanxue Gao, Ming Yang, Xinbo Gao",,,2026-9,Early Access / In Press,10.1016/j.patcog.2026.114929,https://doi.org/10.1016/j.patcog.2026.114929
2597,Method,Multi-View Tensor Factorization for dynamic attributed graph embedding with graph-aware features,"Zhongjing Yu, Jiawei Zhang, Chen Tang, Jiaxuan Li, Duo Zhang, Haijun Zhang, Junming Shao, Junzhi Yu",,,2026-9,Early Access / In Press,10.1016/j.patcog.2026.114935,https://doi.org/10.1016/j.patcog.2026.114935
2598,Method,Neuron-RCES: Bridging robustness-efficiency gap via neuron-level criticality evaluation and sparse adaptation,"Jionghua Li, Kaile Huang, Dihan Zheng, Feng Lin, Huan Yang",,,2026-9,Early Access / In Press,10.1016/j.patcog.2026.114905,https://doi.org/10.1016/j.patcog.2026.114905
2599,Method,SALiT: A structure-aware lightweight Transformer for multi-task remote sensing interpretation,"Jingchi Yu, Yizhuang Xie, He Chen, Shuo Ni, Ning Zhang",,,2026-9,Early Access / In Press,10.1016/j.patcog.2026.114980,https://doi.org/10.1016/j.patcog.2026.114980
2600,Method,Progressive sketch completion meets sketch-modulated diffusion for ancient mural restoration,"Zhe Yu, Wenhang Yu, Jianguo Ju, Ruoyi Zhang, Jun Wang, Zhenhua Yu, Jinye Peng",,,2026-9,Early Access / In Press,10.1016/j.patcog.2026.114938,https://doi.org/10.1016/j.patcog.2026.114938
2601,Method,DUN-CS: A denoising-based deep unfolding network for image compressive sensing,"Mingkun Feng, Dongcan Ning",,,2026-9,Early Access / In Press,10.1016/j.patcog.2026.114934,https://doi.org/10.1016/j.patcog.2026.114934
2602,Method,Pose2Point: Bridging human poses and point clouds for unified action recognition,"Jiaying Lin, Jiajun Wen, Weiwei Wan, Mengyuan Liu",,,2026-9,Early Access / In Press,10.1016/j.patcog.2026.114950,https://doi.org/10.1016/j.patcog.2026.114950
2603,Method,Multi-level synergy alignment framework for weakly supervised visible-infrared person re-identification,"Qing Tian, Binghui Zhang, Keyang Cheng, Weihua Ou, Jun Wan, Zhen Lei",,,2026-9,Early Access / In Press,10.1016/j.patcog.2026.114983,https://doi.org/10.1016/j.patcog.2026.114983
2604,Method,Super-DETR: A DETR network for small object detection in remote sensing images driven by super-resolution,"Bowen Zheng, Hongtao Huo, Haozhe Cao, Luyan Ji, Xiaowen Liu",,,2026-9,Early Access / In Press,10.1016/j.patcog.2026.114962,https://doi.org/10.1016/j.patcog.2026.114962
2605,Method,ST-SpikFormer: Spike-driven Transformer using Spatio-Temporal Fusion coding,"Ronglei Gui, Xudong Lv, Zhekang Dong, Mingyu Gao, Jing Zhang",,,2026-9,Early Access / In Press,10.1016/j.patcog.2026.114995,https://doi.org/10.1016/j.patcog.2026.114995
2606,Method,Enhancing graph link prediction with sequential latent variable diffusion models,"Wenchuan Zhang, Weifeng Su, Wentao Fan, Nizar Bouguila",,,2026-9,Early Access / In Press,10.1016/j.patcog.2026.114957,https://doi.org/10.1016/j.patcog.2026.114957
