No,Type,Title,Authors,Volume,Issue,Published,Status,DOI,Paper_Link
1,Dataset,Learning to Answer Visual Questions From Web Videos,"Antoine Yang, Antoine Miech, Josef Sivic, Ivan Laptev, Cordelia Schmid",47.0,5.0,2025-5,Issue,10.1109/tpami.2022.3173208,https://doi.org/10.1109/tpami.2022.3173208
2,Dataset,AnyFace++: A Unified Framework for Free-Style Text-to-Face Synthesis and Manipulation,"Jianxin Sun, Qiyao Deng, Qi Li, Muyi Sun, Yunfan Liu, Zhenan Sun",47.0,11.0,2025-11,Issue,10.1109/tpami.2023.3345866,https://doi.org/10.1109/tpami.2023.3345866
3,Dataset,NineRec: A Benchmark Dataset Suite for Evaluating Transferable Recommendation,"Jiaqi Zhang, Yu Cheng, Yongxin Ni, Yunzhu Pan, Zheng Yuan, Junchen Fu, Youhua Li, Jie Wang, Fajie Yuan",47.0,7.0,2025-7,Issue,10.1109/tpami.2024.3373868,https://doi.org/10.1109/tpami.2024.3373868
4,Dataset,PoseScript: Linking 3D Human Poses and Natural Language,"Ginger Delmas, Philippe Weinzaepfel, Thomas Lucas, Francesc Moreno-Noguer, Grégory Rogez",47.0,7.0,2025-7,Issue,10.1109/tpami.2024.3407570,https://doi.org/10.1109/tpami.2024.3407570
5,Dataset,Single-Frame Supervision for Spatio-Temporal Video Grounding,"Kun Liu, Mengxue Qu, Yang Liu, Yunchao Wei, Wenming Zhe, Yao Zhao, Wu Liu",47.0,7.0,2025-7,Issue,10.1109/tpami.2024.3415087,https://doi.org/10.1109/tpami.2024.3415087
6,Dataset,"Ego4D: Around the World in 3,600 Hours of Egocentric Video","Kristen Grauman, Andrew Westbury, Eugene Byrne, Vincent Cartillier, Zachary Chavis, Antonino Furnari, Rohit Girdhar, Jackson Hamburger, Hao Jiang, Devansh Kukreja, Miao Liu, Xingyu Liu, Miguel Martin, Tushar Nagarajan, Ilija Radosavovic, Santhosh Kumar Ramakrishnan, Fiona Ryan, Jayant Sharma, Michael Wray, Mengmeng Xu, Eric Zhongcong Xu, Chen Zhao, Siddhant Bansal, Dhruv Batra, Sean Crane, Tien Do, Morrie Doulaty, Akshay Erapalli, Christoph Feichtenhofer, Adriano Fragomeni, Qichen Fu, Abrham Gebreselasie, Cristina González, James Hillis, Xuhua Huang, Yifei Huang, Wenqi Jia, Weslie Khoo, Jáchym Kolář, Satwik Kottur, Anurag Kumar, Federico Landini, Chao Li, Yanghao Li, Zhenqiang Li, Karttikeya Mangalam, Raghava Modhugu, Jonathan Munro, Tullie Murrell, Takumi Nishiyasu, Will Price, Paola Ruiz Puentes, Merey Ramazanova, Leda Sari, Kiran Somasundaram, Audrey Southerland, Yusuke Sugano, Ruijie Tao, Minh Vo, Yuchen Wang, Xindi Wu, Takuma Yagi, Ziwei Zhao, Yunyi Zhu, Pablo Arbeláez, David Crandall, Dima Damen, Giovanni Maria Farinella, Christian Fuegen, Bernard Ghanem, Vamsi Krishna Ithapu, C. V. Jawahar, Hanbyul Joo, Kris Kitani, Haizhou Li, Richard Newcombe, Aude Oliva, Hyun Soo Park, James M. Rehg, Yoichi Sato, Jianbo Shi, Mike Zheng Shou, Antonio Torralba, Lorenzo Torresani, Mingfei Yan, Jitendra Malik",47.0,11.0,2025-11,Issue,10.1109/tpami.2024.3381075,https://doi.org/10.1109/tpami.2024.3381075
7,Dataset,Scene-Dependent Prediction in Latent Space for Video Anomaly Detection and Anticipation,"Congqi Cao, Hanwen Zhang, Yue Lu, Peng Wang, Yanning Zhang",47.0,1.0,2025-1,Issue,10.1109/tpami.2024.3461718,https://doi.org/10.1109/tpami.2024.3461718
8,Dataset,GhostingNet: A Novel Approach for Glass Surface Detection With Ghosting Cues,"Tao Yan, Jiahui Gao, Ke Xu, Xiangjie Zhu, Hao Huang, Helong Li, Benjamin Wah, Rynson W. H. Lau",47.0,1.0,2025-1,Issue,10.1109/tpami.2024.3463490,https://doi.org/10.1109/tpami.2024.3463490
9,Dataset,Test-Time Training for Hyperspectral Image Super-Resolution,"Ke Li, Luc Van Gool, Dengxin Dai",47.0,9.0,2025-9,Issue,10.1109/tpami.2024.3461807,https://doi.org/10.1109/tpami.2024.3461807
10,Dataset,RGBE-Gaze: A Large-Scale Event-Based Multimodal Dataset for High Frequency Remote Gaze Tracking,"Guangrong Zhao, Yiran Shen, Chenlong Zhang, Zhaoxin Shen, Yuanfeng Zhou, Hongkai Wen",47.0,1.0,2025-1,Issue,10.1109/tpami.2024.3474858,https://doi.org/10.1109/tpami.2024.3474858
11,Dataset,NVDS+: Towards Efficient and Versatile Neural Stabilizer for Video Depth Estimation,"Yiran Wang, Min Shi, Jiaqi Li, Chaoyi Hong, Zihao Huang, Juewen Peng, Zhiguo Cao, Jianming Zhang, Ke Xian, Guosheng Lin",47.0,1.0,2025-1,Issue,10.1109/tpami.2024.3476387,https://doi.org/10.1109/tpami.2024.3476387
12,Dataset,EventHDR: From Event to High-Speed HDR Videos and Beyond,"Yunhao Zou, Ying Fu, Tsuyoshi Takatani, Yinqiang Zheng",47.0,1.0,2025-1,Issue,10.1109/tpami.2024.3469571,https://doi.org/10.1109/tpami.2024.3469571
13,Dataset,V2X-ViTv2: Improved Vision Transformers for Vehicle-to-Everything Cooperative Perception,"Runsheng Xu, Chia-Ju Chen, Zhengzhong Tu, Ming-Hsuan Yang",47.0,1.0,2025-1,Issue,10.1109/tpami.2024.3479222,https://doi.org/10.1109/tpami.2024.3479222
14,Dataset,VALOR: Vision-Audio-Language Omni-Perception Pretraining Model and Dataset,"Jing Liu, Sihan Chen, Xingjian He, Longteng Guo, Xinxin Zhu, Weining Wang, Jinhui Tang",47.0,2.0,2025-2,Issue,10.1109/tpami.2024.3479776,https://doi.org/10.1109/tpami.2024.3479776
15,Dataset,Minimum Latency Deep Online Video Stabilization and Its Extensions,"Shuaicheng Liu, Zhuofan Zhang, Zhen Liu, Ping Tan, Bing Zeng",47.0,2.0,2025-2,Issue,10.1109/tpami.2024.3493175,https://doi.org/10.1109/tpami.2024.3493175
16,Dataset,Hi-SAM: Marrying Segment Anything Model for Hierarchical Text Segmentation,"Maoyuan Ye, Jing Zhang, Juhua Liu, Chenyu Liu, Baocai Yin, Cong Liu, Bo Du, Dacheng Tao",47.0,3.0,2025-3,Issue,10.1109/tpami.2024.3495831,https://doi.org/10.1109/tpami.2024.3495831
17,Dataset,FSD V2: Improving Fully Sparse 3D Object Detection With Virtual Voxels,"Lue Fan, Feng Wang, Naiyan Wang, Zhaoxiang Zhang",47.0,2.0,2025-2,Issue,10.1109/tpami.2024.3502456,https://doi.org/10.1109/tpami.2024.3502456
18,Dataset,MetaEarth: A Generative Foundation Model for Global-Scale Remote Sensing Image Generation,"Zhiping Yu, Chenyang Liu, Liqin Liu, Zhenwei Shi, Zhengxia Zou",47.0,3.0,2025-3,Issue,10.1109/tpami.2024.3507010,https://doi.org/10.1109/tpami.2024.3507010
19,Dataset,Generalized Face Liveness Detection via De-Fake Face Generator,"Xingming Long, Jie Zhang, Shiguang Shan",47.0,3.0,2025-3,Issue,10.1109/tpami.2024.3507101,https://doi.org/10.1109/tpami.2024.3507101
20,Dataset,LVLM-EHub: A Comprehensive Evaluation Benchmark for Large Vision-Language Models,"Peng Xu, Wenqi Shao, Kaipeng Zhang, Peng Gao, Shuo Liu, Meng Lei, Fanqing Meng, Siyuan Huang, Yu Qiao, Ping Luo",47.0,3.0,2025-3,Issue,10.1109/tpami.2024.3507000,https://doi.org/10.1109/tpami.2024.3507000
21,Dataset,STAR: A First-Ever Dataset and a Large-Scale Benchmark for Scene Graph Generation in Large-Size Satellite Imagery,"Yansheng Li, Linlin Wang, Tingzhu Wang, Xue Yang, Junwei Luo, Qi Wang, Youming Deng, Wenbin Wang, Xian Sun, Haifeng Li, Bo Dang, Yongjun Zhang, Yi Yu, Junchi Yan",47.0,3.0,2025-3,Issue,10.1109/tpami.2024.3508072,https://doi.org/10.1109/tpami.2024.3508072
22,Dataset,A Survey and Benchmark of Automatic Surface Reconstruction From Point Clouds,"Raphael Sulzer, Renaud Marlet, Bruno Vallet, Loic Landrieu",47.0,3.0,2025-3,Issue,10.1109/tpami.2024.3510932,https://doi.org/10.1109/tpami.2024.3510932
23,Dataset,WinDB: HMD-Free and Distortion-Free Panoptic Video Fixation Learning,"Guotao Wang, Chenglizhao Chen, Aimin Hao, Hong Qin, Deng-Ping Fan",47.0,3.0,2025-3,Issue,10.1109/tpami.2024.3510793,https://doi.org/10.1109/tpami.2024.3510793
24,Dataset,Divide-and-Conquer: Confluent Triple-Flow Network for RGB-T Salient Object Detection,"Hao Tang, Zechao Li, Dong Zhang, Shengfeng He, Jinhui Tang",47.0,3.0,2025-3,Issue,10.1109/tpami.2024.3511621,https://doi.org/10.1109/tpami.2024.3511621
25,Dataset,A Unified Framework for Event-Based Frame Interpolation With Ad-Hoc Deblurring in the Wild,"Lei Sun, Daniel Gehrig, Christos Sakaridis, Mathias Gehrig, Jingyun Liang, Peng Sun, Zhijie Xu, Kaiwei Wang, Luc Van Gool, Davide Scaramuzza",47.0,4.0,2025-4,Issue,10.1109/tpami.2024.3510690,https://doi.org/10.1109/tpami.2024.3510690
26,Dataset,Non-Uniform Exposure Imaging via Neuromorphic Shutter Control,"Mingyuan Lin, Jian Liu, Chi Zhang, Zibo Zhao, Chu He, Lei Yu",47.0,4.0,2025-4,Issue,10.1109/tpami.2025.3526280,https://doi.org/10.1109/tpami.2025.3526280
27,Dataset,DHVT: Dynamic Hybrid Vision Transformer for Small Dataset Recognition,"Zhiying Lu, Chuanbin Liu, Xiaojun Chang, Yongdong Zhang, Hongtao Xie",47.0,4.0,2025-4,Issue,10.1109/tpami.2025.3528228,https://doi.org/10.1109/tpami.2025.3528228
28,Dataset,VimTS: A Unified Video and Image Text Spotter for Enhancing the Cross-Domain Generalization,"Yuliang Liu, Mingxin Huang, Hao Yan, Linger Deng, Weijia Wu, Hao Lu, Chunhua Shen, Lianwen Jin, Xiang Bai",47.0,4.0,2025-4,Issue,10.1109/tpami.2025.3528950,https://doi.org/10.1109/tpami.2025.3528950
29,Dataset,Privacy-Preserving Biometric Verification With Handwritten Random Digit String,"Peirong Zhang, Yuliang Liu, Songxuan Lai, Hongliang Li, Lianwen Jin",47.0,4.0,2025-4,Issue,10.1109/tpami.2025.3529022,https://doi.org/10.1109/tpami.2025.3529022
30,Dataset,Understand Layout and Translate Text: Unified Feature-Conductive End-to-End Document Image Translation,"Zhiyang Zhang, Yaping Zhang, Yupu Liang, Cong Ma, Lu Xiang, Yang Zhao, Yu Zhou, Chengqing Zong",47.0,5.0,2025-5,Issue,10.1109/tpami.2025.3530998,https://doi.org/10.1109/tpami.2025.3530998
31,Dataset,T2I-CompBench++: An Enhanced and Comprehensive Benchmark for Compositional Text-to-Image Generation,"Kaiyi Huang, Chengqi Duan, Kaiyue Sun, Enze Xie, Zhenguo Li, Xihui Liu",47.0,5.0,2025-5,Issue,10.1109/tpami.2025.3531907,https://doi.org/10.1109/tpami.2025.3531907
32,Dataset,Referring Camouflaged Object Detection,"Xuying Zhang, Bowen Yin, Zheng Lin, Qibin Hou, Deng-Ping Fan, Ming-Ming Cheng",47.0,5.0,2025-5,Issue,10.1109/tpami.2025.3532440,https://doi.org/10.1109/tpami.2025.3532440
33,Dataset,Benchmarking and Improving Bird’s Eye View Perception Robustness in Autonomous Driving,"Shaoyuan Xie, Lingdong Kong, Wenwei Zhang, Jiawei Ren, Liang Pan, Kai Chen, Ziwei Liu",47.0,5.0,2025-5,Issue,10.1109/tpami.2025.3535960,https://doi.org/10.1109/tpami.2025.3535960
34,Dataset,Transferable Unintentional Action Localization With Language-Guided Intention Translation,"Jinglin Xu, Yongming Rao, Jie Zhou, Jiwen Lu",47.0,5.0,2025-5,Issue,10.1109/tpami.2025.3538675,https://doi.org/10.1109/tpami.2025.3538675
35,Dataset,Instruct-ReID++: Towards Universal Purpose Instruction-Guided Person Re-Identification,"Weizhen He, Yiheng Deng, Yunfeng Yan, Feng Zhu, Yizhou Wang, Lei Bai, Qingsong Xie, Rui Zhao, Donglian Qi, Wanli Ouyang, Shixiang Tang",47.0,6.0,2025-6,Issue,10.1109/tpami.2025.3538766,https://doi.org/10.1109/tpami.2025.3538766
36,Dataset,MS-NeRF: Multi-Space Neural Radiance Fields,"Ze-Xin Yin, Peng-Yi Jiao, Jiaxiong Qiu, Ming-Ming Cheng, Bo Ren",47.0,5.0,2025-5,Issue,10.1109/tpami.2025.3540074,https://doi.org/10.1109/tpami.2025.3540074
37,Dataset,Equivariant Diffusion Model With A5-Group Neurons for Joint Pose Estimation and Shape Reconstruction,"Boyan Wan, Yifei Shi, Xiaohong Chen, Kai Xu",47.0,6.0,2025-6,Issue,10.1109/tpami.2025.3540593,https://doi.org/10.1109/tpami.2025.3540593
38,Dataset,Diffusion Model-Based Image Editing: A Survey,"Yi Huang, Jiancheng Huang, Yifan Liu, Mingfu Yan, Jiaxi Lv, Jianzhuang Liu, Wei Xiong, He Zhang, Liangliang Cao, Shifeng Chen",47.0,6.0,2025-6,Issue,10.1109/tpami.2025.3541625,https://doi.org/10.1109/tpami.2025.3541625
39,Dataset,Beyond Batch Learning: Global Awareness Enhanced Domain Adaptation,"Lingkun Luo, Shiqiang Hu, Liming Chen",47.0,6.0,2025-6,Issue,10.1109/tpami.2025.3541207,https://doi.org/10.1109/tpami.2025.3541207
40,Dataset,Optimization of Rank Losses for Image Retrieval,"Elias Ramzi, Nicolas Audebert, Clément Rambour, André Araujo, Xavier Bitot, Nicolas Thome",47.0,6.0,2025-6,Issue,10.1109/tpami.2025.3543846,https://doi.org/10.1109/tpami.2025.3543846
41,Dataset,PhysMLE: Generalizable and Priors-Inclusive Multi-Task Remote Physiological Measurement,"Jiyao Wang, Hao Lu, Ange Wang, Xiao Yang, Yingcong Chen, Dengbo He, Kaishun Wu",47.0,6.0,2025-6,Issue,10.1109/tpami.2025.3545598,https://doi.org/10.1109/tpami.2025.3545598
42,Dataset,NER-Net+: Seeing Motion at Nighttime With an Event Camera,"Haoyue Liu, Jinghan Xu, Shihan Peng, Yi Chang, Hanyu Zhou, Yuxing Duan, Lin Zhu, Yonghong Tian, Luxin Yan",47.0,6.0,2025-6,Issue,10.1109/tpami.2025.3545936,https://doi.org/10.1109/tpami.2025.3545936
43,Dataset,Gait Recognition in the Wild: A Large-Scale Benchmark and NAS-Based Baseline,"Xianda Guo, Zheng Zhu, Tian Yang, Beibei Lin, Junjie Huang, Jiankang Deng, Guan Huang, Jie Zhou, Jiwen Lu",47.0,6.0,2025-6,Issue,10.1109/tpami.2025.3546482,https://doi.org/10.1109/tpami.2025.3546482
44,Dataset,Measuring the Validity of Clustering Validation Datasets,"Hyeon Jeon, Michaël Aupetit, DongHwa Shin, Aeri Cho, Seokhyeon Park, Jinwook Seo",47.0,6.0,2025-6,Issue,10.1109/tpami.2025.3548011,https://doi.org/10.1109/tpami.2025.3548011
45,Dataset,Class-Agnostic Repetitive Action Counting Using Wearable Devices,"Duc Duy Nguyen, Lam Thanh Nguyen, Yifeng Huang, Cuong Pham, Minh Hoai",47.0,6.0,2025-6,Issue,10.1109/tpami.2025.3548131,https://doi.org/10.1109/tpami.2025.3548131
46,Dataset,Visible-Thermal Tiny Object Detection: A Benchmark Dataset and Baselines,"Xinyi Ying, Chao Xiao, Wei An, Ruojing Li, Xu He, Boyang Li, Xu Cao, Zhaoxu Li, Yingqian Wang, Mingyuan Hu, Qingyu Xu, Zaiping Lin, Miao Li, Shilin Zhou, Li Liu, Weidong Sheng",47.0,7.0,2025-7,Issue,10.1109/tpami.2025.3544621,https://doi.org/10.1109/tpami.2025.3544621
47,Dataset,Human as Points: Explicit Point-Based 3D Human Reconstruction From Single-View RGB Images,"Yingzhi Tang, Qijian Zhang, Yebin Liu, Junhui Hou",47.0,7.0,2025-7,Issue,10.1109/tpami.2025.3552408,https://doi.org/10.1109/tpami.2025.3552408
48,Dataset,Towards Unified Deep Image Deraining: A Survey and a New Benchmark,"Xiang Chen, Jinshan Pan, Jiangxin Dong, Jinhui Tang",47.0,7.0,2025-7,Issue,10.1109/tpami.2025.3556133,https://doi.org/10.1109/tpami.2025.3556133
49,Dataset,From Missing Pieces to Masterpieces: Image Completion With Context-Adaptive Diffusion,"Pourya Shamsolmoali, Masoumeh Zareapoor, Huiyu Zhou, Michael Felsberg, Dacheng Tao, Xuelong Li",47.0,7.0,2025-7,Issue,10.1109/tpami.2025.3558092,https://doi.org/10.1109/tpami.2025.3558092
50,Dataset,HyperSIGMA: Hyperspectral Intelligence Comprehension Foundation Model,"Di Wang, Meiqi Hu, Yao Jin, Yuchun Miao, Jiaqi Yang, Yichu Xu, Xiaolei Qin, Jiaqi Ma, Lingyu Sun, Chenxing Li, Chuan Fu, Hongruixuan Chen, Chengxi Han, Naoto Yokoya, Jing Zhang, Minqiang Xu, Lin Liu, Lefei Zhang, Chen Wu, Bo Du, Dacheng Tao, Liangpei Zhang",47.0,8.0,2025-8,Issue,10.1109/tpami.2025.3557581,https://doi.org/10.1109/tpami.2025.3557581
51,Dataset,Interactive Conversational Head Generation,"Mohan Zhou, Yalong Bai, Wei Zhang, Ting Yao, Tiejun Zhao",47.0,8.0,2025-8,Issue,10.1109/tpami.2025.3562651,https://doi.org/10.1109/tpami.2025.3562651
52,Dataset,General 3D Vision-Language Model With Fast Rendering and Pre-Training Vision-Language Alignment,"Kangcheng Liu, Yong-Jin Liu, Baoquan Chen",47.0,9.0,2025-9,Issue,10.1109/tpami.2025.3566593,https://doi.org/10.1109/tpami.2025.3566593
53,Dataset,Image Lens Flare Removal Using Adversarial Curve Learning,"Yuyan Zhou, Dong Liang, Songcan Chen, Sheng-Jun Huang",47.0,9.0,2025-9,Issue,10.1109/tpami.2025.3567308,https://doi.org/10.1109/tpami.2025.3567308
54,Dataset,Structural-Equation-Modeling-Based Indicator Systems for Image Quality Assessment,"Cong Wang, Junxi Lin, Xuelong Li",47.0,8.0,2025-8,Issue,10.1109/tpami.2025.3567814,https://doi.org/10.1109/tpami.2025.3567814
55,Dataset,Visibility-Aware Multi-View Stereo by Surface Normal Weighting for Occlusion Robustness,"Hyucksang Lee, Seongmin Lee, Sanghoon Lee",47.0,9.0,2025-9,Issue,10.1109/tpami.2025.3568447,https://doi.org/10.1109/tpami.2025.3568447
56,Dataset,EventAid: Benchmarking Event-Aided Image/Video Enhancement Algorithms With Real-Captured Hybrid Dataset,"Peiqi Duan, Boyu Li, Yixin Yang, Hanyue Lou, Minggui Teng, Xinyu Zhou, Yi Ma, Boxin Shi",47.0,8.0,2025-8,Issue,10.1109/tpami.2025.3568333,https://doi.org/10.1109/tpami.2025.3568333
57,Dataset,StabStitch++: Unsupervised Online Video Stitching With Spatiotemporal Bidirectional Warps,"Lang Nie, Chunyu Lin, Kang Liao, Yun Zhang, Shuaicheng Liu, Yao Zhao",47.0,9.0,2025-9,Issue,10.1109/tpami.2025.3568829,https://doi.org/10.1109/tpami.2025.3568829
58,Dataset,Cascaded Dynamic Memory Refinement and Semantic Alignment for Exo-to-Ego Cross-View Video Generation,"Weipeng Hu, Jiun Tian Hoe, Jianhui Li, Haifeng Hu, Xudong Jiang, Yap-Peng Tan",47.0,9.0,2025-9,Issue,10.1109/tpami.2025.3569195,https://doi.org/10.1109/tpami.2025.3569195
59,Dataset,Otter: A Multi-Modal Model With In-Context Instruction Tuning,"Bo Li, Yuanhan Zhang, Liangyu Chen, Jinghao Wang, Fanyi Pu, Joshua Adrian Cahyono, Jingkang Yang, Chunyuan Li, Ziwei Liu",47.0,9.0,2025-9,Issue,10.1109/tpami.2025.3571946,https://doi.org/10.1109/tpami.2025.3571946
60,Dataset,Benchmarking and Analyzing Generative Data for Visual Recognition,"Bo Li, Haotian Liu, Liangyu Chen, Yong Jae Lee, Chunyuan Li, Ziwei Liu",47.0,9.0,2025-9,Issue,10.1109/tpami.2025.3572476,https://doi.org/10.1109/tpami.2025.3572476
61,Dataset,SceneTracker: Long-Term Scene Flow Estimation Network,"Bo Wang, Jian Li, Yang Yu, Li Liu, Zhenping Sun, Dewen Hu",47.0,9.0,2025-9,Issue,10.1109/tpami.2025.3572489,https://doi.org/10.1109/tpami.2025.3572489
62,Dataset,A Learning Paradigm for Selecting Few Discriminative Stimuli in Eye-Tracking Research,"Wenqi Zhong, Chen Xia, Linzhi Yu, Kuan Li, Zhongyu Li, Dingwen Zhang, Junwei Han",47.0,9.0,2025-9,Issue,10.1109/tpami.2025.3573729,https://doi.org/10.1109/tpami.2025.3573729
63,Dataset,Reliable and Balanced Transfer Learning for Generalized Multimodal Face Anti-Spoofing,"Xun Lin, Ajian Liu, Zitong Yu, Rizhao Cai, Shuai Wang, Yi Yu, Jun Wan, Zhen Lei, Xiaochun Cao, Alex Kot",47.0,9.0,2025-9,Issue,10.1109/tpami.2025.3573785,https://doi.org/10.1109/tpami.2025.3573785
64,Dataset,Toward Interactive Sound Source Localization: Better Align Sight and Sound!,"Arda Senocak, Hyeonggon Ryu, Junsik Kim, Tae-Hyun Oh, Hanspeter Pfister, Joon Son Chung",47.0,9.0,2025-9,Issue,10.1109/tpami.2025.3573994,https://doi.org/10.1109/tpami.2025.3573994
65,Dataset,Toward Unified 3D Object Detection via Algorithm and Data Unification,"Zhuoling Li, Xiaogang Xu, Ser-Nam Lim, Hengshuang Zhao",47.0,9.0,2025-9,Issue,10.1109/tpami.2025.3574363,https://doi.org/10.1109/tpami.2025.3574363
66,Dataset,BlackboxBench: A Comprehensive Benchmark of Black-Box Adversarial Attacks,"Meixi Zheng, Xuanchen Yan, Zihao Zhu, Hongrui Chen, Baoyuan Wu",47.0,9.0,2025-9,Issue,10.1109/tpami.2025.3574432,https://doi.org/10.1109/tpami.2025.3574432
67,Dataset,OpenGait: A Comprehensive Benchmark Study for Gait Recognition Toward Better Practicality,"Chao Fan, Saihui Hou, Junhao Liang, Chuanfu Shen, Jingzhe Ma, Dongyang Jin, Yongzhen Huang, Shiqi Yu",47.0,10.0,2025-10,Issue,10.1109/tpami.2025.3576283,https://doi.org/10.1109/tpami.2025.3576283
68,Dataset,Gaussian Prompter: Linking 2D Prompts for 3D Gaussian Segmentation,"Honghan Pan, Bangzhen Liu, Xuemiao Xu, Chenxi Zheng, Yongwei Nie, Shengfeng He",47.0,9.0,2025-9,Issue,10.1109/tpami.2025.3576839,https://doi.org/10.1109/tpami.2025.3576839
69,Dataset,Flow-Anything: Learning Real-World Optical Flow Estimation From Large-Scale Single-View Images,"Yingping Liang, Ying Fu, Yutao Hu, Wenqi Shao, Jiaming Liu, Debing Zhang",47.0,10.0,2025-10,Issue,10.1109/tpami.2025.3576851,https://doi.org/10.1109/tpami.2025.3576851
70,Dataset,New Dataset and Methods for Fine-Grained Compositional Referring Expression Comprehension via Specialist-MLLM Collaboration,"Xuzheng Yang, Junzhuo Liu, Peng Wang, Guoqing Wang, Yang Yang, Heng Tao Shen",47.0,10.0,2025-10,Issue,10.1109/tpami.2025.3580090,https://doi.org/10.1109/tpami.2025.3580090
71,Dataset,Learning Lens Blur Fields,"Esther Y. H. Lin, Zhecheng Wang, Rebecca Lin, Daniel Miau, Florian Kainz, Jiawen Chen, Xuaner Zhang, David B. Lindell, Kiriakos N. Kutulakos",47.0,9.0,2025-9,Issue,10.1109/tpami.2025.3578587,https://doi.org/10.1109/tpami.2025.3578587
72,Dataset,Any Fashion Attribute Editing: Dataset and Pretrained Models,"Shumin Zhu, Xingxing Zou, Wenhan Yang, Wai Keung Wong",47.0,10.0,2025-10,Issue,10.1109/tpami.2025.3581793,https://doi.org/10.1109/tpami.2025.3581793
73,Dataset,CAT+: Investigating and Enhancing Audio-Visual Understanding in Large Language Models,"Qilang Ye, Zitong Yu, Rui Shao, Yawen Cui, Xiangui Kang, Xin Liu, Philip Torr, Xiaochun Cao",47.0,10.0,2025-10,Issue,10.1109/tpami.2025.3582389,https://doi.org/10.1109/tpami.2025.3582389
74,Dataset,Learning Rain Location Prior for Nighttime Deraining and Beyond,"Fan Zhang, Shaodi You, Yu Li, Ying Fu",47.0,10.0,2025-10,Issue,10.1109/tpami.2025.3586361,https://doi.org/10.1109/tpami.2025.3586361
75,Dataset,Ins-HOI: Instance Aware Human-Object Interactions Recovery,"Jiajun Zhang, Yuxiang Zhang, Hongwen Zhang, Xiao Zhou, Boyao Zhou, Ruizhi Shao, Zonghai Hu, Yebin Liu",47.0,11.0,2025-11,Issue,10.1109/tpami.2025.3588268,https://doi.org/10.1109/tpami.2025.3588268
76,Dataset,Spatial-Temporal Graph Mamba for Music-Guided Dance Video Synthesis,"Hao Tang, Ling Shao, Zhenyu Zhang, Luc Van Gool, Nicu Sebe",47.0,11.0,2025-11,Issue,10.1109/tpami.2025.3588237,https://doi.org/10.1109/tpami.2025.3588237
77,Dataset,ClusMatch: Improving Deep Clustering by Unified Positive and Negative Pseudo-Label Learning,"Jianlong Wu, Zihan Li, Wei Sun, Jianhua Yin, Liqiang Nie, Zhouchen Lin",47.0,11.0,2025-11,Issue,10.1109/tpami.2025.3588239,https://doi.org/10.1109/tpami.2025.3588239
78,Dataset,FLAG3D++: A Benchmark for 3D Fitness Activity Comprehension With Language Instruction,"Yansong Tang, Aoyang Liu, Jinpeng Liu, Shiyi Zhang, Wenxun Dai, Jie Zhou, Xiu Li, Jiwen Lu",47.0,11.0,2025-11,Issue,10.1109/tpami.2025.3590012,https://doi.org/10.1109/tpami.2025.3590012
79,Dataset,EPIC-SOUNDS: A Large-Scale Dataset of Actions That Sound,"Jaesung Huh, Jacob Chalk, Evangelos Kazakos, Dima Damen, Andrew Zisserman",47.0,11.0,2025-11,Issue,10.1109/tpami.2025.3590390,https://doi.org/10.1109/tpami.2025.3590390
80,Dataset,PointLLM-V2: Empowering Large Language Models to Better Understand Point Clouds,"Runsen Xu, Shuai Yang, Xiaolong Wang, Tai Wang, Yilun Chen, Jiangmiao Pang, Dahua Lin",,,2025,Early Access,10.1109/tpami.2025.3590784,https://doi.org/10.1109/tpami.2025.3590784
81,Dataset,360VOTS: Visual Object Tracking and Segmentation in Omnidirectional Videos,"Yinzhe Xu, Huajian Huang, Yingshu Chen, Sai-Kit Yeung",47.0,11.0,2025-11,Issue,10.1109/tpami.2025.3591725,https://doi.org/10.1109/tpami.2025.3591725
82,Dataset,WildVideo: Benchmarking LMMs for Understanding Video-Language Interaction,"Songyuan Yang, Weijiang Yu, Wenjing Yang, Xinwang Liu, Huibin Tan, Long Lan, Nong Xiao",47.0,10.0,2025-10,Issue,10.1109/tpami.2025.3592831,https://doi.org/10.1109/tpami.2025.3592831
83,Dataset,iSEARLE: Improving Textual Inversion for Zero-Shot Composed Image Retrieval,"Lorenzo Agnolucci, Alberto Baldrati, Alberto Del Bimbo, Marco Bertini",47.0,11.0,2025-11,Issue,10.1109/tpami.2025.3593539,https://doi.org/10.1109/tpami.2025.3593539
84,Dataset,Deep Learning-Based Point Cloud Compression: An In-Depth Survey and Benchmark,"Wei Gao, Liang Xie, Songlin Fan, Ge Li, Shan Liu, Wen Gao",47.0,11.0,2025-11,Issue,10.1109/tpami.2025.3594355,https://doi.org/10.1109/tpami.2025.3594355
85,Dataset,FiGVCL: Fine-Grained Benchmark and Method for Video Copy Localization,"Wenyang Luo, Yufan Liu, Bing Li, Weiming Hu, Stephen Maybank",47.0,11.0,2025-11,Issue,10.1109/tpami.2025.3595625,https://doi.org/10.1109/tpami.2025.3595625
86,Dataset,Deep Temporal Graph Clustering: A Comprehensive Benchmark and Datasets,"Meng Liu, Ke Liang, Siwei Wang, Xingchen Hu, Sihang Zhou, Xinwang Liu",47.0,12.0,2025-12,Issue,10.1109/tpami.2025.3596609,https://doi.org/10.1109/tpami.2025.3596609
87,Dataset,Reconstructing High Quality Raw Video Using Temporal Affinity and Diffusion Prior,"Wencheng Han, Jianbing Shen, David J. Crandall, Cheng-Zhong Xu",47.0,11.0,2025-11,Issue,10.1109/tpami.2025.3596623,https://doi.org/10.1109/tpami.2025.3596623
88,Dataset,3DCoMPaT <sup>++</sup> : An Improved Large-Scale 3D Vision Dataset for Compositional Recognition,"Habib Slim, Xiang Li, Yuchen Li, Mahmoud Ahmed, Mohamed Ayman, Ujjwal Upadhyay, Ahmed Abdelreheem, Arpit Prajapati, Suhail Pothigara, Peter Wonka, Mohamed Elhoseiny",47.0,12.0,2025-12,Issue,10.1109/tpami.2025.3597476,https://doi.org/10.1109/tpami.2025.3597476
89,Dataset,Efficient Benchmarking via Bias-Bounded Subset Selection,"Yan Zhuang, Junhao Yu, Qi Liu, Yuxuan Sun, Jiatong Li, Zhenya Huang, Enhong Chen",47.0,12.0,2025-12,Issue,10.1109/tpami.2025.3598031,https://doi.org/10.1109/tpami.2025.3598031
90,Dataset,EA-HAS-Bench and Language-Enhanced Shrinkage Search for Energy-Aware NAS,"Cairong Zhao, Shuguang Dou, Jiale Zhao, Xinyang Jiang, Junyao Gao, Yuge Zhang, Bo Li, Dongsheng Li",47.0,12.0,2025-12,Issue,10.1109/tpami.2025.3598206,https://doi.org/10.1109/tpami.2025.3598206
91,Dataset,Scaling up Multimodal Pre-Training for Sign Language Understanding,"Wengang Zhou, Weichao Zhao, Hezhen Hu, Zecheng Li, Houqiang Li",47.0,12.0,2025-12,Issue,10.1109/tpami.2025.3599313,https://doi.org/10.1109/tpami.2025.3599313
92,Dataset,MinD-3D++: Advancing fMRI-Based 3D Reconstruction With High-Quality Textured Mesh Generation and a Comprehensive Dataset,"Jianxiong Gao, Yanwei Fu, Yuqian Fu, Yun Wang, Xuelin Qian, Jianfeng Feng",47.0,12.0,2025-12,Issue,10.1109/tpami.2025.3599860,https://doi.org/10.1109/tpami.2025.3599860
93,Dataset,Neovascularization Segmentation via a Multilateral Interaction-Enhanced Graph Convolutional Network,"Tao Chen, Dan Zhang, Da Chen, Huazhu Fu, Kai Jin, Shanshan Wang, Laurent D. Cohen, Yitian Zhao, Quanyong Yi, Jiong Zhang",47.0,12.0,2025-12,Issue,10.1109/tpami.2025.3600335,https://doi.org/10.1109/tpami.2025.3600335
94,Dataset,UrbanGen: Urban Generation with Compositional and Controllable Neural Fields,"Yuanbo Yang, Yujun Shen, Yue Wang, Andreas Geiger, Yiyi Liao",,,2025,Early Access,10.1109/tpami.2025.3600440,https://doi.org/10.1109/tpami.2025.3600440
95,Dataset,MeViS: A Multi-Modal Dataset for Referring Motion Expression Video Segmentation,"Henghui Ding, Chang Liu, Shuting He, Kaining Ying, Xudong Jiang, Chen Change Loy, Yu-Gang Jiang",47.0,12.0,2025-12,Issue,10.1109/tpami.2025.3600507,https://doi.org/10.1109/tpami.2025.3600507
96,Dataset,Reconstructing Three-Dimensional Models of Interacting Humans,"Mihai Fieraru, Mihai Zanfir, Elisabeta Oneata, Alin-Ionut Popa, Vlad Olaru, Cristian Sminchisescu",47.0,12.0,2025-12,Issue,10.1109/tpami.2025.3601974,https://doi.org/10.1109/tpami.2025.3601974
97,Dataset,Centroiding Point-Objects With Event Cameras,"Connor Hashemi, Dennis Melamed, Albert W. Reed, Nitesh Menon, Keigo Hirakawa, Scott McCloskey",,,2025,Early Access,10.1109/tpami.2025.3604385,https://doi.org/10.1109/tpami.2025.3604385
98,Dataset,MotionLLM: Understanding Human Behaviors from Human Motions and Videos,"Ling-Hao Chen, Shunlin Lu, Ailing Zeng, Hao Zhang, Benyou Wang, Ruimao Zhang, Lei Zhang",,,2025,Early Access,10.1109/tpami.2025.3627546,https://doi.org/10.1109/tpami.2025.3627546
99,Dataset,Diffusion Models are Efficient Data Generators for Human Mesh Recovery,"Yongtao Ge, Wenjia Wang, Yongfan Chen, Fanzhou Wang, Lei Yang, Hao Chen, Chunhua Shen",,,2025,Early Access,10.1109/tpami.2025.3621755,https://doi.org/10.1109/tpami.2025.3621755
100,Method,Ordinal Unsupervised Domain Adaptation With Recursively Conditional Gaussian Imposed Variational Disentanglement,"Xiaofeng Liu, Site Li, Yubin Ge, Pengyi Ye, Jane You, Jun Lu",47.0,5.0,2025-5,Issue,10.1109/tpami.2022.3183115,https://doi.org/10.1109/tpami.2022.3183115
101,Method,OpenGAN: Open-Set Recognition via Open Data Generation,"Shu Kong, Deva Ramanan",47.0,5.0,2025-5,Issue,10.1109/tpami.2022.3184052,https://doi.org/10.1109/tpami.2022.3184052
102,Method,Voxel-Mesh Network for Geodesic-Aware 3D Semantic Segmentation of Indoor Scenes,"Zeyu Hu, Xuyang Bai, Jiaxiang Shang, Runze Zhang, Jiayu Dong, Xin Wang, Guangyuan Sun, Hongbo Fu, Chiew-Lan Tai",47.0,5.0,2025-5,Issue,10.1109/tpami.2022.3194555,https://doi.org/10.1109/tpami.2022.3194555
103,Method,Variable Imaging Projection Cloud Scattering Tomography,"Roi Ronen, Vadim Holodovsky, Yoav Y. Schechner",47.0,8.0,2025-8,Issue,10.1109/tpami.2022.3195920,https://doi.org/10.1109/tpami.2022.3195920
104,Method,PS2 F: Polarized Spiral Point Spread Function for Single-Shot 3D Sensing,"Bhargav Ghanekar, Vishwanath Saragadam, Dushyant Mehra, Anna-Karin Gustavsson, Aswin C. Sankaranarayanan, Ashok Veeraraghavan",47.0,8.0,2025-8,Issue,10.1109/tpami.2022.3202511,https://doi.org/10.1109/tpami.2022.3202511
105,Method,Towards Mixed-State Coded Diffraction Imaging,"Benjamin Attal, Matthew O'Toole",47.0,8.0,2025-8,Issue,10.1109/tpami.2022.3203347,https://doi.org/10.1109/tpami.2022.3203347
106,Method,Physics to the Rescue: Deep Non-Line-of-Sight Reconstruction for High-Speed Imaging,"Fangzhou Mu, Sicheng Mo, Jiayong Peng, Xiaochun Liu, Ji Hyun Nam, Siddeshwar Raghavan, Andreas Velten, Yin Li",47.0,8.0,2025-8,Issue,10.1109/tpami.2022.3203383,https://doi.org/10.1109/tpami.2022.3203383
107,Method,Wide-Baseline Light Fields Using Ellipsoidal Mirrors,"Michael De Zeeuw, Aswin C. Sankaranarayanan",47.0,8.0,2025-8,Issue,10.1109/tpami.2022.3202513,https://doi.org/10.1109/tpami.2022.3202513
108,Method,MPS-NeRF: Generalizable 3D Human Rendering From Multiview Images,"Xiangjun Gao, Jiaolong Yang, Jongyoo Kim, Sida Peng, Zicheng Liu, Xin Tong",47.0,8.0,2025-8,Issue,10.1109/tpami.2022.3205910,https://doi.org/10.1109/tpami.2022.3205910
109,Method,MCTS With Refinement for Proposals Selection Games in Scene Understanding,"Sinisa Stekovic, Mahdi Rad, Alireza Moradi, Friedrich Fraundorfer, Vincent Lepetit",47.0,5.0,2025-5,Issue,10.1109/tpami.2022.3203729,https://doi.org/10.1109/tpami.2022.3203729
110,Method,Towards JPEG-Resistant Image Forgery Detection and Localization Via Self-Supervised Domain Adaptation,"Yuan Rao, Jiangqun Ni, Weizhe Zhang, Jiwu Huang",47.0,5.0,2025-5,Issue,10.1109/tpami.2022.3210379,https://doi.org/10.1109/tpami.2022.3210379
111,Method,Revisiting Viewing Graph Solvability: An Effective Approach Based on Cycle Consistency,"Federica Arrigoni, Andrea Fusiello, Romeo Rizzi, Elisa Ricci, Tomas Pajdla",47.0,5.0,2025-5,Issue,10.1109/tpami.2022.3212595,https://doi.org/10.1109/tpami.2022.3212595
112,Method,Pixel-Perfect Structure-From-Motion With Featuremetric Refinement,"Paul-Edouard Sarlin, Philipp Lindenberger, Viktor Larsson, Marc Pollefeys",47.0,5.0,2025-5,Issue,10.1109/tpami.2023.3237269,https://doi.org/10.1109/tpami.2023.3237269
113,Method,Using Zodiacal Light for Spaceborne Calibration of Polarimetric Imagers,"Or Avitan, Yoav Y. Schechner, Ehud Behar",47.0,9.0,2025-9,Issue,10.1109/tpami.2023.3299526,https://doi.org/10.1109/tpami.2023.3299526
114,Method,Supervision by Denoising,"Sean I. Young, Adrian V. Dalca, Enzo Ferrante, Polina Golland, Christopher A. Metzler, Bruce Fischl, Juan Eugenio Iglesias",47.0,9.0,2025-9,Issue,10.1109/tpami.2023.3299789,https://doi.org/10.1109/tpami.2023.3299789
115,Method,Isolating Signals in Passive Non-Line-of-Sight Imaging Using Spectral Content,"Connor Hashemi, Rafael Avelar, James Leger",47.0,9.0,2025-9,Issue,10.1109/tpami.2023.3301336,https://doi.org/10.1109/tpami.2023.3301336
116,Method,Aberration-Aware Depth-From-Focus,"Xinge Yang, Qiang Fu, Mohamed Elhoseiny, Wolfgang Heidrich",47.0,9.0,2025-9,Issue,10.1109/tpami.2023.3301931,https://doi.org/10.1109/tpami.2023.3301931
117,Method,Count-Free Single-Photon 3D Imaging With Race Logic,"Atul Ingle, David Maier",47.0,9.0,2025-9,Issue,10.1109/tpami.2023.3302822,https://doi.org/10.1109/tpami.2023.3302822
118,Method,Transformer-Empowered Invariant Grounding for Video Question Answering,"Yicong Li, Xiang Wang, Junbin Xiao, Wei Ji, Tat-Seng Chua",47.0,11.0,2025-11,Issue,10.1109/tpami.2023.3303451,https://doi.org/10.1109/tpami.2023.3303451
119,Method,CoIR: Compressive Implicit Radar,"Sean M. Farrell, Vivek Boominathan, Nathaniel Raymondi, Ashutosh Sabharwal, Ashok Veeraraghavan",47.0,9.0,2025-9,Issue,10.1109/tpami.2023.3301553,https://doi.org/10.1109/tpami.2023.3301553
120,Method,Learning to Solve Hard Minimal Problems,"Petr Hruby, Timothy Duff, Anton Leykin, Tomas Pajdla",47.0,11.0,2025-11,Issue,10.1109/tpami.2023.3307898,https://doi.org/10.1109/tpami.2023.3307898
121,Method,Light Field Neural Rendering,"Mohammed Suhail, Carlos Esteves, Leonid Sigal, Ameesh Makadia",47.0,11.0,2025-11,Issue,10.1109/tpami.2023.3316992,https://doi.org/10.1109/tpami.2023.3316992
122,Method,Dual-Shutter Optical Vibration Sensing,"Mark Sheinin, Dorian Chan, Matthew O'Toole, Srinivasa G. Narasimhan",47.0,11.0,2025-11,Issue,10.1109/tpami.2023.3344650,https://doi.org/10.1109/tpami.2023.3344650
123,Method,Global Model Selection via Solution Paths for Robust Support Vector Machine,"Zhou Zhai, Bin Gu, Cheng Deng, Heng Huang",47.0,3.0,2025-3,Issue,10.1109/tpami.2023.3346765,https://doi.org/10.1109/tpami.2023.3346765
124,Method,EPro-PnP: Generalized End-to-End Probabilistic Perspective-n-Points for Monocular Object Pose Estimation,"Hansheng Chen, Wei Tian, Pichao Wang, Fan Wang, Lu Xiong, Hao Li",47.0,11.0,2025-11,Issue,10.1109/tpami.2024.3354997,https://doi.org/10.1109/tpami.2024.3354997
125,Method,Burst Image Restoration and Enhancement,"Akshay Dudhane, Syed Waqas Zamir, Salman Khan, Fahad Shahbaz Khan, Ming-Husan Yang",47.0,11.0,2025-11,Issue,10.1109/tpami.2024.3356188,https://doi.org/10.1109/tpami.2024.3356188
126,Method,Ref-NeRF: Structured View-Dependent Appearance for Neural Radiance Fields,"Dor Verbin, Peter Hedman, Ben Mildenhall, Todd Zickler, Jonathan T. Barron, Pratul P. Srinivasan",47.0,11.0,2025-11,Issue,10.1109/tpami.2024.3360018,https://doi.org/10.1109/tpami.2024.3360018
127,Method,A General Spatial-Frequency Learning Framework for Multimodal Image Fusion,"Man Zhou, Jie Huang, Keyu Yan, Danfeng Hong, Xiuping Jia, Jocelyn Chanussot, Chongyi Li",47.0,7.0,2025-7,Issue,10.1109/tpami.2024.3368112,https://doi.org/10.1109/tpami.2024.3368112
128,Method,Self-Supervised Learning for Real-World Super-Resolution From Dual and Multiple Zoomed Observations,"Zhilu Zhang, Ruohao Wang, Hongzhi Zhang, Wangmeng Zuo",47.0,3.0,2025-3,Issue,10.1109/tpami.2024.3379736,https://doi.org/10.1109/tpami.2024.3379736
129,Method,Baking Neural Radiance Fields for Real-Time View Synthesis,"Peter Hedman, Pratul P. Srinivasan, Ben Mildenhall, Christian Reiser, Jonathan T. Barron, Paul Debevec",47.0,5.0,2025-5,Issue,10.1109/tpami.2024.3381001,https://doi.org/10.1109/tpami.2024.3381001
130,Method,ETPNav: Evolving Topological Planning for Vision-Language Navigation in Continuous Environments,"Dong An, Hanqing Wang, Wenguan Wang, Zun Wang, Yan Huang, Keji He, Liang Wang",47.0,7.0,2025-7,Issue,10.1109/tpami.2024.3386695,https://doi.org/10.1109/tpami.2024.3386695
131,Method,A Versatile Framework for Multi-Scene Person Re-Identification,"Wei-Shi Zheng, Junkai Yan, Yi-Xing Peng",47.0,3.0,2025-3,Issue,10.1109/tpami.2024.3381184,https://doi.org/10.1109/tpami.2024.3381184
132,Method,UniDetector: Towards Universal Object Detection With Heterogeneous Supervision,"Zhenyu Wang, Yali Li, Xi Chen, Ser-Nam Lim, Antonio Torralba, Hengshuang Zhao, Shengjin Wang",47.0,7.0,2025-7,Issue,10.1109/tpami.2024.3411595,https://doi.org/10.1109/tpami.2024.3411595
133,Method,Human-Centric Transformer for Domain Adaptive Action Recognition,"Kun-Yu Lin, Jiaming Zhou, Wei-Shi Zheng",47.0,2.0,2025-2,Issue,10.1109/tpami.2024.3429387,https://doi.org/10.1109/tpami.2024.3429387
134,Method,Unpaired Image-Text Matching via Multimodal Aligned Conceptual Knowledge,"Yan Huang, Yuming Wang, Yunan Zeng, Junshi Huang, Zhenhua Chai, Liang Wang",47.0,7.0,2025-7,Issue,10.1109/tpami.2024.3432552,https://doi.org/10.1109/tpami.2024.3432552
135,Method,Matryoshka: Exploiting the Over-Parametrization of Deep Learning Models for Covert Data Transmission,"Xudong Pan, Mi Zhang, Yifan Yan, Shengyao Zhang, Min Yang",47.0,2.0,2025-2,Issue,10.1109/tpami.2024.3434417,https://doi.org/10.1109/tpami.2024.3434417
136,Method,Adaptive Neural Message Passing for Inductive Learning on Hypergraphs,"Devanshu Arya, Deepak K. Gupta, Stevan Rudinac, Marcel Worring",47.0,1.0,2025-1,Issue,10.1109/tpami.2024.3434483,https://doi.org/10.1109/tpami.2024.3434483
137,Method,Neural Prompt Search,"Yuanhan Zhang, Kaiyang Zhou, Ziwei Liu",47.0,7.0,2025-7,Issue,10.1109/tpami.2024.3435939,https://doi.org/10.1109/tpami.2024.3435939
138,Method,MoIL: Momentum Imitation Learning for Efficient Vision-Language Adaptation,"Gen Luo, Yiyi Zhou, Minglang Huang, Tianhe Ren, Xiaoshuai Sun, Rongrong Ji",47.0,7.0,2025-7,Issue,10.1109/tpami.2024.3435790,https://doi.org/10.1109/tpami.2024.3435790
139,Method,Self-Supervised Multimodal Learning: A Survey,"Yongshuo Zong, Oisin Mac Aodha, Timothy M. Hospedales",47.0,7.0,2025-7,Issue,10.1109/tpami.2024.3429301,https://doi.org/10.1109/tpami.2024.3429301
140,Method,Cap4Video++: Enhancing Video Understanding With Auxiliary Captions,"Wenhao Wu, Xiaohan Wang, Haipeng Luo, Jingdong Wang, Yi Yang, Wanli Ouyang",47.0,7.0,2025-7,Issue,10.1109/tpami.2024.3410329,https://doi.org/10.1109/tpami.2024.3410329
141,Method,Optimizing Latent Variables in Integrating Transfer and Query Based Attack Framework,"Chao Li, Tingsong Jiang, Handing Wang, Wen Yao, Donghua Wang",47.0,1.0,2025-1,Issue,10.1109/tpami.2024.3461686,https://doi.org/10.1109/tpami.2024.3461686
142,Method,Efficient Diffusion Model for Image Restoration by Residual Shifting,"Zongsheng Yue, Jianyi Wang, Chen Change Loy",47.0,1.0,2025-1,Issue,10.1109/tpami.2024.3461721,https://doi.org/10.1109/tpami.2024.3461721
143,Method,Prototype-Guided Attention Distillation for Discriminative Person Search,"Hanjae Kim, Jiyoung Lee, Kwanghoon Sohn",47.0,1.0,2025-1,Issue,10.1109/tpami.2024.3461778,https://doi.org/10.1109/tpami.2024.3461778
144,Method,Prompt-and-Transfer: Dynamic Class-Aware Enhancement for Few-Shot Segmentation,"Hanbo Bi, Yingchao Feng, Wenhui Diao, Peijin Wang, Yongqiang Mao, Kun Fu, Hongqi Wang, Xian Sun",47.0,1.0,2025-1,Issue,10.1109/tpami.2024.3461779,https://doi.org/10.1109/tpami.2024.3461779
145,Method,A Versatile Point Cloud Compressor Using Universal Multiscale Conditional Coding – Part I: Geometry,"Jianqiang Wang, Ruixiang Xue, Jiaxin Li, Dandan Ding, Yi Lin, Zhan Ma",47.0,1.0,2025-1,Issue,10.1109/tpami.2024.3462938,https://doi.org/10.1109/tpami.2024.3462938
146,Method,A Versatile Point Cloud Compressor Using Universal Multiscale Conditional Coding – Part II: Attribute,"Jianqiang Wang, Ruixiang Xue, Jiaxin Li, Dandan Ding, Yi Lin, Zhan Ma",47.0,1.0,2025-1,Issue,10.1109/tpami.2024.3462945,https://doi.org/10.1109/tpami.2024.3462945
147,Method,Quantifying and Learning Static vs. Dynamic Information in Deep Spatiotemporal Networks,"Matthew Kowal, Mennatullah Siam, Md Amirul Islam, Neil D. B. Bruce, Richard P. Wildes, Konstantinos G. Derpanis",47.0,1.0,2025-1,Issue,10.1109/tpami.2024.3462291,https://doi.org/10.1109/tpami.2024.3462291
148,Method,Textureless Deformable Object Tracking With Invisible Markers,"Xinyuan Li, Yu Guo, Yubei Tu, Yu Ji, Yanchen Liu, Jinwei Ye, Changxi Zheng",47.0,9.0,2025-9,Issue,10.1109/tpami.2024.3463422,https://doi.org/10.1109/tpami.2024.3463422
149,Method,HOLI-1-to-3: Transient-Enhanced Holistic Image-to-3D Generation,"Siyuan Shen, Suan Xia, Xingyue Peng, Ziyu Wang, Yingsheng Zhu, Shiying Li, Jingyi Yu",47.0,9.0,2025-9,Issue,10.1109/tpami.2024.3463875,https://doi.org/10.1109/tpami.2024.3463875
150,Method,Noise-Robust Vision-Language Pre-Training With Positive-Negative Learning,"Zhenyu Huang, Mouxing Yang, Xinyan Xiao, Peng Hu, Xi Peng",47.0,1.0,2025-1,Issue,10.1109/tpami.2024.3462996,https://doi.org/10.1109/tpami.2024.3462996
151,Method,When Meta-Learning Meets Online and Continual Learning: A Survey,"Jaehyeon Son, Soochan Lee, Gunhee Kim",47.0,1.0,2025-1,Issue,10.1109/tpami.2024.3463709,https://doi.org/10.1109/tpami.2024.3463709
152,Method,T2TD: Text-3D Generation Model Based on Prior Knowledge Guidance,"Weizhi Nie, Ruidong Chen, Weijie Wang, Bruno Lepri, Nicu Sebe",47.0,1.0,2025-1,Issue,10.1109/tpami.2024.3463753,https://doi.org/10.1109/tpami.2024.3463753
153,Method,Unveiling the Power of Self-Supervision for Multi-View Multi-Human Association and Tracking,"Wei Feng, Feifan Wang, Ruize Han, Yiyang Gan, Zekun Qian, Junhui Hou, Song Wang",47.0,1.0,2025-1,Issue,10.1109/tpami.2024.3463966,https://doi.org/10.1109/tpami.2024.3463966
154,Method,Revisiting Nonlocal Self-Similarity from Continuous Representation,"Yisi Luo, Xile Zhao, Deyu Meng",47.0,1.0,2025-1,Issue,10.1109/tpami.2024.3464875,https://doi.org/10.1109/tpami.2024.3464875
155,Method,Event-Enhanced Snapshot Mosaic Hyperspectral Frame Deblurring,"Mengyue Geng, Lizhi Wang, Lin Zhu, Wei Zhang, Ruiqin Xiong, Yonghong Tian",47.0,1.0,2025-1,Issue,10.1109/tpami.2024.3465455,https://doi.org/10.1109/tpami.2024.3465455
156,Method,"RoBoSS: A Robust, Bounded, Sparse, and Smooth Loss Function for Supervised Learning","Mushir Akhtar, M. Tanveer, Mohd. Arshad",47.0,1.0,2025-1,Issue,10.1109/tpami.2024.3465535,https://doi.org/10.1109/tpami.2024.3465535
157,Method,Multi-Sensor Learning Enables Information Transfer Across Different Sensory Data and Augments Multi-Modality Imaging,"Lingting Zhu, Yizheng Chen, Lianli Liu, Lei Xing, Lequan Yu",47.0,1.0,2025-1,Issue,10.1109/tpami.2024.3465649,https://doi.org/10.1109/tpami.2024.3465649
158,Method,Z-Splat: Z-Axis Gaussian Splatting for Camera-Sonar Fusion,"Ziyuan Qu, Omkar Vengurlekar, Mohamad Qadri, Kevin Zhang, Michael Kaess, Christopher Metzler, Suren Jayasuriya, Adithya Pediredla",47.0,9.0,2025-9,Issue,10.1109/tpami.2024.3462290,https://doi.org/10.1109/tpami.2024.3462290
159,Method,Estimating Per-Class Statistics for Label Noise Learning,"Wenshui Luo, Shuo Chen, Tongliang Liu, Bo Han, Gang Niu, Masashi Sugiyama, Dacheng Tao, Chen Gong",47.0,1.0,2025-1,Issue,10.1109/tpami.2024.3466182,https://doi.org/10.1109/tpami.2024.3466182
160,Method,Generalized Relevance Learning Grassmann Quantization,"M. Mohammadi, M. Babai, M.H.F. Wilkinson",47.0,1.0,2025-1,Issue,10.1109/tpami.2024.3466315,https://doi.org/10.1109/tpami.2024.3466315
161,Method,Adverse Weather Optical Flow: Cumulative Homogeneous-Heterogeneous Adaptation,"Hanyu Zhou, Yi Chang, Zhiwei Shi, Wending Yan, Gang Chen, Yonghong Tian, Luxin Yan",47.0,1.0,2025-1,Issue,10.1109/tpami.2024.3466241,https://doi.org/10.1109/tpami.2024.3466241
162,Method,High-Performance Real-World Optical Computing Trained by in Situ Gradient-Based Model-Free Optimization,"Guangyuan Zhao, Xin Shu, Renjie Zhou",47.0,9.0,2025-9,Issue,10.1109/tpami.2024.3466853,https://doi.org/10.1109/tpami.2024.3466853
163,Method,Weakly Supervised Monocular 3D Object Detection by Spatial-Temporal View Consistency,"Wencheng Han, Runzhou Tao, Haibin Ling, Jianbing Shen",47.0,1.0,2025-1,Issue,10.1109/tpami.2024.3466915,https://doi.org/10.1109/tpami.2024.3466915
164,Method,Unsupervised Dual Deep Hashing With Semantic-Index and Content-Code for Cross-Modal Retrieval,"Bin Zhang, Yue Zhang, Junyu Li, Jiazhou Chen, Tatsuya Akutsu, Yiu-Ming Cheung, Hongmin Cai",47.0,1.0,2025-1,Issue,10.1109/tpami.2024.3467130,https://doi.org/10.1109/tpami.2024.3467130
165,Method,Developmental Plasticity-Inspired Adaptive Pruning for Deep Spiking and Artificial Neural Networks,"Bing Han, Feifei Zhao, Yi Zeng, Guobin Shen",47.0,1.0,2025-1,Issue,10.1109/tpami.2024.3467268,https://doi.org/10.1109/tpami.2024.3467268
166,Method,PSVMA+: Exploring Multi-Granularity Semantic-Visual Adaption for Generalized Zero-Shot Learning,"Man Liu, Huihui Bai, Feng Li, Chunjie Zhang, Yunchao Wei, Meng Wang, Tat-Seng Chua, Yao Zhao",47.0,1.0,2025-1,Issue,10.1109/tpami.2024.3467229,https://doi.org/10.1109/tpami.2024.3467229
167,Method,On-the-Fly Modulation for Balanced Multimodal Learning,"Yake Wei, Di Hu, Henghui Du, Ji-Rong Wen",47.0,1.0,2025-1,Issue,10.1109/tpami.2024.3468315,https://doi.org/10.1109/tpami.2024.3468315
168,Method,Language-Aware Vision Transformer for Referring Segmentation,"Zhao Yang, Jiaqi Wang, Xubing Ye, Yansong Tang, Kai Chen, Hengshuang Zhao, Philip H. S. Torr",47.0,7.0,2025-7,Issue,10.1109/tpami.2024.3468640,https://doi.org/10.1109/tpami.2024.3468640
169,Method,InfoGCN++: Learning Representation by Predicting the Future for Online Skeleton-Based Action Recognition,"Seunggeun Chi, Hyung-Gun Chi, Qixing Huang, Karthik Ramani",47.0,1.0,2025-1,Issue,10.1109/tpami.2024.3466212,https://doi.org/10.1109/tpami.2024.3466212
170,Method,Symbolic Visual Reinforcement Learning: A Scalable Framework With Object-Level Abstraction and Differentiable Expression Search,"Wenqing Zheng, S. P. Sharan, Zhiwen Fan, Kevin Wang, Yihan Xi, Zhangyang Wang",47.0,1.0,2025-1,Issue,10.1109/tpami.2024.3469053,https://doi.org/10.1109/tpami.2024.3469053
171,Method,Stabilizing and Accelerating Federated Learning on Heterogeneous Data With Partial Client Participation,"Hao Zhang, Chenglin Li, Wenrui Dai, Ziyang Zheng, Junni Zou, Hongkai Xiong",47.0,1.0,2025-1,Issue,10.1109/tpami.2024.3469188,https://doi.org/10.1109/tpami.2024.3469188
172,Method,Medical Federated Model With Mixture of Personalized and Shared Components,"Yawei Zhao, Qinghe Liu, Pan Liu, Xinwang Liu, Kunlun He",47.0,1.0,2025-1,Issue,10.1109/tpami.2024.3470072,https://doi.org/10.1109/tpami.2024.3470072
173,Method,Dynamic Routing and Knowledge Re-Learning for Data-Free Black-Box Attack,"Xuelin Qian, Wenxuan Wang, Yu-Gang Jiang, Xiangyang Xue, Yanwei Fu",47.0,1.0,2025-1,Issue,10.1109/tpami.2024.3469952,https://doi.org/10.1109/tpami.2024.3469952
174,Method,NeMF: Neural Microphysics Fields,"Inbal Kom-Betzer, Roi Ronen, Vadim Holodovsky, Yoav Y. Schechner, Ilan Koren",47.0,9.0,2025-9,Issue,10.1109/tpami.2024.3467913,https://doi.org/10.1109/tpami.2024.3467913
175,Method,Tensor Coupled Learning of Incomplete Longitudinal Features and Labels for Clinical Score Regression,"Qing Xiao, Guiying Liu, Qianjin Feng, Yu Zhang, Zhenyuan Ning",47.0,1.0,2025-1,Issue,10.1109/tpami.2024.3471800,https://doi.org/10.1109/tpami.2024.3471800
176,Method,Competing for Pixels: A Self-Play Algorithm for Weakly-Supervised Semantic Segmentation,"Shaheer U. Saeed, Shiqi Huang, João Ramalhinho, Iani J.M.B. Gayo, Nina Montaña-Brown, Ester Bonmati, Stephen P. Pereira, Brian Davidson, Dean C. Barratt, Matthew J. Clarkson, Yipeng Hu",47.0,2.0,2025-2,Issue,10.1109/tpami.2024.3474094,https://doi.org/10.1109/tpami.2024.3474094
177,Method,Sparse Non-Local CRF With Applications,"Olga Veksler, Yuri Boykov",47.0,2.0,2025-2,Issue,10.1109/tpami.2024.3474468,https://doi.org/10.1109/tpami.2024.3474468
178,Method,RGB-T Tracking With Template-Bridged Search Interaction and Target-Preserved Template Updating,"Bo Li, Fengguang Peng, Tianrui Hui, Xiaoming Wei, Xiaolin Wei, Lijun Zhang, Hang Shi, Si Liu",47.0,1.0,2025-1,Issue,10.1109/tpami.2024.3475472,https://doi.org/10.1109/tpami.2024.3475472
179,Method,FocalPose++: Focal Length and Object Pose Estimation via Render and Compare,"Martin Cífka, Georgy Ponimatkin, Yann Labbé, Bryan Russell, Mathieu Aubry, Vladimir Petrik, Josef Sivic",47.0,2.0,2025-2,Issue,10.1109/tpami.2024.3475638,https://doi.org/10.1109/tpami.2024.3475638
180,Method,NeuralTPS: Learning Signed Distance Functions Without Priors From Single Sparse Point Clouds,"Chao Chen, Yu-Shen Liu, Zhizhong Han",47.0,1.0,2025-1,Issue,10.1109/tpami.2024.3476349,https://doi.org/10.1109/tpami.2024.3476349
181,Method,Probing Synergistic High-Order Interaction for Multi-Modal Image Fusion,"Man Zhou, Naishan Zheng, Xuanhua He, Danfeng Hong, Jocelyn Chanussot",47.0,2.0,2025-2,Issue,10.1109/tpami.2024.3475485,https://doi.org/10.1109/tpami.2024.3475485
182,Method,GUPNet++: Geometry Uncertainty Propagation Network for Monocular 3D Object Detection,"Yan Lu, Xinzhu Ma, Lei Yang, Tianzhu Zhang, Yating Liu, Qi Chu, Tong He, Yonghui Li, Wanli Ouyang",47.0,2.0,2025-2,Issue,10.1109/tpami.2024.3475583,https://doi.org/10.1109/tpami.2024.3475583
183,Method,Understanding Episode Hardness in Few-Shot Learning,"Yurong Guo, Ruoyi Du, Aneeshan Sain, Kongming Liang, Yuan Dong, Yi-Zhe Song, Zhanyu Ma",47.0,1.0,2025-1,Issue,10.1109/tpami.2024.3476075,https://doi.org/10.1109/tpami.2024.3476075
184,Method,Latent Diffusion Enhanced Rectangle Transformer for Hyperspectral Image Restoration,"Miaoyu Li, Ying Fu, Tao Zhang, Ji Liu, Dejing Dou, Chenggang Yan, Yulun Zhang",47.0,1.0,2025-1,Issue,10.1109/tpami.2024.3475249,https://doi.org/10.1109/tpami.2024.3475249
185,Method,Pixel is All You Need: Adversarial Spatio-Temporal Ensemble Active Learning for Salient Object Detection,"Zhenyu Wu, Wei Wang, Lin Wang, Yacong Li, Fengmao Lv, Qing Xia, Chenglizhao Chen, Aimin Hao, Shuo Li",47.0,2.0,2025-2,Issue,10.1109/tpami.2024.3476683,https://doi.org/10.1109/tpami.2024.3476683
186,Method,Robust Multimodal Learning With Missing Modalities via Parameter-Efficient Adaptation,"Md Kaykobad Reza, Ashley Prater-Bennette, M. Salman Asif",47.0,2.0,2025-2,Issue,10.1109/tpami.2024.3476487,https://doi.org/10.1109/tpami.2024.3476487
187,Method,Fast Window-Based Event Denoising With Spatiotemporal Correlation Enhancement,"Huachen Fang, Jinjian Wu, Qibin Hou, Weisheng Dong, Guangming Shi",47.0,3.0,2025-3,Issue,10.1109/tpami.2024.3467709,https://doi.org/10.1109/tpami.2024.3467709
188,Method,Changen2: Multi-Temporal Remote Sensing Generative Change Foundation Model,"Zhuo Zheng, Stefano Ermon, Dongjun Kim, Liangpei Zhang, Yanfei Zhong",47.0,2.0,2025-2,Issue,10.1109/tpami.2024.3475824,https://doi.org/10.1109/tpami.2024.3475824
189,Method,Continuous-Time Object Segmentation Using High Temporal Resolution Event Camera,"Lin Zhu, Xianzhang Chen, Lizhi Wang, Xiao Wang, Yonghong Tian, Hua Huang",47.0,2.0,2025-2,Issue,10.1109/tpami.2024.3477591,https://doi.org/10.1109/tpami.2024.3477591
190,Method,ImFace++: A Sophisticated Nonlinear 3D Morphable Face Model With Implicit Neural Representations,"Mingwu Zheng, Haiyu Zhang, Hongyu Yang, Liming Chen, Di Huang",47.0,2.0,2025-2,Issue,10.1109/tpami.2024.3480151,https://doi.org/10.1109/tpami.2024.3480151
191,Method,Diffusion Models for Imperceptible and Transferable Adversarial Attack,"Jianqi Chen, Hao Chen, Keyan Chen, Yilan Zhang, Zhengxia Zou, Zhenwei Shi",47.0,2.0,2025-2,Issue,10.1109/tpami.2024.3480519,https://doi.org/10.1109/tpami.2024.3480519
192,Method,VATr++: Choose Your Words Wisely for Handwritten Text Generation,"Bram Vanherle, Vittorio Pippi, Silvia Cascianelli, Nick Michiels, Frank Van Reeth, Rita Cucchiara",47.0,2.0,2025-2,Issue,10.1109/tpami.2024.3481154,https://doi.org/10.1109/tpami.2024.3481154
193,Method,Towards Data-And Knowledge-Driven AI: A Survey on Neuro-Symbolic Computing,"Wenguan Wang, Yi Yang, Fei Wu",47.0,2.0,2025-2,Issue,10.1109/tpami.2024.3483273,https://doi.org/10.1109/tpami.2024.3483273
194,Method,Enabling Energy-Efficient Deployment of Large Language Models on Memristor Crossbar: A Synergy of Large and Small,"Zhehui Wang, Tao Luo, Cheng Liu, Weichen Liu, Rick Siow Mong Goh, Weng-Fai Wong",47.0,2.0,2025-2,Issue,10.1109/tpami.2024.3483654,https://doi.org/10.1109/tpami.2024.3483654
195,Method,Intelligent Bionic Polarization Orientation Method Using Biological Neuron Model for Harsh Conditions,"Chong Shen, Yicheng Wu, Guanyu Qian, Xindong Wu, Huiliang Cao, Chenguang Wang, Jun Tang, Jun Liu",47.0,2.0,2025-2,Issue,10.1109/tpami.2024.3484183,https://doi.org/10.1109/tpami.2024.3484183
196,Method,Prompt Tuning of Deep Neural Networks for Speaker-Adaptive Visual Speech Recognition,"Minsu Kim, Hyung-Il Kim, Yong Man Ro",47.0,2.0,2025-2,Issue,10.1109/tpami.2024.3484658,https://doi.org/10.1109/tpami.2024.3484658
197,Method,Universal Fingerprint Generation: Controllable Diffusion Model With Multimodal Conditions,"Steven A. Grosz, Anil K. Jain",47.0,2.0,2025-2,Issue,10.1109/tpami.2024.3486179,https://doi.org/10.1109/tpami.2024.3486179
198,Method,Ensemble-Enhanced Semi-Supervised Learning With Optimized Graph Construction for High-Dimensional Data,"Guojie Li, Zhiwen Yu, Kaixiang Yang, C. L. Philip Chen, Xuelong Li",47.0,2.0,2025-2,Issue,10.1109/tpami.2024.3486319,https://doi.org/10.1109/tpami.2024.3486319
199,Method,On the Distillation of Stories for Transferring Narrative Arcs in Collections of Independent Media,"Dylan R. Ashley, Vincent Herrmann, Zachary Friggstad, Jürgen Schmidhuber",47.0,2.0,2025-2,Issue,10.1109/tpami.2024.3480702,https://doi.org/10.1109/tpami.2024.3480702
200,Method,Illuminating Salient Contributions in Neuron Activation With Attribution Equilibrium,"Woo-Jeoung Nam, Seong-Whan Lee",47.0,2.0,2025-2,Issue,10.1109/tpami.2024.3485775,https://doi.org/10.1109/tpami.2024.3485775
201,Method,PSRR-MaxpoolNMS++: Fast Non-Maximum Suppression With Discretization and Pooling,"Tianyi Zhang, Chunyun Chen, Yun Liu, Xue Geng, Mohamed M. Sabry Aly, Jie Lin",47.0,2.0,2025-2,Issue,10.1109/tpami.2024.3485898,https://doi.org/10.1109/tpami.2024.3485898
202,Method,Disentangling Before Composing: Learning Invariant Disentangled Features for Compositional Zero-Shot Learning,"Tian Zhang, Kongming Liang, Ruoyi Du, Wei Chen, Zhanyu Ma",47.0,2.0,2025-2,Issue,10.1109/tpami.2024.3487222,https://doi.org/10.1109/tpami.2024.3487222
203,Method,FLAC: Fairness-Aware Representation Learning by Suppressing Attribute-Class Associations,"Ioannis Sarridis, Christos Koutlis, Symeon Papadopoulos, Christos Diou",47.0,2.0,2025-2,Issue,10.1109/tpami.2024.3487254,https://doi.org/10.1109/tpami.2024.3487254
204,Method,Noise Self-Regression: A New Learning Paradigm to Enhance Low-Light Images Without Task-Related Data,"Zhao Zhang, Suiyi Zhao, Xiaojie Jin, Mingliang Xu, Yi Yang, Shuicheng Yan, Meng Wang",47.0,2.0,2025-2,Issue,10.1109/tpami.2024.3487361,https://doi.org/10.1109/tpami.2024.3487361
205,Method,Imaginary-Connected Embedding in Complex Space for Unseen Attribute-Object Discrimination,"Chenyi Jiang, Shidong Wang, Yang Long, Zechao Li, Haofeng Zhang, Ling Shao",47.0,3.0,2025-3,Issue,10.1109/tpami.2024.3487631,https://doi.org/10.1109/tpami.2024.3487631
206,Method,Unsupervised Degradation Representation Learning for Unpaired Restoration of Images and Point Clouds,"Longguang Wang, Yulan Guo, Yingqian Wang, Xiaoyu Dong, Qingyu Xu, Jungang Yang, Wei An",47.0,1.0,2025-1,Issue,10.1109/tpami.2024.3471571,https://doi.org/10.1109/tpami.2024.3471571
207,Method,Efficient Analysis of Overdispersed Data Using an Accurate Computation of the Dirichlet Multinomial Distribution,"Sherenaz Al-Haj Baddar, Alessandro Languasco, Mauro Migliardi",47.0,2.0,2025-2,Issue,10.1109/tpami.2024.3489645,https://doi.org/10.1109/tpami.2024.3489645
208,Method,Recent Advances in Optimal Transport for Machine Learning,"Eduardo Fernandes Montesuma, Fred Maurice Ngolè Mboula, Antoine Souloumiac",47.0,2.0,2025-2,Issue,10.1109/tpami.2024.3489030,https://doi.org/10.1109/tpami.2024.3489030
209,Method,Adaptive Learning for Dynamic Features and Noisy Labels,"Shilin Gu, Chao Xu, Dewen Hu, Chenping Hou",47.0,2.0,2025-2,Issue,10.1109/tpami.2024.3489217,https://doi.org/10.1109/tpami.2024.3489217
210,Method,The Decoupling Concept Bottleneck Model,"Rui Zhang, Xingbo Du, Junchi Yan, Shihua Zhang",47.0,2.0,2025-2,Issue,10.1109/tpami.2024.3489597,https://doi.org/10.1109/tpami.2024.3489597
211,Method,"OffsetNet: Towards Efficient Multiple Object Tracking, Detection, and Segmentation","Wei Zhang, Jiaming Li, Meng Xia, Xu Gao, Xiao Tan, Yifeng Shi, Zhenhua Huang, Guanbin Li",47.0,2.0,2025-2,Issue,10.1109/tpami.2024.3485644,https://doi.org/10.1109/tpami.2024.3485644
212,Method,360SFUDA++: Towards Source-Free UDA for Panoramic Segmentation by Learning Reliable Category Prototypes,"Xu Zheng, Peng Yuan Zhou, Athanasios V. Vasilakos, Lin Wang",47.0,2.0,2025-2,Issue,10.1109/tpami.2024.3490619,https://doi.org/10.1109/tpami.2024.3490619
213,Method,Evolved Hierarchical Masking for Self-Supervised Learning,"Zhanzhou Feng, Shiliang Zhang",47.0,2.0,2025-2,Issue,10.1109/tpami.2024.3490776,https://doi.org/10.1109/tpami.2024.3490776
214,Method,Anti-Forgetting Adaptation for Unsupervised Person Re-Identification,"Hao Chen, Francois Bremond, Nicu Sebe, Shiliang Zhang",47.0,2.0,2025-2,Issue,10.1109/tpami.2024.3490777,https://doi.org/10.1109/tpami.2024.3490777
215,Method,Language-Inspired Relation Transfer for Few-Shot Class-Incremental Learning,"Yifan Zhao, Jia Li, Zeyin Song, Yonghong Tian",47.0,2.0,2025-2,Issue,10.1109/tpami.2024.3492328,https://doi.org/10.1109/tpami.2024.3492328
216,Method,Multi-Modality Multi-Attribute Contrastive Pre-Training for Image Aesthetics Computing,"Yipo Huang, Leida Li, Pengfei Chen, Haoning Wu, Weisi Lin, Guangming Shi",47.0,2.0,2025-2,Issue,10.1109/tpami.2024.3492259,https://doi.org/10.1109/tpami.2024.3492259
217,Method,Insights on ‘Complex-Valued Iris Recognition Network’,Ajay Kumar,47.0,3.0,2025-3,Issue,10.1109/tpami.2024.3489775,https://doi.org/10.1109/tpami.2024.3489775
218,Method,Online Learning Under a Separable Stochastic Approximation Framework,"Min Gan, Xiang-xiang Su, Guang-yong Chen, Jing Chen, C. L. Philip Chen",47.0,2.0,2025-2,Issue,10.1109/tpami.2024.3495783,https://doi.org/10.1109/tpami.2024.3495783
219,Method,Estimating Information Theoretic Measures via Multidimensional Gaussianization,"Valero Laparra, Juan Emmanuel Johnson, Gustau Camps-Valls, Raúl Santos-Rodríguez, Jesús Malo",47.0,2.0,2025-2,Issue,10.1109/tpami.2024.3495827,https://doi.org/10.1109/tpami.2024.3495827
220,Method,Fast and Functional Structured Data Generators Rooted in Out-of-Equilibrium Physics,"Alessandra Carbone, Aurélien Decelle, Lorenzo Rosset, Beatriz Seoane",47.0,2.0,2025-2,Issue,10.1109/tpami.2024.3495999,https://doi.org/10.1109/tpami.2024.3495999
221,Method,Multi-Scale Part-Based Feature Representation for 3D Domain Generalization and Adaptation,"Xin Wei, Xiang Gu, Jian Sun",47.0,3.0,2025-3,Issue,10.1109/tpami.2024.3496670,https://doi.org/10.1109/tpami.2024.3496670
222,Method,Event-Enhanced Snapshot Compressive Videography at 10K FPS,"Bo Zhang, Jinli Suo, Qionghai Dai",47.0,2.0,2025-2,Issue,10.1109/tpami.2024.3496788,https://doi.org/10.1109/tpami.2024.3496788
223,Method,DiffI2I: Efficient Diffusion Model for Image-to-Image Translation,"Bin Xia, Yulun Zhang, Shiyin Wang, Yitong Wang, Xinglong Wu, Yapeng Tian, Wenming Yang, Radu Timotfe, Luc Van Gool",47.0,3.0,2025-3,Issue,10.1109/tpami.2024.3498003,https://doi.org/10.1109/tpami.2024.3498003
224,Method,PATNAS: A Path-Based Training-Free Neural Architecture Search,"Jiechao Yang, Yong Liu, Wei Wang, Haoran Wu, Zhiyuan Chen, Xibo Ma",47.0,3.0,2025-3,Issue,10.1109/tpami.2024.3498035,https://doi.org/10.1109/tpami.2024.3498035
225,Method,A Comprehensive Survey of Forgetting in Deep Learning Beyond Continual Learning,"Zhenyi Wang, Enneng Yang, Li Shen, Heng Huang",47.0,3.0,2025-3,Issue,10.1109/tpami.2024.3498346,https://doi.org/10.1109/tpami.2024.3498346
226,Method,BokehMe++: Harmonious Fusion of Classical and Neural Rendering for Versatile Bokeh Creation,"Juewen Peng, Zhiguo Cao, Xianrui Luo, Ke Xian, Wenfeng Tang, Jianming Zhang, Guosheng Lin",47.0,3.0,2025-3,Issue,10.1109/tpami.2024.3501739,https://doi.org/10.1109/tpami.2024.3501739
227,Method,Partial Scene Text Retrieval,"Hao Wang, Minghui Liao, Zhouyi Xie, Wenyu Liu, Xiang Bai",47.0,3.0,2025-3,Issue,10.1109/tpami.2024.3496576,https://doi.org/10.1109/tpami.2024.3496576
228,Method,"Streaming Quanta Sensors for Online, High-Performance Imaging and Vision","Tianyi Zhang, Matthew Dutson, Vivek Boominathan, Mohit Gupta, Ashok Veeraraghavan",47.0,3.0,2025-3,Issue,10.1109/tpami.2024.3501154,https://doi.org/10.1109/tpami.2024.3501154
229,Method,Task-Oriented Channel Attention for Fine-Grained Few-Shot Classification,"SuBeen Lee, WonJun Moon, Hyun Seok Seong, Jae-Pil Heo",47.0,3.0,2025-3,Issue,10.1109/tpami.2024.3504537,https://doi.org/10.1109/tpami.2024.3504537
230,Method,Fine-Grained Visual Text Prompting,"Lingfeng Yang, Xiang Li, Yueze Wang, Xinlong Wang, Jian Yang",47.0,3.0,2025-3,Issue,10.1109/tpami.2024.3504568,https://doi.org/10.1109/tpami.2024.3504568
231,Method,Correlation Verification for Image Retrieval and Its Memory Footprint Optimization,"Seongwon Lee, Hongje Seong, Suhyeon Lee, Euntai Kim",47.0,3.0,2025-3,Issue,10.1109/tpami.2024.3504274,https://doi.org/10.1109/tpami.2024.3504274
232,Method,Practical Compact Deep Compressed Sensing,"Bin Chen, Jian Zhang",47.0,3.0,2025-3,Issue,10.1109/tpami.2024.3504490,https://doi.org/10.1109/tpami.2024.3504490
233,Method,Adaptive Graph Learning With Semantic Promotability for Domain Adaptation,"Zefeng Zheng, Shaohua Teng, Luyao Teng, Wei Zhang, NaiQi Wu",47.0,3.0,2025-3,Issue,10.1109/tpami.2024.3507534,https://doi.org/10.1109/tpami.2024.3507534
234,Method,Fair Clustering Ensemble With Equal Cluster Capacity,"Peng Zhou, Rongwen Li, Zhaolong Ling, Liang Du, Xinwang Liu",47.0,3.0,2025-3,Issue,10.1109/tpami.2024.3507857,https://doi.org/10.1109/tpami.2024.3507857
235,Method,IBCS: Learning Information Bottleneck-Constrained Denoised Causal Subgraph for Graph Classification,"Ruiwen Yuan, Yongqiang Tang, Yanghao Xiao, Wensheng Zhang",47.0,3.0,2025-3,Issue,10.1109/tpami.2024.3508766,https://doi.org/10.1109/tpami.2024.3508766
236,Method,Anchor3DLane++: 3D Lane Detection via Sample-Adaptive Sparse 3D Anchor Regression,"Shaofei Huang, Zhenwei Shen, Zehao Huang, Yue Liao, Jizhong Han, Naiyan Wang, Si Liu",47.0,3.0,2025-3,Issue,10.1109/tpami.2024.3508798,https://doi.org/10.1109/tpami.2024.3508798
237,Method,ELDP: Enhanced Label Distribution Propagation for Crowdsourcing,"Wenjun Zhang, Liangxiao Jiang, Chaoqun Li",47.0,3.0,2025-3,Issue,10.1109/tpami.2024.3507774,https://doi.org/10.1109/tpami.2024.3507774
238,Method,Robust and Transferable Backdoor Attacks Against Deep Image Compression With Selective Frequency Prior,"Yi Yu, Yufei Wang, Wenhan Yang, Lanqing Guo, Shijian Lu, Ling-Yu Duan, Yap-Peng Tan, Alex C. Kot",47.0,3.0,2025-3,Issue,10.1109/tpami.2024.3507873,https://doi.org/10.1109/tpami.2024.3507873
239,Method,NAS-PED: Neural Architecture Search for Pedestrian Detection,"Yi Tang, Min Liu, Baopu Li, Yaonan Wang, Wanli Ouyang",47.0,3.0,2025-3,Issue,10.1109/tpami.2024.3507918,https://doi.org/10.1109/tpami.2024.3507918
240,Method,DiffAct++: Diffusion Action Segmentation,"Daochang Liu, Qiyue Li, Anh-Dung Dinh, Tingting Jiang, Mubarak Shah, Chang Xu",47.0,3.0,2025-3,Issue,10.1109/tpami.2024.3509434,https://doi.org/10.1109/tpami.2024.3509434
241,Method,Self-Supervised High-Order Information Bottleneck Learning of Spiking Neural Network for Robust Event-Based Optical Flow Estimation,"Shuangming Yang, Bernabé Linares-Barranco, Yuzhu Wu, Badong Chen",47.0,4.0,2025-4,Issue,10.1109/tpami.2024.3510627,https://doi.org/10.1109/tpami.2024.3510627
242,Method,Unsupervised Global and Local Homography Estimation With Coplanarity-Aware GAN,"Shuaicheng Liu, Mingbo Hong, Yuhang Lu, Nianjin Ye, Chunyu Lin, Bing Zeng",47.0,3.0,2025-3,Issue,10.1109/tpami.2024.3509614,https://doi.org/10.1109/tpami.2024.3509614
243,Method,Unveiling and Mitigating Generalized Biases of DNNs Through the Intrinsic Dimensions of Perceptual Manifolds,"Yanbiao Ma, Licheng Jiao, Fang Liu, Lingling Li, Wenping Ma, Shuyuan Yang, Xu Liu, Puhua Chen",47.0,3.0,2025-3,Issue,10.1109/tpami.2024.3510048,https://doi.org/10.1109/tpami.2024.3510048
244,Method,Deep Loss Convexification for Learning Iterative Models,"Ziming Zhang, Yuping Shao, Yiqing Zhang, Fangzhou Lin, Haichong Zhang, Elke Rundensteiner",47.0,3.0,2025-3,Issue,10.1109/tpami.2024.3509860,https://doi.org/10.1109/tpami.2024.3509860
245,Method,Spectrally-Corrected and Regularized LDA for Spiked Model,"Hua Li, Wenya Luo, Zhidong Bai, Huanchao Zhou, Zhangni Pu",47.0,3.0,2025-3,Issue,10.1109/tpami.2024.3511080,https://doi.org/10.1109/tpami.2024.3511080
246,Method,Remembering What is Important: A Factorised Multi-Head Retrieval and Auxiliary Memory Stabilisation Scheme for Human Motion Prediction,"Tharindu Fernando, Harshala Gammulle, Sridha Sridharan, Simon Denman, Clinton Fookes",47.0,3.0,2025-3,Issue,10.1109/tpami.2024.3511393,https://doi.org/10.1109/tpami.2024.3511393
247,Method,<b>JARVIS</b> -1: Open-World Multi-Task Agents With Memory-Augmented Multimodal Language Models,"Zihao Wang, Shaofei Cai, Anji Liu, Yonggang Jin, Jinbing Hou, Bowei Zhang, Haowei Lin, Zhaofeng He, Zilong Zheng, Yaodong Yang, Xiaojian Ma, Yitao Liang",47.0,3.0,2025-3,Issue,10.1109/tpami.2024.3511593,https://doi.org/10.1109/tpami.2024.3511593
248,Method,Iteratively Capped Reweighting Norm Minimization With Global Convergence Guarantee for Low-Rank Matrix Learning,"Zhi Wang, Dong Hu, Zhuo Liu, Chao Gao, Zhen Wang",47.0,3.0,2025-3,Issue,10.1109/tpami.2024.3512458,https://doi.org/10.1109/tpami.2024.3512458
249,Method,Spiking Variational Policy Gradient for Brain Inspired Reinforcement Learning,"Zhile Yang, Shangqi Guo, Ying Fang, Zhaofei Yu, Jian K. Liu",47.0,3.0,2025-3,Issue,10.1109/tpami.2024.3511936,https://doi.org/10.1109/tpami.2024.3511936
250,Method,Scale Propagation Network for Generalizable Depth Completion,"Haotian Wang, Meng Yang, Xinhu Zheng, Gang Hua",47.0,3.0,2025-3,Issue,10.1109/tpami.2024.3513440,https://doi.org/10.1109/tpami.2024.3513440
251,Method,Uni-AdaFocus: Spatial-Temporal Dynamic Computation for Video Recognition,"Yulin Wang, Haoji Zhang, Yang Yue, Shiji Song, Chao Deng, Junlan Feng, Gao Huang",47.0,3.0,2025-3,Issue,10.1109/tpami.2024.3514654,https://doi.org/10.1109/tpami.2024.3514654
252,Method,BEVFormer: Learning Bird’s-Eye-View Representation From LiDAR-Camera via Spatiotemporal Transformers,"Zhiqi Li, Wenhai Wang, Hongyang Li, Enze Xie, Chonghao Sima, Tong Lu, Qiao Yu, Jifeng Dai",47.0,3.0,2025-3,Issue,10.1109/tpami.2024.3515454,https://doi.org/10.1109/tpami.2024.3515454
253,Method,MIGC++: Advanced Multi-Instance Generation Controller for Image Synthesis,"Dewei Zhou, You Li, Fan Ma, Zongxin Yang, Yi Yang",47.0,3.0,2025-3,Issue,10.1109/tpami.2024.3510752,https://doi.org/10.1109/tpami.2024.3510752
254,Method,Saliency-Free and Aesthetic-Aware Panoramic Video Navigation,"Chenglizhao Chen, Guangxiao Ma, Wenfeng Song, Shuai Li, Aimin Hao, Hong Qin",47.0,3.0,2025-3,Issue,10.1109/tpami.2024.3516874,https://doi.org/10.1109/tpami.2024.3516874
255,Method,Continual Learning: Forget-Free Winning Subnetworks for Video Representations,"Haeyong Kang, Jaehong Yoon, Sung Ju Hwang, Chang D. Yoo",47.0,3.0,2025-3,Issue,10.1109/tpami.2024.3518588,https://doi.org/10.1109/tpami.2024.3518588
256,Method,PDPP: Projected Diffusion for Procedure Planning in Instructional Videos,"Hanlin Wang, Yilu Wu, Sheng Guo, Limin Wang",47.0,3.0,2025-3,Issue,10.1109/tpami.2024.3518762,https://doi.org/10.1109/tpami.2024.3518762
257,Method,Cross-Modal Guided Visual Representation Learning for Social Image Retrieval,"Ziyu Guan, Wanqing Zhao, Hongmin Liu, Yuta Nakashima, Noboru Babaguchi, Xiaofei He",47.0,3.0,2025-3,Issue,10.1109/tpami.2024.3519112,https://doi.org/10.1109/tpami.2024.3519112
258,Method,Fast Semi-Supervised Learning on Large Graphs: An Improved Green-Function Method,"Feiping Nie, Yitao Song, Wei Chang, Rong Wang, Xuelong Li",47.0,3.0,2025-3,Issue,10.1109/tpami.2024.3518595,https://doi.org/10.1109/tpami.2024.3518595
259,Method,"Trajectory of Fifths Based on Chroma Subbands Extraction–A New Approach to Music Representation, Analysis, and Classification","Tomasz Łukaszewicz, Dariusz Kania",47.0,3.0,2025-3,Issue,10.1109/tpami.2024.3519420,https://doi.org/10.1109/tpami.2024.3519420
260,Method,Self-Supervised Anomaly Detection With Neural Transformations,"Chen Qiu, Marius Kloft, Stephan Mandt, Maja Rudolph",47.0,3.0,2025-3,Issue,10.1109/tpami.2024.3519543,https://doi.org/10.1109/tpami.2024.3519543
261,Method,Quantum Gated Recurrent Neural Networks,"Yanan Li, Zhimin Wang, Ruipeng Xing, Changheng Shao, Shangshang Shi, Jiaxin Li, Guoqiang Zhong, Yongjian Gu",47.0,4.0,2025-4,Issue,10.1109/tpami.2024.3519605,https://doi.org/10.1109/tpami.2024.3519605
262,Method,STDatav2: Accessing Efficient Black-Box Stealing for Adversarial Attacks,"Xuxiang Sun, Gong Cheng, Hongda Li, Chunbo Lang, Junwei Han",47.0,4.0,2025-4,Issue,10.1109/tpami.2024.3519803,https://doi.org/10.1109/tpami.2024.3519803
263,Method,Practically Unbiased Pairwise Loss for Recommendation With Implicit Feedback,"Tianwei Cao, Qianqian Xu, Zhiyong Yang, Zhanyu Ma, Qingming Huang",47.0,4.0,2025-4,Issue,10.1109/tpami.2024.3519711,https://doi.org/10.1109/tpami.2024.3519711
264,Method,Federated Multi-View K-Means Clustering,"Miin-Shen Yang, Kristina P. Sinaga",47.0,4.0,2025-4,Issue,10.1109/tpami.2024.3520708,https://doi.org/10.1109/tpami.2024.3520708
265,Method,Demystify Transformers &amp; Convolutions in Modern Image Deep Networks,"Xiaowei Hu, Min Shi, Weiyun Wang, Sitong Wu, Linjie Xing, Wenhai Wang, Xizhou Zhou, Lewei Lu, Jie Zhou, Xiaogang Wang, Yu Qiao, Jifeng Dai",47.0,4.0,2025-4,Issue,10.1109/tpami.2024.3520508,https://doi.org/10.1109/tpami.2024.3520508
266,Method,RankFeat&amp;RankWeight: Rank-1 Feature/Weight Removal for Out-of-Distribution Detection,"Yue Song, Wei Wang, Nicu Sebe",47.0,4.0,2025-4,Issue,10.1109/tpami.2024.3520899,https://doi.org/10.1109/tpami.2024.3520899
267,Method,Infrared and Visible Image Fusion: From Data Compatibility to Task Adaption,"Jinyuan Liu, Guanyao Wu, Zhu Liu, Di Wang, Zhiying Jiang, Long Ma, Wei Zhong, Xin Fan, Risheng Liu",47.0,4.0,2025-4,Issue,10.1109/tpami.2024.3521416,https://doi.org/10.1109/tpami.2024.3521416
268,Method,Manifold Based Multi-View <i>K</i>-Means,"Quanxue Gao, Fangfang Li, Qianqian Wang, Xinbo Gao, Dacheng Tao",47.0,4.0,2025-4,Issue,10.1109/tpami.2024.3521022,https://doi.org/10.1109/tpami.2024.3521022
269,Method,Multi-Objective Convex Quantization for Efficient Model Compression,"Chunxiao Fan, Dan Guo, Ziqi Wang, Meng Wang",47.0,4.0,2025-4,Issue,10.1109/tpami.2024.3521589,https://doi.org/10.1109/tpami.2024.3521589
270,Method,Hierarchical Banzhaf Interaction for General Video-Language Representation Learning,"Peng Jin, Hao Li, Li Yuan, Shuicheng Yan, Jie Chen",47.0,3.0,2025-3,Issue,10.1109/tpami.2024.3522124,https://doi.org/10.1109/tpami.2024.3522124
271,Method,Multi-Head Encoding for Extreme Label Classification,"Daojun Liang, Haixia Zhang, Dongfeng Yuan, Minggao Zhang",47.0,3.0,2025-3,Issue,10.1109/tpami.2024.3522298,https://doi.org/10.1109/tpami.2024.3522298
272,Method,Explicit View-Labels Matter: A Multifacet Complementarity Study of Multi-View Clustering,"Chuanxing Geng, Aiyang Han, Songcan Chen",47.0,4.0,2025-4,Issue,10.1109/tpami.2024.3521478,https://doi.org/10.1109/tpami.2024.3521478
273,Method,Training Networks in Null Space of Feature Covariance With Self-Supervision for Incremental Learning,"Shipeng Wang, Xiaorong Li, Jian Sun, Zongben Xu",47.0,4.0,2025-4,Issue,10.1109/tpami.2024.3522258,https://doi.org/10.1109/tpami.2024.3522258
274,Method,Natural Adversarial Mask for Face Identity Protection in Physical World,"Tianxin Xie, Hu Han, Shiguang Shan, Xilin Chen",47.0,3.0,2025-3,Issue,10.1109/tpami.2024.3522994,https://doi.org/10.1109/tpami.2024.3522994
275,Method,RenAIssance: A Survey Into AI Text-to-Image Generation in the Era of Large Model,"Fengxiang Bie, Yibo Yang, Zhongzhu Zhou, Adam Ghanem, Minjia Zhang, Zhewei Yao, Xiaoxia Wu, Connor Holmes, Pareesa Golnari, David A. Clifton, Yuxiong He, Dacheng Tao, Shuaiwen Leon Song",47.0,3.0,2025-3,Issue,10.1109/tpami.2024.3522305,https://doi.org/10.1109/tpami.2024.3522305
276,Method,JM3D &amp; JM3D-LLM: Elevating 3D Representation With Joint Multi-Modal Cues,"Jiayi Ji, Haowei Wang, Changli Wu, Yiwei Ma, Xiaoshuai Sun, Rongrong Ji",47.0,4.0,2025-4,Issue,10.1109/tpami.2024.3523675,https://doi.org/10.1109/tpami.2024.3523675
277,Method,Hyper-YOLO: When Visual Object Detection Meets Hypergraph Computation,"Yifan Feng, Jiangang Huang, Shaoyi Du, Shihui Ying, Jun-Hai Yong, Yipeng Li, Guiguang Ding, Rongrong Ji, Yue Gao",47.0,4.0,2025-4,Issue,10.1109/tpami.2024.3524377,https://doi.org/10.1109/tpami.2024.3524377
278,Method,Efficient Signed Graph Sampling via Balancing &amp; Gershgorin Disc Perfect Alignment,"Chinthaka Dinesh, Gene Cheung, Saghar Bagheri, Ivan V. Bajić",47.0,4.0,2025-4,Issue,10.1109/tpami.2024.3524180,https://doi.org/10.1109/tpami.2024.3524180
279,Method,Cross-Modal 3D Shape Retrieval via Heterogeneous Dynamic Graph Representation,"Yue Dai, Yifan Feng, Nan Ma, Xibin Zhao, Yue Gao",47.0,4.0,2025-4,Issue,10.1109/tpami.2024.3524440,https://doi.org/10.1109/tpami.2024.3524440
280,Method,Glissando-Net: Deep Single View Category Level Pose Estimation and 3D Reconstruction,"Bo Sun, Hao Kang, Li Guan, Haoxiang Li, Philippos Mordohai, Gang Hua",47.0,4.0,2025-4,Issue,10.1109/tpami.2024.3519674,https://doi.org/10.1109/tpami.2024.3519674
281,Method,Filter Pruning by High-Order Spectral Clustering,"Hang Lin, Yifan Peng, Yubo Zhang, Lin Bie, Xibin Zhao, Yue Gao",47.0,4.0,2025-4,Issue,10.1109/tpami.2024.3524381,https://doi.org/10.1109/tpami.2024.3524381
282,Method,Interpretable Optimization-Inspired Unfolding Network for Low-Light Image Enhancement,"Wenhui Wu, Jian Weng, Pingping Zhang, Xu Wang, Wenhan Yang, Jianmin Jiang",47.0,4.0,2025-4,Issue,10.1109/tpami.2024.3524538,https://doi.org/10.1109/tpami.2024.3524538
283,Method,DeepSN-Net: Deep Semi-Smooth Newton Driven Network for Blind Image Restoration,"Xin Deng, Chenxiao Zhang, Lai Jiang, Jingyuan Xia, Mai Xu",47.0,4.0,2025-4,Issue,10.1109/tpami.2024.3525089,https://doi.org/10.1109/tpami.2024.3525089
284,Method,Instruction-Guided Scene Text Recognition,"Yongkun Du, Zhineng Chen, Yuchen Su, Caiyan Jia, Yu-Gang Jiang",47.0,4.0,2025-4,Issue,10.1109/tpami.2025.3525526,https://doi.org/10.1109/tpami.2025.3525526
285,Method,Generalized Task-Driven Medical Image Quality Enhancement With Gradient Promotion,"Dong Zhang, Kwang-Ting Cheng",47.0,4.0,2025-4,Issue,10.1109/tpami.2025.3525671,https://doi.org/10.1109/tpami.2025.3525671
286,Method,Towards High-Quality and Disentangled Face Editing in a 3D GAN,"Kaiwen Jiang, Shu-Yu Chen, Feng-Lin Liu, Hongbo Fu, Lin Gao",47.0,4.0,2025-4,Issue,10.1109/tpami.2024.3523422,https://doi.org/10.1109/tpami.2024.3523422
287,Method,Distributionally Location-Aware Transferable Adversarial Patches for Facial Images,"Xingxing Wei, Shouwei Ruan, Yinpeng Dong, Hang Su, Xiaochun Cao",47.0,4.0,2025-4,Issue,10.1109/tpami.2025.3526188,https://doi.org/10.1109/tpami.2025.3526188
288,Method,Anchors Crash Tensor: Efficient and Scalable Tensorial Multi-View Subspace Clustering,"Jintian Ji, Songhe Feng",47.0,4.0,2025-4,Issue,10.1109/tpami.2025.3526790,https://doi.org/10.1109/tpami.2025.3526790
289,Method,Hybrid-Prediction Integrated Planning for Autonomous Driving,"Haochen Liu, Zhiyu Huang, Wenhui Huang, Haohan Yang, Xiaoyu Mo, Chen Lv",47.0,4.0,2025-4,Issue,10.1109/tpami.2025.3526936,https://doi.org/10.1109/tpami.2025.3526936
290,Method,Enhancing Object Detection With Fourier Series,"Jin Liu, Zhongyuan Lu, Yaorong Cen, Hui Hu, Zhenfeng Shao, Yong Hong, Ming Jiang, Miaozhong Xu",47.0,4.0,2025-4,Issue,10.1109/tpami.2025.3526990,https://doi.org/10.1109/tpami.2025.3526990
291,Method,Image Quality Assessment: Exploring Joint Degradation Effect of Deep Network Features via Kernel Representation Similarity Analysis,"Xingran Liao, Xuekai Wei, Mingliang Zhou, Hau-San Wong, Sam Kwong",47.0,4.0,2025-4,Issue,10.1109/tpami.2025.3527004,https://doi.org/10.1109/tpami.2025.3527004
292,Method,Conditional Diffusion Models for Camouflaged and Salient Object Detection,"Ke Sun, Zhongxi Chen, Xianming Lin, Xiaoshuai Sun, Hong Liu, Rongrong Ji",47.0,4.0,2025-4,Issue,10.1109/tpami.2025.3527469,https://doi.org/10.1109/tpami.2025.3527469
293,Method,Robust Asymmetric Heterogeneous Federated Learning With Corrupted Clients,"Xiuwen Fang, Mang Ye, Bo Du",47.0,4.0,2025-4,Issue,10.1109/tpami.2025.3527137,https://doi.org/10.1109/tpami.2025.3527137
294,Method,Foundation Models Defining a New Era in Vision: A Survey and Outlook,"Muhammad Awais, Muzammal Naseer, Salman Khan, Rao Muhammad Anwer, Hisham Cholakkal, Mubarak Shah, Ming-Hsuan Yang, Fahad Shahbaz Khan",47.0,4.0,2025-4,Issue,10.1109/tpami.2024.3506283,https://doi.org/10.1109/tpami.2024.3506283
295,Method,Auto-Pairing Positives Through Implicit Relation Circulation for Discriminative Self-Learning,"Bo Pang, Zhenyu Wei, Jingli Lin, Cewu Lu",47.0,4.0,2025-4,Issue,10.1109/tpami.2025.3526802,https://doi.org/10.1109/tpami.2025.3526802
296,Method,Latent Weight Quantization for Integerized Training of Deep Neural Networks,"Wen Fei, Wenrui Dai, Liang Zhang, Luoming Zhang, Chenglin Li, Junni Zou, Hongkai Xiong",47.0,4.0,2025-4,Issue,10.1109/tpami.2025.3527498,https://doi.org/10.1109/tpami.2025.3527498
297,Method,DiffTF++: 3D-Aware Diffusion Transformer for Large-Vocabulary 3D Generation,"Ziang Cao, Fangzhou Hong, Tong Wu, Liang Pan, Ziwei Liu",47.0,4.0,2025-4,Issue,10.1109/tpami.2025.3528247,https://doi.org/10.1109/tpami.2025.3528247
298,Method,Adaptive Biased Stochastic Optimization,Zhuang Yang,47.0,4.0,2025-4,Issue,10.1109/tpami.2025.3528193,https://doi.org/10.1109/tpami.2025.3528193
299,Method,TDGI: Translation-Guided Double-Graph Inference for Document-Level Relation Extraction,"Lingling Zhang, Yujie Zhong, Qinghua Zheng, Jun Liu, Qianying Wang, Jiaxin Wang, Xiaojun Chang",47.0,4.0,2025-4,Issue,10.1109/tpami.2025.3528246,https://doi.org/10.1109/tpami.2025.3528246
300,Method,UniMatch V2: Pushing the Limit of Semi-Supervised Semantic Segmentation,"Lihe Yang, Zhen Zhao, Hengshuang Zhao",47.0,4.0,2025-4,Issue,10.1109/tpami.2025.3528453,https://doi.org/10.1109/tpami.2025.3528453
301,Method,Towards Accurate Post-Training Quantization of Vision Transformers via Error Reduction,"Yunshan Zhong, You Huang, Jiawei Hu, Yuxin Zhang, Rongrong Ji",47.0,4.0,2025-4,Issue,10.1109/tpami.2025.3528042,https://doi.org/10.1109/tpami.2025.3528042
302,Method,Towards Robust Point Cloud Recognition With Sample-Adaptive Auto-Augmentation,"Jianan Li, Jie Wang, Junjie Chen, Tingfa Xu",47.0,4.0,2025-4,Issue,10.1109/tpami.2025.3528392,https://doi.org/10.1109/tpami.2025.3528392
303,Method,Video DataFlywheel: Resolving the Impossible Data Trinity in Video-Language Understanding,"Xiao Wang, Jianlong Wu, Zijia Lin, Fuzheng Zhang, Di Zhang, Liqiang Nie",47.0,4.0,2025-4,Issue,10.1109/tpami.2025.3528394,https://doi.org/10.1109/tpami.2025.3528394
304,Method,Torsion Graph Neural Networks,"Cong Shen, Xiang Liu, Jiawei Luo, Kelin Xia",47.0,4.0,2025-4,Issue,10.1109/tpami.2025.3528449,https://doi.org/10.1109/tpami.2025.3528449
305,Method,On Testing and Learning Quantum Junta Channels,"Zongbo Bao, Penghui Yao",47.0,4.0,2025-4,Issue,10.1109/tpami.2025.3528648,https://doi.org/10.1109/tpami.2025.3528648
306,Method,WAKE: Towards Robust and Physically Feasible Trajectory Prediction for Autonomous Vehicles With WAvelet and KinEmatics Synergy,"Chengyue Wang, Haicheng Liao, Zhenning Li, Chengzhong Xu",47.0,4.0,2025-4,Issue,10.1109/tpami.2025.3529259,https://doi.org/10.1109/tpami.2025.3529259
307,Method,Long-Term Feature Extraction via Frequency Prediction for Efficient Reinforcement Learning,"Jie Wang, Mingxuan Ye, Yufei Kuang, Rui Yang, Wengang Zhou, Houqiang Li, Feng Wu",47.0,4.0,2025-4,Issue,10.1109/tpami.2025.3529264,https://doi.org/10.1109/tpami.2025.3529264
308,Method,BossNAS Family: Block-Wisely Self-Supervised Neural Architecture Search,"Changlin Li, Sihao Lin, Tao Tang, Guangrun Wang, Mingjie Li, Xiaodan Liang, Xiaojun Chang",47.0,5.0,2025-5,Issue,10.1109/tpami.2025.3529517,https://doi.org/10.1109/tpami.2025.3529517
309,Method,Safe and Balanced: A Framework for Constrained Multi-Objective Reinforcement Learning,"Shangding Gu, Bilgehan Sel, Yuhao Ding, Lu Wang, Qingwei Lin, Alois Knoll, Ming Jin",47.0,5.0,2025-5,Issue,10.1109/tpami.2025.3528944,https://doi.org/10.1109/tpami.2025.3528944
310,Method,Few-Shot Class-Incremental Learning for Classification and Object Detection: A Survey,"Jinghua Zhang, Li Liu, Olli Silvén, Matti Pietikäinen, Dewen Hu",47.0,4.0,2025-4,Issue,10.1109/tpami.2025.3529038,https://doi.org/10.1109/tpami.2025.3529038
311,Method,Learning the Optimal Discriminant SVM With Feature Extraction,"Junhong Zhang, Zhihui Lai, Heng Kong, Jian Yang",47.0,4.0,2025-4,Issue,10.1109/tpami.2025.3529711,https://doi.org/10.1109/tpami.2025.3529711
312,Method,Clarify Confused Nodes via Separated Learning,"Jiajun Zhou, Shengbo Gong, Xuanze Chen, Chenxuan Xie, Shanqing Yu, Qi Xuan, Xiaoniu Yang",47.0,4.0,2025-4,Issue,10.1109/tpami.2025.3528738,https://doi.org/10.1109/tpami.2025.3528738
313,Method,Condition-Invariant Semantic Segmentation,"Christos Sakaridis, David Bruggemann, Fisher Yu, Luc Van Gool",47.0,4.0,2025-4,Issue,10.1109/tpami.2025.3529350,https://doi.org/10.1109/tpami.2025.3529350
314,Method,Exploiting Ground Depth Estimation for Mobile Monocular 3D Object Detection,"Yunsong Zhou, Quan Liu, Hongzi Zhu, Yunzhe Li, Shan Chang, Minyi Guo",47.0,4.0,2025-4,Issue,10.1109/tpami.2025.3529084,https://doi.org/10.1109/tpami.2025.3529084
315,Method,OmniTracker: Unifying Visual Object Tracking by Tracking-With-Detection,"Junke Wang, Zuxuan Wu, Dongdong Chen, Chong Luo, Xiyang Dai, Lu Yuan, Yu-Gang Jiang",47.0,4.0,2025-4,Issue,10.1109/tpami.2025.3529926,https://doi.org/10.1109/tpami.2025.3529926
316,Method,W-DOE: Wasserstein Distribution-Agnostic Outlier Exposure,"Qizhou Wang, Bo Han, Yang Liu, Chen Gong, Tongliang Liu, Jiming Liu",47.0,5.0,2025-5,Issue,10.1109/tpami.2025.3531000,https://doi.org/10.1109/tpami.2025.3531000
317,Method,<i>RelationLMM</i>: Large Multimodal Model as Open and Versatile Visual Relationship Generalist,"Chi Xie, Shuang Liang, Jie Li, Zhao Zhang, Feng Zhu, Rui Zhao, Yichen Wei",47.0,5.0,2025-5,Issue,10.1109/tpami.2025.3531452,https://doi.org/10.1109/tpami.2025.3531452
318,Method,HybrIK-X: Hybrid Analytical-Neural Inverse Kinematics for Whole-Body Mesh Recovery,"Jiefeng Li, Siyuan Bian, Chao Xu, Zhicun Chen, Lixin Yang, Cewu Lu",47.0,4.0,2025-4,Issue,10.1109/tpami.2025.3528979,https://doi.org/10.1109/tpami.2025.3528979
319,Method,Scaling Spike-Driven Transformer With Efficient Spike Firing Approximation Training,"Man Yao, Xuerui Qiu, Tianxiang Hu, Jiakui Hu, Yuhong Chou, Keyu Tian, Jianxing Liao, Luziwei Leng, Bo Xu, Guoqi Li",47.0,4.0,2025-4,Issue,10.1109/tpami.2025.3530246,https://doi.org/10.1109/tpami.2025.3530246
320,Method,Enhanced Multi-Scale Cross-Attention for Person Image Generation,"Hao Tang, Ling Shao, Nicu Sebe, Luc Van Gool",47.0,5.0,2025-5,Issue,10.1109/tpami.2025.3531220,https://doi.org/10.1109/tpami.2025.3531220
321,Method,VD-NeRF: Visibility-Aware Decoupled Neural Radiance Fields for View-Consistent Editing and High-Frequency Relighting,"Tong Wu, Jia-Mu Sun, Yu-Kun Lai, Lin Gao",47.0,5.0,2025-5,Issue,10.1109/tpami.2025.3531417,https://doi.org/10.1109/tpami.2025.3531417
322,Method,Weakly Supervised Segmentation on Outdoor 4D Point Clouds With Progressive 4D Grouping,"Hanyu Shi, Fayao Liu, Zhonghua Wu, Yi Xu, Guosheng Lin",47.0,5.0,2025-5,Issue,10.1109/tpami.2025.3532284,https://doi.org/10.1109/tpami.2025.3532284
323,Method,Towards Robust Probabilistic Modeling on SO(3) via Rotation Laplace Distribution,"Yingda Yin, Jiangran Lyu, Yang Wang, Haoran Liu, He Wang, Baoquan Chen",47.0,5.0,2025-5,Issue,10.1109/tpami.2025.3532450,https://doi.org/10.1109/tpami.2025.3532450
324,Method,Heterogeneous Feature Re-Sampling for Balanced Pedestrian Attribute Recognition,"Yibo Zhou, Bo Li, Hai-Miao Hu, Xiaokang Zhang, Dongping Zhang, Hanzi Wang",47.0,4.0,2025-4,Issue,10.1109/tpami.2025.3526930,https://doi.org/10.1109/tpami.2025.3526930
325,Method,One-for-All: Towards Universal Domain Translation With a Single StyleGAN,"Yong Du, Jiahui Zhan, Xinzhe Li, Junyu Dong, Sheng Chen, Ming-Hsuan Yang, Shengfeng He",47.0,4.0,2025-4,Issue,10.1109/tpami.2025.3530099,https://doi.org/10.1109/tpami.2025.3530099
326,Method,Learning High-Quality Dynamic Memory for Video Object Segmentation,"Yong Liu, Ran Yu, Fei Yin, Xinyuan Zhao, Wei Zhao, Weihao Xia, Jiahao Wang, Yitong Wang, Yansong Tang, Yujiu Yang",47.0,5.0,2025-5,Issue,10.1109/tpami.2025.3532306,https://doi.org/10.1109/tpami.2025.3532306
327,Method,Unconstrained Fuzzy C-Means Algorithm,"Feiping Nie, Runxin Zhang, Weizhong Yu, Xuelong Li",47.0,5.0,2025-5,Issue,10.1109/tpami.2025.3532357,https://doi.org/10.1109/tpami.2025.3532357
328,Method,Semi-Supervised Counting via Pixel-by-Pixel Density Distribution Modeling,"Hui Lin, Zhiheng Ma, Rongrong Ji, Yaowei Wang, Zhou Su, Xiaopeng Hong, Deyu Meng",47.0,5.0,2025-5,Issue,10.1109/tpami.2025.3532512,https://doi.org/10.1109/tpami.2025.3532512
329,Method,Quantity-Quality Enhanced Self-Training Network for Weakly Supervised Point Cloud Semantic Segmentation,"Jiacheng Deng, Jiahao Lu, Tianzhu Zhang",47.0,5.0,2025-5,Issue,10.1109/tpami.2025.3532637,https://doi.org/10.1109/tpami.2025.3532637
330,Method,Exploring Frequency-Inspired Optimization in Transformer for Efficient Single Image Super-Resolution,"Ao Li, Le Zhang, Yun Liu, Ce Zhu",47.0,4.0,2025-4,Issue,10.1109/tpami.2025.3529927,https://doi.org/10.1109/tpami.2025.3529927
331,Method,"Aligning, Autoencoding and Prompting Large Language Models for Novel Disease Reporting","Fenglin Liu, Xian Wu, Jinfa Huang, Bang Yang, Kim Branson, Patrick Schwab, Lei Clifton, Ping Zhang, Jiebo Luo, Yefeng Zheng, David A. Clifton",47.0,5.0,2025-5,Issue,10.1109/tpami.2025.3534586,https://doi.org/10.1109/tpami.2025.3534586
332,Method,SinDiffusion: Learning a Diffusion Model From a Single Natural Image,"Weilun Wang, Jianmin Bao, Wengang Zhou, Dongdong Chen, Dong Chen, Lu Yuan, Houqiang Li",47.0,5.0,2025-5,Issue,10.1109/tpami.2025.3532956,https://doi.org/10.1109/tpami.2025.3532956
333,Method,Generalized Time Warping Invariant Dictionary Learning for Time Series Classification and Clustering,"Ruiyu Xu, Chao Wang, Yongxiang Li, Jianguo Wu",47.0,5.0,2025-5,Issue,10.1109/tpami.2025.3534202,https://doi.org/10.1109/tpami.2025.3534202
334,Method,Predicting and Enhancing the Fairness of DNNs With the Curvature of Perceptual Manifolds,"Yanbiao Ma, Licheng Jiao, Fang Liu, Maoji Wen, Lingling Li, Wenping Ma, Shuyuan Yang, Xu Liu, Puhua Chen",47.0,5.0,2025-5,Issue,10.1109/tpami.2025.3534435,https://doi.org/10.1109/tpami.2025.3534435
335,Method,MulFS-CAP: Multimodal Fusion-Supervised Cross-Modality Alignment Perception for Unregistered Infrared-Visible Image Fusion,"Huafeng Li, Zengyi Yang, Yafei Zhang, Wei Jia, Zhengtao Yu, Yu Liu",47.0,5.0,2025-5,Issue,10.1109/tpami.2025.3535617,https://doi.org/10.1109/tpami.2025.3535617
336,Method,Multi-Modal Data-Efficient 3D Scene Understanding for Autonomous Driving,"Lingdong Kong, Xiang Xu, Jiawei Ren, Wenwei Zhang, Liang Pan, Kai Chen, Wei Tsang Ooi, Ziwei Liu",47.0,5.0,2025-5,Issue,10.1109/tpami.2025.3535625,https://doi.org/10.1109/tpami.2025.3535625
337,Method,Autonomous Clustering by Fast Find of Mass and Distance Peaks,"Jie Yang, Chin-Teng Lin",47.0,7.0,2025-7,Issue,10.1109/tpami.2025.3535743,https://doi.org/10.1109/tpami.2025.3535743
338,Method,Rotation-Adaptive Point Cloud Domain Generalization via Intricate Orientation Learning,"Bangzhen Liu, Chenxi Zheng, Xuemiao Xu, Cheng Xu, Huaidong Zhang, Shengfeng He",47.0,5.0,2025-5,Issue,10.1109/tpami.2025.3535230,https://doi.org/10.1109/tpami.2025.3535230
339,Method,VMarker-Pro: Probabilistic 3D Human Mesh Estimation From Virtual Markers,"Xiaoxuan Ma, Jiajun Su, Yuan Xu, Wentao Zhu, Chunyu Wang, Yizhou Wang",47.0,5.0,2025-5,Issue,10.1109/tpami.2025.3535538,https://doi.org/10.1109/tpami.2025.3535538
340,Method,Concept Neural Network Based on Time-Delay Regret for Dynamic Stream Learning,Yun-Long Mi,47.0,5.0,2025-5,Issue,10.1109/tpami.2025.3535636,https://doi.org/10.1109/tpami.2025.3535636
341,Method,Learning Node Representations via Sketching the Generative Process With Events Benefits Link Prediction on Heterogeneous Networks,"Xuan Guo, Pengfei Jiao, Danyang Shi, Jie Li, Jinpeng Wang",47.0,5.0,2025-5,Issue,10.1109/tpami.2025.3535763,https://doi.org/10.1109/tpami.2025.3535763
342,Method,Laser: Efficient Language-Guided Segmentation in Neural Radiance Fields,"Xingyu Miao, Haoran Duan, Yang Bai, Tejal Shah, Jun Song, Yang Long, Rajiv Ranjan, Ling Shao",47.0,5.0,2025-5,Issue,10.1109/tpami.2025.3535916,https://doi.org/10.1109/tpami.2025.3535916
343,Method,A3: A Platform of Searching for Robust Neural Architectures and Efficient Adversarial Attacks,"Jialiang Sun, Wen Yao, Tingsong Jiang, Chao Li, Xiaoqian Chen",47.0,5.0,2025-5,Issue,10.1109/tpami.2025.3535933,https://doi.org/10.1109/tpami.2025.3535933
344,Method,Data-Driven Feature Tracking for Event Cameras With and Without Frames,"Nico Messikommer, Carter Fang, Mathias Gehrig, Giovanni Cioffi, Davide Scaramuzza",47.0,5.0,2025-5,Issue,10.1109/tpami.2025.3536016,https://doi.org/10.1109/tpami.2025.3536016
345,Method,Distributional Soft Actor-Critic With Three Refinements,"Jingliang Duan, Wenxuan Wang, Liming Xiao, Jiaxin Gao, Shengbo Eben Li, Chang Liu, Ya-Qin Zhang, Bo Cheng, Keqiang Li",47.0,5.0,2025-5,Issue,10.1109/tpami.2025.3537087,https://doi.org/10.1109/tpami.2025.3537087
346,Method,Structural and Statistical Texture Knowledge Distillation and Learning for Segmentation,"Deyi Ji, Feng Zhao, Hongtao Lu, Feng Wu, Jieping Ye",47.0,5.0,2025-5,Issue,10.1109/tpami.2025.3536481,https://doi.org/10.1109/tpami.2025.3536481
347,Method,Unraveling the Mysteries of Label Noise in Source-Free Domain Adaptation: Theory and Practice,"Gezheng Xu, Li Yi, Pengcheng Xu, Jiaqi Li, Ruizhi Pu, Changjian Shui, A. Ian McLeod, Boyu Wang, Charles Ling",47.0,5.0,2025-5,Issue,10.1109/tpami.2025.3536845,https://doi.org/10.1109/tpami.2025.3536845
348,Method,Dual-Camera All-in-Focus Neural Radiance Fields,"Xianrui Luo, Zijin Wu, Juewen Peng, Huiqiang Sun, Zhiguo Cao, Guosheng Lin",47.0,5.0,2025-5,Issue,10.1109/tpami.2025.3537178,https://doi.org/10.1109/tpami.2025.3537178
349,Method,A Causal Adjustment Module for Debiasing Scene Graph Generation,"Li Liu, Shuzhou Sun, Shuaifeng Zhi, Fan Shi, Zhen Liu, Janne Heikkilä, Yongxiang Liu",47.0,5.0,2025-5,Issue,10.1109/tpami.2025.3537283,https://doi.org/10.1109/tpami.2025.3537283
350,Method,A Decentralized Framework for Kernel PCA With Projection Consensus Constraints,"Fan He, Ruikai Yang, Lei Shi, Xiaolin Huang",47.0,5.0,2025-5,Issue,10.1109/tpami.2025.3537318,https://doi.org/10.1109/tpami.2025.3537318
351,Method,BridgeNet: Comprehensive and Effective Feature Interactions via Bridge Feature for Multi-Task Dense Predictions,"Jingdong Zhang, Jiayuan Fan, Peng Ye, Bo Zhang, Hancheng Ye, Baopu Li, Yancheng Cai, Tao Chen",47.0,5.0,2025-5,Issue,10.1109/tpami.2025.3535875,https://doi.org/10.1109/tpami.2025.3535875
352,Method,Pre-Training a Graph Recurrent Network for Text Understanding,"Yile Wang, Linyi Yang, Zhiyang Teng, Ming Zhou, Yue Zhang",47.0,5.0,2025-5,Issue,10.1109/tpami.2025.3538221,https://doi.org/10.1109/tpami.2025.3538221
353,Method,GaussNav: Gaussian Splatting for Visual Navigation,"Xiaohan Lei, Min Wang, Wengang Zhou, Houqiang Li",47.0,5.0,2025-5,Issue,10.1109/tpami.2025.3538496,https://doi.org/10.1109/tpami.2025.3538496
354,Method,YOLO-MS: Rethinking Multi-Scale Representation Learning for Real-Time Object Detection,"Yuming Chen, Xinbin Yuan, Jiabao Wang, Ruiqi Wu, Xiang Li, Qibin Hou, Ming-Ming Cheng",47.0,6.0,2025-6,Issue,10.1109/tpami.2025.3538473,https://doi.org/10.1109/tpami.2025.3538473
355,Method,Quasi-Metric Learning for Bilateral Person-Job Fit,"Yingpeng Du, Hongzhi Liu, Hengshu Zhu, Yang Song, Zhi Zheng, Zhonghai Wu",47.0,5.0,2025-5,Issue,10.1109/tpami.2025.3538774,https://doi.org/10.1109/tpami.2025.3538774
356,Method,Temporally-Consistent Surface Reconstruction Using Metrically-Consistent Atlases,"Jan Bednarik, Noam Aigerman, Vladimir G. Kim, Siddhartha Chaudhuri, Shaifali Parashar, Mathieu Salzmann, Pascal Fua",47.0,5.0,2025-5,Issue,10.1109/tpami.2025.3538776,https://doi.org/10.1109/tpami.2025.3538776
357,Method,Fully-Connected Transformer for Multi-Source Image Fusion,"Xiao Wu, Zi-Han Cao, Ting-Zhu Huang, Liang-Jian Deng, Jocelyn Chanussot, Gemine Vivone",47.0,3.0,2025-3,Issue,10.1109/tpami.2024.3523364,https://doi.org/10.1109/tpami.2024.3523364
358,Method,Revisiting Flatness-Aware Optimization in Continual Learning With Orthogonal Gradient Projection,"Enneng Yang, Li Shen, Zhenyi Wang, Shiwei Liu, Guibing Guo, Xingwei Wang, Dacheng Tao",47.0,5.0,2025-5,Issue,10.1109/tpami.2025.3539019,https://doi.org/10.1109/tpami.2025.3539019
359,Method,Invertible Diffusion Models for Compressed Sensing,"Bin Chen, Zhenyu Zhang, Weiqi Li, Chen Zhao, Jiwen Yu, Shijie Zhao, Jie Chen, Jian Zhang",47.0,5.0,2025-5,Issue,10.1109/tpami.2025.3538896,https://doi.org/10.1109/tpami.2025.3538896
360,Method,Fair Representation Learning for Continuous Sensitive Attributes Using Expectation of Integral Probability Metrics,"Insung Kong, Kunwoong Kim, Yongdai Kim",47.0,5.0,2025-5,Issue,10.1109/tpami.2025.3538915,https://doi.org/10.1109/tpami.2025.3538915
361,Method,"Absorption-Based, Passive Range Imaging From Hyperspectral Thermal Measurements","Unay Dorken Gallastegi, Hoover Rueda-Chacón, Martin J. Stevens, Vivek K Goyal",47.0,5.0,2025-5,Issue,10.1109/tpami.2025.3538711,https://doi.org/10.1109/tpami.2025.3538711
362,Method,A Causality-Aware Paradigm for Evaluating Creativity of Multimodal Large Language Models,"Zhongzhan Huang, Shanshan Zhong, Pan Zhou, Shanghua Gao, Marinka Zitnik, Liang Lin",47.0,5.0,2025-5,Issue,10.1109/tpami.2025.3539433,https://doi.org/10.1109/tpami.2025.3539433
363,Method,Dynamic Scene Understanding Through Object-Centric Voxelization and Neural Rendering,"Yanpeng Zhao, Yiwei Hao, Siyu Gao, Yunbo Wang, Xiaokang Yang",47.0,5.0,2025-5,Issue,10.1109/tpami.2025.3539866,https://doi.org/10.1109/tpami.2025.3539866
364,Method,C2P-Net: Comprehensive Depth Map to Planar Depth Conversion for Room Layout Estimation,"Weidong Zhang, Mengjie Zhou, Jiyu Cheng, Ying Liu, Wei Zhang",47.0,7.0,2025-7,Issue,10.1109/tpami.2025.3540084,https://doi.org/10.1109/tpami.2025.3540084
365,Method,Digging Deeper in Gradient for Unrolling-Based Accelerated MRI Reconstruction,"Faming Fang, Tingting Wang, Guixu Zhang, Fang Li",47.0,5.0,2025-5,Issue,10.1109/tpami.2025.3540218,https://doi.org/10.1109/tpami.2025.3540218
366,Method,Improving Adversarial Training From the Perspective of Class-Flipping Distribution,"Dawei Zhou, Nannan Wang, Tongliang Liu, Xinbo Gao",47.0,6.0,2025-6,Issue,10.1109/tpami.2025.3540200,https://doi.org/10.1109/tpami.2025.3540200
367,Method,Implicit Shape and Appearance Priors for Few-Shot Full Head Reconstruction,"Pol Caselles, Eduard Ramon, Jaime García, Gil Triginer, Francesc Moreno-Noguer",47.0,5.0,2025-5,Issue,10.1109/tpami.2025.3540542,https://doi.org/10.1109/tpami.2025.3540542
368,Method,Convection-Diffusion Equation: A Theoretically Certified Framework for Neural Networks,"Tangjun Wang, Chenglong Bao, Zuoqiang Shi",47.0,5.0,2025-5,Issue,10.1109/tpami.2025.3540310,https://doi.org/10.1109/tpami.2025.3540310
369,Method,MIXRTs: Toward Interpretable Multi-Agent Reinforcement Learning via Mixing Recurrent Soft Decision Trees,"Zichuan Liu, Yuanyang Zhu, Zhi Wang, Yang Gao, Chunlin Chen",47.0,5.0,2025-5,Issue,10.1109/tpami.2025.3540467,https://doi.org/10.1109/tpami.2025.3540467
370,Method,Learning Without Forgetting for Vision-Language Models,"Da-Wei Zhou, Yuanhan Zhang, Yan Wang, Jingyi Ning, Han-Jia Ye, De-Chuan Zhan, Ziwei Liu",47.0,6.0,2025-6,Issue,10.1109/tpami.2025.3540889,https://doi.org/10.1109/tpami.2025.3540889
371,Method,Pixel-Inconsistency Modeling for Image Manipulation Localization,"Chenqi Kong, Anwei Luo, Shiqi Wang, Haoliang Li, Anderson Rocha, Alex C. Kot",47.0,6.0,2025-6,Issue,10.1109/tpami.2025.3541028,https://doi.org/10.1109/tpami.2025.3541028
372,Method,A New Metric Based on Association Rules to Assess Feature-Attribution Explainability Techniques for Time Series Forecasting,"Ángela R. Troncoso-García, María Martínez-Ballesteros, Francisco Martínez-Álvarez, Alicia Troncoso",47.0,5.0,2025-5,Issue,10.1109/tpami.2025.3540513,https://doi.org/10.1109/tpami.2025.3540513
373,Method,Homeomorphism Prior for False Positive and Negative Problem in Medical Image Dense Contrastive Representation Learning,"Yuting He, Boyu Wang, Rongjun Ge, Yang Chen, Guanyu Yang, Shuo Li",47.0,5.0,2025-5,Issue,10.1109/tpami.2025.3540644,https://doi.org/10.1109/tpami.2025.3540644
374,Method,Dual-Level Matching With Outlier Filtering for Unsupervised Visible-Infrared Person Re-Identification,"Mang Ye, Zesen Wu, Bo Du",47.0,5.0,2025-5,Issue,10.1109/tpami.2025.3541053,https://doi.org/10.1109/tpami.2025.3541053
375,Method,Uni-MoE: Scaling Unified Multimodal LLMs With Mixture of Experts,"Yunxin Li, Shenyuan Jiang, Baotian Hu, Longyue Wang, Wanqi Zhong, Wenhan Luo, Lin Ma, Min Zhang",47.0,5.0,2025-5,Issue,10.1109/tpami.2025.3532688,https://doi.org/10.1109/tpami.2025.3532688
376,Method,CCDPlus: Towards Accurate Character to Character Distillation for Text Recognition,"Tongkun Guan, Wei Shen, Xiaokang Yang",47.0,5.0,2025-5,Issue,10.1109/tpami.2025.3533737,https://doi.org/10.1109/tpami.2025.3533737
377,Method,Generalized Conditional Similarity Learning via Semantic Matching,"Yi Shi, Rui-Xiang Li, Le Gan, De-Chuan Zhan, Han-Jia Ye",47.0,5.0,2025-5,Issue,10.1109/tpami.2025.3535730,https://doi.org/10.1109/tpami.2025.3535730
378,Method,Revisiting Gradient-Based Uncertainty for Monocular Depth Estimation,"Julia Hornauer, Amir El-Ghoussani, Vasileios Belagiannis",47.0,6.0,2025-6,Issue,10.1109/tpami.2025.3541964,https://doi.org/10.1109/tpami.2025.3541964
379,Method,Adversarially Robust Neural Architectures,"Minjing Dong, Yanxi Li, Yunhe Wang, Chang Xu",47.0,5.0,2025-5,Issue,10.1109/tpami.2025.3542350,https://doi.org/10.1109/tpami.2025.3542350
380,Method,Wholly-WOOD: Wholly Leveraging Diversified-Quality Labels for Weakly-Supervised Oriented Object Detection,"Yi Yu, Xue Yang, Yansheng Li, Zhenjun Han, Feipeng Da, Junchi Yan",47.0,6.0,2025-6,Issue,10.1109/tpami.2025.3542542,https://doi.org/10.1109/tpami.2025.3542542
381,Method,S-NeRF++: Autonomous Driving Simulation via Neural Reconstruction and Generation,"Yurui Chen, Junge Zhang, Ziyang Xie, Wenye Li, Feihu Zhang, Jiachen Lu, Li Zhang",47.0,6.0,2025-6,Issue,10.1109/tpami.2025.3543072,https://doi.org/10.1109/tpami.2025.3543072
382,Method,Frozen CLIP-DINO: A Strong Backbone for Weakly Supervised Semantic Segmentation,"Bingfeng Zhang, Siyue Yu, Jimin Xiao, Yunchao Wei, Yao Zhao",47.0,5.0,2025-5,Issue,10.1109/tpami.2025.3543191,https://doi.org/10.1109/tpami.2025.3543191
383,Method,Shared Growth of Graph Neural Networks via Prompted Free-Direction Knowledge Distillation,"Kaituo Feng, Yikun Miao, Changsheng Li, Ye Yuan, Guoren Wang",47.0,6.0,2025-6,Issue,10.1109/tpami.2025.3543211,https://doi.org/10.1109/tpami.2025.3543211
384,Method,A Variational Bayesian Inference Theory of Elasticity and Its Mixed Probabilistic Finite Element Method for Inverse Deformation Solutions in Any Dimension,"Chao Wang, Shaofan Li",47.0,6.0,2025-6,Issue,10.1109/tpami.2025.3542423,https://doi.org/10.1109/tpami.2025.3542423
385,Method,S2-Transformer for Mask-Aware Hyperspectral Image Reconstruction,"Jiamian Wang, Kunpeng Li, Yulun Zhang, Xin Yuan, Zhiqiang Tao",47.0,6.0,2025-6,Issue,10.1109/tpami.2025.3543842,https://doi.org/10.1109/tpami.2025.3543842
386,Method,Diffusion Models in Low-Level Vision: A Survey,"Chunming He, Yuqi Shen, Chengyu Fang, Fengyang Xiao, Longxiang Tang, Yulun Zhang, Wangmeng Zuo, Zhenhua Guo, Xiu Li",47.0,6.0,2025-6,Issue,10.1109/tpami.2025.3545047,https://doi.org/10.1109/tpami.2025.3545047
387,Method,Local Texture Pattern Estimation for Image Detail Super-Resolution,"Fan Fan, Yang Zhao, Yuan Chen, Nannan Li, Wei Jia, Ronggang Wang",47.0,6.0,2025-6,Issue,10.1109/tpami.2025.3545571,https://doi.org/10.1109/tpami.2025.3545571
388,Method,A Generalized Tensor Formulation for Hyperspectral Image Super-Resolution Under General Spatial Blurring,"Yinjian Wang, Wei Li, Yuanyuan Gui, Qian Du, James E. Fowler",47.0,6.0,2025-6,Issue,10.1109/tpami.2025.3545605,https://doi.org/10.1109/tpami.2025.3545605
389,Method,Unified Prompt Attack Against Text-to-Image Generation Models,"Duo Peng, Qiuhong Ke, Mark He Huang, Ping Hu, Jun Liu",47.0,6.0,2025-6,Issue,10.1109/tpami.2025.3545652,https://doi.org/10.1109/tpami.2025.3545652
390,Method,Towards Expressive Spectral-Temporal Graph Neural Networks for Time Series Forecasting,"Ming Jin, Guangsi Shi, Yuan-Fang Li, Bo Xiong, Tian Zhou, Flora D. Salim, Liang Zhao, Lingfei Wu, Qingsong Wen, Shirui Pan",47.0,6.0,2025-6,Issue,10.1109/tpami.2025.3545671,https://doi.org/10.1109/tpami.2025.3545671
391,Method,Learning Emotion Category Representation to Detect Emotion Relations Across Languages,"Xiangyu Wang, Chengqing Zong",47.0,6.0,2025-6,Issue,10.1109/tpami.2025.3545447,https://doi.org/10.1109/tpami.2025.3545447
392,Method,Context Perception Parallel Decoder for Scene Text Recognition,"Yongkun Du, Zhineng Chen, Caiyan Jia, Xiaoting Yin, Chenxia Li, Yuning Du, Yu-Gang Jiang",47.0,6.0,2025-6,Issue,10.1109/tpami.2025.3545453,https://doi.org/10.1109/tpami.2025.3545453
393,Method,Gauging-: A Non-Parametric Hierarchical Clustering Algorithm,"Jinli Yao, Jie Pan, Yong Zeng",47.0,6.0,2025-6,Issue,10.1109/tpami.2025.3545573,https://doi.org/10.1109/tpami.2025.3545573
394,Method,LoCo: Low-Bit Communication Adaptor for Large-Scale Model Training,"Xingyu Xie, Zhijie Lin, Kim-Chuan Toh, Pan Zhou",47.0,6.0,2025-6,Issue,10.1109/tpami.2025.3544764,https://doi.org/10.1109/tpami.2025.3544764
395,Method,Instance-Consistent Fair Face Recognition,"Yong Li, Yufei Sun, Zhen Cui, Pengcheng Shen, Shiguang Shan",47.0,7.0,2025-7,Issue,10.1109/tpami.2025.3545781,https://doi.org/10.1109/tpami.2025.3545781
396,Method,Reliable Representation Learning for Incomplete Multi-View Missing Multi-Label Classification,"Chengliang Liu, Jie Wen, Yong Xu, Bob Zhang, Liqiang Nie, Min Zhang",47.0,6.0,2025-6,Issue,10.1109/tpami.2025.3546356,https://doi.org/10.1109/tpami.2025.3546356
397,Method,AUCPro: AUC-Oriented Provable Robustness Learning,"Shilong Bao, Qianqian Xu, Zhiyong Yang, Yuan He, Xiaochun Cao, Qingming Huang",47.0,6.0,2025-6,Issue,10.1109/tpami.2025.3545639,https://doi.org/10.1109/tpami.2025.3545639
398,Method,Towards a Theoretical Understanding of Semi-Supervised Learning Under Class Distribution Mismatch,"Pan Du, Suyun Zhao, Puhui Tan, Zisen Sheng, Zeyu Gan, Hong Chen, Cuiping Li",47.0,6.0,2025-6,Issue,10.1109/tpami.2025.3545930,https://doi.org/10.1109/tpami.2025.3545930
399,Method,Learning Probabilistic Presence-Absence Evidence for Weakly-Supervised Audio-Visual Event Perception,"Junyu Gao, Mengyuan Chen, Changsheng Xu",47.0,6.0,2025-6,Issue,10.1109/tpami.2025.3546312,https://doi.org/10.1109/tpami.2025.3546312
400,Method,MOVE: Effective and Harmless Ownership Verification via Embedded External Features,"Yiming Li, Linghui Zhu, Xiaojun Jia, Yang Bai, Yong Jiang, Shu-Tao Xia, Xiaochun Cao, Kui Ren",47.0,6.0,2025-6,Issue,10.1109/tpami.2025.3546223,https://doi.org/10.1109/tpami.2025.3546223
401,Method,Attack as Defense: Proactive Adversarial Multi-Modal Learning to Evade Retrieval,"Fengling Li, Tianshi Wang, Lei Zhu, Jingjing Li, Heng Tao Shen",47.0,6.0,2025-6,Issue,10.1109/tpami.2025.3546334,https://doi.org/10.1109/tpami.2025.3546334
402,Method,Computational Imaging for Long-Term Prediction of Solar Irradiance,"Leron K. Julian, Haejoon Lee, Soummya Kar, Aswin C. Sankaranarayanan",47.0,9.0,2025-9,Issue,10.1109/tpami.2025.3546571,https://doi.org/10.1109/tpami.2025.3546571
403,Method,DFedADMM: Dual Constraint Controlled Model Inconsistency for Decentralize Federated Learning,"Qinglun Li, Li Shen, Guanghao Li, Quanjun Yin, Dacheng Tao",47.0,6.0,2025-6,Issue,10.1109/tpami.2025.3546659,https://doi.org/10.1109/tpami.2025.3546659
404,Method,Heterogeneous Correlation Aware Regularization for Sequential Confidence Calibration,"Zhenghua Peng, Tianshui Chen, Shuangping Huang, Yunqing Hu",47.0,6.0,2025-6,Issue,10.1109/tpami.2025.3546461,https://doi.org/10.1109/tpami.2025.3546461
405,Method,Pixel2Pixel: A Pixelwise Approach for Zero-Shot Single Image Denoising,"Qing Ma, Junjun Jiang, Xiong Zhou, Pengwei Liang, Xianming Liu, Jiayi Ma",47.0,6.0,2025-6,Issue,10.1109/tpami.2025.3546870,https://doi.org/10.1109/tpami.2025.3546870
406,Method,SVGDreamer++: Advancing Editability and Diversity in Text-Guided SVG Generation,"Ximing Xing, Qian Yu, Chuang Wang, Haitao Zhou, Jing Zhang, Dong Xu",47.0,7.0,2025-7,Issue,10.1109/tpami.2025.3547889,https://doi.org/10.1109/tpami.2025.3547889
407,Method,Bayesian Variance Change Point Detection With Credible Sets,"Lorenzo Cappello, Oscar Hernan Madrid Padilla",47.0,6.0,2025-6,Issue,10.1109/tpami.2025.3548012,https://doi.org/10.1109/tpami.2025.3548012
408,Method,Rate-Distortion Theory in Coding for Machines and Its Applications,"Alon Harell, Yalda Foroutan, Nilesh Ahuja, Parual Datta, Bhavya Kanzariya, V. Srinivasa Somayazulu, Omesh Tickoo, Anderson de Andrade, Ivan V. Bajić",47.0,7.0,2025-7,Issue,10.1109/tpami.2025.3548516,https://doi.org/10.1109/tpami.2025.3548516
409,Method,On the Upper Bounds of Number of Linear Regions and Generalization Error of Deep Convolutional Neural Networks,"Degang Chen, Jiayu Liu, Xiaoya Che",47.0,6.0,2025-6,Issue,10.1109/tpami.2025.3548620,https://doi.org/10.1109/tpami.2025.3548620
410,Method,Spatial Residual for Underwater Object Detection,"Jingchun Zhou, Zongxin He, Dehuan Zhang, Siyuan Liu, Xianping Fu, Xuelong Li",47.0,6.0,2025-6,Issue,10.1109/tpami.2025.3548652,https://doi.org/10.1109/tpami.2025.3548652
411,Method,2024 Reviewers List<sup>*</sup>,,47.0,4.0,2025-4,Issue,10.1109/tpami.2025.3537400,https://doi.org/10.1109/tpami.2025.3537400
412,Method,Replay Without Saving: Prototype Derivation and Distribution Rebalance for Class-Incremental Semantic Segmentation,"Jinpeng Chen, Runmin Cong, Yuxuan Luo, Horace Ho Shing Ip, Sam Kwong",47.0,6.0,2025-6,Issue,10.1109/tpami.2025.3545966,https://doi.org/10.1109/tpami.2025.3545966
413,Method,Learning to Rebalance Multi-Modal Optimization by Adaptively Masking Subnetworks,"Yang Yang, Hongpeng Pan, Qing-Yuan Jiang, Yi Xu, Jinhui Tang",47.0,6.0,2025-6,Issue,10.1109/tpami.2025.3547417,https://doi.org/10.1109/tpami.2025.3547417
414,Method,A Lightweight Deep Exclusion Unfolding Network for Single Image Reflection Removal,"Jun-Jie Huang, Tianrui Liu, Zihan Chen, Xinwang Liu, Meng Wang, Pier Luigi Dragotti",47.0,6.0,2025-6,Issue,10.1109/tpami.2025.3548148,https://doi.org/10.1109/tpami.2025.3548148
415,Method,MAIR++: Improving Multi-View Attention Inverse Rendering With Implicit Lighting Representation,"JunYong Choi, SeokYeong Lee, Haesol Park, Seung-Won Jung, Ig-Jae Kim, Junghyun Cho",47.0,6.0,2025-6,Issue,10.1109/tpami.2025.3548679,https://doi.org/10.1109/tpami.2025.3548679
416,Method,"Graph Foundation Models: Concepts, Opportunities and Challenges","Jiawei Liu, Cheng Yang, Zhiyuan Lu, Junze Chen, Yibo Li, Mengmei Zhang, Ting Bai, Yuan Fang, Lichao Sun, Philip S. Yu, Chuan Shi",47.0,6.0,2025-6,Issue,10.1109/tpami.2025.3548729,https://doi.org/10.1109/tpami.2025.3548729
417,Method,Monte Carlo Neural PDE Solver for Learning PDEs via Probabilistic Representation,"Rui Zhang, Qi Meng, Rongchan Zhu, Yue Wang, Wenlei Shi, Shihua Zhang, Zhi-Ming Ma, Tie-Yan Liu",47.0,6.0,2025-6,Issue,10.1109/tpami.2025.3548673,https://doi.org/10.1109/tpami.2025.3548673
418,Method,Hessian-Aware Zeroth-Order Optimization,"Haishan Ye, Zhichao Huang, Cong Fang, Chris Junchi Li, Tong Zhang",47.0,6.0,2025-6,Issue,10.1109/tpami.2025.3548810,https://doi.org/10.1109/tpami.2025.3548810
419,Method,MB-RACS: Measurement-Bounds-Based Rate-Adaptive Image Compressed Sensing Network,"Yujun Huang, Bin Chen, Naiqi Li, Baoyi An, Shu-Tao Xia, Yaowei Wang",47.0,7.0,2025-7,Issue,10.1109/tpami.2025.3549986,https://doi.org/10.1109/tpami.2025.3549986
420,Method,Learning to Explore Sample Relationships,"Zhi Hou, Baosheng Yu, Chaoyue Wang, Yibing Zhan, Dacheng Tao",47.0,7.0,2025-7,Issue,10.1109/tpami.2025.3549300,https://doi.org/10.1109/tpami.2025.3549300
421,Method,Correlated Topic Modeling for Short Texts in Spherical Embedding Spaces,"Hafsa Ennajari, Nizar Bouguila, Jamal Bentahar",47.0,6.0,2025-6,Issue,10.1109/tpami.2025.3550032,https://doi.org/10.1109/tpami.2025.3550032
422,Method,BEVHeight++: Toward Robust Visual Centric 3D Object Detection,"Lei Yang, Tao Tang, Jun Li, Kun Yuan, Kai Wu, Peng Chen, Li Wang, Yi Huang, Lei Li, Xinyu Zhang, Kaicheng Yu",47.0,6.0,2025-6,Issue,10.1109/tpami.2025.3549711,https://doi.org/10.1109/tpami.2025.3549711
423,Method,The NeRF Signature: Codebook-Aided Watermarking for Neural Radiance Fields,"Ziyuan Luo, Anderson Rocha, Boxin Shi, Qing Guo, Haoliang Li, Renjie Wan",47.0,6.0,2025-6,Issue,10.1109/tpami.2025.3550166,https://doi.org/10.1109/tpami.2025.3550166
424,Method,Video4DGen: Enhancing Video and 4D Generation through Mutual Optimization,"Yikai Wang, Guangce Liu, Xinzhou Wang, Zilong Chen, Jiafang Li, Xin Liang, Fuchun Sun, Jun Zhu",,,2025,Early Access,10.1109/tpami.2025.3550031,https://doi.org/10.1109/tpami.2025.3550031
425,Method,LMP-GAN: Out-of-Distribution Detection for Non-Control Data Malware Attacks,"David Wood, David Kapp, Temesguen Messay-Kebede, Keigo Hirakawa",47.0,7.0,2025-7,Issue,10.1109/tpami.2025.3550457,https://doi.org/10.1109/tpami.2025.3550457
426,Method,Active Supervised Cross-Modal Retrieval,"Huaiwen Zhang, Yang Yang, Fan Qi, Shengsheng Qian, Changsheng Xu",47.0,6.0,2025-6,Issue,10.1109/tpami.2025.3550526,https://doi.org/10.1109/tpami.2025.3550526
427,Method,BackMix: Regularizing Open Set Recognition by Removing Underlying Fore-Background Priors,"Yu Wang, Junxian Mu, Hongzhi Huang, Qilong Wang, Pengfei Zhu, Qinghua Hu",47.0,8.0,2025-8,Issue,10.1109/tpami.2025.3550703,https://doi.org/10.1109/tpami.2025.3550703
428,Method,CLIP-Driven Transformer for Weakly Supervised Object Localization,"Zhiwei Chen, Yunhang Shen, Liujuan Cao, Shengchuan Zhang, Rongrong Ji",47.0,6.0,2025-6,Issue,10.1109/tpami.2025.3548704,https://doi.org/10.1109/tpami.2025.3548704
429,Method,Instant Gaussian Splatting Generation for High-Quality and Real-Time Facial Asset Rendering,"Dafei Qin, Hongyang Lin, Qixuan Zhang, Kaichun Qiao, Longwen Zhang, Jun Saito, Zijun Zhao, Jingyi Yu, Lan Xu, Taku Komura",,,2025,Early Access,10.1109/tpami.2025.3550195,https://doi.org/10.1109/tpami.2025.3550195
430,Method,Deformable Graph Transformer,"Jinyoung Park, Seongjun Yun, Hyeonjin Park, Jaewoo Kang, Jisu Jeong, Kyung-Min Kim, Jung-Woo Ha, Hyunwoo J. Kim",47.0,7.0,2025-7,Issue,10.1109/tpami.2025.3550281,https://doi.org/10.1109/tpami.2025.3550281
431,Method,Re-Fed+: A Better Replay Strategy for Federated Incremental Learning,"Yichen Li, Haozhao Wang, Yining Qi, Wei Liu, Ruixuan Li",47.0,7.0,2025-7,Issue,10.1109/tpami.2025.3551732,https://doi.org/10.1109/tpami.2025.3551732
432,Method,Generalizable Multi-Modal Adversarial Imitation Learning for Non-Stationary Dynamics,"Yi-Chen Li, Ningjing Chao, Zongzhang Zhang, Fuxiang Zhang, Lei Yuan, Yang Yu",47.0,7.0,2025-7,Issue,10.1109/tpami.2025.3552228,https://doi.org/10.1109/tpami.2025.3552228
433,Method,CLRNetV2: A Faster and Stronger Lane Detector,"Tu Zheng, Yifei Huang, Yang Liu, Binbin Lin, Zheng Yang, Deng Cai, Xiaofei He",47.0,6.0,2025-6,Issue,10.1109/tpami.2025.3551935,https://doi.org/10.1109/tpami.2025.3551935
434,Method,Systematic Bias of Machine Learning Regression Models and Correction,"Hwiyoung Lee, Shuo Chen",47.0,6.0,2025-6,Issue,10.1109/tpami.2025.3552368,https://doi.org/10.1109/tpami.2025.3552368
435,Method,Diff9D: Diffusion-Based Domain-Generalized Category-Level 9-DoF Object Pose Estimation,"Jian Liu, Wei Sun, Hui Yang, Pengchao Deng, Chongpei Liu, Nicu Sebe, Hossein Rahmani, Ajmal Mian",47.0,7.0,2025-7,Issue,10.1109/tpami.2025.3552132,https://doi.org/10.1109/tpami.2025.3552132
436,Method,Revisiting Stochastic Multi-Level Compositional Optimization,"Wei Jiang, Sifan Yang, Yibo Wang, Tianbao Yang, Lijun Zhang",47.0,7.0,2025-7,Issue,10.1109/tpami.2025.3552197,https://doi.org/10.1109/tpami.2025.3552197
437,Method,The Conditional Cauchy-Schwarz Divergence With Applications to Time-Series Data and Sequential Decision Making,"Shujian Yu, Hongming Li, Sigurd Løkse, Robert Jenssen, José C. Príncipe",47.0,7.0,2025-7,Issue,10.1109/tpami.2025.3552434,https://doi.org/10.1109/tpami.2025.3552434
438,Method,Hard-Aware Instance Adaptive Self-Training for Unsupervised Cross-Domain Semantic Segmentation,"Chuang Zhu, Kebin Liu, Wenqi Tang, Ke Mei, Jiaqi Zou, Tiejun Huang",47.0,7.0,2025-7,Issue,10.1109/tpami.2025.3552484,https://doi.org/10.1109/tpami.2025.3552484
439,Method,Hulk: A Universal Knowledge Translator for Human-Centric Tasks,"Yizhou Wang, Yixuan Wu, Weizhen He, Xun Guo, Feng Zhu, Lei Bai, Rui Zhao, Jian Wu, Tong He, Wanli Ouyang, Shixiang Tang",47.0,7.0,2025-7,Issue,10.1109/tpami.2025.3552604,https://doi.org/10.1109/tpami.2025.3552604
440,Method,Neural Vector Fields: Generalizing Distance Vector Fields by Codebooks and Zero-Curl Regularization,"Xianghui Yang, Guosheng Lin, Zhenghao Chen, Luping Zhou",47.0,7.0,2025-7,Issue,10.1109/tpami.2025.3552684,https://doi.org/10.1109/tpami.2025.3552684
441,Method,Reason and Discovery: A New Paradigm for Open Set Recognition,"Yimin Fu, Zhunga Liu, Jialin Lyu",47.0,7.0,2025-7,Issue,10.1109/tpami.2025.3552760,https://doi.org/10.1109/tpami.2025.3552760
442,Method,Generating Inverse Feature Space for Class Imbalance in Point Cloud Semantic Segmentation,"Jiawei Han, Kaiqi Liu, Wei Li, Feng Zhang, Xiang-Gen Xia",47.0,7.0,2025-7,Issue,10.1109/tpami.2025.3553051,https://doi.org/10.1109/tpami.2025.3553051
443,Method,DVIS++: Improved Decoupled Framework for Universal Video Segmentation,"Tao Zhang, Xingye Tian, Yikang Zhou, Shunping Ji, Xuebo Wang, Xin Tao, Yuan Zhang, Pengfei Wan, Zhongyuan Wang, Yu Wu",47.0,7.0,2025-7,Issue,10.1109/tpami.2025.3552694,https://doi.org/10.1109/tpami.2025.3552694
444,Method,Low-Shot Video Object Segmentation,"Kun Yan, Fangyun Wei, Shuyu Dai, Minghui Wu, Ping Wang, Chang Xu",47.0,7.0,2025-7,Issue,10.1109/tpami.2025.3552779,https://doi.org/10.1109/tpami.2025.3552779
445,Method,HOZ++: Versatile Hierarchical Object-to-Zone Graph for Object Navigation,"Sixian Zhang, Xinhang Song, Xinyao Yu, Yubing Bai, Xinlong Guo, Weijie Li, Shuqiang Jiang",47.0,7.0,2025-7,Issue,10.1109/tpami.2025.3552987,https://doi.org/10.1109/tpami.2025.3552987
446,Method,Graph Prompt Clustering,"Man-Sheng Chen, Pei-Yuan Lai, De-Zhang Liao, Chang-Dong Wang, Jian-Huang Lai",47.0,7.0,2025-7,Issue,10.1109/tpami.2025.3553129,https://doi.org/10.1109/tpami.2025.3553129
447,Method,M <sup>2</sup> Diffuser: Diffusion-based Trajectory Optimization for Mobile Manipulation in 3D Scenes,"Sixu Yan, Zeyu Zhang, Muzhi Han, Zaijin Wang, Qi Xie, Zhitian Li, Zhehan Li, Hangxin Liu, Xinggang Wang, Song-Chun Zhu",,,2025,Early Access,10.1109/tpami.2025.3553454,https://doi.org/10.1109/tpami.2025.3553454
448,Method,GDRNPP: A Geometry-Guided and Fully Learning-Based Object Pose Estimator,"Xingyu Liu, Ruida Zhang, Chenyangguang Zhang, Gu Wang, Jiwen Tang, Zhigang Li, Xiangyang Ji",47.0,7.0,2025-7,Issue,10.1109/tpami.2025.3553485,https://doi.org/10.1109/tpami.2025.3553485
449,Method,Impact of Noisy Supervision in Foundation Model Learning,"Hao Chen, Zihan Wang, Ran Tao, Hongxin Wei, Xing Xie, Masashi Sugiyama, Bhiksha Raj, Jindong Wang",47.0,7.0,2025-7,Issue,10.1109/tpami.2025.3552309,https://doi.org/10.1109/tpami.2025.3552309
450,Method,Addressing Information Asymmetry: Deep Temporal Causality Discovery for Mixed Time Series,"Jiawei Chen, Chunhui Zhao",47.0,7.0,2025-7,Issue,10.1109/tpami.2025.3553957,https://doi.org/10.1109/tpami.2025.3553957
451,Method,Calibration-Free Raw Image Denoising via Fine-Grained Noise Estimation,"Yunhao Zou, Ying Fu, Yulun Zhang, Tao Zhang, Chenggang Yan, Radu Timofte",47.0,7.0,2025-7,Issue,10.1109/tpami.2025.3550264,https://doi.org/10.1109/tpami.2025.3550264
452,Method,WAGE: Weight-Sharing Attribute-Missing Graph Autoencoder,"Wenxuan Tu, Sihang Zhou, Xinwang Liu, Zhiping Cai, Yawei Zhao, Yue Liu, Kunlun He",47.0,7.0,2025-7,Issue,10.1109/tpami.2025.3554053,https://doi.org/10.1109/tpami.2025.3554053
453,Method,Learning-Aided Neighborhood Search for Vehicle Routing Problems,"Tong Guo, Yi Mei, Mengjie Zhang, Haoran Zhao, Kaiquan Cai, Wenbo Du",47.0,7.0,2025-7,Issue,10.1109/tpami.2025.3554669,https://doi.org/10.1109/tpami.2025.3554669
454,Method,Pushing the Limit of Post-Training Quantization,"Ruihao Gong, Xianglong Liu, Yuhang Li, Yunqiang Fan, Xiuying Wei, Jinyang Guo",47.0,7.0,2025-7,Issue,10.1109/tpami.2025.3554523,https://doi.org/10.1109/tpami.2025.3554523
455,Method,Scalable High-Fidelity 3D Hand Shape Reconstruction via Graph-Image Frequency Mapping and Graph Frequency Decomposition,"Tianyu Luan, Yuanhao Zhai, Jingjing Meng, Zhong Li, Zhang Chen, Yi Xu, Junsong Yuan",47.0,7.0,2025-7,Issue,10.1109/tpami.2025.3554516,https://doi.org/10.1109/tpami.2025.3554516
456,Method,NavCoT: Boosting LLM-Based Vision-and-Language Navigation via Learning Disentangled Reasoning,"Bingqian Lin, Yunshuang Nie, Ziming Wei, Jiaqi Chen, Shikui Ma, Jianhua Han, Hang Xu, Xiaojun Chang, Xiaodan Liang",47.0,7.0,2025-7,Issue,10.1109/tpami.2025.3554559,https://doi.org/10.1109/tpami.2025.3554559
457,Method,ONNXPruner: ONNX-Based General Model Pruning Adapter,"Dongdong Ren, Wenbin Li, Tianyu Ding, Lei Wang, Qi Fan, Jing Huo, Hongbing Pan, Yang Gao",47.0,7.0,2025-7,Issue,10.1109/tpami.2025.3554560,https://doi.org/10.1109/tpami.2025.3554560
458,Method,DIST+: Knowledge Distillation From a Stronger Adaptive Teacher,"Tao Huang, Shan You, Fei Wang, Chen Qian, Chang Xu",47.0,7.0,2025-7,Issue,10.1109/tpami.2025.3554235,https://doi.org/10.1109/tpami.2025.3554235
459,Method,Aesthetics-Guided Low-Light Enhancement,"Dong Liang, Yuanhang Gao, Ling Li, Zhengyan Xu, Sheng-Jun Huang, Songcan Chen",47.0,7.0,2025-7,Issue,10.1109/tpami.2025.3554639,https://doi.org/10.1109/tpami.2025.3554639
460,Method,HandRT: Simultaneous Hand Shape and Appearance Reconstruction With Pose Tracking From Monocular RGB-D Video,"Pratik Kalshetti, Parag Chaudhuri",47.0,7.0,2025-7,Issue,10.1109/tpami.2025.3555117,https://doi.org/10.1109/tpami.2025.3555117
461,Method,Cross-Modality Distillation for Multi-Modal Tracking,"Tianlu Zhang, Qiang Zhang, Kurt Debattista, Jungong Han",47.0,7.0,2025-7,Issue,10.1109/tpami.2025.3555485,https://doi.org/10.1109/tpami.2025.3555485
462,Method,Semantic-Aware Pseudo-Labeling for Unsupervised Meta-Learning,"Tianran Ouyang, Xingping Dong, Mang Ye, Bo Du, Ling Shao, Jianbing Shen",47.0,7.0,2025-7,Issue,10.1109/tpami.2025.3556378,https://doi.org/10.1109/tpami.2025.3556378
463,Method,ED-Pose++: Enhanced Explicit Box Detection for Conventional and Interactive Multi-Object Keypoint Detection,"Jie Yang, Ailing Zeng, Tianhe Ren, Shilong Liu, Feng Li, Ruimao Zhang, Lei Zhang",47.0,7.0,2025-7,Issue,10.1109/tpami.2025.3555527,https://doi.org/10.1109/tpami.2025.3555527
464,Method,Rethinking Efficient and Effective Point-Based Networks for Event Camera Classification and Regression,"Hongwei Ren, Yue Zhou, Jiadong Zhu, Xiaopeng Lin, Haotian Fu, Yulong Huang, Yuetong Fang, Fei Ma, Hao Yu, Bojun Cheng",47.0,8.0,2025-8,Issue,10.1109/tpami.2025.3556561,https://doi.org/10.1109/tpami.2025.3556561
465,Method,StructVPR++: Distill Structural and Semantic Knowledge With Weighting Samples for Visual Place Recognition,"Yanqing Shen, Sanping Zhou, Jingwen Fu, Ruotong Wang, Shitao Chen, Nanning Zheng",47.0,8.0,2025-8,Issue,10.1109/tpami.2025.3556859,https://doi.org/10.1109/tpami.2025.3556859
466,Method,Human-Centric Fine-Grained Action Quality Assessment,"Jinglin Xu, Sibo Yin, Yuxin Peng",47.0,8.0,2025-8,Issue,10.1109/tpami.2025.3556935,https://doi.org/10.1109/tpami.2025.3556935
467,Method,Spatiotemporal Observer Design for Predictive Learning of High-Dimensional Data,"Tongyi Liang, Han-Xiong Li",47.0,8.0,2025-8,Issue,10.1109/tpami.2025.3556669,https://doi.org/10.1109/tpami.2025.3556669
468,Method,Revisiting One-Stage Deep Uncalibrated Photometric Stereo via Fourier Embedding,"Yakun Ju, Boxin Shi, Bihan Wen, Kin-Man Lam, Xudong Jiang, Alex C. Kot",47.0,8.0,2025-8,Issue,10.1109/tpami.2025.3557245,https://doi.org/10.1109/tpami.2025.3557245
469,Method,Modeling the Label Distributions for Weakly-Supervised Semantic Segmentation,"Linshan Wu, Zhun Zhong, Jiayi Ma, Yunchao Wei, Hao Chen, Leyuan Fang, Shutao Li",47.0,8.0,2025-8,Issue,10.1109/tpami.2025.3557047,https://doi.org/10.1109/tpami.2025.3557047
470,Method,Interpreting Low-Level Vision Models With Causal Effect Maps,"Jinfan Hu, Jinjin Gu, Shiyao Yu, Fanghua Yu, Zheyuan Li, Zhiyuan You, Chaochao Lu, Chao Dong",47.0,8.0,2025-8,Issue,10.1109/tpami.2025.3557149,https://doi.org/10.1109/tpami.2025.3557149
471,Method,Inter-Intra Hypergraph Computation for Survival Prediction on Whole Slide Images,"Xiangmin Han, Huijian Zhou, Zhiqiang Tian, Shaoyi Du, Yue Gao",47.0,7.0,2025-7,Issue,10.1109/tpami.2025.3557391,https://doi.org/10.1109/tpami.2025.3557391
472,Method,Learning Efficient Deep Discriminative Spatial and Temporal Networks for Video Deblurring,"Jinshan Pan, Long Sun, Boming Xu, Jiangxin Dong, Jinhui Tang",47.0,7.0,2025-7,Issue,10.1109/tpami.2025.3557866,https://doi.org/10.1109/tpami.2025.3557866
473,Method,Revisiting Supervised Learning-Based Photometric Stereo Networks,"Xiaoyao Wei, Zongrui Li, Binjie Ding, Boxin Shi, Xudong Jiang, Gang Pan, Yanlong Cao, Qian Zheng",47.0,8.0,2025-8,Issue,10.1109/tpami.2025.3557498,https://doi.org/10.1109/tpami.2025.3557498
474,Method,ProtoGCD: Unified and Unbiased Prototype Learning for Generalized Category Discovery,"Shijie Ma, Fei Zhu, Xu-Yao Zhang, Cheng-Lin Liu",47.0,7.0,2025-7,Issue,10.1109/tpami.2025.3557502,https://doi.org/10.1109/tpami.2025.3557502
475,Method,JointFormer: A Unified Framework With Joint Modeling for Video Object Segmentation,"Jiaming Zhang, Yutao Cui, Gangshan Wu, Limin Wang",47.0,7.0,2025-7,Issue,10.1109/tpami.2025.3557841,https://doi.org/10.1109/tpami.2025.3557841
476,Method,Towards Real-World Aerial Vision Guidance With Categorical 6D Pose Tracker,"Jingtao Sun, Yaonan Wang, Danwei Wang",47.0,7.0,2025-7,Issue,10.1109/tpami.2025.3558237,https://doi.org/10.1109/tpami.2025.3558237
477,Method,Unknown-Aware Bilateral Dependency Optimization for Defending Against Model Inversion Attacks,"Xiong Peng, Feng Liu, Nannan Wang, Long Lan, Tongliang Liu, Yiu-Ming Cheung, Bo Han",47.0,8.0,2025-8,Issue,10.1109/tpami.2025.3558267,https://doi.org/10.1109/tpami.2025.3558267
478,Method,Stimulative Training++: Go Beyond the Performance Limits of Residual Networks,"Peng Ye, Tong He, Shengji Tang, Baopu Li, Tao Chen, Lei Bai, Wanli Ouyang",47.0,8.0,2025-8,Issue,10.1109/tpami.2025.3558421,https://doi.org/10.1109/tpami.2025.3558421
479,Method,<i>MagicTime:</i> Time-Lapse Video Generation Models as Metamorphic Simulators,"Shenghai Yuan, Jinfa Huang, Yujun Shi, Yongqi Xu, Ruijie Zhu, Bin Lin, Xinhua Cheng, Li Yuan, Jiebo Luo",47.0,9.0,2025-9,Issue,10.1109/tpami.2025.3558507,https://doi.org/10.1109/tpami.2025.3558507
480,Method,Bi-Modality Individual-Aware Prompt Tuning for Visual-Language Model,"Hantao Yao, Rui Zhang, Huaihai Lyu, Yongdong Zhang, Changsheng Xu",47.0,8.0,2025-8,Issue,10.1109/tpami.2025.3557780,https://doi.org/10.1109/tpami.2025.3557780
481,Method,Unified Static and Dynamic Network: Efficient Temporal Filtering for Video Grounding,"Jingjing Hu, Dan Guo, Kun Li, Zhan Si, Xun Yang, Xiaojun Chang, Meng Wang",47.0,8.0,2025-8,Issue,10.1109/tpami.2025.3558854,https://doi.org/10.1109/tpami.2025.3558854
482,Method,Enhancing Representations Through Heterogeneous Self-Supervised Learning,"Zhong-Yu Li, Bo-Wen Yin, Yongxiang Liu, Li Liu, Ming-Ming Cheng",47.0,7.0,2025-7,Issue,10.1109/tpami.2025.3558989,https://doi.org/10.1109/tpami.2025.3558989
483,Method,Bootstrap Masked Visual Modeling via Hard Patch Mining,"Haochen Wang, Junsong Fan, Yuxi Wang, Kaiyou Song, Tiancai Wang, Xiangyu Zhang, Zhaoxiang Zhang",47.0,8.0,2025-8,Issue,10.1109/tpami.2025.3557001,https://doi.org/10.1109/tpami.2025.3557001
484,Method,MB-TaylorFormer V2: Improved Multi-Branch Linear Transformer Expanded by Taylor Formula for Image Restoration,"Zhi Jin, Yuwei Qiu, Kaihao Zhang, Hongdong Li, Wenhan Luo",47.0,7.0,2025-7,Issue,10.1109/tpami.2025.3559891,https://doi.org/10.1109/tpami.2025.3559891
485,Method,Exploring the Essence of Relationships for Scene Graph Generation via Causal Features Enhancement Network,"Hao Zhou, Tingjin Luo, Jun Zhang, Liguo Liu",47.0,8.0,2025-8,Issue,10.1109/tpami.2025.3559995,https://doi.org/10.1109/tpami.2025.3559995
486,Method,Generalized Semantic Contrastive Learning via Embedding Side Information for Few-Shot Object Detection,"Ruoyu Chen, Hua Zhang, Jingzhi Li, Li Liu, Zhen Huang, Xiaochun Cao",47.0,8.0,2025-8,Issue,10.1109/tpami.2025.3560033,https://doi.org/10.1109/tpami.2025.3560033
487,Method,Hyperrectangle Embedding for Debiased 3D Scene Graph Prediction From RGB Sequences,"Mingtao Feng, Chenbo Yan, Zijie Wu, Weisheng Dong, Yaonan Wang, Ajmal Mian",47.0,8.0,2025-8,Issue,10.1109/tpami.2025.3560090,https://doi.org/10.1109/tpami.2025.3560090
488,Method,DeferredGS: Decoupled and Relightable Gaussian Splatting With Deferred Shading,"Tong Wu, Jia-Mu Sun, Yu-Kun Lai, Yuewen Ma, Leif Kobbelt, Lin Gao",47.0,8.0,2025-8,Issue,10.1109/tpami.2025.3560933,https://doi.org/10.1109/tpami.2025.3560933
489,Method,DDM: A Metric for Comparing 3D Shapes Using Directional Distance Fields,"Siyu Ren, Junhui Hou, Xiaodong Chen, Hongkai Xiong, Wenping Wang",47.0,8.0,2025-8,Issue,10.1109/tpami.2025.3560297,https://doi.org/10.1109/tpami.2025.3560297
490,Method,"Hadamard Product in Deep Learning: Introduction, Advances and Challenges","Grigorios G. Chrysos, Yongtao Wu, Razvan Pascanu, Philip H.S. Torr, Volkan Cevher",47.0,8.0,2025-8,Issue,10.1109/tpami.2025.3560423,https://doi.org/10.1109/tpami.2025.3560423
491,Method,Uncertainty-Calibrated Test-Time Model Adaptation Without Forgetting,"Mingkui Tan, Guohao Chen, Jiaxiang Wu, Yifan Zhang, Yaofo Chen, Peilin Zhao, Shuaicheng Niu",47.0,8.0,2025-8,Issue,10.1109/tpami.2025.3560696,https://doi.org/10.1109/tpami.2025.3560696
492,Method,Constraint Boundary Wandering Framework: Enhancing Constrained Optimization With Deep Neural Networks,"Shuang Wu, Shixiang Chen, Li Shen, Lefei Zhang, Dacheng Tao",47.0,8.0,2025-8,Issue,10.1109/tpami.2025.3560762,https://doi.org/10.1109/tpami.2025.3560762
493,Method,GPS-Gaussian+: Generalizable Pixel-wise 3D Gaussian Splatting for Real-Time Human-Scene Rendering from Sparse Views,"Boyao Zhou, Shunyuan Zheng, Hanzhang Tu, Ruizhi Shao, Boning Liu, Shengping Zhang, Liqiang Nie, Yebin Liu",,,2025,Early Access,10.1109/tpami.2025.3561248,https://doi.org/10.1109/tpami.2025.3561248
494,Method,End-to-End Open-Vocabulary Video Visual Relationship Detection Using Multi-Modal Prompting,"Yongqi Wang, Xinxiao Wu, Shuo Yang, Jiebo Luo",47.0,8.0,2025-8,Issue,10.1109/tpami.2025.3561366,https://doi.org/10.1109/tpami.2025.3561366
495,Method,PointNorm-Net: Self-Supervised Normal Prediction of 3D Point Clouds via Multi-Modal Distribution Estimation,"Jie Zhang, Minghui Nie, Changqing Zou, Jian Liu, Ligang Liu, Junjie Cao",47.0,8.0,2025-8,Issue,10.1109/tpami.2025.3562051,https://doi.org/10.1109/tpami.2025.3562051
496,Method,PonderV2: Improved 3D Representation With a Universal Pre-Training Paradigm,"Haoyi Zhu, Honghui Yang, Xiaoyang Wu, Di Huang, Sha Zhang, Xianglong He, Hengshuang Zhao, Chunhua Shen, Yu Qiao, Tong He, Wanli Ouyang",47.0,8.0,2025-8,Issue,10.1109/tpami.2025.3561598,https://doi.org/10.1109/tpami.2025.3561598
497,Method,Degradation-Aware Residual-Conditioned Optimal Transport for Unified Image Restoration,"Xiaole Tang, Xiang Gu, Xiaoyi He, Xin Hu, Jian Sun",47.0,8.0,2025-8,Issue,10.1109/tpami.2025.3562211,https://doi.org/10.1109/tpami.2025.3562211
498,Method,Prophet: Prompting Large Language Models With Complementary Answer Heuristics for Knowledge-Based Visual Question Answering,"Zhou Yu, Xuecheng Ouyang, Zhenwei Shao, Meng Wang, Jun Yu",47.0,8.0,2025-8,Issue,10.1109/tpami.2025.3562422,https://doi.org/10.1109/tpami.2025.3562422
499,Method,HiDe-PET: Continual Learning via Hierarchical Decomposition of Parameter-Efficient Tuning,"Liyuan Wang, Jingyi Xie, Xingxing Zhang, Hang Su, Jun Zhu",47.0,8.0,2025-8,Issue,10.1109/tpami.2025.3562534,https://doi.org/10.1109/tpami.2025.3562534
500,Method,Unified Domain Adaptive Semantic Segmentation,"Zhe Zhang, Gaochang Wu, Jing Zhang, Xiatian Zhu, Dacheng Tao, Tianyou Chai",47.0,8.0,2025-8,Issue,10.1109/tpami.2025.3562999,https://doi.org/10.1109/tpami.2025.3562999
501,Method,On the Value of Myopic Behavior in Policy Reuse,"Chenjia Bai, Kang Xu, Shuang Qiu, Haoran He, Bin Zhao, Zhen Wang, Wei Li, Xuelong Li",47.0,8.0,2025-8,Issue,10.1109/tpami.2025.3560628,https://doi.org/10.1109/tpami.2025.3560628
502,Method,Accelerate Presolve in Large-Scale Linear Programming via Reinforcement Learning,"Yufei Kuang, Xijun Li, Jie Wang, Fangzhou Zhu, Meng Lu, Zhihai Wang, Jia Zeng, Houqiang Li, Yongdong Zhang, Feng Wu",47.0,8.0,2025-8,Issue,10.1109/tpami.2025.3562286,https://doi.org/10.1109/tpami.2025.3562286
503,Method,Rethinking Evaluation Metrics of Open-Vocabulary Segmentation,"Hao Zhou, Lu Qi, Tiancheng Shen, Hai Huang, Xu Yang, Xiangtai Li, Ming-Hsuan Yang",47.0,8.0,2025-8,Issue,10.1109/tpami.2025.3562930,https://doi.org/10.1109/tpami.2025.3562930
504,Method,Diagnostic Captioning by Cooperative Task Interactions and Sample-Graph Consistency,"Zhanyu Wang, Lei Wang, Xiu Li, Luping Zhou",47.0,8.0,2025-8,Issue,10.1109/tpami.2025.3562866,https://doi.org/10.1109/tpami.2025.3562866
505,Method,Sparse-DeRF: Deblurred Neural Radiance Fields From Sparse View,"Dogyoon Lee, Donghyeong Kim, Jungho Lee, Minhyeok Lee, Seunghoon Lee, Sangyoun Lee",47.0,8.0,2025-8,Issue,10.1109/tpami.2025.3563398,https://doi.org/10.1109/tpami.2025.3563398
506,Method,Diff-Retinex++: Retinex-Driven Reinforced Diffusion Model for Low-Light Image Enhancement,"Xunpeng Yi, Han Xu, Hao Zhang, Linfeng Tang, Jiayi Ma",47.0,8.0,2025-8,Issue,10.1109/tpami.2025.3563612,https://doi.org/10.1109/tpami.2025.3563612
507,Method,Monge-Ampere Regularization for Learning Arbitrary Shapes From Point Clouds,"Chuanxiang Yang, Yuanfeng Zhou, Guangshun Wei, Long Ma, Junhui Hou, Yuan Liu, Wenping Wang",47.0,8.0,2025-8,Issue,10.1109/tpami.2025.3563601,https://doi.org/10.1109/tpami.2025.3563601
508,Method,Prompt-Based Multi-Interest Learning Method for Sequential Recommendation,"Xue Dong, Xuemeng Song, Tongliang Liu, Weili Guan",47.0,8.0,2025-8,Issue,10.1109/tpami.2025.3563663,https://doi.org/10.1109/tpami.2025.3563663
509,Method,HOT: An Efficient Halpern Accelerating Algorithm for Optimal Transport Problems,"Guojun Zhang, Zhexuan Gu, Yancheng Yuan, Defeng Sun",47.0,8.0,2025-8,Issue,10.1109/tpami.2025.3564353,https://doi.org/10.1109/tpami.2025.3564353
510,Method,AnyDoor: Zero-Shot Image Customization With Region-to-Region Reference,"Xi Chen, Lianghua Huang, Yu Liu, Yujun Shen, Deli Zhao, Hengshuang Zhao",47.0,8.0,2025-8,Issue,10.1109/tpami.2025.3562237,https://doi.org/10.1109/tpami.2025.3562237
511,Method,Continual Unsupervised Generative Modeling,"Fei Ye, Adrian G. Bors",47.0,8.0,2025-8,Issue,10.1109/tpami.2025.3564188,https://doi.org/10.1109/tpami.2025.3564188
512,Method,Intersecting the Markov Blankets of Endogenous and Exogenous Variables for Causal Discovery,"Yiran Dong, Chuanhou Gao",47.0,8.0,2025-8,Issue,10.1109/tpami.2025.3564584,https://doi.org/10.1109/tpami.2025.3564584
513,Method,Normalized-Full-Palmar-Hand: Toward More Accurate Hand-Based Multimodal Biometrics,"Yitao Qiao, Wenxiong Kang, Dacan Luo, Junduan Huang",47.0,8.0,2025-8,Issue,10.1109/tpami.2025.3564514,https://doi.org/10.1109/tpami.2025.3564514
514,Method,Weakly Supervised Micro- and Macro-Expression Spotting Based on Multi-Level Consistency,"Wang-Wang Yu, Kai-Fu Yang, Hong-Mei Yan, Yong-Jie Li",47.0,8.0,2025-8,Issue,10.1109/tpami.2025.3564951,https://doi.org/10.1109/tpami.2025.3564951
515,Method,Detecting Every Object From Events,"Haitian Zhang, Chang Xu, Xinya Wang, Bingde Liu, Guang Hua, Lei Yu, Wen Yang",47.0,8.0,2025-8,Issue,10.1109/tpami.2025.3565102,https://doi.org/10.1109/tpami.2025.3565102
516,Method,Toward Collaborative Autonomous Driving: Simulation Platform and End-to-End System,"Genjia Liu, Yue Hu, Chenxin Xu, Weibo Mao, Junhao Ge, Zhengxiang Huang, Yifan Lu, Yinda Xu, Junkai Xia, Yafei Wang, Siheng Chen",47.0,8.0,2025-8,Issue,10.1109/tpami.2025.3560327,https://doi.org/10.1109/tpami.2025.3560327
517,Method,MC-ANN: A Mixture Clustering-Based Attention Neural Network for Time Series Forecasting,"Yanhong Li, David C. Anastasiu",47.0,8.0,2025-8,Issue,10.1109/tpami.2025.3565224,https://doi.org/10.1109/tpami.2025.3565224
518,Method,DeepInteraction++: Multi-Modality Interaction for Autonomous Driving,"Zeyu Yang, Nan Song, Wei Li, Xiatian Zhu, Li Zhang, Philip H.S. Torr",47.0,8.0,2025-8,Issue,10.1109/tpami.2025.3565194,https://doi.org/10.1109/tpami.2025.3565194
519,Method,On Positive-Unlabeled Classification From Corrupted Data in GANs,"Yunke Wang, Chang Xu, Tianyu Guo, Bo Du, Dacheng Tao",47.0,8.0,2025-8,Issue,10.1109/tpami.2025.3565394,https://doi.org/10.1109/tpami.2025.3565394
520,Method,TLRLF4MVC: Tensor Low-Rank and Low-Frequency for Scalable Multi-View Clustering,"Zhen Long, Qiyuan Wang, Yazhou Ren, Yipeng Liu, Ce Zhu",47.0,8.0,2025-8,Issue,10.1109/tpami.2025.3566169,https://doi.org/10.1109/tpami.2025.3566169
521,Method,Mixture of Gaussian-Distributed Prototypes With Generative Modelling for Interpretable and Trustworthy Image Recognition,"Chong Wang, Yuanhong Chen, Fengbei Liu, Yuyuan Liu, Davis James McCarthy, Helen Frazer, Gustavo Carneiro",47.0,8.0,2025-8,Issue,10.1109/tpami.2025.3566425,https://doi.org/10.1109/tpami.2025.3566425
522,Method,Graph Anomaly Detection in Time Series: A Survey,"Thi Kieu Khanh Ho, Ali Karami, Narges Armanfard",47.0,8.0,2025-8,Issue,10.1109/tpami.2025.3566620,https://doi.org/10.1109/tpami.2025.3566620
523,Method,USTEP: Spatio-Temporal Predictive Learning Under a Unified View,"Cheng Tan, Jue Wang, Zhangyang Gao, Siyuan Li, Stan Z. Li",47.0,8.0,2025-8,Issue,10.1109/tpami.2025.3566420,https://doi.org/10.1109/tpami.2025.3566420
524,Method,On Nonconvex SGD Under Unbounded Noise With Weak Gradient Lipschitz and Delayed Stochastic Gradient,"Tao Sun, Li Shen, Xinwang Liu",47.0,8.0,2025-8,Issue,10.1109/tpami.2025.3566510,https://doi.org/10.1109/tpami.2025.3566510
525,Method,Uncertain Object Representation for Image-Based 3D Object Perception,"Qitai Wang, Yuntao Chen, Zhaoxiang Zhang",47.0,8.0,2025-8,Issue,10.1109/tpami.2025.3568120,https://doi.org/10.1109/tpami.2025.3568120
526,Method,Model-Agnostic and Efficient Mixup Augmentation Guided by Saliency Maps,"Minsoo Kang, Seong-Whan Lee, Suhyun Kim",47.0,8.0,2025-8,Issue,10.1109/tpami.2025.3568274,https://doi.org/10.1109/tpami.2025.3568274
527,Method,DreamComposer++: Empowering Diffusion Models with Multi-View Conditions for 3D Content Generation,"Yunhan Yang, Shuo Chen, Yukun Huang, Xiaoyang Wu, Yuan-Chen Guo, Edmund Y. Lam, Hengshuang Zhao, Tong He, Xihui Liu",,,2025,Early Access,10.1109/tpami.2025.3568190,https://doi.org/10.1109/tpami.2025.3568190
528,Method,Octree-GS: Towards Consistent Real-time Rendering with LOD-Structured 3D Gaussians,"Kerui Ren, Lihan Jiang, Tao Lu, Mulin Yu, Linning Xu, Zhangkai Ni, Bo Dai",,,2025,Early Access,10.1109/tpami.2025.3568201,https://doi.org/10.1109/tpami.2025.3568201
529,Method,Wasserstein Graph Neural Networks for Graphs With Missing Attributes,"Zhixian Chen, Tengfei Ma, Yangqiu Song, Yang Wang",47.0,8.0,2025-8,Issue,10.1109/tpami.2025.3568480,https://doi.org/10.1109/tpami.2025.3568480
530,Method,OmniFuse: Composite Degradation-Robust Image Fusion With Language-Driven Semantics,"Hao Zhang, Lei Cao, Xuhui Zuo, Zhenfeng Shao, Jiayi Ma",47.0,9.0,2025-9,Issue,10.1109/tpami.2025.3568433,https://doi.org/10.1109/tpami.2025.3568433
531,Method,Fast and Interpretable 2D Homography Decomposition: Similarity-Kernel-Similarity and Affine-Core-Affine Transformations,"Shen Cai, Zhanhao Wu, Lingxi Guo, Jiachun Wang, Siyu Zhang, Junchi Yan, Shuhan Shen",47.0,9.0,2025-9,Issue,10.1109/tpami.2025.3568582,https://doi.org/10.1109/tpami.2025.3568582
532,Method,A Reverse Causal Framework to Mitigate Spurious Correlations for Debiasing Scene Graph Generation,"Shuzhou Sun, Li Liu, Tianpeng Liu, Shuaifeng Zhi, Ming-Ming Cheng, Janne Heikkilä, Yongxiang Liu",47.0,9.0,2025-9,Issue,10.1109/tpami.2025.3568644,https://doi.org/10.1109/tpami.2025.3568644
533,Method,Relationship Quantification of Image Degradations,"Boyun Li, Yuanbiao Gou, Wenxin Wang, Peng Hu, Wangmeng Zuo, Xi Peng",47.0,8.0,2025-8,Issue,10.1109/tpami.2025.3568690,https://doi.org/10.1109/tpami.2025.3568690
534,Method,DELBO: Efficient Score Algorithm for Feature Selection on Latent Variables of VAE,"Yiran Dong, Chuanhou Gao",47.0,9.0,2025-9,Issue,10.1109/tpami.2025.3569279,https://doi.org/10.1109/tpami.2025.3569279
535,Method,Searching in Symmetric Solution Space for Permutation-Related Optimization Problems,"Lixin Tang, Tianyang Li, Ying Meng, Jiyin Liu",47.0,8.0,2025-8,Issue,10.1109/tpami.2025.3569284,https://doi.org/10.1109/tpami.2025.3569284
536,Method,PASS++: A Dual Bias Reduction Framework for Non-Exemplar Class-Incremental Learning,"Fei Zhu, Xu-Yao Zhang, Zhen Cheng, Cheng-Lin Liu",47.0,8.0,2025-8,Issue,10.1109/tpami.2025.3568886,https://doi.org/10.1109/tpami.2025.3568886
537,Method,IGEV++: Iterative Multi-Range Geometry Encoding Volumes for Stereo Matching,"Gangwei Xu, Xianqi Wang, Zhaoxing Zhang, Junda Cheng, Chunyuan Liao, Xin Yang",47.0,8.0,2025-8,Issue,10.1109/tpami.2025.3569218,https://doi.org/10.1109/tpami.2025.3569218
538,Method,Efficient Diffusion Models: A Comprehensive Survey From Principles to Practices,"Zhiyuan Ma, Yuzhu Zhang, Guoli Jia, Liangliang Zhao, Yichao Ma, Mingjie Ma, Gaofeng Liu, Kaiyan Zhang, Ning Ding, Jianjun Li, Bowen Zhou",47.0,9.0,2025-9,Issue,10.1109/tpami.2025.3569700,https://doi.org/10.1109/tpami.2025.3569700
539,Method,MOWA: Multiple-in-One Image Warping Model,"Kang Liao, Zongsheng Yue, Zhonghua Wu, Chen Change Loy",47.0,9.0,2025-9,Issue,10.1109/tpami.2025.3567465,https://doi.org/10.1109/tpami.2025.3567465
540,Method,DiffusionAD: Norm-Guided One-Step Denoising Diffusion for Anomaly Detection,"Hui Zhang, Zheng Wang, Dan Zeng, Zuxuan Wu, Yu-Gang Jiang",47.0,8.0,2025-8,Issue,10.1109/tpami.2025.3570494,https://doi.org/10.1109/tpami.2025.3570494
541,Method,On the Universal Approximation Properties of Deep Neural Networks Using MAM Neurons,"Philippe Bich, Andriy Enttsel, Luciano Prono, Alex Marchioni, Fabio Pareschi, Mauro Mangia, Gianluca Setti, Riccardo Rovatti",47.0,9.0,2025-9,Issue,10.1109/tpami.2025.3570545,https://doi.org/10.1109/tpami.2025.3570545
542,Method,Gamba: Marry Gaussian Splatting With Mamba for Single-View 3D Reconstruction,"Qiuhong Shen, Zike Wu, Xuanyu Yi, Pan Zhou, Hanwang Zhang, Shuicheng Yan, Xinchao Wang",,,2025,Early Access,10.1109/tpami.2025.3569596,https://doi.org/10.1109/tpami.2025.3569596
543,Method,Spectrum-Enhanced Graph Attention Network for Garment Mesh Deformation,"Tianxing Li, Rui Shi, Qing Zhu, Liguo Zhang, Takashi Kanai",47.0,8.0,2025-8,Issue,10.1109/tpami.2025.3570523,https://doi.org/10.1109/tpami.2025.3570523
544,Method,Contrastive Learning via Variational Information Bottleneck,"Jin Li, Yaoming Wang, Xiaopeng Zhang, Dongsheng Jiang, Wenrui Dai, Chenglin Li, Hongkai Xiong, Qi Tian",47.0,9.0,2025-9,Issue,10.1109/tpami.2025.3571990,https://doi.org/10.1109/tpami.2025.3571990
545,Method,Data ID Extraction Networks for Unsupervised Class- and Classifier-Free Detection of Adversarial Examples,"Xiangyin Kong, Xiaoyu Jiang, Zhihuan Song, Zhiqiang Ge",47.0,9.0,2025-9,Issue,10.1109/tpami.2025.3572245,https://doi.org/10.1109/tpami.2025.3572245
546,Method,Toward Understanding the Generalizability of Delayed Stochastic Gradient Descent,"Xiaoge Deng, Li Shen, Shengwei Li, Tao Sun, Dongsheng Li, Dacheng Tao",47.0,9.0,2025-9,Issue,10.1109/tpami.2025.3572251,https://doi.org/10.1109/tpami.2025.3572251
547,Method,Long Short-Term Knowledge Decomposition and Consolidation for Lifelong Person Re-Identification,"Kunlun Xu, Zichen Liu, Xu Zou, Yuxin Peng, Jiahuan Zhou",47.0,9.0,2025-9,Issue,10.1109/tpami.2025.3572468,https://doi.org/10.1109/tpami.2025.3572468
548,Method,Non-Rigid Point Cloud Registration via Anisotropic Hybrid Field Harmonization,"Jinyang Wang, Xuequan Lu, Mohammed Bennamoun, Bin Sheng",47.0,9.0,2025-9,Issue,10.1109/tpami.2025.3572584,https://doi.org/10.1109/tpami.2025.3572584
549,Method,FreeFusion: Infrared and Visible Image Fusion via Cross Reconstruction Learning,"Wenda Zhao, Hengshuai Cui, Haipeng Wang, You He, Huchuan Lu",47.0,9.0,2025-9,Issue,10.1109/tpami.2025.3572599,https://doi.org/10.1109/tpami.2025.3572599
550,Method,STAU: A SpatioTemporal-Aware Unit for Video Prediction and Beyond,"Zheng Chang, Xinfeng Zhang, Shanshe Wang, Siwei Ma, Wen Gao",47.0,9.0,2025-9,Issue,10.1109/tpami.2025.3572735,https://doi.org/10.1109/tpami.2025.3572735
551,Method,Feature Preserving Shrinkage on Bayesian Neural Networks Via the R2D2 Prior,"Tsai Hor Chan, Dora Yan Zhang, Guosheng Yin, Lequan Yu",47.0,9.0,2025-9,Issue,10.1109/tpami.2025.3572766,https://doi.org/10.1109/tpami.2025.3572766
552,Method,Partial Distribution Matching via Partial Wasserstein Adversarial Networks,"Zi-Ming Wang, Nan Xue, Ling Lei, Rebecka Jörnsten, Gui-Song Xia",47.0,9.0,2025-9,Issue,10.1109/tpami.2025.3572795,https://doi.org/10.1109/tpami.2025.3572795
553,Method,A New Accelerated Off-Policy Stochastic Preconditioned TD(0) Algorithm,"Weidong Liu, Jiahua Ma, Xiaojun Mao, Kejie Tang",47.0,9.0,2025-9,Issue,10.1109/tpami.2025.3572807,https://doi.org/10.1109/tpami.2025.3572807
554,Method,Multi-Channel Disentangled Graph Neural Networks With Different Types of Self-Constraints,"Zhuomin Liang, Liang Bai, Xian Yang, Jiye Liang",47.0,9.0,2025-9,Issue,10.1109/tpami.2025.3572846,https://doi.org/10.1109/tpami.2025.3572846
555,Method,QDNet: Query-Denoising Network for Visual Traffic Knowledge Graph Generation,"Yunfei Guo, Fei Yin, Xiao-Hui Li, Cheng-Lin Liu",47.0,9.0,2025-9,Issue,10.1109/tpami.2025.3572944,https://doi.org/10.1109/tpami.2025.3572944
556,Method,Incorporating Pre-Training Data Matters in Unsupervised Domain Adaptation,"Yinsong Xu, Aidong Men, Yang Liu, Xiahai Zhuang, Qingchao Chen",47.0,9.0,2025-9,Issue,10.1109/tpami.2025.3572963,https://doi.org/10.1109/tpami.2025.3572963
557,Method,Advanced Discriminative Co-Saliency and Background Mining Transformer for Co-Salient Object Detection,"Long Li, Huichao Xie, Nian Liu, Dingwen Zhang, Rao Muhammad Anwer, Hisham Cholakkal, Junwei Han",47.0,9.0,2025-9,Issue,10.1109/tpami.2025.3573054,https://doi.org/10.1109/tpami.2025.3573054
558,Method,Keystate-Driven Long-Term Generation of Bimanual Object Manipulation Sequences,"Haziq Razali, Yiannis Demiris",47.0,9.0,2025-9,Issue,10.1109/tpami.2025.3573081,https://doi.org/10.1109/tpami.2025.3573081
559,Method,Revisit Weakly Supervised Hashing With Deep Multi-Modal Foundation Models,"Min Wang, Wengang Zhou, Houqiang Li",47.0,9.0,2025-9,Issue,10.1109/tpami.2025.3573186,https://doi.org/10.1109/tpami.2025.3573186
560,Method,Robustness-Congruent Adversarial Training for Secure Machine Learning Model Updates,"Daniele Angioni, Luca Demetrio, Maura Pintor, Luca Oneto, Davide Anguita, Battista Biggio, Fabio Roli",47.0,9.0,2025-9,Issue,10.1109/tpami.2025.3573237,https://doi.org/10.1109/tpami.2025.3573237
561,Method,EigenActor: Variant Body-Object Interaction Generation Evolved from Invariant Action Basis Reasoning,"Xuehao Gao, Yang Yang, Shaoyi Du, Yang Wu, Yebin Liu, Guo-Jun Qi",,,2025,Early Access,10.1109/tpami.2025.3573414,https://doi.org/10.1109/tpami.2025.3573414
562,Method,LLaFS++: Few-Shot Image Segmentation With Large Language Models,"Lanyun Zhu, Tianrun Chen, Deyi Ji, Peng Xu, Jieping Ye, Jun Liu",47.0,9.0,2025-9,Issue,10.1109/tpami.2025.3573609,https://doi.org/10.1109/tpami.2025.3573609
563,Method,Sample Adaptive Localized Simple Multiple Kernel K-Means and its Application in Parcellation of Human Cerebral Cortex,"Xinwang Liu, Yi Zhang, Li Liu, Chang Tang, Limin Peng, Long Lan, Dewen Hu",47.0,9.0,2025-9,Issue,10.1109/tpami.2025.3573613,https://doi.org/10.1109/tpami.2025.3573613
564,Method,Heterophily-Aware Representation Learning on Heterogeneous Graphs,"Jintang Li, Zheng Wei, Yuchang Zhu, Ruofan Wu, Huizhe Zhang, Liang Chen, Zibin Zheng",47.0,9.0,2025-9,Issue,10.1109/tpami.2025.3573615,https://doi.org/10.1109/tpami.2025.3573615
565,Method,Text to Image for Multi-Label Image Recognition With Joint Prompt-Adapter Learning,"Chun-Mei Feng, Kai Yu, Xinxing Xu, Salman Khan, Rick Siow Mong Goh, Wangmeng Zuo, Yong Liu",47.0,9.0,2025-9,Issue,10.1109/tpami.2025.3573852,https://doi.org/10.1109/tpami.2025.3573852
566,Method,Multi-Label Learning With Multiple Complementary Labels,"Yi Gao, Jing-Yi Zhu, Miao Xu, Min-Ling Zhang",47.0,9.0,2025-9,Issue,10.1109/tpami.2025.3574183,https://doi.org/10.1109/tpami.2025.3574183
567,Method,Compositional Physical Reasoning of Objects and Events From Videos,"Zhenfang Chen, Shilong Dong, Kexin Yi, Yunzhu Li, Mingyu Ding, Antonio Torralba, Joshua B. Tenenbaum, Chuang Gan",47.0,9.0,2025-9,Issue,10.1109/tpami.2025.3574322,https://doi.org/10.1109/tpami.2025.3574322
568,Method,STADe: Sensory Temporal Action Detection via Temporal-Spectral Representation Learning,"Bing Li, Haotian Duan, Yun Liu, Le Zhang, Wei Cui, Joey Tianyi Zhou",47.0,9.0,2025-9,Issue,10.1109/tpami.2025.3574367,https://doi.org/10.1109/tpami.2025.3574367
569,Method,MoBluRF: Motion Deblurring Neural Radiance Fields for Blurry Monocular Video,"Minh-Quan Viet Bui, Jongmin Park, Jihyong Oh, Munchurl Kim",47.0,9.0,2025-9,Issue,10.1109/tpami.2025.3574644,https://doi.org/10.1109/tpami.2025.3574644
570,Method,Analyzing the Implicit Bias of Adversarial Training From a Generalized Margin Perspective,"Bochen Lyu, Zhanxing Zhu",47.0,9.0,2025-9,Issue,10.1109/tpami.2025.3575618,https://doi.org/10.1109/tpami.2025.3575618
571,Method,Segment Concealed Objects With Incomplete Supervision,"Chunming He, Kai Li, Yachao Zhang, Ziyun Yang, Youwei Pang, Longxiang Tang, Chengyu Fang, Yulun Zhang, Linghe Kong, Xiu Li, Sina Farsiu",47.0,9.0,2025-9,Issue,10.1109/tpami.2025.3576209,https://doi.org/10.1109/tpami.2025.3576209
572,Method,Spatial Re-Parameterization for N:M Sparsity,"Yuxin Zhang, Mingbao Lin, Mingliang Xu, Yonghong Tian, Rongrong Ji",47.0,9.0,2025-9,Issue,10.1109/tpami.2025.3572240,https://doi.org/10.1109/tpami.2025.3572240
573,Method,Neural Defocus Light Field Rendering,"Renzhi He, Hualin Hong, Zhou Cheng, Fei Liu",47.0,9.0,2025-9,Issue,10.1109/tpami.2025.3576638,https://doi.org/10.1109/tpami.2025.3576638
574,Method,Dynamic Autoregressive Tensor Factorization for Pattern Discovery of Spatiotemporal Systems,"Xinyu Chen, Dingyi Zhuang, HanQin Cai, Shenhao Wang, Jinhua Zhao",47.0,10.0,2025-10,Issue,10.1109/tpami.2025.3576719,https://doi.org/10.1109/tpami.2025.3576719
575,Method,CoPISan: Contrastive Perceptual Inference and Sanity Checks for Concept-Based CNN Explanations,"Ugochukwu Ejike Akpudo, Yongsheng Gao, Jun Zhou, Andrew Lewis",47.0,9.0,2025-9,Issue,10.1109/tpami.2025.3576755,https://doi.org/10.1109/tpami.2025.3576755
576,Method,AdaGCL+: An Adaptive Subgraph Contrastive Learning Toward Tackling Topological Bias,"Yili Wang, Yaohua Liu, Ninghao Liu, Rui Miao, Ying Wang, Xin Wang",47.0,9.0,2025-9,Issue,10.1109/tpami.2025.3574354,https://doi.org/10.1109/tpami.2025.3574354
577,Method,AccDiffusion v2: Toward More Accurate Higher-Resolution Diffusion Extrapolation,"Zhihang Lin, Mingbao Lin, Wengyi Zhan, Rongrong Ji",47.0,10.0,2025-10,Issue,10.1109/tpami.2025.3576740,https://doi.org/10.1109/tpami.2025.3576740
578,Method,Gen-3Diffusion: Realistic Image-to-3D Generation Via 2D &amp; 3D Diffusion Synergy,"Yuxuan Xue, Xianghui Xie, Riccardo Marin, Gerard Pons-Moll",,,2025,Early Access,10.1109/tpami.2025.3577067,https://doi.org/10.1109/tpami.2025.3577067
579,Method,HandNeRF++: Modeling Animatable Interacting Hands With Neural Radiance Fields,"Zhiyang Guo, Wengang Zhou, Min Wang, Li Li, Houqiang Li",47.0,9.0,2025-9,Issue,10.1109/tpami.2025.3574845,https://doi.org/10.1109/tpami.2025.3574845
580,Method,Variational Positive-Incentive Noise: How Noise Benefits Models,"Hongyuan Zhang, Sida Huang, Yubin Guo, Xuelong Li",47.0,9.0,2025-9,Issue,10.1109/tpami.2025.3575295,https://doi.org/10.1109/tpami.2025.3575295
581,Method,The Synergy Between Data and Multi-Modal Large Language Models: A Survey From Co-Development Perspective,"Zhen Qin, Daoyuan Chen, Wenhao Zhang, Liuyi Yao, Yilun Huang, Bolin Ding, Yaliang Li, Shuiguang Deng",47.0,10.0,2025-10,Issue,10.1109/tpami.2025.3576835,https://doi.org/10.1109/tpami.2025.3576835
582,Method,Universal Image Segmentation With Efficiency,"Jie Hu, Liujuan Cao, Xiaofeng Jin, Shengchuan Zhang, Rongrong Ji",47.0,10.0,2025-10,Issue,10.1109/tpami.2025.3576857,https://doi.org/10.1109/tpami.2025.3576857
583,Method,A Clustering Validity Index With Multi-Granularity Fusion for Multiple Fuzzy Clustering Algorithms,"Yiming Tang, Bing Li, Witold Pedrycz, Xiang Wang",47.0,10.0,2025-10,Issue,10.1109/tpami.2025.3577171,https://doi.org/10.1109/tpami.2025.3577171
584,Method,Bridging Dimensions in Fingerprints to Advance Distinctiveness: Recovering 3D Minutiae From a Single Contactless 2D Fingerprint Image,"Chengdong Dong, Ajay Kumar",47.0,9.0,2025-9,Issue,10.1109/tpami.2025.3577206,https://doi.org/10.1109/tpami.2025.3577206
585,Method,LeRF: Learning Resampling Function for Adaptive and Efficient Image Interpolation,"Jiacheng Li, Chang Chen, Fenglong Song, Youliang Yan, Zhiwei Xiong",47.0,10.0,2025-10,Issue,10.1109/tpami.2025.3577227,https://doi.org/10.1109/tpami.2025.3577227
586,Method,S$^{2}$ 2O: Enhancing Adversarial Training With Second-Order Statistics of Weights,"Gaojie Jin, Xinping Yi, Wei Huang, Sven Schewe, Xiaowei Huang",47.0,10.0,2025-10,Issue,10.1109/tpami.2025.3577384,https://doi.org/10.1109/tpami.2025.3577384
587,Method,From FastPoseGait to GPGait++: Bridging the Past and Future for Pose-Based Gait Recognition,"Shibei Meng, Yang Fu, Saihui Hou, Xuecai Hu, Chunshui Cao, Xu Liu, Yongzhen Huang",47.0,9.0,2025-9,Issue,10.1109/tpami.2025.3577594,https://doi.org/10.1109/tpami.2025.3577594
588,Method,SAS: A General Framework Induced by Sequence Association for Shape From Focus,"Tao Yan, Yuhua Qian, Jiangfeng Zhang, Jieting Wang, Jiye Liang",47.0,10.0,2025-10,Issue,10.1109/tpami.2025.3577595,https://doi.org/10.1109/tpami.2025.3577595
589,Method,ComPtr: Toward Diverse Bi-Source Dense Prediction Tasks via a Simple Yet General Complementary Transformer,"Youwei Pang, Xiaoqi Zhao, Lihe Zhang, Huchuan Lu",47.0,10.0,2025-10,Issue,10.1109/tpami.2025.3578494,https://doi.org/10.1109/tpami.2025.3578494
590,Method,Low-Resolution Self-Attention for Semantic Segmentation,"Yu-Huan Wu, Shi-Chen Zhang, Yun Liu, Le Zhang, Xin Zhan, Daquan Zhou, Jiashi Feng, Ming-Ming Cheng, Liangli Zhen",47.0,9.0,2025-9,Issue,10.1109/tpami.2025.3577035,https://doi.org/10.1109/tpami.2025.3577035
591,Method,Dual-Level Cross-Modality Neural Architecture Search for Guided Image Super-Resolution,"Zhiwei Zhong, Xianming Liu, Junjun Jiang, Debin Zhao, Shiqi Wang",47.0,9.0,2025-9,Issue,10.1109/tpami.2025.3578468,https://doi.org/10.1109/tpami.2025.3578468
592,Method,GIR: 3D Gaussian Inverse Rendering for Relightable Scene Factorization,"Yahao Shi, Yanmin Wu, Chenming Wu, Xing Liu, Chen Zhao, Haocheng Feng, Jian Zhang, Bin Zhou, Errui Ding, Jingdong Wang",,,2025,Early Access,10.1109/tpami.2025.3575937,https://doi.org/10.1109/tpami.2025.3575937
593,Method,Taylor-Series-Expansion-Based Vision Transformer Models,"Chong Yu, Tao Chen, Zhongxue Gan",47.0,9.0,2025-9,Issue,10.1109/tpami.2025.3578827,https://doi.org/10.1109/tpami.2025.3578827
594,Method,Task Augmentation-Based Meta-Learning Segmentation Method for Retinopathy,"Jingtao Wang, Muhammad Mateen, Dehui Xiang, Weifang Zhu, Fei Shi, Jing Huang, Kai Sun, Jun Dai, Jingcheng Xu, Su Zhang, Xinjian Chen",47.0,10.0,2025-10,Issue,10.1109/tpami.2025.3579271,https://doi.org/10.1109/tpami.2025.3579271
595,Method,Unsupervised Pre-Training With Language-Vision Prompts for Low-Data Instance Segmentation,"Dingwen Zhang, Hao Li, Diqi He, Nian Liu, Lechao Cheng, Jingdong Wang, Junwei Han",47.0,10.0,2025-10,Issue,10.1109/tpami.2025.3579469,https://doi.org/10.1109/tpami.2025.3579469
596,Method,Dynamic Evolution of Complex Networks: A Reinforcement Learning Approach Applying Evolutionary Games to Community Structure,"Bin Pi, Liang-Jian Deng, Minyu Feng, Matjaž Perc, Jürgen Kurths",47.0,10.0,2025-10,Issue,10.1109/tpami.2025.3579895,https://doi.org/10.1109/tpami.2025.3579895
597,Method,Toward a Holistic Evaluation of Robustness in CLIP Models,"Weijie Tu, Weijian Deng, Tom Gedeon",47.0,9.0,2025-9,Issue,10.1109/tpami.2025.3580234,https://doi.org/10.1109/tpami.2025.3580234
598,Method,"Unsupervised Discriminative Feature Selection With $\ell _{2,0}$ℓ2,0-Norm Constrained Sparse Projection","Xia Dong, Feiping Nie, Lai Tian, Rong Wang, Xuelong Li",47.0,10.0,2025-10,Issue,10.1109/tpami.2025.3580669,https://doi.org/10.1109/tpami.2025.3580669
599,Method,Physically Based Facial Texture Generation in the Wild,"Chi Wang, Junming Huang, Rong Zhang, Qi Wang, Haotian Yang, Pengfei Wan, Haibin Huang, Chongyang Ma, Weiwei Xu",,,2025,Early Access,10.1109/tpami.2025.3580953,https://doi.org/10.1109/tpami.2025.3580953
600,Method,"Event Cameras Meet SPADs for High-Speed, Low-Bandwidth Imaging","Manasi Muglikar, Siddharth Somasundaram, Akshat Dave, Edoardo Charbon, Ramesh Raskar, Davide Scaramuzza",47.0,9.0,2025-9,Issue,10.1109/tpami.2025.3576698,https://doi.org/10.1109/tpami.2025.3576698
601,Method,ComS2T: A Complementary Spatiotemporal Learning System for Data-Adaptive Model Evolution,"Zhengyang Zhou, Qihe Huang, Binwu Wang, Jianpeng Hou, Kuo Yang, Yuxuan Liang, Yu Zheng, Yang Wang",47.0,10.0,2025-10,Issue,10.1109/tpami.2025.3576805,https://doi.org/10.1109/tpami.2025.3576805
602,Method,"MOL: Joint Estimation of Micro-Expression, Optical Flow, and Landmark via Transformer-Graph-Style Convolution","Zhiwen Shao, Yifan Cheng, Feiran Li, Yong Zhou, Xuequan Lu, Yuan Xie, Lizhuang Ma",47.0,10.0,2025-10,Issue,10.1109/tpami.2025.3581162,https://doi.org/10.1109/tpami.2025.3581162
603,Method,Visual-Language Scene-Relation-Aware Zero-Shot Captioner,"Qianyue Bao, Fang Liu, Licheng Jiao, Yang Liu, Shuo Li, Lingling Li, Xu Liu, Puhua Chen",47.0,10.0,2025-10,Issue,10.1109/tpami.2025.3581174,https://doi.org/10.1109/tpami.2025.3581174
604,Method,Beyond Binary: Improving Signed Message Passing in Graph Neural Networks for Multi-Class Graphs,"Yoonhyuk Choi, Taewook Ko, Jiho Choi, Chong-Kwon Kim",47.0,11.0,2025-11,Issue,10.1109/tpami.2025.3581218,https://doi.org/10.1109/tpami.2025.3581218
605,Method,Tracing Intricate Cues in Dialogue: Joint Graph Structure and Sentiment Dynamics for Multimodal Emotion Recognition,"Jiang Li, Xiaoping Wang, Zhigang Zeng",47.0,10.0,2025-10,Issue,10.1109/tpami.2025.3581236,https://doi.org/10.1109/tpami.2025.3581236
606,Method,Robust Depth Estimation Under Sensor Degradations: A Multi-Sensor Fusion Perspective,"Junjie Hu, Chenyou Fan, Mete Ozay, Qing Gao, Yulan Guo, Tin Lun Lam",47.0,10.0,2025-10,Issue,10.1109/tpami.2025.3581311,https://doi.org/10.1109/tpami.2025.3581311
607,Method,Revisiting Siamese-Based 3D Single Object Tracking With a Versatile Transformer,"Jiaming Liu, Yue Wu, Qiguang Miao, Maoguo Gong, Linghe Kong",47.0,9.0,2025-9,Issue,10.1109/tpami.2025.3581381,https://doi.org/10.1109/tpami.2025.3581381
608,Method,Delving Into Generalizable Label Distribution Learning,"Xingyu Zhao, Lei Qi, Yuexuan An, Xin Geng",47.0,10.0,2025-10,Issue,10.1109/tpami.2025.3581552,https://doi.org/10.1109/tpami.2025.3581552
609,Method,GUS-IR: Gaussian Splatting With Unified Shading for Inverse Rendering,"Zhihao Liang, Hongdong Li, Kui Jia, Kailing Guo, Qi Zhang",47.0,10.0,2025-10,Issue,10.1109/tpami.2025.3578416,https://doi.org/10.1109/tpami.2025.3578416
610,Method,Semantic-Aligned Adversarial Evolution Triangle for High-Transferability Vision-Language Attack,"Xiaojun Jia, Sensen Gao, Qing Guo, Simeng Qin, Ke Ma, Yihao Huang, Yang Liu, Ivor W. Tsang, Xiaochun Cao",47.0,10.0,2025-10,Issue,10.1109/tpami.2025.3581476,https://doi.org/10.1109/tpami.2025.3581476
611,Method,FedID: Enhancing Federated Learning Security Through Dynamic Identification,"Siquan Huang, Yijiang Li, Chong Chen, Ying Gao, Xiping Hu",47.0,10.0,2025-10,Issue,10.1109/tpami.2025.3581555,https://doi.org/10.1109/tpami.2025.3581555
612,Method,PanopticNeRF-360: Panoramic 3D-to-2D Label Transfer in Urban Scenes,"Xiao Fu, Shangzhan Zhang, Tianrun Chen, Yichong Lu, Xiaowei Zhou, Andreas Geiger, Yiyi Liao",47.0,10.0,2025-10,Issue,10.1109/tpami.2025.3581608,https://doi.org/10.1109/tpami.2025.3581608
613,Method,Generalizing to New Dynamical Systems via Frequency Domain Adaptation,"Tiexin Qin, Hong Yan, Haoliang Li",47.0,10.0,2025-10,Issue,10.1109/tpami.2025.3581941,https://doi.org/10.1109/tpami.2025.3581941
614,Method,Supervised Learning in Dynamic and Non Stationary Environments,"Alberto Giaretta, Mauro Bisiacco, Gianluigi Pillonetto",47.0,10.0,2025-10,Issue,10.1109/tpami.2025.3581982,https://doi.org/10.1109/tpami.2025.3581982
615,Method,Physical Adversarial Examples for Person Detectors in Thermal Images Based on 3D Modeling,"Xiaopei Zhu, Siyuan Huang, Zhanhao Hu, Jianmin Li, Jun Zhu, Xiaolin Hu",47.0,10.0,2025-10,Issue,10.1109/tpami.2025.3582334,https://doi.org/10.1109/tpami.2025.3582334
616,Method,Evidence-Based Multi-Feature Fusion for Adversarial Robustness,"Zheng Wang, Xing Xu, Lei Zhu, Yi Bin, Guoqing Wang, Yang Yang, Heng Tao Shen",47.0,10.0,2025-10,Issue,10.1109/tpami.2025.3582518,https://doi.org/10.1109/tpami.2025.3582518
617,Method,CLEAN: Category Knowledge-Driven Compression Framework for Efficient 3D Object Detection,"Haonan Zhang, Longjun Liu, Fei Hui, Bo Zhang, Hengmin Zhang, Zhiyuan Zha",47.0,10.0,2025-10,Issue,10.1109/tpami.2025.3582706,https://doi.org/10.1109/tpami.2025.3582706
618,Method,H-Calibration: Rethinking Classifier Recalibration With Probabilistic Error-Bounded Objective,"Wenjian Huang, Guiping Cao, Jiahao Xia, Jingkun Chen, Hao Wang, Jianguo Zhang",47.0,10.0,2025-10,Issue,10.1109/tpami.2025.3582796,https://doi.org/10.1109/tpami.2025.3582796
619,Method,Hybrid Gaussian Deformation for Efficient Remote Sensing Object Detection,"Wenda Zhao, Xiao Zhang, Haipeng Wang, Huchuan Lu",47.0,10.0,2025-10,Issue,10.1109/tpami.2025.3583006,https://doi.org/10.1109/tpami.2025.3583006
620,Method,High-Quality Pseudo-Labeling for Point Cloud Segmentation With Scene-Level Annotation,"Lunhao Duan, Shanshan Zhao, Xingxing Weng, Jing Zhang, Gui-Song Xia",47.0,10.0,2025-10,Issue,10.1109/tpami.2025.3583071,https://doi.org/10.1109/tpami.2025.3583071
621,Method,Accelerated Self-Supervised Multi-Illumination Color Constancy With Hybrid Knowledge Distillation,"Ziyu Feng, Bing Li, Congyan Lang, Zheming Xu, Haina Qin, Juan Wang, Weihua Xiong",47.0,10.0,2025-10,Issue,10.1109/tpami.2025.3583090,https://doi.org/10.1109/tpami.2025.3583090
622,Method,On the Trade-Off Between Flatness and Optimization in Distributed Learning,"Ying Cao, Zhaoxian Wu, Kun Yuan, Ali H. Sayed",47.0,10.0,2025-10,Issue,10.1109/tpami.2025.3583104,https://doi.org/10.1109/tpami.2025.3583104
623,Method,Revisiting Essential and Nonessential Settings of Evidential Deep Learning,"Mengyuan Chen, Junyu Gao, Changsheng Xu",47.0,10.0,2025-10,Issue,10.1109/tpami.2025.3583410,https://doi.org/10.1109/tpami.2025.3583410
624,Method,Systematic Investigation of Sparse Perturbed Sharpness-Aware Minimization Optimizer,"Peng Mi, Li Shen, Tianhe Ren, Yiyi Zhou, Tianshuo Xu, Xiaoshuai Sun, Tongliang Liu, Rongrong Ji, Dacheng Tao",47.0,10.0,2025-10,Issue,10.1109/tpami.2025.3581310,https://doi.org/10.1109/tpami.2025.3581310
625,Method,V3D: Video Diffusion Models are Effective 3D Generators,"Zilong Chen, Yikai Wang, Feng Wang, Zhengyi Wang, Fuchun Sun, Huaping Liu",,,2025,Early Access,10.1109/tpami.2025.3581312,https://doi.org/10.1109/tpami.2025.3581312
626,Method,From Concrete to Abstract: Multi-View Clustering on Relational Knowledge,"Ke Liang, Lingyuan Meng, Hao Li, Jun Wang, Long Lan, Miaomiao Li, Xinwang Liu, Huaimin Wang",47.0,10.0,2025-10,Issue,10.1109/tpami.2025.3582689,https://doi.org/10.1109/tpami.2025.3582689
627,Method,NICE: Improving Panoptic Narrative Detection and Segmentation With Cascading Collaborative Learning,"Haowei Wang, Jiayi Ji, Tianyu Guo, Yilong Yang, Xiaoshuai Sun, Rongrong Ji",47.0,10.0,2025-10,Issue,10.1109/tpami.2025.3583795,https://doi.org/10.1109/tpami.2025.3583795
628,Method,Reliable Few-Shot Learning Under Dual Noises,"Ji Zhang, Jingkuan Song, Lianli Gao, Nicu Sebe, Heng Tao Shen",47.0,10.0,2025-10,Issue,10.1109/tpami.2025.3584051,https://doi.org/10.1109/tpami.2025.3584051
629,Method,Distilling the Unknown to Unveil Certainty,"Zhilin Zhao, Longbing Cao, Yixuan Zhang, Kun-Yu Lin, Wei-Shi Zheng",47.0,10.0,2025-10,Issue,10.1109/tpami.2025.3584386,https://doi.org/10.1109/tpami.2025.3584386
630,Method,Self-Supervised Learning of LiDAR 3D Point Clouds via 2D-3D Neural Calibration,"Yifan Zhang, Junhui Hou, Siyu Ren, Jinjian Wu, Yixuan Yuan, Guangming Shi",47.0,10.0,2025-10,Issue,10.1109/tpami.2025.3584625,https://doi.org/10.1109/tpami.2025.3584625
631,Method,Reinforcement Learning With LLMs Interaction for Distributed Diffusion Model Services,"Hongyang Du, Ruichen Zhang, Dusit Niyato, Jiawen Kang, Zehui Xiong, Shuguang Cui, Xuemin Shen, Dong In Kim",47.0,10.0,2025-10,Issue,10.1109/tpami.2025.3584698,https://doi.org/10.1109/tpami.2025.3584698
632,Method,Investigating Synthetic-to-Real Transfer Robustness for Stereo Matching and Optical Flow Estimation,"Jiawei Zhang, Jiahe Li, Lei Huang, Haonan Luo, Xiaohan Yu, Lin Gu, Jin Zheng, Xiao Bai",47.0,10.0,2025-10,Issue,10.1109/tpami.2025.3584847,https://doi.org/10.1109/tpami.2025.3584847
633,Method,Learning Efficient and Effective Trajectories for Differential Equation-Based Image Restoration,"Zhiyu Zhu, Jinhui Hou, Hui Liu, Huanqiang Zeng, Junhui Hou",47.0,10.0,2025-10,Issue,10.1109/tpami.2025.3584921,https://doi.org/10.1109/tpami.2025.3584921
634,Method,BiVM: Accurate Binarized Neural Network for Efficient Video Matting,"Haotong Qin, Xianglong Liu, Xudong Ma, Lei Ke, Yulun Zhang, Jie Luo, Michele Magno",47.0,10.0,2025-10,Issue,10.1109/tpami.2025.3584928,https://doi.org/10.1109/tpami.2025.3584928
635,Method,Kernelized Hypergraph Neural Networks,"Yifan Feng, Yifan Zhang, Shihui Ying, Shaoyi Du, Yue Gao",47.0,10.0,2025-10,Issue,10.1109/tpami.2025.3585179,https://doi.org/10.1109/tpami.2025.3585179
636,Method,CNN2GNN: How to Bridge CNN With GNN,"Ziheng Jiao, Hongyuan Zhang, Xuelong Li",47.0,10.0,2025-10,Issue,10.1109/tpami.2025.3583357,https://doi.org/10.1109/tpami.2025.3583357
637,Method,Temporal Feature Matters: A Framework for Diffusion Model Quantization,"Yushi Huang, Ruihao Gong, Xianglong Liu, Jing Liu, Yuhang Li, Jiwen Lu, Dacheng Tao",47.0,10.0,2025-10,Issue,10.1109/tpami.2025.3585692,https://doi.org/10.1109/tpami.2025.3585692
638,Method,Reinforced Embodied Active Defense: Exploiting Adaptive Interaction for Robust Visual Perception in Adversarial 3D Environments,"Xiao Yang, Lingxuan Wu, Lizhong Wang, Chengyang Ying, Hang Su, Jun Zhu",47.0,10.0,2025-10,Issue,10.1109/tpami.2025.3585726,https://doi.org/10.1109/tpami.2025.3585726
639,Method,Rapid Salient Object Detection With Difference Convolutional Neural Networks,"Zhuo Su, Li Liu, Matthias Müller, Jiehua Zhang, Diana Wofk, Ming-Ming Cheng, Matti Pietikäinen",47.0,10.0,2025-10,Issue,10.1109/tpami.2025.3583968,https://doi.org/10.1109/tpami.2025.3583968
640,Method,Efficient Distortion-Minimized Layerwise Pruning,"Kaixin Xu, Zhe Wang, Runtao Huang, Xue Geng, Jie Lin, Xulei Yang, Min Wu, Xiaoli Li, Weisi Lin",47.0,10.0,2025-10,Issue,10.1109/tpami.2025.3586418,https://doi.org/10.1109/tpami.2025.3586418
641,Method,Event-Based Photometric Bundle Adjustment,"Shuang Guo, Guillermo Gallego",47.0,10.0,2025-10,Issue,10.1109/tpami.2025.3586497,https://doi.org/10.1109/tpami.2025.3586497
642,Method,Unifying Graph Contrastive Learning via Graph Message Augmentation,"Ziyan Zhang, Bo Jiang, Jin Tang, Bin Luo",47.0,11.0,2025-11,Issue,10.1109/tpami.2025.3586651,https://doi.org/10.1109/tpami.2025.3586651
643,Method,Learning With Self-Calibrator for Fast and Robust Low-Light Image Enhancement,"Long Ma, Tengyu Ma, Chengpei Xu, Jinyuan Liu, Xin Fan, Zhongxuan Luo, Risheng Liu",47.0,10.0,2025-10,Issue,10.1109/tpami.2025.3586712,https://doi.org/10.1109/tpami.2025.3586712
644,Method,DreamWaltz-G: Expressive 3D Gaussian Avatars from Skeleton-Guided 2D Diffusion,"Yukun Huang, Jianan Wang, Ailing Zeng, Zheng-Jun Zha, Lei Zhang, Xihui Liu",,,2025,Early Access,10.1109/tpami.2025.3586284,https://doi.org/10.1109/tpami.2025.3586284
645,Method,EasyOutPainter: One Step Image Outpainting With Both Continuous Multiple and Resolution,"Shaofeng Zhang, Qiang Zhou, Zhibin Wang, Hao Li, Junchi Yan",47.0,10.0,2025-10,Issue,10.1109/tpami.2025.3586824,https://doi.org/10.1109/tpami.2025.3586824
646,Method,SPOT: Scalable 3D Pre-Training via Occupancy Prediction for Learning Transferable 3D Representations,"Xiangchao Yan, Runjian Chen, Bo Zhang, Hancheng Ye, Renqiu Xia, Jiakang Yuan, Hongbin Zhou, Xinyu Cai, Botian Shi, Wenqi Shao, Ping Luo, Yu Qiao, Tao Chen, Junchi Yan",47.0,11.0,2025-11,Issue,10.1109/tpami.2025.3586961,https://doi.org/10.1109/tpami.2025.3586961
647,Method,Gradient Projection for Continual Parameter-Efficient Tuning,"Jingyang Qiao, Zhizhong Zhang, Xin Tan, Yanyun Qu, Wensheng Zhang, Zhi Han, Yuan Xie",47.0,10.0,2025-10,Issue,10.1109/tpami.2025.3587032,https://doi.org/10.1109/tpami.2025.3587032
648,Method,RF-URL 2.0: A General Unsupervised Representation Learning Method for RF Sensing,"Ruiyuan Song, Dongheng Zhang, Zhi Wu, Cong Yu, Chunyang Xie, Shuai Yang, Yang Hu, Yan Chen",47.0,10.0,2025-10,Issue,10.1109/tpami.2025.3587718,https://doi.org/10.1109/tpami.2025.3587718
649,Method,Event-Based Stereo Depth Estimation: A Survey,"Suman Ghosh, Guillermo Gallego",47.0,10.0,2025-10,Issue,10.1109/tpami.2025.3586559,https://doi.org/10.1109/tpami.2025.3586559
650,Method,ManiDext: Hand-Object Manipulation Synthesis via Continuous Correspondence Embeddings and Residual-Guided Diffusion,"Jiajun Zhang, Yuxiang Zhang, Liang An, Mengcheng Li, Hongwen Zhang, Zonghai Hu, Yebin Liu",,,2025,Early Access,10.1109/tpami.2025.3588302,https://doi.org/10.1109/tpami.2025.3588302
651,Method,Efficient Task Grouping Through Sample-Wise Optimisation Landscape Analysis,"Anshul Thakur, Yichen Huang, Soheila Molaei, Yujiang Wang, David A. Clifton",47.0,10.0,2025-10,Issue,10.1109/tpami.2025.3588685,https://doi.org/10.1109/tpami.2025.3588685
652,Method,TV-3DG: Mastering Text-to-3D Customized Generation with Visual Prompt,"Jiahui Yang, Donglin Di, Baorui Ma, Jianxun Cui, Xun Yang, Yongjia Ma, Wenzhang Sun, Wei Chen, Zhou Xue, Meng Wang, Yebin Liu",,,2025,Early Access,10.1109/tpami.2025.3587105,https://doi.org/10.1109/tpami.2025.3587105
653,Method,Efficient Visual Transformer by Learnable Token Merging,"Yancheng Wang, Yingzhen Yang",47.0,11.0,2025-11,Issue,10.1109/tpami.2025.3588186,https://doi.org/10.1109/tpami.2025.3588186
654,Method,One Neuron Saved is One Neuron Earned: On Parametric Efficiency of Quadratic Networks,"Feng-Lei Fan, Hang-Cheng Dong, Zhongming Wu, Lecheng Ruan, Tieyong Zeng, Yiming Cui, Jing-Xiao Liao",47.0,11.0,2025-11,Issue,10.1109/tpami.2025.3588894,https://doi.org/10.1109/tpami.2025.3588894
655,Method,Pro-NeXt: An All-in-One Unified Model for General Fine-Grained Visual Recognition,"Junde Wu, Jiayuan Zhu, Min Xu, Yueming Jin",47.0,10.0,2025-10,Issue,10.1109/tpami.2025.3584902,https://doi.org/10.1109/tpami.2025.3584902
656,Method,Re-Boosting Self-Collaboration Parallel Prompt GAN for Unsupervised Image Restoration,"Xin Lin, Yuyan Zhou, Jingtong Yue, Chao Ren, Kelvin C.K. Chan, Lu Qi, Ming-Hsuan Yang",47.0,11.0,2025-11,Issue,10.1109/tpami.2025.3589606,https://doi.org/10.1109/tpami.2025.3589606
657,Method,Scalable Random Feature Latent Variable Models,"Ying Li, Zhidi Lin, Yuhao Liu, Michael Minyi Zhang, Pablo M. Olmos, Petar M. Djurić",47.0,11.0,2025-11,Issue,10.1109/tpami.2025.3589728,https://doi.org/10.1109/tpami.2025.3589728
658,Method,Multilingual-Prompt-Guided Directional Feature Learning for Weakly Supervised Video Anomaly Detection,"Chizhuo Xiao, Yang Xiao, Joey Tianyi Zhou, Zhiwen Fang",47.0,11.0,2025-11,Issue,10.1109/tpami.2025.3590242,https://doi.org/10.1109/tpami.2025.3590242
659,Method,Inv-Adapter: ID Customization Generation via Image Inversion and Lightweight Parameter Adapter,"Peng Xing, Ning Wang, Jianbo Ouyang, Zechao Li",47.0,11.0,2025-11,Issue,10.1109/tpami.2025.3590321,https://doi.org/10.1109/tpami.2025.3590321
660,Method,Accelerating Zero-Shot NAS With Feature Map-Based Proxy and Operation Scoring Function,"Tangyu Jiang, Haodi Wang, Rongfang Bie, Chun Yuan",47.0,11.0,2025-11,Issue,10.1109/tpami.2025.3590342,https://doi.org/10.1109/tpami.2025.3590342
661,Method,Another Vertical View: A Hierarchical Network for Heterogeneous Trajectory Prediction via Spectrums,"Beihao Xia, Conghao Wong, Duanquan Xu, Qinmu Peng, Xinge You",47.0,11.0,2025-11,Issue,10.1109/tpami.2025.3590487,https://doi.org/10.1109/tpami.2025.3590487
662,Method,Re-GAN: Data-Efficient GANs Training via Architectural Reconfiguration,"Divya Saxena, Jiannong Cao, Jiahao Xu, Tarun Kulshrestha",47.0,11.0,2025-11,Issue,10.1109/tpami.2025.3590650,https://doi.org/10.1109/tpami.2025.3590650
663,Method,Enhanced Dual-Pattern Matching With Vision-Language Representation for Out-of-Distribution Detection,"Xiang Xiang, Zhuo Xu, Zihan Zhang, Zhigang Zeng, Xilin Chen",47.0,11.0,2025-11,Issue,10.1109/tpami.2025.3590717,https://doi.org/10.1109/tpami.2025.3590717
664,Method,Aligning Text-to-Image Diffusion Models With Constrained Reinforcement Learning,"Ziyi Zhang, Sen Zhang, Li Shen, Yibing Zhan, Yong Luo, Han Hu, Bo Du, Yonggang Wen, Dacheng Tao",47.0,11.0,2025-11,Issue,10.1109/tpami.2025.3590730,https://doi.org/10.1109/tpami.2025.3590730
665,Method,Towards OOD Object Detection With Unknown-Concept Guided Feature Diffusion,"Aming Wu, Cheng Deng",47.0,11.0,2025-11,Issue,10.1109/tpami.2025.3590735,https://doi.org/10.1109/tpami.2025.3590735
666,Method,Multi-Channel Equilibrium Graph Neural Network for Multi-View Semi-Supervised Learning,"Shiping Wang, Yueyang Pi, Yang Huang, Fuhai Chen, Le Zhang",47.0,10.0,2025-10,Issue,10.1109/tpami.2025.3587216,https://doi.org/10.1109/tpami.2025.3587216
667,Method,Sel4FT: Annotation Selection for Pretraining-Finetuning With Distribution Shift,"Han Lu, Yichen Xie, Mingyu Ding, Wei Zhan, Xiaokang Yang, Masayoshi Tomizuka, Junchi Yan",47.0,11.0,2025-11,Issue,10.1109/tpami.2025.3591018,https://doi.org/10.1109/tpami.2025.3591018
668,Method,Monocular-to-3D Virtual Try-On With Generative Semantic Articulated Fields,"Zhenyu Xie, Fuwei Zhao, Jun Zheng, Xin Dong, Feida Zhu, Xiaodan Liang",47.0,11.0,2025-11,Issue,10.1109/tpami.2025.3591072,https://doi.org/10.1109/tpami.2025.3591072
669,Method,Marigold: Affordable Adaptation of Diffusion-Based Image Generators for Image Analysis,"Bingxin Ke, Kevin Qu, Tianfu Wang, Nando Metzger, Shengyu Huang, Bo Li, Anton Obukhov, Konrad Schindler",,,2025,Early Access,10.1109/tpami.2025.3591076,https://doi.org/10.1109/tpami.2025.3591076
670,Method,An Efficient Image Fusion Network Exploiting Unifying Language and Mask Guidance,"Zi-Han Cao, Yu-Jie Liang, Liang-Jian Deng, Gemine Vivone",47.0,11.0,2025-11,Issue,10.1109/tpami.2025.3591930,https://doi.org/10.1109/tpami.2025.3591930
671,Method,M3DM-NR: RGB-3D Noisy-Resistant Industrial Anomaly Detection via Multimodal Denoising,"Chengjie Wang, Haokun Zhu, Jinlong Peng, Yue Wang, Ran Yi, Yunsheng Wu, Lizhuang Ma, Jiangning Zhang",47.0,11.0,2025-11,Issue,10.1109/tpami.2025.3592089,https://doi.org/10.1109/tpami.2025.3592089
672,Method,Towards Reliable and Faithful Explanations: A Disentanglement-Augmented Approach for Selective Rationalization,"Linan Yue, Qi Liu, YiChao Du, Li Wang, Yanqing An, Enhong Chen",47.0,11.0,2025-11,Issue,10.1109/tpami.2025.3592313,https://doi.org/10.1109/tpami.2025.3592313
673,Method,Spatial Frequency Modulation for Semantic Segmentation,"Linwei Chen, Ying Fu, Lin Gu, Dezhi Zheng, Jifeng Dai",47.0,11.0,2025-11,Issue,10.1109/tpami.2025.3592621,https://doi.org/10.1109/tpami.2025.3592621
674,Method,GradBias: Unveiling Word Influence on Bias in Text-to-Image Generative Models,"Moreno D’Incà, Elia Peruzzo, Massimiliano Mancini, Xingqian Xu, Humphrey Shi, Nicu Sebe",47.0,11.0,2025-11,Issue,10.1109/tpami.2025.3592901,https://doi.org/10.1109/tpami.2025.3592901
675,Method,Parameter-Inverted Image Pyramid Networks for Visual Perception and Multimodal Understanding,"Zhaokai Wang, Xizhou Zhu, Xue Yang, Gen Luo, Hao Li, Changyao Tian, Wenhan Dou, Junqi Ge, Lewei Lu, Yu Qiao, Jifeng Dai",47.0,11.0,2025-11,Issue,10.1109/tpami.2025.3593283,https://doi.org/10.1109/tpami.2025.3593283
676,Method,Rotation- and Permutation-Equivariant Quantum Graph Neural Network for 3D Graph Data,"Wenjie Liu, Yifan Zhu, Ying Zha, Qingshan Wu, Lei Jian, Zhihao Liu",47.0,11.0,2025-11,Issue,10.1109/tpami.2025.3593371,https://doi.org/10.1109/tpami.2025.3593371
677,Method,Towards Universal Modal Tracking With Online Dense Temporal Token Learning,"Yaozong Zheng, Bineng Zhong, Qihua Liang, Shengping Zhang, Guorong Li, Xianxian Li, Rongrong Ji",47.0,11.0,2025-11,Issue,10.1109/tpami.2025.3593543,https://doi.org/10.1109/tpami.2025.3593543
678,Method,Collaborative Novel Object Discovery and Box-Guided Cross-Modal Alignment for Open-Vocabulary 3D Object Detection,"Yang Cao, Yihan Zeng, Hang Xu, Dan Xu",47.0,11.0,2025-11,Issue,10.1109/tpami.2025.3593580,https://doi.org/10.1109/tpami.2025.3593580
679,Method,MTMamba++: Enhancing Multi-Task Dense Scene Understanding via Mamba-Based Decoders,"Baijiong Lin, Weisen Jiang, Pengguang Chen, Shu Liu, Ying-Cong Chen",47.0,11.0,2025-11,Issue,10.1109/tpami.2025.3593621,https://doi.org/10.1109/tpami.2025.3593621
680,Method,HPformer: Low-Parameter Transformer With Temporal Dependency Hierarchical Propagation for Health Informatics,"Wu Lee, Yuliang Shi, Han Yu, Lin Cheng, Xinjun Wang, Zhongmin Yan, Fanyu Kong",47.0,11.0,2025-11,Issue,10.1109/tpami.2025.3593657,https://doi.org/10.1109/tpami.2025.3593657
681,Method,"A Unified Random Walk, Its Induced Laplacians and Spectral Convolutions for Deep Hypergraph Learning","Jiying Zhang, Fuyang Li, Xi Xiao, Guanzi Chen, Tingyang Xu, Yu Rong, Junzhou Huang, Yatao Bian",47.0,11.0,2025-11,Issue,10.1109/tpami.2025.3593880,https://doi.org/10.1109/tpami.2025.3593880
682,Method,"Graph Spiking Attention Network: Sparsity, Efficiency and Robustness","Beibei Wang, Bo Jiang, Jin Tang, Lu Bai, Bin Luo",47.0,11.0,2025-11,Issue,10.1109/tpami.2025.3593912,https://doi.org/10.1109/tpami.2025.3593912
683,Method,Cross-Task Relation-Aware Consistency for Weakly Supervised Temporal Action Detection,"Wenfei Yang, Huan Ren, Tianzhu Zhang, Zhe Zhang, Yongdong Zhang, Feng Wu",47.0,11.0,2025-11,Issue,10.1109/tpami.2025.3594178,https://doi.org/10.1109/tpami.2025.3594178
684,Method,RKHS-BA: A Robust Correspondence-Free Multi-View Bundle Adjustment Framework for Semantic Point Clouds,"Ray Zhang, Jingwei Song, Xiang Gao, Junzhe Wu, Tiany Liu, Jinyuan Zhang, Ryan M. Eustice, Maani Ghaffari",47.0,12.0,2025-12,Issue,10.1109/tpami.2025.3593521,https://doi.org/10.1109/tpami.2025.3593521
685,Method,GenPoly: Learning Generalized and Tessellated Shape Priors via 3D Polymorphic Evolving,"Bangzhen Liu, Yuyang Yu, Xuemiao Xu, Cheng Xu, Chenxi Zheng, Haoxin Yang, Shaoyu Huang, Shengfeng He",,,2025,Early Access,10.1109/tpami.2025.3593807,https://doi.org/10.1109/tpami.2025.3593807
686,Method,Bridge the Intra-Class Gap: K-Shot Multi-Scale Intermediate Prototype Mining Transformer for Few-Shot Semantic Segmentation,"Yuanwei Liu, Nian Liu, Tao Jiang, Xiwen Yao, Rao Muhammad Anwer, Hisham Cholakkal, Junwei Han",47.0,12.0,2025-12,Issue,10.1109/tpami.2025.3593816,https://doi.org/10.1109/tpami.2025.3593816
687,Method,Computational and Statistical Guarantees for Tensor-on-Tensor Regression With Tensor Train Decomposition,"Zhen Qin, Zhihui Zhu",47.0,11.0,2025-11,Issue,10.1109/tpami.2025.3593840,https://doi.org/10.1109/tpami.2025.3593840
688,Method,Out-of-Distribution Generalization on Graphs: A Survey,"Haoyang Li, Xin Wang, Ziwei Zhang, Wenwu Zhu",47.0,11.0,2025-11,Issue,10.1109/tpami.2025.3593897,https://doi.org/10.1109/tpami.2025.3593897
689,Method,"Selection, Ensemble, and Adaptation: Advancing Multi-Source-Free Domain Adaptation via Architecture Zoo","Jiangbo Pei, Ruizhe Li, Aidong Men, Yang Liu, Xiahai Zhuang, Qingchao Chen",47.0,11.0,2025-11,Issue,10.1109/tpami.2025.3593943,https://doi.org/10.1109/tpami.2025.3593943
690,Method,Human Motion Video Generation: A Survey,"Haiwei Xue, Xiangyang Luo, Zhanghao Hu, Xin Zhang, Xunzhi Xiang, Yuqin Dai, Jianzhuang Liu, Zhensong Zhang, Minglei Li, Jian Yang, Fei Ma, Zhiyong Wu, Changpeng Yang, Zonghong Dai, Fei Richard Yu",47.0,11.0,2025-11,Issue,10.1109/tpami.2025.3594034,https://doi.org/10.1109/tpami.2025.3594034
691,Method,Replay Master: Automatic Sample Selection and Effective Memory Utilization for Continual Semantic Segmentation,"Lanyun Zhu, Tianrun Chen, Jianxiong Yin, Simon See, De Wen Soh, Jun Liu",47.0,11.0,2025-11,Issue,10.1109/tpami.2025.3594040,https://doi.org/10.1109/tpami.2025.3594040
692,Method,HAC++: Towards 100X Compression of 3D Gaussian Splatting,"Yihang Chen, Qianyi Wu, Weiyao Lin, Mehrtash Harandi, Jianfei Cai",47.0,11.0,2025-11,Issue,10.1109/tpami.2025.3594066,https://doi.org/10.1109/tpami.2025.3594066
693,Method,SA3Det++: Side-Aware Quality Estimation for Semi-Supervised 3D Object Detection,"Wenfei Yang, Chuxin Wang, Tianzhu Zhang, Yongdong Zhang, Feng Wu",47.0,11.0,2025-11,Issue,10.1109/tpami.2025.3594086,https://doi.org/10.1109/tpami.2025.3594086
694,Method,AFC-RNN: Adaptive Forgetting-Controlled Recurrent Neural Network for Pedestrian Trajectory Prediction,"Yonghao Dong, Le Wang, Sanping Zhou, Wei Tang, Gang Hua, Changyin Sun",47.0,11.0,2025-11,Issue,10.1109/tpami.2025.3594116,https://doi.org/10.1109/tpami.2025.3594116
695,Method,Robust Density Peaks Clustering for Manifold Data With Multiple Peaks,"Ling Ding, Chao Li, Shifei Ding, Xiao Xu, Lili Guo, Xindong Wu",47.0,11.0,2025-11,Issue,10.1109/tpami.2025.3594121,https://doi.org/10.1109/tpami.2025.3594121
696,Method,DPL++: Advancing the Network Performance via Image and Label Perturbations,"Zifan Song, Xiao Gong, Guosheng Hu, Shuguang Dou, Qingsong Zhao, Cairong Zhao",47.0,11.0,2025-11,Issue,10.1109/tpami.2025.3594149,https://doi.org/10.1109/tpami.2025.3594149
697,Method,Constraint-Aware Zero-Shot Vision-Language Navigation in Continuous Environments,"Kehan Chen, Dong An, Yan Huang, Rongtao Xu, Yifei Su, Yonggen Ling, Ian Reid, Liang Wang",47.0,11.0,2025-11,Issue,10.1109/tpami.2025.3594204,https://doi.org/10.1109/tpami.2025.3594204
698,Method,Probabilistic Directed Distance Fields for Ray-Based Shape Representations,"Tristan Aumentado-Armstrong, Stavros Tsogkas, Sven Dickinson, Allan Jepson",47.0,11.0,2025-11,Issue,10.1109/tpami.2025.3594225,https://doi.org/10.1109/tpami.2025.3594225
699,Method,HL-HGAT: Heterogeneous Graph Attention Network via Hodge-Laplacian Operator,"Jinghan Huang, Qiufeng Chen, Pengli Zhu, Yijun Bian, Nanguang Chen, Moo K. Chung, Anqi Qiu",47.0,12.0,2025-12,Issue,10.1109/tpami.2025.3594226,https://doi.org/10.1109/tpami.2025.3594226
700,Method,Semi-Supervised Risk Control via Prediction-Powered Inference,"Bat-Sheva Einbinder, Liran Ringel, Yaniv Romano",47.0,12.0,2025-12,Issue,10.1109/tpami.2025.3594263,https://doi.org/10.1109/tpami.2025.3594263
701,Method,SEMI-CAVA: A Causal Variational Approach to Semi-Supervised Learning,"Saptarshi Saha, Pratyush Kumar Sahoo, Utpal Garain",47.0,11.0,2025-11,Issue,10.1109/tpami.2025.3594360,https://doi.org/10.1109/tpami.2025.3594360
702,Method,GetMesh: A Controllable Model for High-quality Mesh Generation and Manipulation,"Ben Fei, Jinyi Wang, Lei Bai, Keyi Liu, Xudong Xu, Weidong Yang, Ya Zhang, Ying He, Dahua Lin, Zhaoyang Lyu, Bo Dai",,,2025,Early Access,10.1109/tpami.2025.3594478,https://doi.org/10.1109/tpami.2025.3594478
703,Method,Self-Supervised Hypergraph Training Framework via Structure-Aware Learning,"Yifan Feng, Shiquan Liu, Shihui Ying, Shaoyi Du, Zongze Wu, Yue Gao",47.0,11.0,2025-11,Issue,10.1109/tpami.2025.3594487,https://doi.org/10.1109/tpami.2025.3594487
704,Method,Toward Few-Shot Learning in the Open World: A Review and Beyond,"Hui Xue, Yuexuan An, Yongchun Qin, Wenqian Li, Yixin Wu, Yongjuan Che, Pengfei Fang, Min-Ling Zhang",47.0,11.0,2025-11,Issue,10.1109/tpami.2025.3594686,https://doi.org/10.1109/tpami.2025.3594686
705,Method,Geo-NI: Geometry-Aware Neural Interpolation for Light Field Rendering,"Gaochang Wu, Yuemei Zhou, Lu Fang, Yebin Liu, Tianyou Chai",47.0,12.0,2025-12,Issue,10.1109/tpami.2025.3594705,https://doi.org/10.1109/tpami.2025.3594705
706,Method,Parameter-Efficient Fine-Tuning in Spectral Domain for Point Cloud Learning,"Dingkang Liang, Tianrui Feng, Xin Zhou, Yumeng Zhang, Zhikang Zou, Xiang Bai",47.0,12.0,2025-12,Issue,10.1109/tpami.2025.3594749,https://doi.org/10.1109/tpami.2025.3594749
707,Method,Mitigating Prior Errors in Causal Structure Learning: A Resilient Approach via Bayesian Networks,"Lyuzhou Chen, Taiyu Ban, Xiangyu Wang, Derui Lyu, Huanhuan Chen",47.0,12.0,2025-12,Issue,10.1109/tpami.2025.3594755,https://doi.org/10.1109/tpami.2025.3594755
708,Method,Advancing 3D Object Detection With Depth-Aware Spatial Knowledge Distillation,"Zizhang Wu, Fan Song, Yuanzhu Gan, Yunzhe Wu, Tianhao Xu, Xiaoquan Wang, Rui Tang, Jian Pu",47.0,11.0,2025-11,Issue,10.1109/tpami.2025.3594805,https://doi.org/10.1109/tpami.2025.3594805
709,Method,Decouple Before Align: Visual Disentanglement Enhances Prompt Tuning,"Fei Zhang, Tianfei Zhou, Jiangchao Yao, Ya Zhang, Ivor W. Tsang, Yanfeng Wang",47.0,11.0,2025-11,Issue,10.1109/tpami.2025.3594894,https://doi.org/10.1109/tpami.2025.3594894
710,Method,Toward Resolution Mismatching: Modality-Aware Feature-Aligned Network for Pan-Sharpening,"Man Zhou, Xuanhua He, Danfeng Hong",47.0,11.0,2025-11,Issue,10.1109/tpami.2025.3594898,https://doi.org/10.1109/tpami.2025.3594898
711,Method,Learning an Adaptive Sparse Transformer for Efficient Image Restoration,"Shihao Zhou, Jinshan Pan, Jufeng Yang",47.0,11.0,2025-11,Issue,10.1109/tpami.2025.3594910,https://doi.org/10.1109/tpami.2025.3594910
712,Method,Event-Based Visual Microphone Based on Specular Reflections Off Angularly Deformed Surfaces,"Matthew Howard, Ryan Jones, Keigo Hirakawa",47.0,11.0,2025-11,Issue,10.1109/tpami.2025.3595008,https://doi.org/10.1109/tpami.2025.3595008
713,Method,Protecting Feature Privacy in Person Re-Identification,"Xiao Li, Yi-Xing Peng, Wei-Shi Zheng",47.0,11.0,2025-11,Issue,10.1109/tpami.2025.3590979,https://doi.org/10.1109/tpami.2025.3590979
714,Method,NUPES: Non-Uniform Post-Training Quantization via Power Exponent Search,"Edouard Yvinec, Arnaud Dapogny, Kevin Bailly",47.0,11.0,2025-11,Issue,10.1109/tpami.2025.3593987,https://doi.org/10.1109/tpami.2025.3593987
715,Method,VolGen: Volumetric Latent Diffusion Models for 3D Object Generation,"Jiaxiang Tang, Xiang Wen, Hao-Xiang Guo, Hao Jiang, Zhihang Li, Jing Xu, Gang Zeng",,,2025,Early Access,10.1109/tpami.2025.3594029,https://doi.org/10.1109/tpami.2025.3594029
716,Method,Simple Lifelong Learning Machines,"Joshua T. Vogelstein, Jayanta Dey, Hayden S. Helm, Will LeVine, Ronak D. Mehta, Tyler M. Tomita, Haoyin Xu, Ali Geisa, Qingyang Wang, Gido M. van de Ven, Chenyu Gao, Weiwei Yang, Bryan Tower, Jonathan Larson, Christopher M. White, Carey E. Priebe",47.0,11.0,2025-11,Issue,10.1109/tpami.2025.3595364,https://doi.org/10.1109/tpami.2025.3595364
717,Method,Deep Equilibrium Object Detection and Segmentation,"Shuai Wang, Yao Teng, Limin Wang",47.0,11.0,2025-11,Issue,10.1109/tpami.2025.3595380,https://doi.org/10.1109/tpami.2025.3595380
718,Method,CycleACR: Cycle Modeling of Actor-Context Relations for Video Action Detection,"Lei Chen, Zhan Tong, Yibing Song, Gangshan Wu, Limin Wang",47.0,11.0,2025-11,Issue,10.1109/tpami.2025.3595393,https://doi.org/10.1109/tpami.2025.3595393
719,Method,Improving the Instance-Dependent Transition Matrix Estimation by Exploiting Self-Supervised Learning,"Yexiong Lin, Yu Yao, Zhaoqing Wang, Xu Shen, Jun Yu, Bo Han, Tongliang Liu",47.0,11.0,2025-11,Issue,10.1109/tpami.2025.3595613,https://doi.org/10.1109/tpami.2025.3595613
720,Method,Disentangled Dynamic Intrusion Detection,"Chenyang Qiu, Guoshun Nan, Hongrui Xia, Zheng Weng, Xueting Wang, Meng Shen, Xiaofeng Tao, Jun Liu",47.0,11.0,2025-11,Issue,10.1109/tpami.2025.3595671,https://doi.org/10.1109/tpami.2025.3595671
721,Method,InfoBound: A Provable Information-Bounds Inspired Framework for Both OoD Generalization and OoD Detection,"Lin Zhu, Yifeng Yang, Zichao Nie, Yuan Gao, Jiarui Li, Qinying Gu, Xinbing Wang, Chenghu Zhou, Nanyang Ye",47.0,11.0,2025-11,Issue,10.1109/tpami.2025.3595676,https://doi.org/10.1109/tpami.2025.3595676
722,Method,InstructLayout: Instruction-Driven 2D and 3D Layout Synthesis With Semantic Graph Prior,"Chenguo Lin, Yuchen Lin, Panwang Pan, Xuanyang Zhang, Yadong Mu",47.0,12.0,2025-12,Issue,10.1109/tpami.2025.3595880,https://doi.org/10.1109/tpami.2025.3595880
723,Method,DREAM: A Dual Variational Framework for Unsupervised Graph Domain Adaptation,"Nan Yin, Li Shen, Mengzhu Wang, Xinwang Liu, Chong Chen, Xian-Sheng Hua",47.0,11.0,2025-11,Issue,10.1109/tpami.2025.3596054,https://doi.org/10.1109/tpami.2025.3596054
724,Method,Stereo-Talker: Audio-driven 3D Human Synthesis with Prior-Guided Mixture-of-Experts,"Xiang Deng, Youxin Pang, Xiaochen Zhao, Chao Xu, Lizhen Wang, Hongjiang Xiao, Shi Yan, Hongwen Zhang, Yebin Liu",,,2025,Early Access,10.1109/tpami.2025.3596160,https://doi.org/10.1109/tpami.2025.3596160
725,Method,UniAV: Unified Audio-Visual Perception for Multi-Task Video Event Localization,"Tiantian Geng, Teng Wang, Jinming Duan, Yanfu Zhang, Weili Guan, Feng Zheng, Ling Shao",47.0,11.0,2025-11,Issue,10.1109/tpami.2025.3593932,https://doi.org/10.1109/tpami.2025.3593932
726,Method,Enhanced Generative Structure Prior for Chinese Text Image Super-Resolution,"Xiaoming Li, Wangmeng Zuo, Chen Change Loy",47.0,12.0,2025-12,Issue,10.1109/tpami.2025.3596329,https://doi.org/10.1109/tpami.2025.3596329
727,Method,GPHM: Gaussian Parametric Head Model for Monocular Head Avatar Reconstruction,"Yuelang Xu, Zhaoqi Su, Qingyao Wu, Yebin Liu",,,2025,Early Access,10.1109/tpami.2025.3596331,https://doi.org/10.1109/tpami.2025.3596331
728,Method,Tri-Perspective View Decomposition for Geometry Aware Depth Completion and Super-Resolution,"Zhiqiang Yan, Kun Wang, Xiang Li, Guangwei Gao, Jun Li, Jian Yang",47.0,12.0,2025-12,Issue,10.1109/tpami.2025.3596391,https://doi.org/10.1109/tpami.2025.3596391
729,Method,Global and Local Semantic Completion Learning for Vision-Language Pre-Training,"Rong-Cheng Tu, Yatai Ji, Jie Jiang, Weijie Kong, Chengfei Cai, Wenzhe Zhao, Hongfa Wang, Yujiu Yang, Wei Liu",47.0,12.0,2025-12,Issue,10.1109/tpami.2025.3596394,https://doi.org/10.1109/tpami.2025.3596394
730,Method,Real-World Adversarial Defense Against Patch Attacks Based on Diffusion Model,"Xingxing Wei, Caixin Kang, Yinpeng Dong, Zhengyi Wang, Shouwei Ruan, Yubo Chen, Hang Su",47.0,12.0,2025-12,Issue,10.1109/tpami.2025.3596462,https://doi.org/10.1109/tpami.2025.3596462
731,Method,On Structuring Hyperspherical Manifold for Probing Novel Biomedical Entities,"Jianan Fan, Dongnan Liu, Hang Chang, Heng Huang, Mei Chen, Weidong Cai",47.0,12.0,2025-12,Issue,10.1109/tpami.2025.3596597,https://doi.org/10.1109/tpami.2025.3596597
732,Method,DeMatch++: Two-View Correspondence Learning via Deep Motion Field Decomposition and Respective Local-Context Aggregation,"Shihua Zhang, Zizhuo Li, Jiayi Ma",47.0,12.0,2025-12,Issue,10.1109/tpami.2025.3596598,https://doi.org/10.1109/tpami.2025.3596598
733,Method,AW-GBGAE: An Adaptive Weighted Graph Autoencoder Based on Granular-Balls for General Data Clustering,"Jiang Xie, Yuxin Cheng, Shuyin Xia, Chunfeng Hua, Guoyin Wang, Xinbo Gao",47.0,12.0,2025-12,Issue,10.1109/tpami.2025.3596615,https://doi.org/10.1109/tpami.2025.3596615
734,Method,Video Demoireing Using Focused-Defocused Dual-Camera System,"Xuan Dong, Xiangyuan Sun, Xia Wang, Jian Song, Ya Li, Weixin Li",47.0,12.0,2025-12,Issue,10.1109/tpami.2025.3596700,https://doi.org/10.1109/tpami.2025.3596700
735,Method,Generalized Probabilistic Graphical Modeling for Multi-View Bipartite Graph Clustering,"Liang Li, Yuangang Pan, Yinghua Yao, Junpu Zhang, Moyun Liu, Xueling Zhu, Xinwang Liu, Kenli Li, Ivor W. Tsang, Keqin Li",47.0,12.0,2025-12,Issue,10.1109/tpami.2025.3596764,https://doi.org/10.1109/tpami.2025.3596764
736,Method,EMOv2: Pushing 5M Vision Model Frontier,"Jiangning Zhang, Teng Hu, Haoyang He, Zhucun Xue, Yabiao Wang, Chengjie Wang, Yong Liu, Xiangtai Li, Dacheng Tao",47.0,11.0,2025-11,Issue,10.1109/tpami.2025.3596776,https://doi.org/10.1109/tpami.2025.3596776
737,Method,Uncertainty-Aware Medical Diagnostic Phrase Identification and Grounding,"Ke Zou, Yang Bai, Bo Liu, Yidi Chen, Zhihao Chen, Yang Zhou, Xuedong Yuan, Meng Wang, Xiaojing Shen, Xiaochun Cao, Yih Chung Tham, Huazhu Fu",47.0,12.0,2025-12,Issue,10.1109/tpami.2025.3596878,https://doi.org/10.1109/tpami.2025.3596878
738,Method,Cross-Spectral Analysis of Bivariate Graph Signals,"Kyusoon Kim, Hee-Seok Oh",47.0,12.0,2025-12,Issue,10.1109/tpami.2025.3596918,https://doi.org/10.1109/tpami.2025.3596918
739,Method,Distribution-Aware Knowledge Aligning and Prototyping for Non-Exemplar Lifelong Person Re-Identification,"Jiahuan Zhou, Kunlun Xu, Fan Zhuo, Xu Zou, Yuxin Peng",47.0,12.0,2025-12,Issue,10.1109/tpami.2025.3597023,https://doi.org/10.1109/tpami.2025.3597023
740,Method,Lightweight and Accurate Multi-View Stereo With Confidence-Aware Diffusion Model,"Fangjinhua Wang, Qingshan Xu, Yew-Soon Ong, Marc Pollefeys",47.0,11.0,2025-11,Issue,10.1109/tpami.2025.3597148,https://doi.org/10.1109/tpami.2025.3597148
741,Method,Left Barrier Loss for Unbiased Survival Analysis Prediction,"Oshrit Shtossel, Omry Koren, Yoram Louzoun",47.0,12.0,2025-12,Issue,10.1109/tpami.2025.3597163,https://doi.org/10.1109/tpami.2025.3597163
742,Method,PC-SRGAN: Physically Consistent Super-Resolution Generative Adversarial Network for General Transient Simulations,"Md Rakibul Hasan, Pouria Behnoudfar, Dan MacKinlay, Thomas Poulet",47.0,12.0,2025-12,Issue,10.1109/tpami.2025.3596647,https://doi.org/10.1109/tpami.2025.3596647
743,Method,Time Evidence Fusion Network: Multi-Source View in Long-Term Time Series Forecasting,"Tianxiang Zhan, Yuanpeng He, Yong Deng, Zhen Li, Wenjie Du, Qingsong Wen",47.0,12.0,2025-12,Issue,10.1109/tpami.2025.3596905,https://doi.org/10.1109/tpami.2025.3596905
744,Method,SeCoV2: Semantic Connectivity-Driven Pseudo-Labeling for Robust Cross-Domain Semantic Segmentation,"Dong Zhao, Qi Zang, Nan Pu, Shuang Wang, Nicu Sebe, Zhun Zhong",47.0,11.0,2025-11,Issue,10.1109/tpami.2025.3596943,https://doi.org/10.1109/tpami.2025.3596943
745,Method,MBA-SLAM: Motion Blur Aware Dense Visual SLAM With Radiance Fields Representation,"Peng Wang, Lingzhe Zhao, Yin Zhang, Shiyu Zhao, Peidong Liu",47.0,12.0,2025-12,Issue,10.1109/tpami.2025.3596976,https://doi.org/10.1109/tpami.2025.3596976
746,Method,HandBooster+: Boosting 3D Hand-Mesh Reconstruction From Data Synthesis to Progressive Multi-Hypothesis Aggregation,"Hao Xu, Haipeng Li, Yinqiao Wang, Shuaicheng Liu, Chi-Wing Fu",47.0,12.0,2025-12,Issue,10.1109/tpami.2025.3596986,https://doi.org/10.1109/tpami.2025.3596986
747,Method,Dubbing Movies via Hierarchical Phoneme Modeling and Acoustic Diffusion Denoising,"Liang Li, Gaoxiang Cong, Yuankai Qi, Zheng-Jun Zha, Qi Wu, Quan Z. Sheng, Qingming Huang, Ming-Hsuan Yang",47.0,11.0,2025-11,Issue,10.1109/tpami.2025.3597267,https://doi.org/10.1109/tpami.2025.3597267
748,Method,Bringing Equity to Classification: Domain Generalization for Domain-Linked Classes,"Kimathi Kaai, Saad Hossain, Sirisha Rambhatla",47.0,11.0,2025-11,Issue,10.1109/tpami.2025.3593407,https://doi.org/10.1109/tpami.2025.3593407
749,Method,VLPose: Bridging the Domain Gap in Pose Estimation With Language-Vision Tuning,"Jingyao Li, Pengguang Chen, Xuan Ju, Shu Liu, Hong Xu, Jiaya Jia",47.0,11.0,2025-11,Issue,10.1109/tpami.2025.3594097,https://doi.org/10.1109/tpami.2025.3594097
750,Method,Dynamic Inference by Model Reduction,"Matteo Priorelli, Ivilin Peev Stoianov",47.0,11.0,2025-11,Issue,10.1109/tpami.2025.3595670,https://doi.org/10.1109/tpami.2025.3595670
751,Method,Towards Natural Machine Unlearning,"Zhengbao He, Tao Li, Xinwen Cheng, Zhehao Huang, Xiaolin Huang",47.0,12.0,2025-12,Issue,10.1109/tpami.2025.3597350,https://doi.org/10.1109/tpami.2025.3597350
752,Method,Learning Generalized Medical Image Representation by Decoupled Feature Queries,"Qi Bi, Jingjun Yi, Hao Zheng, Wei Ji, Yawen Huang, Yuexiang Li, Yefeng Zheng",47.0,12.0,2025-12,Issue,10.1109/tpami.2025.3597364,https://doi.org/10.1109/tpami.2025.3597364
753,Method,Reliable Programmatic Weak Supervision With Confidence Intervals for Label Probabilities,"Verónica Álvarez, Santiago Mazuelas, Steven An, Sanjoy Dasgupta",47.0,12.0,2025-12,Issue,10.1109/tpami.2025.3597508,https://doi.org/10.1109/tpami.2025.3597508
754,Method,BiBBDM: Bidirectional Image Translation With Brownian Bridge Diffusion Models,"Kaitao Xue, Bo Li, Ziyi Liu, Zhifen He, Bin Liu, Congxuan Zhang, Yu-Kun Lai",47.0,11.0,2025-11,Issue,10.1109/tpami.2025.3597667,https://doi.org/10.1109/tpami.2025.3597667
755,Method,Toward the Flatter Landscape and Better Generalization in Federated Learning Under Client-Level Differential Privacy,"Yifan Shi, Kang Wei, Li Shen, Yingqi Liu, Xueqian Wang, Bo Yuan, Dacheng Tao",47.0,12.0,2025-12,Issue,10.1109/tpami.2025.3597922,https://doi.org/10.1109/tpami.2025.3597922
756,Method,OpenCIR: Conditional Image Repainting With Open Condition Mixture,"Shuchen Weng, Xiaocheng Gong, Haojie Zheng, Xinlong Wang, Si Li, Boxin Shi",47.0,11.0,2025-11,Issue,10.1109/tpami.2025.3597936,https://doi.org/10.1109/tpami.2025.3597936
757,Method,GPT4Point++: Advancing Unified Point-Language Understanding and Generation,"Zhangyang Qi, Ye Fang, Zeyi Sun, Xiaoyang Wu, Tong Wu, Jiaqi Wang, Dahua Lin, Hengshuang Zhao",,,2025,Early Access,10.1109/tpami.2025.3597938,https://doi.org/10.1109/tpami.2025.3597938
758,Method,MoE-Adapters++: Toward More Efficient Continual Learning of Vision-Language Models Via Dynamic Mixture-of-Experts Adapters,"Jiazuo Yu, Zichen Huang, Yunzhi Zhuge, Lu Zhang, Ping Hu, Dong Wang, Huchuan Lu, You He",47.0,12.0,2025-12,Issue,10.1109/tpami.2025.3597942,https://doi.org/10.1109/tpami.2025.3597942
759,Method,GLC++: Source-Free Universal Domain Adaptation Through Global-Local Clustering and Contrastive Affinity Learning,"Sanqing Qu, Tianpei Zou, Florian Röhrbein, Cewu Lu, Guang Chen, Dacheng Tao, Changjun Jiang",47.0,11.0,2025-11,Issue,10.1109/tpami.2025.3593669,https://doi.org/10.1109/tpami.2025.3593669
760,Method,"A Survey on All-in-One Image Restoration: Taxonomy, Evaluation and Future Trends","Junjun Jiang, Zengyuan Zuo, Gang Wu, Kui Jiang, Xianming Liu",47.0,12.0,2025-12,Issue,10.1109/tpami.2025.3598132,https://doi.org/10.1109/tpami.2025.3598132
761,Method,PIT: A Plug-and-Play Image Translator for Making Off-the-Shelf Models Adapt to Corruptions,"Yinqi Li, Hong Chang, Shiguang Shan, Xilin Chen",47.0,12.0,2025-12,Issue,10.1109/tpami.2025.3598147,https://doi.org/10.1109/tpami.2025.3598147
762,Method,"Demystifying Chains, Trees, and Graphs of Thoughts","Maciej Besta, Florim Memedi, Zhenyu Zhang, Robert Gerstenberger, Guangyuan Piao, Nils Blach, Piotr Nyczyk, Marcin Copik, Grzegorz Kwaśniewski, Jürgen Müller, Lukas Gianinazzi, Ales Kubicek, Hubert Niewiadomski, Aidan O’Mahony, Onur Mutlu, Torsten Hoefler",47.0,12.0,2025-12,Issue,10.1109/tpami.2025.3598182,https://doi.org/10.1109/tpami.2025.3598182
763,Method,HHAvatar: Gaussian Head Avatar with Dynamic Hairs,"Zhanfeng Liao, Yuelang Xu, Zhe Li, Qijing Li, Boyao Zhou, Ruifeng Bai, Di Xu, Hongwen Zhang, Yebin Liu",,,2025,Early Access,10.1109/tpami.2025.3597940,https://doi.org/10.1109/tpami.2025.3597940
764,Method,Multi-View Hand Reconstruction With a Point-Embedded Transformer,"Lixin Yang, Licheng Zhong, Pengxiang Zhu, Xinyu Zhan, Junxiao Kong, Jian Xu, Cewu Lu",47.0,11.0,2025-11,Issue,10.1109/tpami.2025.3598089,https://doi.org/10.1109/tpami.2025.3598089
765,Method,Self-Supervised Skeleton Representation Learning Via Actionlet Contrast and Reconstruct,"Lilang Lin, Jiahang Zhang, Jiaying Liu",47.0,11.0,2025-11,Issue,10.1109/tpami.2025.3598138,https://doi.org/10.1109/tpami.2025.3598138
766,Method,Dark Noise Diffusion: Noise Synthesis for Low-Light Image Denoising,"Liying Lu, Raphael Achddou, Sabine Susstrunk",,,2025,Early Access,10.1109/tpami.2025.3598330,https://doi.org/10.1109/tpami.2025.3598330
767,Method,Unsupervised 3D Object Detection by Commonsense Clue,"Hai Wu, Shijia Zhao, Xun Huang, Qiming Xia, Chenglu Wen, Li Jiang, Xin Li, Cheng Wang",47.0,12.0,2025-12,Issue,10.1109/tpami.2025.3598341,https://doi.org/10.1109/tpami.2025.3598341
768,Method,Video Diffusion Posterior Sampling for Seeing Beyond Dynamic Scattering Layers,"Taesung Kwon, Gookho Song, Yoosun Kim, Jeongsol Kim, Jong Chul Ye, Mooseok Jang",47.0,12.0,2025-12,Issue,10.1109/tpami.2025.3598457,https://doi.org/10.1109/tpami.2025.3598457
769,Method,Identifying Semantic Component for Robust Molecular Property Prediction,"Zijian Li, Zunhong Xu, Ruichu Cai, Zhenhui Yang, Yuguang Yan, Zhifeng Hao, Guangyi Chen, Kun Zhang",47.0,12.0,2025-12,Issue,10.1109/tpami.2025.3598461,https://doi.org/10.1109/tpami.2025.3598461
770,Method,Depth Dynamics via One-Bit Frequency Probing in Embedded Direct Time-of-Flight Sensing,"Seth Lindgren, Benjamin R. Johnson, Lucas J. Koerner",,,2025,Early Access,10.1109/tpami.2025.3598593,https://doi.org/10.1109/tpami.2025.3598593
771,Method,SPARE: Symmetrized Point-to-Plane Distance for Robust Non-Rigid 3D Registration,"Yuxin Yao, Bailin Deng, Junhui Hou, Juyong Zhang",47.0,12.0,2025-12,Issue,10.1109/tpami.2025.3598630,https://doi.org/10.1109/tpami.2025.3598630
772,Method,Explicit Correspondence Matching for Generalizable Neural Radiance Fields,"Yuedong Chen, Haofei Xu, Qianyi Wu, Chuanxia Zheng, Tat-Jen Cham, Jianfei Cai",47.0,12.0,2025-12,Issue,10.1109/tpami.2025.3598711,https://doi.org/10.1109/tpami.2025.3598711
773,Method,VisionUnite: A Vision-Language Foundation Model for Ophthalmology Enhanced With Clinical Knowledge,"Zihan Li, Diping Song, Zefeng Yang, Deming Wang, Fei Li, Xiulan Zhang, Paul E. Kinahan, Yu Qiao",47.0,12.0,2025-12,Issue,10.1109/tpami.2025.3598734,https://doi.org/10.1109/tpami.2025.3598734
774,Method,Predicting Important Photons for Energy-Efficient Single-Photon Videography,"Shantanu Gupta, Varun Sundar, Lucas J. Koerner, Claudio Bruschini, Edoardo Charbon, Mohit Gupta",,,2025,Early Access,10.1109/tpami.2025.3598767,https://doi.org/10.1109/tpami.2025.3598767
775,Method,DreamCraft3D++: Efficient Hierarchical 3D Generation with Multi-Plane Reconstruction Model,"Jingxiang Sun, Cheng Peng, Ruizhi Shao, Yuan-Chen Guo, Xiaochen Zhao, Yangguang Li, YanPei Cao, Bo Zhang, Yebin Liu",,,2025,Early Access,10.1109/tpami.2025.3598772,https://doi.org/10.1109/tpami.2025.3598772
776,Method,TherNet: Thermal Segmentation Network Harnessing Physical Properties,"Junzhang Chen, Shihao Shu, Cai Meng, Xiangzhi Bai",47.0,12.0,2025-12,Issue,10.1109/tpami.2025.3598949,https://doi.org/10.1109/tpami.2025.3598949
777,Method,Hardware-aware Coding Function Design for Compressive Single-photon 3D Cameras,"David Parra, Felipe Gutierrez-Barragan, Trevor Seets, Andreas Velten",,,2025,Early Access,10.1109/tpami.2025.3599073,https://doi.org/10.1109/tpami.2025.3599073
778,Method,Structured light with a million light planes per second,"Dhawal Sirikonda, Praneeth Chakravarthula, Ioannis Gkioulekas, Adithya Pediredla",,,2025,Early Access,10.1109/tpami.2025.3599143,https://doi.org/10.1109/tpami.2025.3599143
779,Method,Self-Supervised Graph Embedding Clustering,"Fangfang Li, Quanxue Gao, Xiaoke Ma, Ming Yang, Cheng Deng",47.0,12.0,2025-12,Issue,10.1109/tpami.2025.3599185,https://doi.org/10.1109/tpami.2025.3599185
780,Method,Surfel-Based Gaussian Inverse Rendering for Fast and Relightable Dynamic Human Reconstruction From Monocular Videos,"Yiqun Zhao, Chenming Wu, Binbin Huang, Yihao Zhi, Chen Zhao, Jingdong Wang, Shenghua Gao",47.0,12.0,2025-12,Issue,10.1109/tpami.2025.3599415,https://doi.org/10.1109/tpami.2025.3599415
781,Method,LR <i>Quant+</i> : A Unified and Learnable Framework to Post-Training Quantization for Transformer-Based Large Foundation Models,"Jiaqi Zhao, Chao Zeng, Ming Wang, Linxuan Han, Yuzhang Shang, Miao Zhang, Liqiang Nie",47.0,12.0,2025-12,Issue,10.1109/tpami.2025.3599479,https://doi.org/10.1109/tpami.2025.3599479
782,Method,Remote Sensing Image Generation via Object Text Decoupling,"Wenda Zhao, Zhepu Zhang, Fan Zhao, Haipeng Wang, You He, Huchuan Lu",47.0,12.0,2025-12,Issue,10.1109/tpami.2025.3599520,https://doi.org/10.1109/tpami.2025.3599520
783,Method,Interpretable Rotation-Equivariant Multiary-Valued Network for Attribute Obfuscation,"Quanshi Zhang, Hao Zhang, Yiting Chen, Qihan Ren, Jie Ren, Xu Cheng, Liyao Xiang",47.0,12.0,2025-12,Issue,10.1109/tpami.2025.3599592,https://doi.org/10.1109/tpami.2025.3599592
784,Method,Single-Step Latent Diffusion for Underwater Image Restoration,"Jiayi Wu, Tianfu Wang, Md Abu Bakr Siddique, Md Jahidul Islam, Cornelia Fermuller, Yiannis Aloimonos, Christopher A. Metzler",,,2025,Early Access,10.1109/tpami.2025.3599775,https://doi.org/10.1109/tpami.2025.3599775
785,Method,Pruning at Initialization – A Sketching Perspective,"Noga Bar, Raja Giryes",47.0,12.0,2025-12,Issue,10.1109/tpami.2025.3598343,https://doi.org/10.1109/tpami.2025.3598343
786,Method,Frequency-Based Comprehensive Prompt Learning for Vision-Language Models,"Liangchen Liu, Nannan Wang, Chen Chen, Decheng Liu, Xi Yang, Xinbo Gao, Tongliang Liu",47.0,12.0,2025-12,Issue,10.1109/tpami.2025.3599830,https://doi.org/10.1109/tpami.2025.3599830
787,Method,Graph Memory Learning: Imitating Lifelong Remembering and Forgetting of Brain Networks,"Jiaxing Miao, Liang Hu, Qi Zhang, Longbing Cao",47.0,12.0,2025-12,Issue,10.1109/tpami.2025.3599898,https://doi.org/10.1109/tpami.2025.3599898
788,Method,Reconstructing Satellites in 3D from Amateur Telescope Images,"Zhiming Chang, Boyang Liu, Yifei Xia, Youming Guo, Boxin Shi, He Sun",,,2025,Early Access,10.1109/tpami.2025.3599949,https://doi.org/10.1109/tpami.2025.3599949
789,Method,Model Rectification With Simultaneous Incremental Feature and Partial Label Set,"Xijia Tang, Chao Xu, Chenping Hou",47.0,12.0,2025-12,Issue,10.1109/tpami.2025.3600033,https://doi.org/10.1109/tpami.2025.3600033
790,Method,Tomographic Sparse View Selection Using the View Covariance Loss,"Jingsong Lin, Amirkoushyar Ziabari, Singanallur V. Venkatakrishnan, Obaidullah Rahman, Gregery T. Buzzard, Charles A. Bouman",,,2025,Early Access,10.1109/tpami.2025.3600072,https://doi.org/10.1109/tpami.2025.3600072
791,Method,Rotation Equivariant Arbitrary-Scale Image Super-Resolution,"Qi Xie, Jiahong Fu, Zongben Xu, Deyu Meng",47.0,12.0,2025-12,Issue,10.1109/tpami.2025.3600126,https://doi.org/10.1109/tpami.2025.3600126
792,Method,DreamStory: Open-Domain Story Visualization by LLM-Guided Multi-Subject Consistent Diffusion,"Huiguo He, Huan Yang, Zixi Tuo, Yuan Zhou, Qiuyue Wang, Yuhang Zhang, Zeyu Liu, Wenhao Huang, Hongyang Chao, Jian Yin",47.0,12.0,2025-12,Issue,10.1109/tpami.2025.3600149,https://doi.org/10.1109/tpami.2025.3600149
793,Method,Self-Constrained Clustering Ensemble,"Wei Wei, Jianguo Wu, Xinyao Guo, Jing Yan, Jiye Liang",47.0,12.0,2025-12,Issue,10.1109/tpami.2025.3600256,https://doi.org/10.1109/tpami.2025.3600256
794,Method,SKDF: A Simple Knowledge Distillation Framework for Distilling Open-Vocabulary Knowledge to Open-World Object Detector,"Shuailei Ma, Yuefeng Wang, Ying Wei, Enming Zhang, Jiaqi Fan, Xinyu Sun, Peihao Chen",47.0,12.0,2025-12,Issue,10.1109/tpami.2025.3600435,https://doi.org/10.1109/tpami.2025.3600435
795,Method,DyCrowd: Towards Dynamic Crowd Reconstruction from a Large-scene Video,"Hao Wen, Hongbo Kang, Jian Ma, Jing Huang, Yuanwang Yang, Haozhe Lin, Yu-Kun Lai, Kun Li",,,2025,Early Access,10.1109/tpami.2025.3600465,https://doi.org/10.1109/tpami.2025.3600465
796,Method,NeuMesh++: Toward Versatile and Efficient Volumetric Editing With Disentangled Neural Mesh-Based Implicit Field,"Chong Bao, Yuan Li, Bangbang Yang, Yujun Shen, Hujun Bao, Zhaopeng Cui, Yinda Zhang, Guofeng Zhang",47.0,12.0,2025-12,Issue,10.1109/tpami.2025.3600473,https://doi.org/10.1109/tpami.2025.3600473
797,Method,MicroDreamer: Efficient 3D Generation in $\sim$20 Seconds by Score-based Iterative Reconstruction,"Luxi Chen, Zhengyi Wang, Zihan Zhou, Tingting Gao, Hang Su, Jun Zhu, Chongxuan Li",,,2025,Early Access,10.1109/tpami.2025.3600494,https://doi.org/10.1109/tpami.2025.3600494
798,Method,Scaling Up Your Kernels: Large Kernel Design in ConvNets Toward Universal Representations,"Yiyuan Zhang, Xiaohan Ding, Xiangyu Yue",47.0,12.0,2025-12,Issue,10.1109/tpami.2025.3600702,https://doi.org/10.1109/tpami.2025.3600702
799,Method,LBONet: Supervised Spectral Descriptors for Shape Analysis,"Oguzhan Yigit, Richard C. Wilson",47.0,12.0,2025-12,Issue,10.1109/tpami.2025.3600873,https://doi.org/10.1109/tpami.2025.3600873
800,Method,Rehearsal-Free and Efficient Continual Learning for Cross-Domain Face Anti-Spoofing,"Rizhao Cai, Yawen Cui, Zitong Yu, Xun Lin, Changsheng Chen, Alex Kot",47.0,12.0,2025-12,Issue,10.1109/tpami.2025.3601053,https://doi.org/10.1109/tpami.2025.3601053
801,Method,FaceTracer: Unveiling Source Identities From Swapped Face Images and Videos for Fraud Prevention,"Zhongyi Zhang, Jie Zhang, Wenbo Zhou, Xinghui Zhou, Qing Guo, Weiming Zhang, Tianwei Zhang, Nenghai Yu",47.0,12.0,2025-12,Issue,10.1109/tpami.2025.3601141,https://doi.org/10.1109/tpami.2025.3601141
802,Method,Learning Compact Discriminant Representation via Low-Rank Bilinear Pooling,"Kun Song, Hao Li, Gong Cheng, Junwei Han, Feiping Nie, Bin Gu, Fakhri Karray",47.0,12.0,2025-12,Issue,10.1109/tpami.2025.3601355,https://doi.org/10.1109/tpami.2025.3601355
803,Method,Consistent and Optimal Solution to Camera Motion Estimation,"Guangyang Zeng, Qingcheng Zeng, Xinghan Li, Biqiang Mu, Jiming Chen, Ling Shi, Junfeng Wu",47.0,12.0,2025-12,Issue,10.1109/tpami.2025.3601430,https://doi.org/10.1109/tpami.2025.3601430
804,Method,Unified Modality Separation: A Vision-Language Framework for Unsupervised Domain Adaptation,"Xinyao Li, Jingjing Li, Zhekai Du, Lei Zhu, Heng Tao Shen",47.0,11.0,2025-11,Issue,10.1109/tpami.2025.3597436,https://doi.org/10.1109/tpami.2025.3597436
805,Method,VQ-FedDiff: Federated Learning Algorithm of Diffusion Models With Client-Specific Vector-Quantized Conditioning,"Tehrim Yoon, Minyoung Hwang, Eunho Yang",47.0,12.0,2025-12,Issue,10.1109/tpami.2025.3602282,https://doi.org/10.1109/tpami.2025.3602282
806,Method,Planner3D: LLM-enhanced Graph Prior Meets 3D Indoor Scene Explicit Regularization,"Yao Wei, Martin Renqiang Min, George Vosselman, Li Erran Li, Michael Ying Yang",,,2025,Early Access,10.1109/tpami.2025.3602216,https://doi.org/10.1109/tpami.2025.3602216
807,Method,RingMo-Aerial: An Aerial Remote Sensing Foundation Model With Affine Transformation Contrastive Learning,"Wenhui Diao, Haichen Yu, Kaiyue Kang, Tong Ling, Di Liu, Yingchao Feng, Hanbo Bi, Libo Ren, Xuexue Li, Yongqiang Mao, Xian Sun",47.0,12.0,2025-12,Issue,10.1109/tpami.2025.3602237,https://doi.org/10.1109/tpami.2025.3602237
808,Method,OccScene: Semantic Occupancy-based Cross-task Mutual Learning for 3D Scene Generation,"Bohan Li, Xin Jin, Jianan Wang, Yukai Shi, Yasheng Sun, Xiaofeng Wang, Zhuang Ma, Baao Xie, Chao Ma, Xiaokang Yang, Wenjun Zeng",,,2025,Early Access,10.1109/tpami.2025.3602511,https://doi.org/10.1109/tpami.2025.3602511
809,Method,Aligning Logits Generatively for Principled Black-Box Knowledge Distillation in the Wild,"Xiang Xiang, Jing Ma, Dongrui Wu, Zhigang Zeng, Xilin Chen",47.0,12.0,2025-12,Issue,10.1109/tpami.2025.3602663,https://doi.org/10.1109/tpami.2025.3602663
810,Method,Learning Dual-Stream Conditional Concepts in Compositional Zero-Shot Learning,"Qingsheng Wang, Lingqiao Liu, Chenchen Jing, Peng Wang, Yanning Zhang, Chunhua Shen",47.0,11.0,2025-11,Issue,10.1109/tpami.2025.3597668,https://doi.org/10.1109/tpami.2025.3597668
811,Method,Rendering Humans behind Occlusions,"Tiange Xiang, Adam Sun, Scott Delp, Kazuki Kozuka, Li Fei-Fei, Ehsan Adeli",,,2025,Early Access,10.1109/tpami.2025.3603154,https://doi.org/10.1109/tpami.2025.3603154
812,Method,"Towards Human-Level 3D Relative Pose Estimation: Generalizable, Training-Free, With Single Reference","Yuan Gao, Yajing Luo, Junhong Wang, Kui Jia, Gui-Song Xia",47.0,12.0,2025-12,Issue,10.1109/tpami.2025.3600413,https://doi.org/10.1109/tpami.2025.3600413
813,Method,NaviNeRF++: Towards Interpretable 3D Reconstruction via Unsupervised Disentangled Representation Learning,"Baao Xie, Zequn Zhang, Huanting Guo, Qiuyu Chen, Hu Zhu, Bohan Li, Wenjun Zeng, Xin Jin",,,2025,Early Access,10.1109/tpami.2025.3601145,https://doi.org/10.1109/tpami.2025.3601145
814,Method,StylizedGS: Controllable Stylization for 3D Gaussian Splatting,"Dingxi Zhang, Yu-Jie Yuan, Zhuoxun Chen, Fang-Lue Zhang, Zhenliang He, Shiguang Shan, Lin Gao",47.0,12.0,2025-12,Issue,10.1109/tpami.2025.3604010,https://doi.org/10.1109/tpami.2025.3604010
815,Method,LatentAugment: Data Augmentation via Guided Manipulation of GAN’s Latent Space,"Lorenzo Tronchin, Minh H. Vu, Paolo Soda, Tommy Löfstedt",47.0,12.0,2025-12,Issue,10.1109/tpami.2025.3598866,https://doi.org/10.1109/tpami.2025.3598866
816,Method,MCGS: Multiview Consistency Enhancement for Sparse-View 3D Gaussian Radiance Fields,"Yuru Xiao, Deming Zhai, Wenbo Zhao, Kui Jiang, Junjun Jiang, Xianming Liu",,,2025,Early Access,10.1109/tpami.2025.3607103,https://doi.org/10.1109/tpami.2025.3607103
817,Method,<b>Combo</b>: <b>Co</b>-speech holistic 3D human <b>m</b>otion generation and efficient customiza<b>b</b>le adaptation in harm<b>o</b>ny,"Chao Xu, Mingze Sun, Zhi-Qi Cheng, Fei Wang, Yang Liu, Baigui Sun, Ruqi Huang, Alexander Hauptmann",,,2025,Early Access,10.1109/tpami.2025.3607711,https://doi.org/10.1109/tpami.2025.3607711
818,Method,Towards Real Zero-Shot Camouflaged Object Segmentation Without Camouflaged Annotations,"Cheng Lei, Jie Fan, Xinran Li, Tian-Zhu Xiang, Ao Li, Ce Zhu, Le Zhang",47.0,12.0,2025-12,Issue,10.1109/tpami.2025.3600461,https://doi.org/10.1109/tpami.2025.3600461
819,Method,DreamReward-X: Boosting High-Quality 3D Generation with Human Preference Alignment,"Fangfu Liu, Junliang Ye, Yikai Wang, Hanyang Wang, Zhengyi Wang, Jun Zhu, Yueqi Duan",,,2025,Early Access,10.1109/tpami.2025.3609680,https://doi.org/10.1109/tpami.2025.3609680
820,Method,Open-CRB: Toward Open World Active Learning for 3D Object Detection,"Zhuoxiao Chen, Yadan Luo, Zixin Wang, Zijian Wang, Zi Huang",47.0,10.0,2025-10,Issue,10.1109/tpami.2025.3575756,https://doi.org/10.1109/tpami.2025.3575756
821,Method,ViewCrafter: Taming Video Diffusion Models for High-fidelity Novel View Synthesis,"Wangbo Yu, Jinbo Xing, Li Yuan, Wenbo Hu, Xiaoyu Li, Zhipeng Huang, Xiangjun Gao, Tien-Tsin Wong, Ying Shan, Yonghong Tian",,,2025,Early Access,10.1109/tpami.2025.3613256,https://doi.org/10.1109/tpami.2025.3613256
822,Method,Lodge++: High-Quality and Long Dance Generation With Robust Choreography Patterns,"Ronghui Li, Hongwen Zhang, Yachao Zhang, Yuxiang Zhang, Youliang Zhang, Jie Guo, Yan Zhang, Xiu Li, Yebin Liu",,,2025,Early Access,10.1109/tpami.2025.3618016,https://doi.org/10.1109/tpami.2025.3618016
823,Method,HeadArtist-VL: Vision / Language Guided 3D Head Generation with Self Score Distillation,"Hongyu Liu, Xuan Wang, Ziyu Wan, Yujun Shen, Yibing Song, Jing Liao, Qifeng Chen",,,2025,Early Access,10.1109/tpami.2025.3619576,https://doi.org/10.1109/tpami.2025.3619576
824,Method,DreamScene: 3D Gaussian-based End-to-end Text-to-3D Scene Generation,"Haoran Li, Yuli Tian, Kun Lan, Yong Liao, Lin Wang, Pan Hui, Peng Yuan Zhou",,,2025,Early Access,10.1109/tpami.2025.3620403,https://doi.org/10.1109/tpami.2025.3620403
825,Method,Building Non-Uniform Degradation Model for Position-Aware Hyperspectral Image Fusion,"Jie Lian, Lizhi Wang, Lin Zhu, Renwei Dian, Zhiwei Xiong, Hua Huang",47.0,12.0,2025-12,Issue,10.1109/tpami.2025.3604234,https://doi.org/10.1109/tpami.2025.3604234
826,Method,SyncTalk++: High-Fidelity and Efficient Synchronized Talking Heads Synthesis Using Gaussian Splatting,"Ziqiao Peng, Wentao Hu, Junyuan Ma, Xiangyu Zhu, Xiaomei Zhang, Hao Zhao, Hui Tian, Jun He, Hongyan Liu, Zhaoxin Fan",,,2025,Early Access,10.1109/tpami.2025.3630057,https://doi.org/10.1109/tpami.2025.3630057
827,Method,TripoSG: High-Fidelity 3D Shape Synthesis Using Large-Scale Rectified Flow Models,"Yangguang Li, Zi-Xin Zou, Zexiang Liu, Dehu Wang, Yuan Liang, Zhipeng Yu, Xingchao Liu, Yuan-Chen Guo, Ding Liang, Wanli Ouyang, Yan-Pei Cao",,,2025,Early Access,10.1109/tpami.2025.3633512,https://doi.org/10.1109/tpami.2025.3633512
