No,Type,Vol_Issue,Published,Title,Authors,Pages,DOI,Paper_Link
1,Dataset,48(1),2026-1,GAN-Based Domain Adaptation for Image-Aware Layout Generation in Advertising Poster Design,"Chenchen Xu, Min Zhou, Tiezheng Ge, Weiwei Xu",184-201,10.1109/tpami.2025.3602846,https://doi.org/10.1109/tpami.2025.3602846
2,Dataset,48(1),2026-1,Learning Heterogeneous Mixture of Scene Experts for Large-Scale Neural Radiance Fields,"Zhenxing Mi, Ping Yin, Xue Xiao, Dan Xu",390-407,10.1109/tpami.2025.3603305,https://doi.org/10.1109/tpami.2025.3603305
3,Dataset,48(1),2026-1,Hypergraph-Based High-Order Correlation Analysis for Large-Scale Long-Tailed Data Classification,"Xiangmin Han, Yubo Zhang, Shihui Ying, Yue Gao",270-282,10.1109/tpami.2025.3603631,https://doi.org/10.1109/tpami.2025.3603631
4,Dataset,48(1),2026-1,Creating Multimodal Interactive Digital Twin Characters From Videos: A Dataset and Baseline,"Meidai Xuanyuan, Yuwang Wang, Honglei Guo, Hanshi Qu, Kun Zhang, Zhongming Li, Danping Yan, Tao Yu, Jianhua Tao, Qionghai Dai",92-108,10.1109/tpami.2025.3603653,https://doi.org/10.1109/tpami.2025.3603653
5,Dataset,48(1),2026-1,EBSnoR: Event-Based Snow Removal by Optimal Dwell Time Thresholding,"Abigail Wolf, Osama Alsattam, Shannon Brooks-Lehnert, Keigo Hirakawa",346-358,10.1109/tpami.2025.3603854,https://doi.org/10.1109/tpami.2025.3603854
6,Dataset,48(1),2026-1,Spherical Vision Transformers for Audio-Visual Saliency Prediction in 360$^{\circ }$∘ Videos,"Mert Cokelek, Halit Ozsoy, Nevrez Imamoglu, Cagri Ozcinar, Inci Ayhan, Erkut Erdem, Aykut Erdem",329-345,10.1109/tpami.2025.3604091,https://doi.org/10.1109/tpami.2025.3604091
7,Dataset,48(1),2026-1,Make Identity Indistinguishable: Utility-Preserving Face Dataset Publication With Provable Privacy Guarantees,"Yushu Zhang, Junhao Ji, Tao Wang, Ruoyu Zhao, Wenying Wen, Yong Xiang",127-139,10.1109/tpami.2025.3605195,https://doi.org/10.1109/tpami.2025.3605195
8,Dataset,48(1),2026-1,"M$^{3}$3D: A Multimodal, Multilingual and Multitask Dataset for Grounded Document-Level Information Extraction","Jiang Liu, Bobo Li, Xinran Yang, Na Yang, Hao Fei, Mingyao Zhang, Fei Li, Donghong Ji",807-823,10.1109/tpami.2025.3609288,https://doi.org/10.1109/tpami.2025.3609288
9,Dataset,48(1),2026-1,MSFA Image Denoising Using Physics-Based Noise Model and Noise-Decoupled Network,"Yuqi Jiang, Ying Fu, Qiankun Liu, Jun Zhang",859-875,10.1109/tpami.2025.3610243,https://doi.org/10.1109/tpami.2025.3610243
10,Dataset,48(2),2026-2,StyleShot: A Snapshot on Any Style,"Junyao Gao, Yanan Sun, Yanchen Liu, Yinhao Tang, Yanhong Zeng, Ding Qi, Kai Chen, Cairong Zhao",1215-1228,10.1109/tpami.2025.3610614,https://doi.org/10.1109/tpami.2025.3610614
11,Dataset,48(1),2026-1,LVOS: A Benchmark for Large-Scale Long-Term Video Object Segmentation,"Lingyi Hong, Zhongying Liu, Wenchao Chen, Chenzhi Tan, Yuang Feng, Xinyu Zhou, Pinxue Guo, Jinglun Li, Zhaoyu Chen, Shuyong Gao, Wei Zhang, Wenqiang Zhang",946-961,10.1109/tpami.2025.3611020,https://doi.org/10.1109/tpami.2025.3611020
12,Dataset,48(1),2026-1,MGAF: LiDAR-Camera 3D Object Detection With Multiple Guidance and Adaptive Fusion,"Baojie Fan, Xiaotian Li, Yuhan Zhou, Caixia Xia, Huijie Fan, Fengyu Xu, Jiandong Tian",824-839,10.1109/tpami.2025.3612958,https://doi.org/10.1109/tpami.2025.3612958
13,Dataset,48(1),2026-1,Data-And Knowledge-Driven Visual Abductive Reasoning,"Chen Liang, Wenguan Wang, Ling Chen, Yi Yang",792-806,10.1109/tpami.2025.3613712,https://doi.org/10.1109/tpami.2025.3613712
14,Dataset,48(2),2026-2,Learning Efficient Meshflow and Optical Flow From Event Cameras,"Xinglong Luo, Ao Luo, Kunming Luo, Zhengning Wang, Ping Tan, Bing Zeng, Shuaicheng Liu",1355-1372,10.1109/tpami.2025.3615144,https://doi.org/10.1109/tpami.2025.3615144
15,Dataset,48(2),2026-2,$\beta $-DARTS++: Bi-Level Regularization for Proxy-Robust Differentiable Architecture Search,"Peng Ye, Tong He, Baopu Li, Tao Chen, Lei Bai, Wanli Ouyang",1407-1423,10.1109/tpami.2025.3616249,https://doi.org/10.1109/tpami.2025.3616249
16,Dataset,48(2),2026-2,"EvLight++: Low-Light Video Enhancement With an Event Camera: A Large-Scale Real-World Dataset, Novel Method, and More","Kanghao Chen, Guoqiang Liang, Yunfan Lu, Hangyu Li, Lin Wang",1608-1625,10.1109/tpami.2025.3617801,https://doi.org/10.1109/tpami.2025.3617801
17,Dataset,48(2),2026-2,Deep Neural Network Parameter Selection via Dataset Similarity Under Meta-Learning Framework,"Liping Deng, Maziar Raissi, MingQing Xiao",1860-1872,10.1109/tpami.2025.3618991,https://doi.org/10.1109/tpami.2025.3618991
18,Dataset,48(2),2026-2,Fixing Background Misclassification in Few-Shot Object Detection via Product of Experts,"Ding Sheng Ong, Yi Liu, Changjing Shang, Guiguang Ding, Qiang Shen, Jungong Han",1825-1841,10.1109/tpami.2025.3622983,https://doi.org/10.1109/tpami.2025.3622983
19,Dataset,48(3),2026-3,MECD+: Unlocking Event-Level Causal Graph Discovery for Video Reasoning,"Tieyuan Chen, Huabin Liu, Yi Wang, Yihang Chen, Tianyao He, Chaofan Gan, Huanyu He, Weiyao Lin",2628-2645,10.1109/tpami.2025.3626549,https://doi.org/10.1109/tpami.2025.3626549
20,Dataset,48(3),2026-3,Topo4D++: Realistic Physically Based 4D Head Capture With Topology-Preserving Gaussian Splatting and Expression Priors,"Yuhao Cheng, Xuanchen Li, Xingyu Ren, Jianyu Wang, Haozhe Jia, Di Xu, Wenhan Zhu, Bingbing Ni, Yichao Yan",2312-2328,10.1109/tpami.2025.3627431,https://doi.org/10.1109/tpami.2025.3627431
21,Dataset,48(3),2026-3,OoDBench+: Quantifying and Understanding Two Dimensions of Out-of-Distribution Generalization,"Nanyang Ye, Kaican Li, Fan Wu, Jundong Zhou, Haoyue Bai, Runpeng Yu, Lanqing Hong, Fengwei Zhou, Zhenguo Li, Jun Zhu, Xinbing Wang, Chenghu Zhou",2566-2580,10.1109/tpami.2025.3628027,https://doi.org/10.1109/tpami.2025.3628027
22,Dataset,48(3),2026-3,Large-Scale Omnidirectional Person Positioning,"Lu Yang, Liulei Li, Jianan Wei, Pu Cao, Yujia Wang, Wenguan Wang",2870-2885,10.1109/tpami.2025.3630317,https://doi.org/10.1109/tpami.2025.3630317
23,Dataset,48(3),2026-3,Large-Scale Logo Detection,"Sujuan Hou, Jiacheng Li, Weiqing Min, Jianxin Zhan, Mengmeng Zhang, Peng Li, Shuqiang Jiang",2919-2935,10.1109/tpami.2025.3630505,https://doi.org/10.1109/tpami.2025.3630505
24,Dataset,48(3),2026-3,A Visual Benchmark for Autonomous Driving in Open-Pit Mines,"Yuchen Li, Luxi Li, Zhenshan Bing, Libo Sun, Alois Christian Knoll, Fei-Yue Wang, Long Chen",2902-2918,10.1109/tpami.2025.3632357,https://doi.org/10.1109/tpami.2025.3632357
25,Dataset,48(3),2026-3,ACDC: The Adverse Conditions Dataset With Correspondences for Robust Semantic Driving Scene Perception,"Christos Sakaridis, Haoran Wang, Ke Li, René Zurbrügg, Arpit Jadon, Wim Abbeloos, Daniel Olmeda Reino, Luc Van Gool, Dengxin Dai",2970-2988,10.1109/tpami.2025.3633063,https://doi.org/10.1109/tpami.2025.3633063
26,Dataset,48(3),2026-3,AniMer+: Unified Pose and Shape Estimation Across Mammalia and Aves via Family-Aware Transformer,"Liang An, Jin Lyu, Li Lin, Pujin Cheng, Yebin Liu, Xiaoying Tang",3233-3249,10.1109/tpami.2025.3633828,https://doi.org/10.1109/tpami.2025.3633828
27,Dataset,48(3),2026-3,VBench++: Comprehensive and Versatile Benchmark Suite for Video Generative Models,"Ziqi Huang, Fan Zhang, Xiaojie Xu, Yinan He, Jiashuo Yu, Ziyue Dong, Qianli Ma, Nattapol Chanpaisit, Chenyang Si, Yuming Jiang, Yaohui Wang, Xinyuan Chen, Ying-Cong Chen, Limin Wang, Dahua Lin, Yu Qiao, Ziwei Liu",3268-3285,10.1109/tpami.2025.3633890,https://doi.org/10.1109/tpami.2025.3633890
28,Dataset,48(3),2026-3,"Oriented Tiny Object Detection: A Dataset, Benchmark, and Dynamic Unbiased Learning","Chang Xu, Ruixiang Zhang, Wen Yang, Haoran Zhu, Fang Xu, Jian Ding, Gui-Song Xia",3167-3184,10.1109/tpami.2025.3634161,https://doi.org/10.1109/tpami.2025.3634161
29,Dataset,48(3),2026-3,FreeEdit: Mask-Free Reference-Based Image Editing With Multi-Modal Instruction,"Runze He, Kai Ma, Linjiang Huang, Shaofei Huang, Jialin Gao, Xiaoming Wei, Jiao Dai, Jizhong Han, Si Liu",3319-3334,10.1109/tpami.2025.3636582,https://doi.org/10.1109/tpami.2025.3636582
30,Dataset,48(3),2026-3,Learning Deep ISP for High-Speed Cameras: Achieving DSLR-Quality Imaging Under High Frame Rates,"Huaian Chen, Tianle Liu, Tao Tu, Wenjun Wei, Yi Jin, Enhong Chen",3499-3516,10.1109/tpami.2025.3637771,https://doi.org/10.1109/tpami.2025.3637771
31,Dataset,48(3),2026-3,Alliance: All-in-One Spectral-Spatial-Frequency Awareness Foundation Model,"Boyu Zhao, Wei Li, Junjie Wang, Yuxiang Zhang, Hong Yang, Haitao Zhao, Ran Tao, Qian Du",3586-3603,10.1109/tpami.2025.3639595,https://doi.org/10.1109/tpami.2025.3639595
32,Dataset,48(3),2026-3,Semantic Correspondence: Unified Benchmarking and a Strong Baseline,"Kaiyan Zhang, Xinghui Li, Jingyi Lu, Kai Han",3911-3930,10.1109/tpami.2025.3640429,https://doi.org/10.1109/tpami.2025.3640429
33,Dataset,48(3),2026-3,Enhanced Spatiotemporal Consistency for Image-to-LiDAR Data Pretraining,"Xiang Xu, Lingdong Kong, Hui Shuai, Wenwei Zhang, Liang Pan, Kai Chen, Ziwei Liu, Qingshan Liu",3819-3834,10.1109/tpami.2025.3640589,https://doi.org/10.1109/tpami.2025.3640589
34,Dataset,48(4),2026-4,"Breaking Barriers, Localizing Saliency: A Large-Scale Benchmark and Baseline for Condition-Constrained Salient Object Detection","Runmin Cong, Zhiyang Chen, Hao Fang, Sam Kwong, Wei Zhang",4167-4183,10.1109/tpami.2025.3642893,https://doi.org/10.1109/tpami.2025.3642893
35,Dataset,48(4),2026-4,Toward Deeper Emotional Reflection: Crafting Affective Image Filters With Generative Priors,"Peixuan Zhang, Shuchen Weng, Jiajun Tang, Si Li, Boxin Shi",4303-4317,10.1109/tpami.2025.3643911,https://doi.org/10.1109/tpami.2025.3643911
36,Dataset,48(4),2026-4,DC-SAM: In-Context Segment Anything in Images and Videos via Dual Consistency,"Mengshi Qi, Pengfei Zhu, Xiangtai Li, Xiaoyang Bi, Lu Qi, Huadong Ma, Ming-Hsuan Yang",4642-4656,10.1109/tpami.2025.3646919,https://doi.org/10.1109/tpami.2025.3646919
37,Dataset,48(4),2026-4,BEVTrack: Multi-View Multi-Human Registration and Tracking in the Bird’s Eye View,"Zekun Qian, Wei Feng, Feifan Wang, Ruize Han",4842-4859,10.1109/tpami.2025.3647707,https://doi.org/10.1109/tpami.2025.3647707
38,Dataset,48(4),2026-4,Adaptive and Robust DBSCAN With Multi-Agent Reinforcement Learning,"Hao Peng, Xiang Huang, Shuo Sun, Ruitong Zhang, Xizhao Wang, Philip S. Yu",4860-4877,10.1109/tpami.2025.3648017,https://doi.org/10.1109/tpami.2025.3648017
39,Dataset,48(4),2026-4,Causal HyperPrompter: A Framework for Unbiased Hyperspectral Camouflaged Object Tracking,"Hanzheng Wang, Wei Li, Xiang-Gen Xia, Qian Du",4942-4960,10.1109/tpami.2025.3648020,https://doi.org/10.1109/tpami.2025.3648020
40,Dataset,48(5),2026-5,Revisiting Out-of-Distribution Detection in Real-Time Object Detection: From Benchmark Pitfalls to a New Mitigation Paradigm,"Changshun Wu, Weicheng He, Chih-Hong Cheng, Xiaowei Huang, Saddek Bensalem",5243-5260,10.1109/tpami.2025.3650695,https://doi.org/10.1109/tpami.2025.3650695
41,Dataset,48(5),2026-5,"Parse, Align and Aggregate: Graph-Driven Compositional Reasoning for Video Question Answering","Jiangtong Li, Zhaohe Liao, Fengshun Xiao, Tianjiao Li, Qiang Zhang, Haohua Zhao, Li Niu, Guang Chen, Liqing Zhang, Changjun Jiang",5586-5603,10.1109/tpami.2026.3650864,https://doi.org/10.1109/tpami.2026.3650864
42,Dataset,48(5),2026-5,ConsistentID: Portrait Generation With Multimodal Fine-Grained Identity Preserving,"Jiehui Huang, Xiao Dong, Wenhui Song, Zheng Chong, Zhenchao Tang, Jun Zhou, Yuhao Cheng, Long Chen, Hanhui Li, Yiqiang Yan, Shengcai Liao, Xiaodan Liang",5639-5654,10.1109/tpami.2026.3652557,https://doi.org/10.1109/tpami.2026.3652557
43,Dataset,48(5),2026-5,MERBench: A Unified Evaluation Benchmark for Multimodal Emotion Recognition,"Zheng Lian, Licai Sun, Yong Ren, Hao Gu, Haiyang Sun, Lan Chen, Bin Liu, Jianhua Tao",5793-5810,10.1109/tpami.2026.3653457,https://doi.org/10.1109/tpami.2026.3653457
44,Dataset,48(6),2026-6,Defying Distractions in Multimodal Tasks: A Novel Benchmark for Large Vision-Language Models,"Jinhui Yang, Ming Jiang, Qi Zhao",6314-6331,10.1109/tpami.2026.3655641,https://doi.org/10.1109/tpami.2026.3655641
45,Dataset,48(6),2026-6,Momentor++: Advancing Video Large Language Models With Fine-Grained Long Video Reasoning,"Juncheng Li, Minghe Gao, Xiangnan He, Siliang Tang, Wei-Shi Zheng, Jun Xiao, Meng Wang, Tat-Seng Chua, Yueting Zhuang",6208-6224,10.1109/tpami.2026.3656169,https://doi.org/10.1109/tpami.2026.3656169
46,Dataset,48(6),2026-6,Wasserstein Distances Made Explainable: Insights Into Dataset Shifts and Transport Phenomena,"Philip Naumann, Jacob Kauffmann, Grégoire Montavon",6393-6406,10.1109/tpami.2026.3656947,https://doi.org/10.1109/tpami.2026.3656947
47,Dataset,48(5),2026-5,TextMonkey: An OCR-Free Large Multimodal Model for Understanding Document,"Yuliang Liu, Biao Yang, Qiang Liu, Zhang Li, Zhiyin Ma, Shuo Zhang, Xiang Bai",6008-6019,10.1109/tpami.2026.3653415,https://doi.org/10.1109/tpami.2026.3653415
48,Dataset,48(6),2026-6,ATRNet-STAR: A Large Dataset and Benchmark Toward Remote Sensing Object Recognition in the Wild,"Yongxiang Liu, Weijie Li, Li Liu, Jie Zhou, Bowen Peng, Yafei Song, Xuying Xiong, Wei Yang, Tianpeng Liu, Zhen Liu, Xiang Li",6735-6753,10.1109/tpami.2026.3658649,https://doi.org/10.1109/tpami.2026.3658649
49,Dataset,48(6),2026-6,Fine-Grained Alignment Supervision Matters in Vision-and-Language Navigation,"Keji He, Yan Huang, Ya Jing, Qi Wu, Liang Wang",6525-6540,10.1109/tpami.2026.3658949,https://doi.org/10.1109/tpami.2026.3658949
50,Dataset,48(6),2026-6,Tackling Ill-Posedness of Reversible Image Conversion With Well-Posed Invertible Network,"Yuanfei Huang, Hua Huang",6847-6864,10.1109/tpami.2026.3659125,https://doi.org/10.1109/tpami.2026.3659125
51,Dataset,48(6),2026-6,Evaluating and Mitigating Relationship Hallucinations in Large Vision-Language Models,"Mingrui Wu, Jiale Li, Jiayi Ji, Fei Hao, Xiaoshuai Sun, Rongrong Ji",6332-6346,10.1109/tpami.2026.3656175,https://doi.org/10.1109/tpami.2026.3656175
52,Dataset,48(6),2026-6,Top-$k$k Feature Selection in Sparse Learning via Accelerated Coordinate Descent Method,"Han Zhang, Yannian Gu, Feiping Nie, Xuelong Li",6880-6896,10.1109/tpami.2026.3660366,https://doi.org/10.1109/tpami.2026.3660366
53,Dataset,48(6),2026-6,Toward Real-World Holistic Privacy-Preserving Person Re-Identification,"Qianxiang Meng, He Li, Min Cao, Mang Ye",6587-6600,10.1109/tpami.2026.3660922,https://doi.org/10.1109/tpami.2026.3660922
54,Dataset,48(6),2026-6,ADVersa: Abductive Driving Accident Video Understanding,"Lei-Lei Li, Jianwu Fang, Junbin Xiao, Hongkai Yu, Chen Lv, Jianru Xue, Zhengguo Li, Tat-Seng Chua",6980-6998,10.1109/tpami.2026.3663545,https://doi.org/10.1109/tpami.2026.3663545
55,Dataset,48(7),2026-7,DREAM: A Benchmark Study for Deepfake PhotoRealism AssessMent,"Bo Peng, Zichuan Wang, Sheng Yu, Xiaochuan Jin, Wei Wang, Jing Dong",7451-7466,10.1109/tpami.2026.3663547,https://doi.org/10.1109/tpami.2026.3663547
56,Dataset,48(6),2026-6,OmniHD-Scenes: A Next-Generation Multimodal Dataset for Autonomous Driving,"Lianqing Zheng, Long Yang, Qunshu Lin, Wenjin Ai, Minghao Liu, Shouyi Lu, Jianan Liu, Hongze Ren, Jingyue Mo, Xiaokai Bai, Jie Bai, Zhixiong Ma, Xichan Zhu",7032-7049,10.1109/tpami.2026.3663672,https://doi.org/10.1109/tpami.2026.3663672
57,Dataset,48(7),2026-7,Enhancing MMDiT-Based Text-to-Image Models for Similar Subject Generation,"Tianyi Wei, Dongdong Chen, Yifan Zhou, Xingang Pan",7692-7706,10.1109/tpami.2026.3663759,https://doi.org/10.1109/tpami.2026.3663759
58,Dataset,48(6),2026-6,Thermal3D-GS: Physics-Induced 3D Gaussians for Thermal Infrared Novel-View Synthesis With a Large-Scale Dataset,"Qian Chen, Shihao Shu, Heng Sun, Junzhang Chen, Xiangzhi Bai",6962-6979,10.1109/tpami.2026.3663966,https://doi.org/10.1109/tpami.2026.3663966
59,Dataset,48(7),2026-7,Soft Label Pruning and Quantization for Large-Scale Dataset Distillation,"Lingao Xiao, Yang He",7521-7533,10.1109/tpami.2026.3664488,https://doi.org/10.1109/tpami.2026.3664488
60,Dataset,48(7),2026-7,A Natural Language Guided Approach for Blind Face Restoration: Methodology and Dataset,"Wenjie An, Chenyang Wang, Junjun Jiang, Kui Jiang, Xianming Liu, Liqiang Nie",7802-7819,10.1109/tpami.2026.3665736,https://doi.org/10.1109/tpami.2026.3665736
61,Dataset,48(7),2026-7,"UDFStudio: A Unified Framework of Datasets, Benchmarks and Generative Models for Unsigned Distance Functions","Junsheng Zhou, Weiqi Zhang, Baorui Ma, Kanle Shi, Yu-Shen Liu, Zhizhong Han",7902-7919,10.1109/tpami.2026.3668763,https://doi.org/10.1109/tpami.2026.3668763
62,Dataset,48(7),2026-7,OptimalCap: Efficient and Robust LiDAR-Based Motion Capture in Free Environments,"Yiming Ren, Yujing Sun, Xiao Han, Yichen Yao, Xiaoxiao Long, Xinge Zhu, Siu Ming Yiu, Yuexin Ma",8456-8469,10.1109/tpami.2026.3669427,https://doi.org/10.1109/tpami.2026.3669427
63,Dataset,48(7),2026-7,ProtoComp++: Diverse Point Cloud Completion With Controllable Prototype,"Xumin Yu, Zuyan Liu, Yanbo Wang, Jie Zhou, Jiwen Lu",8710-8725,10.1109/tpami.2026.3674197,https://doi.org/10.1109/tpami.2026.3674197
64,Dataset,48(7),2026-7,Benchmarking Semantic Segmentation Models via Appearance and Geometry Attribute Editing,"Zijin Yin, Bing Li, Kongming Liang, Hao Sun, Zhongjiang He, Zhanyu Ma, Jun Guo",8661-8677,10.1109/tpami.2026.3674640,https://doi.org/10.1109/tpami.2026.3674640
65,Dataset,48(8),2026-8,Concept Drift and Long-Tailed Distribution in Fine-Grained Visual Categorization: Benchmark and Method,"Shuo Ye, Shiming Chen, Ruxin Wang, Tianxu Wu, Salman Khan, Fahad Shahbaz Khan, Ling Shao",8970-8986,10.1109/tpami.2026.3674763,https://doi.org/10.1109/tpami.2026.3674763
66,Dataset,48(8),2026-8,Bridging Datasets and Hyperparameters: GCN-Based Link Prediction for Recommendation,"Liping Deng, MingQing Xiao",8987-9000,10.1109/tpami.2026.3675022,https://doi.org/10.1109/tpami.2026.3675022
67,Dataset,48(8),2026-8,Match Stereo Videos via Bidirectional Alignment,"Junpeng Jing, Ye Mao, Anlan Qiu, Krystian Mikolajczyk",9337-9353,10.1109/tpami.2026.3679033,https://doi.org/10.1109/tpami.2026.3679033
68,Dataset,48(8),2026-8,"Unification of Closed-Open Industrial Detection Scenarios: New Large-Scale Benchmarks, Challenges and Baselines","Zekai Zhang, Jinglin Zhang, Qinghui Chen, Gang Li, Da Chen, Shuainan Jing, He Wang, Dagang Li, Cong Liu, Cong Bai, Shengyong Chen",9571-9588,10.1109/tpami.2026.3680569,https://doi.org/10.1109/tpami.2026.3680569
69,Dataset,48(8),2026-8,DynaPURLS: Dynamic Refinement of Part-Aware Representations for Skeleton-Based Zero-Shot Action Recognition,"Jingmin Zhu, Anqi Zhu, James Bailey, Jun Liu, Hossein Rahmani, Mohammed Bennamoun, Farid Boussaid, Qiuhong Ke",9659-9674,10.1109/tpami.2026.3680873,https://doi.org/10.1109/tpami.2026.3680873
70,Dataset,48(8),2026-8,SkyFind: A Large-Scale Benchmark Unveiling Referring Expression Comprehension for UAV,"Kunyu Wang, Guanbo Wu, Xueyang Fu, Xingbo Wang, Kean Liu, Xin Lu, Chengjie Ge, Wei Zhai, Zheng-Jun Zha",9859-9875,10.1109/tpami.2026.3681112,https://doi.org/10.1109/tpami.2026.3681112
71,Dataset,48(8),2026-8,DreamFuse: Toward Realistic and Seamless Image Fusion Across Diverse Scenarios,"Junjia Huang, Pengxiang Yan, Jiyang Liu, Jie Wu, Zhao Wang, Yitong Wang, Xinglong Wu, Liang Lin, Guanbin Li",9502-9518,10.1109/tpami.2026.3680535,https://doi.org/10.1109/tpami.2026.3680535
72,Dataset,48(8),2026-8,VLBiasBench: A Comprehensive Benchmark for Evaluating Bias in Large Vision-Language Model,"Sibo Wang, Xiangkui Cao, Jie Zhang, Zheng Yuan, Shiguang Shan, Xilin Chen, Wen Gao",10143-10156,10.1109/tpami.2026.3683747,https://doi.org/10.1109/tpami.2026.3683747
73,Dataset,48(8),2026-8,From Image to Pixels: Towards Fine-Grained Medical Vision-Language Models,"Lingdong Shen, Xiaoshuang Huang, Fangxin Shang, Xudong Zhang, Yehui Yang, Bin Fan, Shiming Xiang",9982-9996,10.1109/tpami.2026.3682684,https://doi.org/10.1109/tpami.2026.3682684
74,Dataset,48(9),2026-9,Fast and Distributed Equivariant Graph Neural Networks by Virtual Node Learning,"Yuelin Zhang, Jiacheng Cen, Jiaqi Han, Wenbing Huang",10284-10298,10.1109/tpami.2026.3684569,https://doi.org/10.1109/tpami.2026.3684569
75,Dataset,48(9),2026-9,When ‘Yes’ Meets ‘But’: Can AI Comprehend Contradictory Humor in Comics?,"Tuo Liang, Zhe Hu, Jing Li, Hao Zhang, Yiren Lu, Yunlai Zhou, Yiran Qiao, Disheng Liu, Jierui Peng, Jing Ma, Yu Yin",10570-10584,10.1109/tpami.2026.3688191,https://doi.org/10.1109/tpami.2026.3688191
76,Dataset,48(9),2026-9,From Convergence to Generalization: Stability of Stationary-Point Learning Algorithms,"Yunwen Lei, Zimeng Wang, Xiaoming Yuan",10598-10609,10.1109/tpami.2026.3688491,https://doi.org/10.1109/tpami.2026.3688491
77,Dataset,48(9),2026-9,Rethinking Link Prediction for Directed Graphs,"Mingguo He, Yuhe Guo, Yanping Zheng, Zhewei Wei, Stephan Gunnemann, Xiaokui Xiao",10792-10808,10.1109/tpami.2026.3688944,https://doi.org/10.1109/tpami.2026.3688944
78,Dataset,48(9),2026-9,ThermalGaussian++: Improving Alignment and Resolution for ThermalGaussian,"Rongfeng Lu, Chi Zhu, Quan Chen, Le Zhang, Ming Lu, Tingyu Wang, Haofan Ren, Yitian Xue, Yunfei Guo, Chenggang Yan",10728-10743,10.1109/tpami.2026.3689388,https://doi.org/10.1109/tpami.2026.3689388
79,Dataset,48(9),2026-9,Task Graph Maximum Likelihood Estimation for Procedural Activity Understanding in Egocentric Videos,"Luigi Seminara, Giovanni Maria Farinella, Antonino Furnari",10518-10534,10.1109/tpami.2026.3689721,https://doi.org/10.1109/tpami.2026.3689721
80,Dataset,48(9),2026-9,OmniCharacter++: Toward Comprehensive Benchmark for Realistic Role-Playing Agents,"Haonan Zhang, Pengpeng Zeng, Ji Zhang, Jingkuan Song, Nicu Sebe, Heng Tao Shen, Lianli Gao",10958-10975,10.1109/tpami.2026.3690447,https://doi.org/10.1109/tpami.2026.3690447
81,Dataset,48(9),2026-9,IntentQA: Intent Question Answering in Videos by Cognitive Context Reasoning,"Jiapeng Li, Ping Wei, Wenjuan Han, Song-Chun Zhu, Lifeng Fan",11044-11061,10.1109/tpami.2026.3690561,https://doi.org/10.1109/tpami.2026.3690561
82,Dataset,48(9),2026-9,Dataset Distillation via a Noise-Unconstrained Generative Model,"Jingxuan Zhang, Lei Dai, Fei Ye, Zhihua Chen, Ping Li, Xiaokang Yang, Bin Sheng",10809-10826,10.1109/tpami.2026.3690778,https://doi.org/10.1109/tpami.2026.3690778
83,Dataset,Early Access,2026,Deep Time Series Models: A Comprehensive Survey and Benchmark,"Yuxuan Wang, Haixu Wu, Jiaxiang Dong, Yong Liu, Chen Wang, Mingsheng Long, Jianmin Wang",1-20,10.1109/tpami.2026.3690845,https://doi.org/10.1109/tpami.2026.3690845
84,Dataset,48(9),2026-9,The Sound of Water: Inferring Physical Properties From Pouring Liquids,"Piyush Bagad, Makarand Tapaswi, Cees G. M. Snoek, Andrew Zisserman",11111-11123,10.1109/tpami.2026.3690989,https://doi.org/10.1109/tpami.2026.3690989
85,Dataset,Early Access,2026,MVHumanNet++: A Large-scale Dataset of Multi-view Daily Dressing Human Captures with Richer Annotations for 3D Human Digitization,"Chenghong Li, Hongjie Liao, Yihao Zhi, Xihe Yang, Zhengwentai Sun, Jiahao Chang, Shuguang Cui, Xiaoguang Han",1-17,10.1109/tpami.2026.3691480,https://doi.org/10.1109/tpami.2026.3691480
86,Dataset,48(10),2026-10,From Zero to Detail: A Progressive Spectral Decoupling Paradigm for UHD Image Restoration With New Benchmark,"Chen Zhao, Yunzhe Xu, Zhizhou Chen, Enxuan Gu, Kai Zhang, Xiaoming Liu, Jian Yang, Ying Tai",11663-11681,10.1109/tpami.2026.3691530,https://doi.org/10.1109/tpami.2026.3691530
87,Dataset,Early Access,2026,MAGIC: Meta-Ability Guided Interactive Chain-of-Distillation for Effective-and-Efficient Vision-and-Language Navigation,"Liuyi Wang, Zongtao He, Mengjiao Shen, Jingwei Yang, Chengju Liu, Qijun Chen",1-18,10.1109/tpami.2026.3692132,https://doi.org/10.1109/tpami.2026.3692132
88,Dataset,Early Access,2026,RAW-Adapter: Adapting Pre-Trained Visual Model to Camera RAW Images and a Benchmark,"Ziteng Cui, Jianfei Yang, Tatsuya Harada",1-17,10.1109/tpami.2026.3692923,https://doi.org/10.1109/tpami.2026.3692923
89,Dataset,48(10),2026-10,Scaling up Occupancy-Centric Driving Scene Generation: Dataset and Method,"Bohan Li, Xin Jin, Hu Zhu, Hongsi Liu, Ruikai Li, Jiazhe Guo, Kaiwen Cai, Chao Ma, Yueming Jin, Hao Zhao, Xiaokang Yang, Wenjun Zeng",12384-12400,10.1109/tpami.2026.3696126,https://doi.org/10.1109/tpami.2026.3696126
90,Dataset,48(9),2026-9,MMA++: Effective Multi-Modal Adaptation for Vision-Language Models,"Lingxiao Yang, Ru-Yuan Zhang, Yanchen Wang, Xiaohua Xie",10414-10428,10.1109/tpami.2026.3691448,https://doi.org/10.1109/tpami.2026.3691448
91,Dataset,Early Access,2026,Moment-Reenacting: Inverse Motion Degradation With Cross-Shutter Guidance,"Xiang Ji, Guixu Lin, Zhengwei Yin, Jiancheng Zhao, Yinqiang Zheng",1-18,10.1109/tpami.2026.3696458,https://doi.org/10.1109/tpami.2026.3696458
92,Dataset,48(10),2026-10,CoDA: Color Distribution Probing for Efficient and Generalizable AI-Generated Image Detection,"Zexi Jia, Zhiqiang Yuan, Xiaoyue Duan, Jinchao Zhang, Jie Zhou, Anil K. Jain",12100-12115,10.1109/tpami.2026.3696399,https://doi.org/10.1109/tpami.2026.3696399
93,Dataset,48(10),2026-10,Ego-R1: Agentic Chain-of-Tool-Thought for Ultra-Long Egocentric Video Reasoning,"Shulin Tian, Ruiqi Wang, Hongming Guo, Penghao Wu, Yuhao Dong, Xiuying Wang, Jingkang Yang, Hao Zhang, Hongyuan Zhu, Ziwei Liu",12116-12131,10.1109/tpami.2026.3697367,https://doi.org/10.1109/tpami.2026.3697367
94,Dataset,48(10),2026-10,High-Quality Entity Segmentation and Grounding,"Lu Qi, Yi-Wen Chen, Tao Zhang, Xiangtai Li, Xu Yang, Bo Du, Ming-Hsuan Yang",12132-12149,10.1109/tpami.2026.3698232,https://doi.org/10.1109/tpami.2026.3698232
95,Dataset,48(10),2026-10,"AeroVerse: UAV-Agent Benchmark Suite for Simulating, Pre-Training, Finetuning, and Evaluating Aerospace Embodied Foundation Models","Fanglong Yao, Yuanchang Yue, Youzhi Liu, Zhigang Wang, Lei Jin, Bin Zhao, Jian Zhao, Xian Sun, Kun Fu",12301-12318,10.1109/tpami.2026.3697634,https://doi.org/10.1109/tpami.2026.3697634
96,Dataset,48(10),2026-10,Person-in-WiFi 3D: Unified Model for 3D WiFi Perception,"Bo Qian, Xing Wei, Kangwei Yan, Han Ding, Jinsong Han, Fei Wang",12713-12727,10.1109/tpami.2026.3701032,https://doi.org/10.1109/tpami.2026.3701032
97,Dataset,48(10),2026-10,Dataset Pruning: Reducing Training Data by Examining SGD-Influence,"Shuo Yang, Yucheng Huang, Zeke Xie, Ping Li, Min Xu, Liqiang Nie",12836-12850,10.1109/tpami.2026.3703395,https://doi.org/10.1109/tpami.2026.3703395
98,Dataset,Early Access,2026,"A Survey of Direct Preference Optimization: Datasets, Theories, Variants, and Applications","Wenyi Xiao, Zechuan Wang, Leilei Gan, Shuai Zhao, Zongyue Li, Ruirui Lei, Wanggui He, Luu Anh Tuan, Long Chan, Hao Jiang, Zhou Zhao, Fei Wu",1-20,10.1109/tpami.2026.3704314,https://doi.org/10.1109/tpami.2026.3704314
99,Dataset,48(10),2026-10,XOV-Action: Toward Generalizable Open-Vocabulary Action Recognition,"Kun-Yu Lin, Henghui Ding, Jia-Run Du, Jiaming Zhou, Yi-Xing Peng, Yu-Ming Tang, Zhilin Zhao, Chen Change Loy, Wei-Shi Zheng",13026-13043,10.1109/tpami.2026.3704589,https://doi.org/10.1109/tpami.2026.3704589
100,Dataset,Early Access,2026,Improving Viewpoint Robustness for Visual Recognition via Adversarial Training,"Shouwei Ruan, Yinpeng Dong, Hang Su, Ning Chen, Haibin Duan, Xingxing Wei",1-16,10.1109/tpami.2026.3705256,https://doi.org/10.1109/tpami.2026.3705256
101,Dataset,Early Access,2026,Relation DETR+: Exploring Explicit Position Relation Prior for Dense Prediction,"Xiuquan Hou, Meiqin Liu, Shaoyi Du, Zhen Fan",1-18,10.1109/tpami.2026.3708265,https://doi.org/10.1109/tpami.2026.3708265
102,Dataset,Early Access,2026,Benchmarking the Robustness of Autonomous Driving to Environmental Illusions: A Lane Perception Perspective,"Tianyuan Zhang, Xianglong Liu, Aishan Liu, Lu Wang, Yitong Zhang, Peng Yue, Mingchuan Zhang, Siyuan Liang, Dacheng Tao",1-18,10.1109/tpami.2026.3710189,https://doi.org/10.1109/tpami.2026.3710189
103,Dataset,Early Access,2026,AdaptCMVC++: Robust and Flexible Adaptation to Incremental Views in Continual Multi-view Clustering,"Jing Wang, Songhe Feng, Jiacheng Li, Kristoffer K. Wickstrom, Michael Kampffmeyer",1-17,10.1109/tpami.2026.3713048,https://doi.org/10.1109/tpami.2026.3713048
104,Dataset,Early Access,2026,Generative Retrieval for Unsupervised Text-Based Person Search,"Mang Ye, Yucheng Ji, Yang Bai, Min Cao, Siyuan Chai, Bo Du, Min Zhang",1-17,10.1109/tpami.2026.3713379,https://doi.org/10.1109/tpami.2026.3713379
105,Dataset,Early Access,2026,Sa2VA: Marrying SAM2 with MLLM for Dense Grounded Understanding of Images and Videos,"Haobo Yuan, Xiangtai Li, Tao Zhang, Yueyi Sun, Zilong Huang, Shilin Xu, Shunping Ji, Yunhai Tong, Lu Qi, Jiashi Feng, Ming-Hsuan Yang",1-14,10.1109/tpami.2026.3720379,https://doi.org/10.1109/tpami.2026.3720379
106,Dataset,Early Access,2026,Universal Representation for Real-World Misaligned Infrared-Visible Image Fusion,"Jinyuan Liu, Zengxi Zhang, Jiahao Zhang, Zhiying Jiang, Long Ma, Xin Fan, Risheng Liu",1-18,10.1109/tpami.2026.3720312,https://doi.org/10.1109/tpami.2026.3720312
107,Dataset,Early Access,2026,Toward Reliable Homography Estimation under Adverse Degradations: An Optimization-Driven Approach,"Risheng Liu, Jiahao Zhang, Zengxi Zhang, Zhu Liu",1-18,10.1109/tpami.2026.3720245,https://doi.org/10.1109/tpami.2026.3720245
108,Dataset,Early Access,2026,"Bridging the Gap in Exam Handwritten Text Recognition: Dataset, Benchmark, and Modeling","Runrui Li, Lin Zhu, Hua Huang",1-18,10.1109/tpami.2026.3721731,https://doi.org/10.1109/tpami.2026.3721731
109,Dataset,Early Access,2026,PRIMEdit: Probability Redistribution for Instance-Aware Multi-Object Video Editing With a New Benchmark Dataset,"Samuel Teodoro, Agus Gunawan, Soo Ye Kim, Jihyong Oh, Munchurl Kim",1-18,10.1109/tpami.2026.3722239,https://doi.org/10.1109/tpami.2026.3722239
110,Dataset,Early Access,2026,Generalizable and Slim Affordance Reasoning for Task-oriented Manipulation,"Xiaomeng Zhu, Yuyang Li, Leiyao Cui, Pengfei Li, Huan-ang Gao, Yixin Zhu, Hao Zhao",1-18,10.1109/tpami.2026.3722040,https://doi.org/10.1109/tpami.2026.3722040
111,Dataset,Early Access,2026,Text2Loc++: Generalizing 3D Point Cloud Localization from Natural Language,"Yan Xia, Letian Shi, Yilin Di, Joao F. Henriques, Daniel Cremers",1-18,10.1109/tpami.2026.3723656,https://doi.org/10.1109/tpami.2026.3723656
112,Dataset,Early Access,2026,AnimateAnyMesh++: A Flexible Feed-Forward Framework for High-Fidelity Text-Driven Mesh Animation,"Zijie Wu, Chaohui Yu, Fan Wang, Xiang Bai",1-16,10.1109/tpami.2026.3724593,https://doi.org/10.1109/tpami.2026.3724593
113,Dataset,Early Access,2026,Active Domain Adaptation Under Concept Shift,"Zikang Zhu, Yiyan Huang, Xing Yan",1-15,10.1109/tpami.2026.3724718,https://doi.org/10.1109/tpami.2026.3724718
114,Dataset,Early Access,2026,"Exposition on Over-squashing Problem of GNNs: Current Methods, Benchmarks and Challenges","Dai Shi, Andi Han, Lequan Lin, Yi Guo, Junbin Gao",1-20,10.1109/tpami.2026.3725957,https://doi.org/10.1109/tpami.2026.3725957
115,Dataset,Early Access,2026,Flexible Motion Stylization via Multi-modality Latent Diffusion Model,"Wenfeng Song, Xingliang Jin, Shuai Li, Aimin Hao, Xia Hou",1-18,10.1109/tpami.2026.3722736,https://doi.org/10.1109/tpami.2026.3722736
116,Dataset,Early Access,2026,KaleidoEye: A Large-scale Dataset and Benchmark for Slippage Robust Gaze Tracking in HMDs,"Yingxi Li, Xiaowei Bai, Liang Xie, Hao Su, Zhuoru Li, Feitian Zhang, Ye Yan, Erwei Yin",1-18,10.1109/tpami.2026.3729429,https://doi.org/10.1109/tpami.2026.3729429
117,Dataset,Early Access,2026,Pose-Star++: Semantic–Visual Understanding for Fine-Grained Fashion Image Editing,"Yuran Dong, Bo Du, Mang Ye",1-17,10.1109/tpami.2026.3728835,https://doi.org/10.1109/tpami.2026.3728835
118,Dataset,Early Access,2026,Event-based Optical Flow Using Spatio-temporal Registration,"Zhichao Li, Arren Glover, Lorenzo Natale, Chiara Bartolozzi",1-16,10.1109/tpami.2026.3729469,https://doi.org/10.1109/tpami.2026.3729469
119,Dataset,Early Access,2026,Cross-Domain Multi-Person Human Activity Recognition via Near-Field Wi-Fi Sensing,"Xin Li, Jingzhi Hu, Yinghui He, Hongbo Wang, Jin Gan, Jun Luo",1-15,10.1109/tpami.2026.3729614,https://doi.org/10.1109/tpami.2026.3729614
120,Dataset,Early Access,2026,Lingshu: Generalist Foundation Model for Unified Multimodal Medical Understanding and Reasoning,"Weiwen Xu, Hou Pong Chan, Long Li, Mahani Aljunied, Ruifeng Yuan, Jianyu Wang, Chenghao Xiao, Guizhen Chen, Chaoqun Liu, Zhaodonghui Li, Yu Sun, Junao Shen, Chaojun Wang, Can Hu, Siwei Pan, Jie Tan, Tingyang Xu, Deli Zhao, Hao Zhang, Yu Rong",1-18,10.1109/tpami.2026.3730310,https://doi.org/10.1109/tpami.2026.3730310
121,Dataset,Early Access,2026,Optimal Transport-based Difficulty-aware Contribution Allocation for Dataset Distillation,"Xiao Cui, Yulei Qin, Mo Zhu, Wengang Zhou, Yu Zhu, Hongsheng Li, Ming-Hsuan Yang, Houqiang Li",1-18,10.1109/tpami.2026.3730301,https://doi.org/10.1109/tpami.2026.3730301
122,Dataset,Early Access,2026,RefMover: Diffusion-Based Single Image Reflection Removal With Language and Region Guidance,"Zifeng Wang, Yuchen Hong, Tianyi Xu, Haofeng Zhong, Shuchen Weng, Jinxiu Liang, Boxin Shi",1-14,10.1109/tpami.2026.3731103,https://doi.org/10.1109/tpami.2026.3731103
123,Dataset,Early Access,2026,Discriminately Treating Motion Components Evolves Joint Depth and Ego-Motion Learning,"Mengtan Zhang, Zizhan Guo, Hongbo Zhao, Yi Feng, Zuyi Xiong, Yue Wang, Shaoyi Du, Hanli Wang, Rui Fan",1-18,10.1109/tpami.2026.3732069,https://doi.org/10.1109/tpami.2026.3732069
124,Dataset,Early Access,2026,CertDW: Towards Certified Dataset Ownership Verification via Conformal Calibration,"Ting Qiao, Yiming Li, Jianbin Li, Yingjia Wang, Leyi Qi, Junfeng Guo, Ruili Feng, Dacheng Tao",1-18,10.1109/tpami.2026.3733501,https://doi.org/10.1109/tpami.2026.3733501
125,Dataset,Early Access,2026,SAM2 on a Diet: Unlocking Massive Potential With Minimal Data for Semi-Supervised Video Camouflaged Object Detection,"Zhenni Yu, Guobao Xiao, Xiaoqin Zhang, Lianghua He",1-18,10.1109/tpami.2026.3734688,https://doi.org/10.1109/tpami.2026.3734688
126,Method,48(9),2026-9,Consistency-Aware Anchor Pyramid Network for Crowd Localization,"Xinyan Liu, Guorong Li, Yuankai Qi, Zhenjun Han, Anton van den Hengel, Nicu Sebe, Ming-Hsuan Yang, Qingming Huang",10192-10206,10.1109/tpami.2024.3392013,https://doi.org/10.1109/tpami.2024.3392013
127,Method,48(4),2026-4,LFSRM: Few-Shot Diagram-Sentence Matching via Local-Feedback Self-Regulating Memory,"Lingling Zhang, Wenjun Wu, Jun Liu, Xiaojun Chang, Xin Hu, Xuan Luo, Yaqiang Wu, Qinghua Zheng",3939-3951,10.1109/tpami.2025.3528723,https://doi.org/10.1109/tpami.2025.3528723
128,Method,48(6),2026-6,Social Reasoning-Aware Trajectory Prediction via Multimodal Language Model,"Inhwan Bae, Junoh Lee, Hae-Gon Jeon",6035-6052,10.1109/tpami.2025.3582000,https://doi.org/10.1109/tpami.2025.3582000
129,Method,48(2),2026-2,DXA-Net: Dual-Task Cross-Lingual Alignment Network for Zero-Shot Cross-Lingual Spoken Language Understanding,"Bowen Xing, Libo Qin, Zhihong Zhu, Zhou Yu, Ivor W. Tsang",1052-1062,10.1109/tpami.2025.3597726,https://doi.org/10.1109/tpami.2025.3597726
130,Method,48(10),2026-10,Learned Off-Aperture Encoding for Wide Field-of-View RGBD Imaging,"Haoyu Wei, Xin Liu, Yuhui Liu, Qiang Fu, Wolfgang Heidrich, Edmund Y. Lam, Yifan Peng",11249-11260,10.1109/tpami.2025.3598340,https://doi.org/10.1109/tpami.2025.3598340
131,Method,48(1),2026-1,Enhanced Computational Complexity in Continuous-Depth Models: Neural Ordinary Differential Equations With Trainable Numerical Schemes,"Said Ouala, Laurent Debreu, Bertrand Chapron, Fabrice Collard, Lucile Gaultier, Ronan Fablet",1045-1051,10.1109/tpami.2025.3599629,https://doi.org/10.1109/tpami.2025.3599629
132,Method,48(1),2026-1,Unsupervised Gaze Representation Learning by Switching Features,"Yunjia Sun, Jiabei Zeng, Shiguang Shan, Xilin Chen",62-78,10.1109/tpami.2025.3600680,https://doi.org/10.1109/tpami.2025.3600680
133,Method,48(1),2026-1,Foundation Model for Skeleton-Based Human Action Understanding,"Hongsong Wang, Wanjiang Weng, Junbo Wang, Fang Zhao, Guo-Sen Xie, Xin Geng, Liang Wang",47-61,10.1109/tpami.2025.3600658,https://doi.org/10.1109/tpami.2025.3600658
134,Method,48(1),2026-1,Communication-Efficient Federated Multi-View Clustering,"Jiyuan Liu, Xinwang Liu, Siqi Wang, Xinhang Wan, Dongsheng Li, Kai Lu, Kunlun He",17-32,10.1109/tpami.2025.3601533,https://doi.org/10.1109/tpami.2025.3601533
135,Method,48(1),2026-1,SparseTSF: Lightweight and Robust Time Series Forecasting via Sparse Modeling,"Shengsheng Lin, Weiwei Lin, Wentai Wu, Haojun Chen, C. L. Philip Chen",170-183,10.1109/tpami.2025.3602445,https://doi.org/10.1109/tpami.2025.3602445
136,Method,48(1),2026-1,Active Learning for Multiple Target Models,"Sheng-Jun Huang, Yi Li, Ying-Peng Tang",140-154,10.1109/tpami.2025.3602682,https://doi.org/10.1109/tpami.2025.3602682
137,Method,48(1),2026-1,I-Filtering: Implicit Filtering for Learning Neural Distance Functions From 3D Point Clouds,"Shengtao Li, Yudong Liu, Ge Gao, Ming Gu, Yu-Shen Liu",109-126,10.1109/tpami.2025.3602830,https://doi.org/10.1109/tpami.2025.3602830
138,Method,48(1),2026-1,Graph-Oriented Instruction Tuning of Large Language Models for Generic Graph Mining,"Yanchao Tan, Hang Lv, Pengxiang Zhan, Shiping Wang, Carl Yang",155-169,10.1109/tpami.2025.3603062,https://doi.org/10.1109/tpami.2025.3603062
139,Method,48(1),2026-1,Compositional Generative Model of Unbounded 4D Cities,"Haozhe Xie, Zhaoxi Chen, Fangzhou Hong, Ziwei Liu",312-328,10.1109/tpami.2025.3603078,https://doi.org/10.1109/tpami.2025.3603078
140,Method,48(1),2026-1,Hierarchical Spherical CNNs With Lifting-Based Adaptive Wavelets for Pooling and Unpooling,"Mingxing Xu, Chenglin Li, Wenrui Dai, Siheng Chen, Junni Zou, Pascal Frossard, Hongkai Xiong",251-269,10.1109/tpami.2025.3603601,https://doi.org/10.1109/tpami.2025.3603601
141,Method,48(1),2026-1,Efficient High-Order Spatial Interactions for Visual Perception,"Zuyan Liu, Yongming Rao, Wenliang Zhao, Jie Zhou, Jiwen Lu",33-46,10.1109/tpami.2025.3603181,https://doi.org/10.1109/tpami.2025.3603181
142,Method,48(1),2026-1,Partial Multiview Incomplete Multilabel Learning via Uncertainty-Driven Reliable Dynamic Fusion,"Jie Wen, Jiang Long, Xiaohuan Lu, Chengliang Liu, Xiaozhao Fang, Yong Xu",236-250,10.1109/tpami.2025.3603677,https://doi.org/10.1109/tpami.2025.3603677
143,Method,48(1),2026-1,Weakly and Self-Supervised Class-Agnostic Motion Prediction for Autonomous Driving,"Ruibo Li, Hanyu Shi, Zhe Wang, Guosheng Lin",1-16,10.1109/tpami.2025.3604036,https://doi.org/10.1109/tpami.2025.3604036
144,Method,48(1),2026-1,Bidirectional Beta-Tuned Diffusion Model,"Tianyi Zheng, Jiayang Zou, Peng-Tao Jiang, Hao Zhang, Jinwei Chen, Jia Wang, Bo Li",359-373,10.1109/tpami.2025.3604039,https://doi.org/10.1109/tpami.2025.3604039
145,Method,48(1),2026-1,Structure-Induced Gradient Regulation for Generalizable Vision-Language Models,"Juncheng Li, Minghe Gao, Siliang Tang, Longhui Wei, Jun Xiao, Fei Wu, Richang Hong, Meng Wang, Qi Tian",219-235,10.1109/tpami.2025.3604454,https://doi.org/10.1109/tpami.2025.3604454
146,Method,48(1),2026-1,An End-to-End Depth-Based Pipeline for Selfie Image Rectification,"Ahmed Alhawwary, Janne Mustaniemi, Phong Nguyen-Ha, Janne Heikkilä",79-91,10.1109/tpami.2025.3604574,https://doi.org/10.1109/tpami.2025.3604574
147,Method,48(1),2026-1,MovieChat+: Question-Aware Sparse Memory for Long Video Question Answering,"Enxin Song, Wenhao Chai, Tian Ye, Jenq-Neng Hwang, Xi Li, Gaoang Wang",374-389,10.1109/tpami.2025.3604614,https://doi.org/10.1109/tpami.2025.3604614
148,Method,48(1),2026-1,PRANCE: Joint Token-Optimization and Structural Channel-Pruning for Adaptive ViT Inference,"Ye Li, Chen Tang, Yuan Meng, Jiajun Fan, Zenghao Chai, Xinzhu Ma, Zhi Wang, Wenwu Zhu",283-298,10.1109/tpami.2025.3605239,https://doi.org/10.1109/tpami.2025.3605239
149,Method,48(1),2026-1,PMGT-VR: A Decentralized Proximal-Gradient Algorithmic Framework With Variance Reduction,"Haishan Ye, Wei Xiong, Tong Zhang",408-420,10.1109/tpami.2025.3606874,https://doi.org/10.1109/tpami.2025.3606874
150,Method,48(1),2026-1,Improving Generalized Visual Grounding With Instance-Aware Joint Learning,"Ming Dai, Wenxuan Cheng, Jiang-Jiang Liu, Lingfeng Yang, Zhenhua Feng, Wankou Yang, Jingdong Wang",448-465,10.1109/tpami.2025.3607387,https://doi.org/10.1109/tpami.2025.3607387
151,Method,48(1),2026-1,Transfer Learning of Stochastic Kriging for Individualized Prediction,"Jinwei Yao, Jianguo Wu, Yongxiang Li, Chao Wang",527-541,10.1109/tpami.2025.3607773,https://doi.org/10.1109/tpami.2025.3607773
152,Method,48(1),2026-1,Sentence-Level Relation Semantics Learning via Contrastive Sentences,"Bowen Xing, Ivor W. Tsang",299-311,10.1109/tpami.2025.3607794,https://doi.org/10.1109/tpami.2025.3607794
153,Method,48(1),2026-1,Toward Effective Knowledge Distillation: Navigating Beyond Small-Data Pitfall,"Zhiwei Hao, Jianyuan Guo, Kai Han, Han Hu, Chang Xu, Yunhe Wang",542-556,10.1109/tpami.2025.3607982,https://doi.org/10.1109/tpami.2025.3607982
154,Method,48(1),2026-1,Segmenting the Motion Components of a Video: A Long-Term Unsupervised Model,"Etienne Meunier, Patrick Bouthemy",500-511,10.1109/tpami.2025.3608065,https://doi.org/10.1109/tpami.2025.3608065
155,Method,48(1),2026-1,H 2 OT: Hierarchical Hourglass Tokenizer for Efficient Video Pose Transformers,"Wenhao Li, Mengyuan Liu, Hong Liu, Pichao Wang, Shijian Lu, Nicu Sebe",512-526,10.1109/tpami.2025.3608284,https://doi.org/10.1109/tpami.2025.3608284
156,Method,48(1),2026-1,Reinterpreting Hypergraph Kernels: Insights Through Homomorphism Analysis,"Yifan Zhang, Shaoyi Du, Yifan Feng, Shihui Ying, Yue Gao",466-481,10.1109/tpami.2025.3608902,https://doi.org/10.1109/tpami.2025.3608902
157,Method,48(1),2026-1,Mask-DiFuser: A Masked Diffusion Model for Unified Unsupervised Image Fusion,"Linfeng Tang, Chunyu Li, Jiayi Ma",591-608,10.1109/tpami.2025.3609323,https://doi.org/10.1109/tpami.2025.3609323
158,Method,48(1),2026-1,MV2DFusion: Leveraging Modality-Specific Object Semantics for Multi-Modal 3D Detection,"Zitian Wang, Zehao Huang, Yulu Gao, Naiyan Wang, Si Liu",609-623,10.1109/tpami.2025.3609348,https://doi.org/10.1109/tpami.2025.3609348
159,Method,48(1),2026-1,A Unified Perspective for Loss-Oriented Imbalanced Learning via Localization,"Zitai Wang, Qianqian Xu, Zhiyong Yang, Zhikang Xu, Linchao Zhang, Xiaochun Cao, Qingming Huang",639-656,10.1109/tpami.2025.3609440,https://doi.org/10.1109/tpami.2025.3609440
160,Method,48(2),2026-2,Single Voter Spreading for Efficient Correspondence Grouping and 3D Registration,"Siwen Quan, Zhao Zeng, Xiyu Zhang, Jiaqi Yang",1081-1097,10.1109/tpami.2025.3609474,https://doi.org/10.1109/tpami.2025.3609474
161,Method,48(1),2026-1,Bayesian Unsupervised Disentanglement of Anatomy and Geometry for Deep Groupwise Image Registration,"Xinzhe Luo, Xin Wang, Linda Shapiro, Chun Yuan, Jianfeng Feng, Xiahai Zhuang",711-729,10.1109/tpami.2025.3609521,https://doi.org/10.1109/tpami.2025.3609521
162,Method,48(1),2026-1,REST: Holistic Learning for End-to-End Semantic Segmentation of Whole-Scene Remote Sensing Imagery,"Wei Chen, Lorenzo Bruzzone, Bo Dang, Yuan Gao, Youming Deng, Jin-Gang Yu, Liangqi Yuan, Yansheng Li",693-710,10.1109/tpami.2025.3609767,https://doi.org/10.1109/tpami.2025.3609767
163,Method,48(1),2026-1,Parse Trees Guided LLM Prompt Compression,"Wenhao Mao, Chengbin Hou, Tianyu Zhang, Xinyu Lin, Ke Tang, Hairong Lv",421-435,10.1109/tpami.2025.3609956,https://doi.org/10.1109/tpami.2025.3609956
164,Method,48(1),2026-1,Object Detection Data Synthesis via Box-to-Image Generation Based on Diffusion Models,"Jingyuan Zhu, Huimin Ma, Jiansheng Chen, Jian Yuan",557-571,10.1109/tpami.2025.3609962,https://doi.org/10.1109/tpami.2025.3609962
165,Method,48(2),2026-2,Adaptive Batch Size Time Evolving Stochastic Gradient Descent for Federated Learning,"Xuming An, Li Shen, Yong Luo, Han Hu, Dacheng Tao",1158-1170,10.1109/tpami.2025.3610169,https://doi.org/10.1109/tpami.2025.3610169
166,Method,48(1),2026-1,Task-Distributionally Robust Data-Free Meta-Learning,"Zixuan Hu, Yongxian Wei, Li Shen, Zhenyi Wang, Baoyuan Wu, Chun Yuan, Dacheng Tao",436-447,10.1109/tpami.2025.3609625,https://doi.org/10.1109/tpami.2025.3609625
167,Method,48(2),2026-2,Towards Size-invariant Salient Object Detection: A Generic Evaluation and Optimization Approach,"Shilong Bao, Qianqian Xu, Feiran Li, Boyu Han, Zhiyong Yang, Xiaochun Cao, Qingming Huang",1115-1132,10.1109/tpami.2025.3609882,https://doi.org/10.1109/tpami.2025.3609882
168,Method,48(1),2026-1,3D Hand Pose Estimation via Articulated Anchor-to-Joint 3D Local Regressors,"Changlong Jiang, Yang Xiao, Jinghong Zheng, Haohong Kuang, Cunlin Wu, Mingyang Zhang, Zhiguo Cao, Min Du, Joey Tianyi Zhou, Junsong Yuan",982-998,10.1109/tpami.2025.3609907,https://doi.org/10.1109/tpami.2025.3609907
169,Method,48(2),2026-2,Step-Wise Distribution-Aligned Style Prompt Tuning for Source-Free Cross-Domain Few-Shot Learning,"Huali Xu, Li Liu, Tianpeng Liu, Shuaifeng Zhi, Shuzhou Sun, Ming-Ming Cheng",1098-1114,10.1109/tpami.2025.3610039,https://doi.org/10.1109/tpami.2025.3610039
170,Method,48(1),2026-1,"Revisiting Transferable Adversarial Images: Systemization, Evaluation, and New Insights","Zhengyu Zhao, Hanwei Zhang, Renjue Li, Ronan Sicre, Laurent Amsaleg, Michael Backes, Qi Li, Qian Wang, Chao Shen",765-780,10.1109/tpami.2025.3610085,https://doi.org/10.1109/tpami.2025.3610085
171,Method,48(1),2026-1,Generative Causality-Driven Network for Graph Multi-Task Learning,"Xixun Lin, Qing Yu, Yanan Cao, Lixin Zou, Chuan Zhou, Jia Wu, Chenliang Li, Peng Zhang, Shirui Pan",1029-1044,10.1109/tpami.2025.3610096,https://doi.org/10.1109/tpami.2025.3610096
172,Method,48(1),2026-1,ACLI: A CNN Pruning Framework Leveraging Adjacent Convolutional Layer Interdependence and $\gamma$γ-Weakly Submodularity,"Sadegh Tofigh, Mohammad Askarizadeh, M. Omair Ahmad, M.N.S. Swamy, Kim Khoa Nguyen",932-945,10.1109/tpami.2025.3610113,https://doi.org/10.1109/tpami.2025.3610113
173,Method,48(1),2026-1,Efficient Nearest Neighbor Search Using Dynamic Programming,"Pengfei Wang, Jiantao Song, Shiqing Xin, Shuangmin Chen, Changhe Tu, Wenping Wang, Jiaye Wang",999-1014,10.1109/tpami.2025.3610211,https://doi.org/10.1109/tpami.2025.3610211
174,Method,48(2),2026-2,I&S-ViT: An Inclusive & Stable Method for Post-Training ViTs Quantization,"Yunshan Zhong, Jiawei Hu, Mingbao Lin, Mengzhao Chen, Rongrong Ji",1063-1080,10.1109/tpami.2025.3610466,https://doi.org/10.1109/tpami.2025.3610466
175,Method,48(1),2026-1,PlaneRecTR++: Unified Query Learning for Joint 3D Planar Reconstruction and Pose Estimation,"Jingjia Shi, Shuaifeng Zhi, Kai Xu",962-981,10.1109/tpami.2025.3610500,https://doi.org/10.1109/tpami.2025.3610500
176,Method,48(1),2026-1,SNNTracker: Online High-Speed Multi-Object Tracking With Spike Camera,"Yajing Zheng, Chengen Li, Jiyuan Zhang, Zhaofei Yu, Tiejun Huang",624-638,10.1109/tpami.2025.3610696,https://doi.org/10.1109/tpami.2025.3610696
177,Method,48(1),2026-1,Defenses in Adversarial Machine Learning: A Systematic Survey From the Lifecycle Perspective,"Baoyuan Wu, Mingli Zhu, Meixi Zheng, Zihao Zhu, Shaokui Wei, Mingda Zhang, Hongrui Chen, Danni Yuan, Li Liu, Qingshan Liu",876-895,10.1109/tpami.2025.3611340,https://doi.org/10.1109/tpami.2025.3611340
178,Method,48(1),2026-1,SS-NeRF: Physically Based Sparse Spectral Rendering With Neural Radiance Field,"Ru Li, Jia Liu, Guanghui Liu, Shengping Zhang, Bing Zeng, Shuaicheng Liu",1015-1028,10.1109/tpami.2025.3611376,https://doi.org/10.1109/tpami.2025.3611376
179,Method,48(2),2026-2,Revisiting Deformable Convolution on Graphs: Large-Range Modeling and Robustness,"Ziyan Zhang, Bo Jiang, Jin Tang, Bin Luo",1229-1242,10.1109/tpami.2025.3611386,https://doi.org/10.1109/tpami.2025.3611386
180,Method,48(1),2026-1,Deep Lookup Network,"Yulan Guo, Longguang Wang, Wendong Mao, Xiaoyu Dong, Yingqian Wang, Li Liu, Wei An",202-218,10.1109/tpami.2025.3605660,https://doi.org/10.1109/tpami.2025.3605660
181,Method,48(1),2026-1,SOOD++: Leveraging Unlabeled Data to Boost Oriented Object Detection,"Dingkang Liang, Wei Hua, Chunsheng Shi, Zhikang Zou, Xiaoqing Ye, Xiang Bai",840-858,10.1109/tpami.2025.3611519,https://doi.org/10.1109/tpami.2025.3611519
182,Method,48(1),2026-1,Pathway-Aware Multimodal Transformer (PAMT): Integrating Pathological Image and Gene Expression for Interpretable Cancer Survival Analysis,"Rui Yan, Xueyuan Zhang, Zihang Jiang, Baizhi Wang, Xiuwu Bian, Fei Ren, S. Kevin Zhou",896-913,10.1109/tpami.2025.3611531,https://doi.org/10.1109/tpami.2025.3611531
183,Method,48(1),2026-1,Self-Guidance: Boosting Flow and Diffusion Generation on Their Own,"Tiancheng Li, Weijian Luo, Zhiyang Chen, Liyuan Ma, Guo-Jun Qi",781-791,10.1109/tpami.2025.3611831,https://doi.org/10.1109/tpami.2025.3611831
184,Method,48(2),2026-2,Sample-Level Prototypical Federated Learning,"Chuizheng Meng, Jianke Yang, Hao Niu, Guillaume Habault, Roberto Legaspi, Shinya Wada, Chihiro Ono, Yan Liu",1133-1144,10.1109/tpami.2025.3612302,https://doi.org/10.1109/tpami.2025.3612302
185,Method,48(1),2026-1,"Toward Optimal Mixture of Experts System for 3D Object Detection: A Game of Accuracy, Efficiency and Adaptivity","Linshen Liu, Pu Wang, Guanlin Wu, Junyue Jiang, Hao Frank Yang",914-931,10.1109/tpami.2025.3611795,https://doi.org/10.1109/tpami.2025.3611795
186,Method,48(2),2026-2,Lagrangian Motion Fields for Long-Term Motion Generation,"Yifei Yang, Zikai Huang, Chenshu Xu, Shengfeng He",1171-1184,10.1109/tpami.2025.3612380,https://doi.org/10.1109/tpami.2025.3612380
187,Method,48(2),2026-2,Zero-Shot Sparse Mixture of Low-Rank Experts Construction From Pre-Trained Foundation Models,"Anke Tang, Li Shen, Yong Luo, Shuai Xie, Han Hu, Lefei Zhang, Bo Du, Dacheng Tao",1145-1157,10.1109/tpami.2025.3612480,https://doi.org/10.1109/tpami.2025.3612480
188,Method,48(2),2026-2,BRACTIVE: A Brain Activation Approach to Human Visual Brain Learning,"Xuan-Bac Nguyen, Hojin Jang, Xin Li, Samee U. Khan, Pawan Sinha, Khoa Luu",1202-1214,10.1109/tpami.2025.3612582,https://doi.org/10.1109/tpami.2025.3612582
189,Method,48(2),2026-2,Zero-Shot Learning for Limited Photon Budget Denoising in Structured Illumination Microscopy,"Hong Yang, Xianqiang Yang",1309-1320,10.1109/tpami.2025.3612886,https://doi.org/10.1109/tpami.2025.3612886
190,Method,48(2),2026-2,An Enhanced Adaptive Confidence Margin for Semi-Supervised Facial Expression Recognition,"Hangyu Li, Nannan Wang, Xi Yang, Xiaoyu Wang, Xinbo Gao",1278-1290,10.1109/tpami.2025.3612953,https://doi.org/10.1109/tpami.2025.3612953
191,Method,48(2),2026-2,IPF-RDA: An Information-Preserving Framework for Robust Data Augmentation,"Suorong Yang, Hongchao Yang, Suhan Guo, Furao Shen, Jian Zhao",1339-1354,10.1109/tpami.2025.3613005,https://doi.org/10.1109/tpami.2025.3613005
192,Method,48(1),2026-1,ADA-Track++: End-to-End Multi-Camera 3D Multi-Object Tracking With Alternating Detection and Association,"Shuxiao Ding, Lukas Schneider, Marius Cordts, Juergen Gall",482-499,10.1109/tpami.2025.3613269,https://doi.org/10.1109/tpami.2025.3613269
193,Method,48(2),2026-2,Semantic Concentration for Self-Supervised Dense Representations Learning,"Peisong Wen, Qianqian Xu, Siran Dai, Runmin Cong, Qingming Huang",1185-1201,10.1109/tpami.2025.3609758,https://doi.org/10.1109/tpami.2025.3609758
194,Method,48(1),2026-1,End-to-End Autonomous Driving Without Costly Modularization and 3D Manual Annotation,"Mingzhe Guo, Zhipeng Zhang, Yuan He, Ke Wang, Liping Jing, Haibin Ling",675-692,10.1109/tpami.2025.3610517,https://doi.org/10.1109/tpami.2025.3610517
195,Method,48(1),2026-1,Translating Images to Road Network: A Sequence-to-Sequence Perspective,"Jiachen Lu, Ming Nie, Bozhou Zhang, Renyuan Peng, Xinyue Cai, Hang Xu, Feng Wen, Wei Zhang, Li Zhang",657-674,10.1109/tpami.2025.3612940,https://doi.org/10.1109/tpami.2025.3612940
196,Method,48(2),2026-2,PRVR: Partially Relevant Video Retrieval,"Xianke Chen, Daizong Liu, Xun Yang, Xirong Li, Jianfeng Dong, Meng Wang, Xun Wang",1262-1277,10.1109/tpami.2025.3614169,https://doi.org/10.1109/tpami.2025.3614169
197,Method,48(1),2026-1,HSIGene: A Foundation Model for Hyperspectral Image Generation,"Li Pang, Xiangyong Cao, Datao Tang, Shuang Xu, Xueru Bai, Feng Zhou, Deyu Meng",730-746,10.1109/tpami.2025.3610927,https://doi.org/10.1109/tpami.2025.3610927
198,Method,48(2),2026-2,Clustering Diffusion Model With Frequency-Signal Modulation for Variational Graph Autoencoders,"Junwei Cheng, Ke Liang, Pengxing Feng, Weixiong Liu, Yong Tang, Chaobo He",1503-1520,10.1109/tpami.2025.3614385,https://doi.org/10.1109/tpami.2025.3614385
199,Method,48(2),2026-2,M3C: Resist Agnostic Attacks by Mitigating Consistent Class Confusion Prior,"Xiaowei Fu, Fuxiang Huang, Guoyin Wang, Xinbo Gao, Lei Zhang",1390-1406,10.1109/tpami.2025.3614495,https://doi.org/10.1109/tpami.2025.3614495
200,Method,48(2),2026-2,Toward Free-Form Local Feature Matching,"Xiaoyong Lu, Songlin Du, Yaping Yan, Xiaobo Lu, Takeshi Ikenaga",1470-1484,10.1109/tpami.2025.3614652,https://doi.org/10.1109/tpami.2025.3614652
201,Method,48(2),2026-2,CDTFusion: Crossing Domain and Task for Infrared and Visible Image Fusion,"Wenda Zhao, Wenbo Wang, Haipeng Wang, You He, Huchuan Lu",1456-1469,10.1109/tpami.2025.3614704,https://doi.org/10.1109/tpami.2025.3614704
202,Method,48(1),2026-1,Semantic-Assisted Object Clustering for Multi-Modal Referring Video Segmentation,"Yong Liu, Zhuoyan Luo, Yicheng Xiao, Yitong Wang, Shuyan Li, Xiu Li, Yujiu Yang, Yansong Tang",572-590,10.1109/tpami.2025.3612474,https://doi.org/10.1109/tpami.2025.3612474
203,Method,48(2),2026-2,A Survey on Video Temporal Grounding With Multimodal Large Language Model,"Jianlong Wu, Wei Liu, Ye Liu, Meng Liu, Liqiang Nie, Zhouchen Lin, Chang Wen Chen",1521-1541,10.1109/tpami.2025.3615586,https://doi.org/10.1109/tpami.2025.3615586
204,Method,48(2),2026-2,Specific Emitter Identification by Edge Pattern Detection and Incremental Open-World Learning,"Jialiang Gong, Xiaodong Xu, Guo Wei",1573-1589,10.1109/tpami.2025.3615797,https://doi.org/10.1109/tpami.2025.3615797
205,Method,48(2),2026-2,To Fold or Not to Fold: Graph Regularized Tensor Train for Visual Data Completion,"Le Xu, Lei Cheng, Ngai Wong, Yik-Chung Wu",1437-1455,10.1109/tpami.2025.3615445,https://doi.org/10.1109/tpami.2025.3615445
206,Method,48(2),2026-2,"TransFace++: Rethinking the Face Recognition Paradigm With a Focus on Accuracy, Efficiency, and Security","Jun Dan, Yang Liu, Baigui Sun, Jiankang Deng, Shan Luo",1243-1261,10.1109/tpami.2025.3616149,https://doi.org/10.1109/tpami.2025.3616149
207,Method,48(2),2026-2,ID-Guard: A Universal Framework for Combating Facial Manipulation via Breaking Identification,"Zuomin Qu, Wei Lu, Xiangyang Luo, Qian Wang, Xiaochun Cao",1720-1735,10.1109/tpami.2025.3616232,https://doi.org/10.1109/tpami.2025.3616232
208,Method,48(2),2026-2,DTL: Parameter- and Memory-Efficient Disentangled Vision Learning,"Minghao Fu, Ke Zhu, Zonghao Ding, Jianxin Wu",1736-1749,10.1109/tpami.2025.3616318,https://doi.org/10.1109/tpami.2025.3616318
209,Method,48(2),2026-2,Multi-Matrix Completion: A Novel Framework for Structurally Missing Elements,"Hao Nan Sheng, Zhi-Yong Wang, Hing Cheung So, Abdelhak M. Zoubir",1626-1640,10.1109/tpami.2025.3616607,https://doi.org/10.1109/tpami.2025.3616607
210,Method,48(2),2026-2,"CAIT: Triple-Win C ompression Toward High A ccuracy, Fast I nference, and Favorable T ransferability for ViTs","Ao Wang, Hui Chen, Zijia Lin, Sicheng Zhao, Jungong Han, Guiguang Ding",1373-1389,10.1109/tpami.2025.3616854,https://doi.org/10.1109/tpami.2025.3616854
211,Method,48(1),2026-1,Efficient 3D Surface Super-Resolution via Normal-Based Multimodal Restoration,"Miaohui Wang, Yunheng Liu, Wuyuan Xie, Boxin Shi, Jianmin Jiang",747-764,10.1109/tpami.2025.3614184,https://doi.org/10.1109/tpami.2025.3614184
212,Method,48(2),2026-2,LargeAD: Large-Scale Cross-Sensor Data Pretraining for Autonomous Driving,"Lingdong Kong, Xiang Xu, Youquan Liu, Jun Cen, Runnan Chen, Wenwei Zhang, Liang Pan, Kai Chen, Ziwei Liu",1291-1308,10.1109/tpami.2025.3617126,https://doi.org/10.1109/tpami.2025.3617126
213,Method,48(2),2026-2,Schedule-Robust Continual Learning,"Ruohan Wang, Marco Ciccone, Massimiliano Pontil, Carlo Ciliberto",1424-1436,10.1109/tpami.2025.3614868,https://doi.org/10.1109/tpami.2025.3614868
214,Method,48(2),2026-2,Learning Dynamic Graph Embeddings With Neural Controlled Differential Equations,"Tiexin Qin, Benjamin Walker, Terry Lyons, Hong Yan, Haoliang Li",2096-2103,10.1109/tpami.2025.3617660,https://doi.org/10.1109/tpami.2025.3617660
215,Method,48(2),2026-2,Model-Free Test Time Adaptation for Out-of-Distribution Detection,"Yi-Fan Zhang, Xue Wang, Tian Zhou, Kun Yuan, Zhang Zhang, Liang Wang, Rong Jin",1542-1553,10.1109/tpami.2025.3615192,https://doi.org/10.1109/tpami.2025.3615192
216,Method,48(2),2026-2,Deeper Insights Into Deep Graph Convolutional Networks: Stability and Generalization,"Guangrui Yang, Ming Li, Han Feng, Xiaosheng Zhuang",1707-1719,10.1109/tpami.2025.3616350,https://doi.org/10.1109/tpami.2025.3616350
217,Method,48(2),2026-2,PiercingEye: Dual-Space Video Violence Detection With Hyperbolic Vision-Language Guidance,"Jiaxu Leng, Zhanjie Wu, Mingpi Tan, Mengjingcheng Mo, Jiankang Zheng, Qingqing Li, Ji Gan, Xinbo Gao",1689-1706,10.1109/tpami.2025.3617460,https://doi.org/10.1109/tpami.2025.3617460
218,Method,48(2),2026-2,Data-Dependent Rectangular Bounding Processes,"Xuhui Fan, Bin Li, Prosha A. Rahman, Scott A. Sisson",1485-1502,10.1109/tpami.2025.3618585,https://doi.org/10.1109/tpami.2025.3618585
219,Method,48(2),2026-2,Learning Knowledge-Based Prompts for Robust 3D Mask Presentation Attack Detection,"Fangling Jiang, Qi Li, Bing Liu, Weining Wang, Caifeng Shan, Zhenan Sun, Ming-Hsuan Yang",1321-1338,10.1109/tpami.2025.3618630,https://doi.org/10.1109/tpami.2025.3618630
220,Method,48(2),2026-2,SMPLest-X: Ultimate Scaling for Expressive Human Pose and Shape Estimation,"Wanqi Yin, Zhongang Cai, Ruisi Wang, Ailing Zeng, Chen Wei, Qingping Sun, Haiyi Mei, Yanjun Wang, Hui En Pang, Mingyuan Zhang, Lei Zhang, Chen Change Loy, Atsushi Yamashita, Lei Yang, Ziwei Liu",1778-1794,10.1109/tpami.2025.3618174,https://doi.org/10.1109/tpami.2025.3618174
221,Method,48(2),2026-2,Layer-Adaptive-Augmentation-Based Graph Contrastive Learning With Feature Decorrelation,"Yuhua Xu, Junli Wang, Rui Duan, Changjun Jiang",1750-1761,10.1109/tpami.2025.3618329,https://doi.org/10.1109/tpami.2025.3618329
222,Method,48(2),2026-2,Wonder3D++: Cross-Domain Diffusion for High-Fidelity 3D Generation From a Single Image,"Yuxiao Yang, Xiao-Xiao Long, Zhiyang Dou, Cheng Lin, Yuan Liu, Qingsong Yan, Yuexin Ma, Haoqian Wang, Zhiqiang Wu, Wei Yin",1674-1688,10.1109/tpami.2025.3618675,https://doi.org/10.1109/tpami.2025.3618675
223,Method,48(2),2026-2,Probabilistically Aligned View-Unaligned Clustering With Adaptive Template Selection,"Wenhua Dong, Xiao-Jun Wu, Zhenhua Feng, Sara Atito, Muhammad Awais, Josef Kittler",1904-1916,10.1109/tpami.2025.3618984,https://doi.org/10.1109/tpami.2025.3618984
224,Method,48(2),2026-2,Unified Cross-Modal Medical Image Synthesis With Hierarchical Mixture of Product-of-Experts,"Reuben Dorent, Nazim Haouchine, Alexandra Golby, Sarah Frisken, Tina Kapur, William Wells",1641-1656,10.1109/tpami.2025.3616632,https://doi.org/10.1109/tpami.2025.3616632
225,Method,48(2),2026-2,Explicit Visual Prompting for Universal Foreground Segmentations,"Weihuang Liu, Xi Shen, Chi-Man Pun, Xiaodong Cun",1762-1777,10.1109/tpami.2025.3619490,https://doi.org/10.1109/tpami.2025.3619490
226,Method,48(2),2026-2,Release the Potential of Memory Buffer in Continual Learning: A Dynamic System Perspective,"Zhenyi Wang, Li Shen, Tiehang Duan, Yanjun Zhu, Tongliang Liu, Mingchen Gao, Dacheng Tao",1811-1824,10.1109/tpami.2025.3619883,https://doi.org/10.1109/tpami.2025.3619883
227,Method,48(2),2026-2,Multilingual Text-to-Image Person Retrieval via Bidirectional Relation Reasoning and Aligning,"Min Cao, Xinyu Zhou, Ding Jiang, Bo Du, Mang Ye, Min Zhang",1961-1977,10.1109/tpami.2025.3620139,https://doi.org/10.1109/tpami.2025.3620139
228,Method,48(2),2026-2,UniSOT: A Unified Framework for Multi-Modality Single Object Tracking,"Yinchao Ma, Yuyang Tang, Wenfei Yang, Tianzhu Zhang, Xu Zhou, Feng Wu",1554-1572,10.1109/tpami.2025.3615714,https://doi.org/10.1109/tpami.2025.3615714
229,Method,48(2),2026-2,IRNet: Iterative Refinement Network for Noisy Partial Label Learning,"Zheng Lian, Mingyu Xu, Lan Chen, Licai Sun, Bin Liu, Lei Feng, Jianhua Tao",1932-1948,10.1109/tpami.2025.3620388,https://doi.org/10.1109/tpami.2025.3620388
230,Method,48(2),2026-2,Learning Roles With Emergent Social Value Orientations,"Wenhao Li, Xiangfeng Wang, Bo Jin, Jingyi Lu, Hongyuan Zha",1657-1673,10.1109/tpami.2025.3620954,https://doi.org/10.1109/tpami.2025.3620954
231,Method,48(2),2026-2,Discourse-Aware Language Representation,"Zhuosheng Zhang, Siru Ouyang, Hai Zhao",1888-1903,10.1109/tpami.2025.3621229,https://doi.org/10.1109/tpami.2025.3621229
232,Method,48(2),2026-2,A Unified Masked Jigsaw Puzzle Framework for Vision and Language Models,"Weixin Ye, Wei Wang, Yahui Liu, Yue Song, Bin Ren, Wei Bi, Rita Cucchiara, Nicu Sebe",1873-1887,10.1109/tpami.2025.3621246,https://doi.org/10.1109/tpami.2025.3621246
233,Method,48(2),2026-2,Causal Interventional Prompt Tuning for Few-Shot Out-of-Distribution Generalization,"Jie Wen, Yicheng Liu, Chao Huang, Chengliang Liu, Yong Xu, Xiaochun Cao",1978-1991,10.1109/tpami.2025.3621250,https://doi.org/10.1109/tpami.2025.3621250
234,Method,48(2),2026-2,Optimizing Unnormalized Statistical Models Through Compositional Optimization,"Wei Jiang, Jiayu Qin, Lingyu Wu, Changyou Chen, Tianbao Yang, Lijun Zhang",1949-1960,10.1109/tpami.2025.3621320,https://doi.org/10.1109/tpami.2025.3621320
235,Method,48(2),2026-2,Hier-EgoPack: Hierarchical Egocentric Video Understanding With Diverse Task Perspectives,"Simone Alberto Peirone, Francesca Pistilli, Antonio Alliegro, Tatiana Tommasi, Giuseppe Averta",1917-1931,10.1109/tpami.2025.3621326,https://doi.org/10.1109/tpami.2025.3621326
236,Method,48(3),2026-3,Toward Better Generalization Bounds of Stochastic Optimization for Nonconvex Learning,Yunwen Lei,2104-2117,10.1109/tpami.2025.3621591,https://doi.org/10.1109/tpami.2025.3621591
237,Method,48(2),2026-2,Exploiting the Benefits of Temporal Information in the Realm of LiDAR Panoptic Segmentation,"Ngoc-Quan Ha-Phan, Myungsik Yoo",2048-2065,10.1109/tpami.2025.3621650,https://doi.org/10.1109/tpami.2025.3621650
238,Method,48(2),2026-2,Vicinal Gaussian Transform: Rethinking Source-Free Domain Adaptation Through Source-Informed Label Consistency,"Jing Wang, Yongchao Xu, Jing Tang, Zeyu Gong, Bo Tao, Clarence W. de Silva, Xiang Bai",2030-2047,10.1109/tpami.2025.3621631,https://doi.org/10.1109/tpami.2025.3621631
239,Method,48(3),2026-3,High-Resolution Photo Enhancement in Real-Time: A Laplacian Pyramid Network,"Feng Zhang, Haoyou Deng, Zhiqiang Li, Lida Li, Bin Xu, Qingbo Lu, Zisheng Cao, Minchen Wei, Changxin Gao, Nong Sang, Xiang Bai",2170-2185,10.1109/tpami.2025.3622041,https://doi.org/10.1109/tpami.2025.3622041
240,Method,48(3),2026-3,Examining the Impact of Optical Aberrations to Image Classification and Object Detection Models,"Patrick Müller, Alexander Braun, Margret Keuper",2139-2153,10.1109/tpami.2025.3622234,https://doi.org/10.1109/tpami.2025.3622234
241,Method,48(3),2026-3,Uncertainty-Aware Disentangled Dynamic Graph Attention Network for Out-of-Distribution Generalization,"Xin Wang, Haoyang Li, Zeyang Zhang, Haibo Chen, Tong Xiao, Kehan Li, Wenwu Zhu",2200-2220,10.1109/tpami.2025.3622503,https://doi.org/10.1109/tpami.2025.3622503
242,Method,48(2),2026-2,RealCustom++: Representing Images as Real Textual Word for Real-Time Customization,"Zhendong Mao, Mengqi Huang, Fei Ding, Mingcong Liu, Qian He, Yongdong Zhang",2078-2095,10.1109/tpami.2025.3623025,https://doi.org/10.1109/tpami.2025.3623025
243,Method,48(2),2026-2,Orthogonal Decoupling Contrastive Regularization: Toward Uncorrelated Feature Decoupling for Unpaired Image Restoration,"Zhongze Wang, Jingchao Peng, Haitao Zhao, Lujian Yao, Kaijie Zhao",1842-1859,10.1109/tpami.2025.3620803,https://doi.org/10.1109/tpami.2025.3620803
244,Method,48(2),2026-2,Neural Prediction Errors as a Unified Cue for Abstract Visual Reasoning,"Lingxiao Yang, Xiaohua Xie, Wei-Shi Zheng, Fang Fang, Ru-Yuan Zhang",1795-1810,10.1109/tpami.2025.3623461,https://doi.org/10.1109/tpami.2025.3623461
245,Method,48(3),2026-3,Improving Model Fusion by Training-Time Neuron Alignment With Fixed Neuron Anchors,"Zexi Li, Zhiqi Li, Jie Lin, Tao Shen, Jun Xiao, Yike Guo, Tao Lin, Chao Wu",2186-2199,10.1109/tpami.2025.3624314,https://doi.org/10.1109/tpami.2025.3624314
246,Method,48(2),2026-2,High-Resolution Open-Vocabulary Object 6D Pose Estimation,"Jaime Corsetti, Davide Boscaini, Francesco Giuliari, Changjae Oh, Andrea Cavallaro, Fabio Poiesi",2066-2077,10.1109/tpami.2025.3624589,https://doi.org/10.1109/tpami.2025.3624589
247,Method,48(2),2026-2,SMC++: Masked Learning of Unsupervised Video Semantic Compression,"Yuan Tian, Xiaoyue Ling, Cong Geng, Qiang Hu, Guo Lu, Guangtao Zhai",1992-2011,10.1109/tpami.2025.3625063,https://doi.org/10.1109/tpami.2025.3625063
248,Method,48(3),2026-3,A Comprehensive Survey on Evidential Deep Learning and its Applications,"Junyu Gao, Mengyuan Chen, Liangyu Xiang, Changsheng Xu",2118-2138,10.1109/tpami.2025.3625258,https://doi.org/10.1109/tpami.2025.3625258
249,Method,48(3),2026-3,Causality-Driven Convolutional Manifold Attention Network for Electroencephalogram Signal Decoding,"Bin Lu, Junxiang Chen, Fuwang Wang, Guilin Wen, Rongrong Fu, Changchun Hua",2253-2264,10.1109/tpami.2025.3625631,https://doi.org/10.1109/tpami.2025.3625631
250,Method,48(3),2026-3,Neural Eigenfunctions are Structured Representation Learners,"Zhijie Deng, Jiaxin Shi, Hao Zhang, Peng Cui, Cewu Lu, Jun Zhu",2445-2457,10.1109/tpami.2025.3625728,https://doi.org/10.1109/tpami.2025.3625728
251,Method,48(3),2026-3,PAVM: Progressive and Adaptive Variance Minimization Algorithm for Robust Registration,"Hao Wu, Hongdi Liu, Tao Ding, Lin Hua, Dahu Zhu",2282-2295,10.1109/tpami.2025.3625992,https://doi.org/10.1109/tpami.2025.3625992
252,Method,48(2),2026-2,Affine Correspondences Between Multi-Camera Systems for Relative Pose Estimation,"Banglei Guan, Ji Zhao",2012-2029,10.1109/tpami.2025.3626134,https://doi.org/10.1109/tpami.2025.3626134
253,Method,48(3),2026-3,Estimating Fog Parameters From a Sequence of Stereo Images,"Yining Ding, João F. C. Mota, Andrew Michael Wallace, Sen Wang",2154-2169,10.1109/tpami.2025.3626275,https://doi.org/10.1109/tpami.2025.3626275
254,Method,48(3),2026-3,A Gravity-Informed Spatiotemporal Transformer for Human Activity Intensity Prediction,"Yi Wang, Zhenghong Wang, Fan Zhang, Chaogui Kang, Sijie Ruan, Di Zhu, Chengling Tang, Zhongfu Ma, Weiyu Zhang, Yu Zheng, Philip S. Yu, Yu Liu",2380-2397,10.1109/tpami.2025.3625859,https://doi.org/10.1109/tpami.2025.3625859
255,Method,48(3),2026-3,DynamicPAE: Generating Scene-Aware Physical Adversarial Examples in Real-Time,"Jin Hu, Xianglong Liu, Jiakai Wang, Junkai Zhang, Xianqi Yang, Haotong Qin, Yuqing Ma, Ke Xu",2413-2430,10.1109/tpami.2025.3626068,https://doi.org/10.1109/tpami.2025.3626068
256,Method,48(3),2026-3,Energy-Based Model for Accurate Estimation of Shapley Values in Feature Attribution,"Cheng Lu, Jiusun Zeng, Yu Xia, Jinhui Cai, Shihua Luo",2496-2513,10.1109/tpami.2025.3626404,https://doi.org/10.1109/tpami.2025.3626404
257,Method,48(3),2026-3,A Review of Uncertainty Representation and Quantification in Neural Networks,"Kaizheng Wang, Fabio Cuzzolin, Keivan Shariatmadar, David Moens, Hans Hallez",2476-2495,10.1109/tpami.2025.3626645,https://doi.org/10.1109/tpami.2025.3626645
258,Method,48(3),2026-3,NVS-SQA: Exploring Self-Supervised Quality Representation Learning for Neurally Synthesized Scenes Without References,"Qiang Qu, Yiran Shen, Xiaoming Chen, Yuk Ying Chung, Weidong Cai, Tongliang Liu",2265-2281,10.1109/tpami.2025.3626550,https://doi.org/10.1109/tpami.2025.3626550
259,Method,48(3),2026-3,Data Augmentation With Regularization for Multi-Labeled Complementary Label Learning,"Yi Gao, Yuan-Yuan Meng, Miao Xu, Min-Ling Zhang",2368-2379,10.1109/tpami.2025.3626850,https://doi.org/10.1109/tpami.2025.3626850
260,Method,48(3),2026-3,Robust Disentangled Counterfactual Learning for Physical Audiovisual Commonsense Reasoning,"Mengshi Qi, Changsheng Lv, Huadong Ma",2514-2527,10.1109/tpami.2025.3627224,https://doi.org/10.1109/tpami.2025.3627224
261,Method,48(3),2026-3,Joint Short-Term Origin-Destination Demand Prediction for Multimodal Transport Systems,"Jinlei Zhang, Yongjie Yang, Lixing Yang, Ziyou Gao",2458-2475,10.1109/tpami.2025.3627280,https://doi.org/10.1109/tpami.2025.3627280
262,Method,48(3),2026-3,Revisiting Transformation Invariant Geometric Deep Learning: An Initial Representation Perspective,"Ziwei Zhang, Xin Wang, Zeyang Zhang, Peng Cui, Wenwu Zhu",2646-2658,10.1109/tpami.2025.3626735,https://doi.org/10.1109/tpami.2025.3626735
263,Method,48(3),2026-3,SED++: A Simple Encoder-Decoder for Improved Open-Vocabulary Semantic Segmentation,"Wenqi Zhu, Bin Xie, Jiale Cao, Jin Xie, Fahad Shahbaz Khan, Yanwei Pang",2528-2543,10.1109/tpami.2025.3626757,https://doi.org/10.1109/tpami.2025.3626757
264,Method,48(3),2026-3,AdaGen: Learning Adaptive Policy for Image Synthesis,"Zanlin Ni, Yulin Wang, Yeguo Hua, Renping Zhou, Jiayi Guo, Jun Song, Bo Zheng, Gao Huang",2695-2713,10.1109/tpami.2025.3626772,https://doi.org/10.1109/tpami.2025.3626772
265,Method,48(3),2026-3,"SpeechPalette: A Comprehensive Speech Editing Method for Text-Based Speech Editing, One-Shot TTS and Attributes Editing","Tao Wang, Jiangyan Yi, Ruibo Fu, Chunyu Qiang, Dading Chong, Chao Wang, Dongyang Dai, Zhengqi Wen, Jianhua Tao",2596-2609,10.1109/tpami.2025.3626793,https://doi.org/10.1109/tpami.2025.3626793
266,Method,48(3),2026-3,Sparse Trajectory Prediction,"Liushuai Shi, Le Wang, Sanping Zhou, Wei Tang, Gang Hua",2610-2627,10.1109/tpami.2025.3626815,https://doi.org/10.1109/tpami.2025.3626815
267,Method,48(3),2026-3,Bayesian Window Transformer for Image Restoration,"Jie Xiao, Xueyang Fu, Yurui Zhu, Zheng-Jun Zha",2431-2444,10.1109/tpami.2025.3626947,https://doi.org/10.1109/tpami.2025.3626947
268,Method,48(3),2026-3,Joint Sparse Optical Flow Estimation and Keypoint Detection via Dual-task Imperative Learning,"Qiang Liu, Baojia Chen, Zhiqiang Hao, Xinlong Li, Leilei Xiang, Juan Liu",2659-2675,10.1109/tpami.2025.3627192,https://doi.org/10.1109/tpami.2025.3627192
269,Method,48(3),2026-3,Structural Similarity in Deep Features: Unified Image Quality Assessment Robust to Geometrically Disparate Reference,"Keke Zhang, Weiling Chen, Tiesong Zhao, Zhou Wang",2581-2595,10.1109/tpami.2025.3627285,https://doi.org/10.1109/tpami.2025.3627285
270,Method,48(3),2026-3,Gaussian Mixture Conditional Variational Recurrent Neural Network for Unified Trajectory Imputation and Prediction,"Yi Xu, Yun Fu",2342-2353,10.1109/tpami.2025.3627470,https://doi.org/10.1109/tpami.2025.3627470
271,Method,48(3),2026-3,Improving Embedding of Graphs With Missing Data by Soft Manifolds,"Andrea Marinoni, Pietro Liò, Alessandro Barp, Mark Girolami",2221-2235,10.1109/tpami.2025.3627795,https://doi.org/10.1109/tpami.2025.3627795
272,Method,48(3),2026-3,"Refine, Control and Distill: A Text-to-Image Framework for Faithful Image Generation","Peng Xing, Ning Wang, Yanpeng Sun, Jinhui Tang, Zechao Li",2296-2311,10.1109/tpami.2025.3628109,https://doi.org/10.1109/tpami.2025.3628109
273,Method,48(3),2026-3,HAT: Hybrid Attention Transformer for Image Restoration,"Xiangyu Chen, Xintao Wang, Wenlong Zhang, Xiangtao Kong, Yu Qiao, Jiantao Zhou, Chao Dong",2676-2694,10.1109/tpami.2025.3628275,https://doi.org/10.1109/tpami.2025.3628275
274,Method,48(3),2026-3,UniDepthV2: Universal Monocular Metric Depth Estimation Made Simpler,"Luigi Piccinelli, Christos Sakaridis, Yung-Hsu Yang, Mattia Segu, Siyuan Li, Wim Abbeloos, Luc Van Gool",2354-2367,10.1109/tpami.2025.3628473,https://doi.org/10.1109/tpami.2025.3628473
275,Method,48(3),2026-3,"${\text{CA}^{2}\text{ST}}$: Cross-Attention in Audio, Space, and Time for Holistic Video Recognition","Jongseo Lee, Joohyun Chang, Dongho Lee, Jinwoo Choi",2803-2819,10.1109/tpami.2025.3628653,https://doi.org/10.1109/tpami.2025.3628653
276,Method,48(3),2026-3,FlexPara: Flexible Neural Surface Parameterization,"Yuming Zhao, Qijian Zhang, Junhui Hou, Jiazhi Xia, Wenping Wang, Ying He",2772-2789,10.1109/tpami.2025.3628727,https://doi.org/10.1109/tpami.2025.3628727
277,Method,48(3),2026-3,SelaVPR++: Towards Seamless Adaptation of Foundation Models for Efficient Place Recognition,"Feng Lu, Tong Jin, Xiangyuan Lan, Lijun Zhang, Yunpeng Liu, Yaowei Wang, Chun Yuan",2731-2748,10.1109/tpami.2025.3629287,https://doi.org/10.1109/tpami.2025.3629287
278,Method,48(3),2026-3,Good Performance Estimation Strategies are All You Need in Neural Architecture Search,"Xiawu Zheng, Lei Zhang, Binghan Chen, Mingkai Wang, Fei Chao, Chenglin Wu, Shanshan Wang, Rongrong Ji, Yonghong Tian",2398-2412,10.1109/tpami.2025.3629288,https://doi.org/10.1109/tpami.2025.3629288
279,Method,48(3),2026-3,DifFlow3D: Hierarchical Diffusion Models for Uncertainty-Aware 3D Scene Flow Estimation,"Jiuming Liu, Weicai Ye, Guangming Wang, Chaokang Jiang, Lei Pan, Jinru Han, Zhe Liu, Guofeng Zhang, Hesheng Wang",2837-2854,10.1109/tpami.2025.3629570,https://doi.org/10.1109/tpami.2025.3629570
280,Method,48(3),2026-3,Efficient and Effective Weight-Ensembling Mixture of Experts for Multi-Task Model Merging,"Li Shen, Anke Tang, Enneng Yang, Guibing Guo, Yong Luo, Lefei Zhang, Xiaochun Cao, Bo Du, Dacheng Tao",2329-2341,10.1109/tpami.2025.3629605,https://doi.org/10.1109/tpami.2025.3629605
281,Method,48(3),2026-3,"Condition Numbers in Multiview Geometry, Instability in Relative Pose Estimation, and RANSAC","Hongyi Fan, Joe Kileel, Benjamin Kimia",2855-2869,10.1109/tpami.2025.3629643,https://doi.org/10.1109/tpami.2025.3629643
282,Method,48(3),2026-3,UniVST: A Unified Framework for Training-Free Localized Video Style Transfer,"Quanjian Song, Mingbao Lin, Wengyi Zhan, Shuicheng Yan, Liujuan Cao, Rongrong Ji",2820-2836,10.1109/tpami.2025.3630010,https://doi.org/10.1109/tpami.2025.3630010
283,Method,48(3),2026-3,Meta-Learning-Based Surrogate Models for Efficient Hyperparameter Optimization,"Liping Deng, Maziar Raissi, MingQing Xiao",3931-3938,10.1109/tpami.2025.3630178,https://doi.org/10.1109/tpami.2025.3630178
284,Method,48(3),2026-3,Sparse-PGD: A Unified Framework for Sparse Adversarial Perturbations Generation,"Xuyang Zhong, Chen Liu",3056-3069,10.1109/tpami.2025.3630185,https://doi.org/10.1109/tpami.2025.3630185
285,Method,48(3),2026-3,Dynamic Bit-Wise Semantic Transformer Hashing for Multi-Modal Retrieval,"Wentao Tan, Fengling Li, Lei Zhu, Weili Guan, Jingjing Li, Zhiyong Cheng, Heng Tao Shen",2954-2969,10.1109/tpami.2025.3630209,https://doi.org/10.1109/tpami.2025.3630209
286,Method,48(3),2026-3,SPAN: Learning Similarity Between Scene Graphs and Images With Transformers,"Yuren Cong, Wentong Liao, Bodo Rosenhahn, Michael Ying Yang",2886-2901,10.1109/tpami.2025.3630242,https://doi.org/10.1109/tpami.2025.3630242
287,Method,48(3),2026-3,DELTA: Deep Low-Rank Tensor Representation for Multi-Dimensional Data Recovery,"Guo-Wei Yang, Liqiao Yang, Tai-Xiang Jiang, Guisong Liu, Michael K. Ng",3018-3035,10.1109/tpami.2025.3630339,https://doi.org/10.1109/tpami.2025.3630339
288,Method,48(3),2026-3,Variational Bayesian Semi-Supervised Keyword Extraction,"Yaofang Hu, Yichen Cheng, Yusen Xia, Xinlei Wang",2790-2802,10.1109/tpami.2025.3630577,https://doi.org/10.1109/tpami.2025.3630577
289,Method,48(3),2026-3,Graph Quality Matters on Revealing the Semantics Behind the Data in Physical World,"Jielong Yan, Shihui Ying, Shaoyi Du, Yue Gao",2236-2252,10.1109/tpami.2025.3630605,https://doi.org/10.1109/tpami.2025.3630605
290,Method,48(3),2026-3,Toward Visual Grounding: A Survey,"Linhui Xiao, Xiaoshan Yang, Xiangyuan Lan, Yaowei Wang, Changsheng Xu",2749-2771,10.1109/tpami.2025.3630635,https://doi.org/10.1109/tpami.2025.3630635
291,Method,48(3),2026-3,"A Survey of Graph Neural Networks in Real World: Imbalance, Noise, Privacy and OOD Challenges","Wei Ju, Siyu Yi, Yifan Wang, Zhiping Xiao, Zhengyang Mao, Hourun Li, Yiyang Gu, Yifang Qin, Nan Yin, Senzhang Wang, Xinwang Liu, Philip S. Yu, Ming Zhang",3036-3055,10.1109/tpami.2025.3630673,https://doi.org/10.1109/tpami.2025.3630673
292,Method,48(3),2026-3,Evolving Graph Learning for Out-of-Distribution Generalization in Non-Stationary Environments,"Qingyun Sun, Jiayi Luo, Haonan Yuan, Xingcheng Fu, Hao Peng, Jianxin Li, Philip S. Yu",2714-2730,10.1109/tpami.2025.3631584,https://doi.org/10.1109/tpami.2025.3631584
293,Method,48(3),2026-3,Semi-Supervised Unconstrained Head Pose Estimation in the Wild,"Huayi Zhou, Fei Jiang, Jin Yuan, Yong Rui, Hongtao Lu, Kui Jia",3082-3099,10.1109/tpami.2025.3631642,https://doi.org/10.1109/tpami.2025.3631642
294,Method,48(3),2026-3,LN3Diff++: Scalable L atent N eural Fields D iffusion for Speedy 3D Generation,"Yushi Lan, Fangzhou Hong, Shangchen Zhou, Shuai Yang, Xuyi Meng, Yongwei Chen, Zhaoyang Lyu, Bo Dai, Xingang Pan, Chen Change Loy",3002-3017,10.1109/tpami.2025.3633073,https://doi.org/10.1109/tpami.2025.3633073
295,Method,48(3),2026-3,MADiff: Motion-Aware Mamba Diffusion Models for Hand Trajectory Prediction on Egocentric Videos,"Junyi Ma, Xieyuanli Chen, Wentao Bao, Jingyi Xu, Hesheng Wang",3250-3267,10.1109/tpami.2025.3633453,https://doi.org/10.1109/tpami.2025.3633453
296,Method,48(3),2026-3,Language-Guided Graph Representation Learning for Video Summarization,"Wenrui Li, Wei Han, Hengyu Man, Wangmeng Zuo, Xiaopeng Fan, Yonghong Tian",3216-3232,10.1109/tpami.2025.3633657,https://doi.org/10.1109/tpami.2025.3633657
297,Method,48(3),2026-3,Synergy of Sight and Semantics: Holistic Visual Understanding With CLIP,"Qu Yang, Mang Ye, Dacheng Tao",3119-3136,10.1109/tpami.2025.3634165,https://doi.org/10.1109/tpami.2025.3634165
298,Method,48(3),2026-3,Dynamic Deep Factor Graph for Multi-Agent Reinforcement Learning,"Yuchen Shi, Shihong Duan, Cheng Xu, Ran Wang, Fangwen Ye, Chau Yuen",3417-3431,10.1109/tpami.2025.3634378,https://doi.org/10.1109/tpami.2025.3634378
299,Method,48(3),2026-3,Street Gaussians: Modeling Dynamic Urban Scenes With Gaussian Primitives,"Sida Peng, Yushi Long, Yunzhi Yan, Haotong Lin, Chenxu Zhou, Haiyang Sun, Kun Zhan, Xianpeng Lang, Hujun Bao, Xiaowei Zhou",3355-3367,10.1109/tpami.2025.3634385,https://doi.org/10.1109/tpami.2025.3634385
300,Method,48(3),2026-3,Optimal Control Theoretic Neural Optimizer: From Backpropagation to Dynamic Programming,"Guan-Horng Liu, Tianrong Chen, Evangelos A. Theodorou",2989-3001,10.1109/tpami.2025.3634391,https://doi.org/10.1109/tpami.2025.3634391
301,Method,48(3),2026-3,Enhancing Mathematical Reasoning Through Autonomously Learning Knowledge,"Jiayu Liu, Zhenya Huang, Enhong Chen, Qi Liu, Hongke Zhao, Xin Lin, Jing Sha, Shijin Wang",3100-3118,10.1109/tpami.2025.3634507,https://doi.org/10.1109/tpami.2025.3634507
302,Method,48(3),2026-3,SNI-SLAM++: Tightly-Coupled Semantic Neural Implicit SLAM,"Siting Zhu, Guangming Wang, Hermann Blum, Zhong Wang, Ganlin Zhang, Daniel Cremers, Marc Pollefeys, Hesheng Wang",3399-3416,10.1109/tpami.2025.3634528,https://doi.org/10.1109/tpami.2025.3634528
303,Method,48(3),2026-3,Graph Frequency-Domain Factor Modeling,"Kyusoon Kim, Hee-Seok Oh",3445-3457,10.1109/tpami.2025.3634622,https://doi.org/10.1109/tpami.2025.3634622
304,Method,48(3),2026-3,Convex Solutions to S f T and NRS f M Under Algebraic Deformation Models,"Agniva Sengupta, Adrien Bartoli",3199-3215,10.1109/tpami.2025.3635039,https://doi.org/10.1109/tpami.2025.3635039
305,Method,48(3),2026-3,VSCode-v2: Dynamic Prompt Learning for General Visual Salient and Camouflaged Object Detection With Two-Stage Optimization,"Ziyang Luo, Nian Liu, Xuguang Yang, Dingwen Zhang, Deng-Ping Fan, Fahad Shahbaz Khan, Junwei Han",3137-3153,10.1109/tpami.2025.3635136,https://doi.org/10.1109/tpami.2025.3635136
306,Method,48(3),2026-3,Human-Inspired Scene Understanding: A Grounded Cognition Method for Unbiased Scene Graph Generation,"Ruonan Zhang, Yiqing Hao, Feng Zhang, Gaoyun An, Binyang Song, Dapeng Oliver Wu",3286-3303,10.1109/tpami.2025.3635152,https://doi.org/10.1109/tpami.2025.3635152
307,Method,48(3),2026-3,Rethinking Rotation-Invariant Recognition of Fine-Grained Shapes From the Perspective of Contour Points,"Yanjie Xu, Yunzhi Chen, Handing Xu, Tianmu Wang, Yaguan Li, Zhenguo Nie",3185-3198,10.1109/tpami.2025.3635480,https://doi.org/10.1109/tpami.2025.3635480
308,Method,48(3),2026-3,J-Mac: Jacobian Matrix Meets Masked Contrastive Learning for Generalization in Reinforcement Learning,"Yi Jiang, Wengang Zhou, Yufeng Shi, Mingxiao Feng, Houqiang Li",3070-3081,10.1109/tpami.2025.3631231,https://doi.org/10.1109/tpami.2025.3631231
309,Method,48(3),2026-3,Learning Task-Preferred Inference Routes for Gradient De-Conflict in Multi-Output DNNs,"Yi Sun, Xiaochang Hu, Xin Xu, Jian Li, Yifei Shi, Ling-Li Zeng",3154-3166,10.1109/tpami.2025.3635844,https://doi.org/10.1109/tpami.2025.3635844
310,Method,48(3),2026-3,Contrastive Learning for Semi-Supervised Deep Regression With Generalized Ordinal Rankings From Spectral Seriation,"Ce Wang, Weihang Dai, Hanru Bai, Xiaomeng Li",3432-3444,10.1109/tpami.2025.3635904,https://doi.org/10.1109/tpami.2025.3635904
311,Method,48(3),2026-3,BiKT: Unleashing the Potential of GNNs via Bi-Directional Knowledge Transfer,"Shuai Zheng, Zhizhe Liu, Zhenfeng Zhu, Xingxing Zhang, Jianxin Li, Yao Zhao",3304-3318,10.1109/tpami.2025.3636549,https://doi.org/10.1109/tpami.2025.3636549
312,Method,48(3),2026-3,From System 1 to System 2: A Survey of Reasoning Large Language Models,"Duzhen Zhang, Zhong-Zhi Li, Ming-Liang Zhang, Jiaxin Zhang, Zengyan Liu, Yuxuan Yao, Haotian Xu, Junhao Zheng, Xiuyi Chen, Yingying Zhang, Fei Yin, Jiahua Dong, Zhijiang Guo, Le Song, Cheng-Lin Liu",3335-3354,10.1109/tpami.2025.3637037,https://doi.org/10.1109/tpami.2025.3637037
313,Method,48(3),2026-3,Closing the Approximation Gap of Partial AUC Optimization: A Tale of Two Formulations,"Yangbangyan Jiang, Qianqian Xu, Huiyang Shao, Zhiyong Yang, Shilong Bao, Xiaochun Cao, Qingming Huang",3482-3498,10.1109/tpami.2025.3637063,https://doi.org/10.1109/tpami.2025.3637063
314,Method,48(3),2026-3,Demystifying Higher-Order Graph Neural Networks,"Maciej Besta, Florian Scheidl, Lukas Gianinazzi, Grzegorz Kwasniewski, Shachar Klaiman, Jürgen Müller, Torsten Hoefler",2544-2565,10.1109/tpami.2025.3637114,https://doi.org/10.1109/tpami.2025.3637114
315,Method,48(3),2026-3,Deep Learning With Data Privacy via Residual Perturbation,"Wenqi Tao, Huaming Ling, Zuoqiang Shi, Bao Wang",3458-3470,10.1109/tpami.2025.3637239,https://doi.org/10.1109/tpami.2025.3637239
316,Method,48(3),2026-3,Mini-Gemini: Mining the Potential of Multi-Modality Vision Language Models,"Yanwei Li, Yuechen Zhang, Chengyao Wang, Zhisheng Zhong, Yixin Chen, Ruihang Chu, Shaoteng Liu, Jiaya Jia",3530-3543,10.1109/tpami.2025.3637265,https://doi.org/10.1109/tpami.2025.3637265
317,Method,48(3),2026-3,QuadPrior++: Multi-Dimension Augmented Physical Prior for Zero-Reference Illumination Enhancement,"Haofeng Huang, Yifan Li, Wenjing Wang, Wenhan Yang, Ling-Yu Duan, Jiaying Liu",3383-3398,10.1109/tpami.2025.3637277,https://doi.org/10.1109/tpami.2025.3637277
318,Method,48(3),2026-3,A Bayesian Framework for Clustered Federated Learning,"Peng Wu, Tales Imbiriba, Pau Closas",3471-3481,10.1109/tpami.2025.3637562,https://doi.org/10.1109/tpami.2025.3637562
319,Method,48(3),2026-3,Deep Tabular Representation Corrector,"Hangting Ye, Peng Wang, Wei Fan, Xiaozhuang Song, He Zhao, Dandan Guo, Yi Chang",3368-3382,10.1109/tpami.2025.3637810,https://doi.org/10.1109/tpami.2025.3637810
320,Method,48(3),2026-3,Grid Convolution for 3D Human Pose Estimation,"Yangyuxuan Kang, Dongqi Cai, Yuyang Liu, Anbang Yao, Shandong Wang, Yurong Chen, Enhua Wu",2936-2953,10.1109/tpami.2025.3632829,https://doi.org/10.1109/tpami.2025.3632829
321,Method,48(3),2026-3,The Value of Corrective Feedback in the Online Active Learning Paradigm,"Mark Lindsey, Francis Kubala, Richard M. Stern",3885-3898,10.1109/tpami.2025.3639522,https://doi.org/10.1109/tpami.2025.3639522
322,Method,48(3),2026-3,Large-Scale 3D Medical Image Pre-Training With Geometric Context Priors,"Linshan Wu, Jiaxin Zhuang, Hao Chen",3801-3818,10.1109/tpami.2025.3639593,https://doi.org/10.1109/tpami.2025.3639593
323,Method,48(3),2026-3,USF++: A Unified Sampling Framework for Solver Searching of Diffusion Probabilistic Models,"Dongyun Zou, Enshu Liu, Xuefei Ning, Huazhong Yang, Yu Wang",3640-3651,10.1109/tpami.2025.3639602,https://doi.org/10.1109/tpami.2025.3639602
324,Method,48(3),2026-3,FedFask: Fast Sketching Distributed PCA for Large-Scale Federated Data,"Xingcai Zhou, Guang Yang, Haotian Zheng, Linglong Kong, Jinde Cao",3714-3725,10.1109/tpami.2025.3639635,https://doi.org/10.1109/tpami.2025.3639635
325,Method,48(3),2026-3,Physics-Driven Neural Compensation for Electrical Impedance Tomography,"Chuyu Wang, Huiting Deng, Dong Liu",3783-3800,10.1109/tpami.2025.3639647,https://doi.org/10.1109/tpami.2025.3639647
326,Method,48(3),2026-3,"Two Decades of Multi-View Clustering: Taxonomy, Application, and Challenge","Xinwang Liu, Ke Liang, Jun Wang, Suyuan Liu, Xiangke Wang, Huaimin Wang",3744-3764,10.1109/tpami.2025.3640109,https://doi.org/10.1109/tpami.2025.3640109
327,Method,48(3),2026-3,Toward an Advanced Temporal Graph Network in Hyperbolic Space,"Viet Quan Le, Viet Cuong Ta",3868-3884,10.1109/tpami.2025.3640172,https://doi.org/10.1109/tpami.2025.3640172
328,Method,48(3),2026-3,Cost-Aware AUC Optimization via Adaptive Kernel Density Estimation,"Peisong Wen, Qianqian Xu, Zhiyong Yang, Huiyang Shao, Linchao Zhang, Qingming Huang",3604-3621,10.1109/tpami.2025.3640236,https://doi.org/10.1109/tpami.2025.3640236
329,Method,48(3),2026-3,Harnessing Lightweight Transformer With Contextual Synergic Enhancement for Efficient 3D Medical Image Segmentation,"Xinyu Liu, Zhen Chen, Wuyang Li, Chenxin Li, Yixuan Yuan",3852-3867,10.1109/tpami.2025.3640233,https://doi.org/10.1109/tpami.2025.3640233
330,Method,48(3),2026-3,Homophily Edge Augment Graph Neural Network for High-Class Homophily Variance Learning,"Mingjian Guang, Rui Zhang, Dawei Cheng, Xiaoyang Wang, Xin Liu, Jie Yang, Yi Ouyang, Xian Wu, Yefeng Zheng",3835-3851,10.1109/tpami.2025.3640635,https://doi.org/10.1109/tpami.2025.3640635
331,Method,48(3),2026-3,Heatmap Pooling Network for Action Recognition From RGB Videos,"Mengyuan Liu, Jinfu Liu, Yongkang Jiang, Bin He",3726-3743,10.1109/tpami.2025.3640697,https://doi.org/10.1109/tpami.2025.3640697
332,Method,48(3),2026-3,Decentralized Federated Learning With Distributed Aggregation Weight Optimization,"Zhiyuan Zhai, Xiaojun Yuan, Xin Wang, Geoffrey Ye Li",3899-3910,10.1109/tpami.2025.3640709,https://doi.org/10.1109/tpami.2025.3640709
333,Method,48(3),2026-3,Physics-Informed Matrix Factorization Operator,"Wenming Wu, Chenxi Tian, Licheng Jiao, Lingling Li, Xu Liu, Fang Liu, Wenping Ma, Shuyuan Yang",3556-3570,10.1109/tpami.2025.3640844,https://doi.org/10.1109/tpami.2025.3640844
334,Method,48(4),2026-4,Toward Accurate Procedure Planning in Instructional Videos: Visual State Generation Helps Task-Selective Diffusion,"Fen Fang, Muli Yang, Min Wu, Yanhua Yang, Qianli Xu, Joo-Hwee Lim, Xulei Yang, Hongyuan Zhu",4033-4050,10.1109/tpami.2025.3641798,https://doi.org/10.1109/tpami.2025.3641798
335,Method,48(3),2026-3,Test-Time Correction: An Online 3D Detection System via Visual Prompting,"Hanxue Zhang, Zetong Yang, Yanan Sun, Li Chen, Fei Xia, Fatma Güney, Hongyang Li",3666-3679,10.1109/tpami.2025.3642076,https://doi.org/10.1109/tpami.2025.3642076
336,Method,48(3),2026-3,A Unified Decision Rule for Generalized Out-of-Distribution Detection,"Xinsong Ma, Jie Wu, Xin Zou, Weiwei Liu",3544-3555,10.1109/tpami.2025.3642151,https://doi.org/10.1109/tpami.2025.3642151
337,Method,48(3),2026-3,"Versatile Backdoor Attack With Visible, Semantic, Sample-Specific and Compatible Triggers","Ruotong Wang, Hongrui Chen, Zihao Zhu, Li Liu, Baoyuan Wu",3680-3697,10.1109/tpami.2025.3642161,https://doi.org/10.1109/tpami.2025.3642161
338,Method,48(3),2026-3,Toward Efficient Semi-Supervised Object Detection With Detection Transformer,"Jiacheng Zhang, Jiaming Li, Xiangru Lin, Wei Zhang, Xiao Tan, Hongbo Gao, Jingdong Wang, Guanbin Li",3765-3782,10.1109/tpami.2025.3642123,https://doi.org/10.1109/tpami.2025.3642123
339,Method,48(3),2026-3,Time Series Domain Adaptation via Latent Invariant Causal Mechanism,"Ruichu Cai, Junxian Huang, Zhenhui Yang, Zijian Li, Emadeldeen Eldele, Min Wu, Fuchun Sun",3622-3639,10.1109/tpami.2025.3642245,https://doi.org/10.1109/tpami.2025.3642245
340,Method,48(4),2026-4,VPT-NSP 2 ++: Importance-Aware Visual Prompt Tuning in Null Space for Continual Learning,"Shizhou Zhang, Yue Lu, De Cheng, Yinghui Xing, Nannan Wang, Peng Wang, Yanning Zhang",4318-4335,10.1109/tpami.2025.3642298,https://doi.org/10.1109/tpami.2025.3642298
341,Method,48(4),2026-4,Mettle: Meta-Token Learning for Memory-Efficient Audio-Visual Adaptation,"Jinxing Zhou, Zhihui Li, Yongqiang Yu, Yanghao Zhou, Ruohao Guo, Guangyao Li, Yuxin Mao, Mingfei Han, Xiaojun Chang, Meng Wang",4222-4238,10.1109/tpami.2025.3642821,https://doi.org/10.1109/tpami.2025.3642821
342,Method,48(4),2026-4,Unveiling Fine-Grained Deceptive Patterns in Multimodal Fake News: An Explainable Neuro-Symbolic Framework With LVLMs,"Dongxiao He, Yiqi Dong, Xiaobao Wang, Meng Ge, Carl Yang, Di Jin, Witold Pedrycz",4132-4149,10.1109/tpami.2025.3642831,https://doi.org/10.1109/tpami.2025.3642831
343,Method,48(4),2026-4,Unified Granularity Controller for Interactive Segmentation,"Yian Zhao, Kehan Li, Pengchong Qiao, Chang Liu, Rongrong Ji, Jie Chen",4051-4062,10.1109/tpami.2025.3642834,https://doi.org/10.1109/tpami.2025.3642834
344,Method,48(4),2026-4,Reinforcement Learning-Based Sequential Parameter Tuning for Image Signal Processing,"Xinyu Sun, Bing Li, Congyan Lang, Zhikun Zhao, Juan Wang, Weihua Xiong, Weiming Hu, Long Cheng",4114-4131,10.1109/tpami.2025.3642837,https://doi.org/10.1109/tpami.2025.3642837
345,Method,48(4),2026-4,Towards Unified Semantic and Controllable Image Fusion: A Diffusion Transformer Approach,"Jiayang Li, Chengjie Jiang, Junjun Jiang, Pengwei Liang, Jiayi Ma, Liqiang Nie",3970-3987,10.1109/tpami.2025.3642842,https://doi.org/10.1109/tpami.2025.3642842
346,Method,48(4),2026-4,Beyond Degradation Redundancy: Contrastive Prompt Learning for All-in-One Image Restoration,"Gang Wu, Junjun Jiang, Kui Jiang, Xianming Liu, Liqiang Nie",4005-4022,10.1109/tpami.2025.3642852,https://doi.org/10.1109/tpami.2025.3642852
347,Method,48(4),2026-4,A Unified Experience Replay Framework for Spiking Deep Reinforcement Learning,"Meng Xu, Xinhong Chen, Bingyi Liu, Yi-Rong Lin, Yung-Hui Li, Jianping Wang",4275-4289,10.1109/tpami.2025.3642900,https://doi.org/10.1109/tpami.2025.3642900
348,Method,48(4),2026-4,Evolutionary Dimension-Specific Feature Selection for Multi-Dimensional Classification,"Yu-Yang Zhang, Bin-Bin Jia, Min-Ling Zhang",4290-4302,10.1109/tpami.2025.3642978,https://doi.org/10.1109/tpami.2025.3642978
349,Method,48(4),2026-4,A Theoretical Perspective on Streaming Noisy Data With Distribution Shift,"Wenshui Luo, Shuo Chen, Tao Zhou, Chen Gong",4150-4166,10.1109/tpami.2025.3643174,https://doi.org/10.1109/tpami.2025.3643174
350,Method,48(3),2026-3,Community-Aware Multi-View Representation Learning With Incomplete Information,"Haobin Li, Yijie Lin, Peng Hu, Mouxing Yang, Xi Peng",3517-3529,10.1109/tpami.2025.3639582,https://doi.org/10.1109/tpami.2025.3639582
351,Method,48(4),2026-4,RingMoE: Mixture-of-Modality-Experts Multi-Modal Foundation Models for Universal Remote Sensing Image Interpretation,"Hanbo Bi, Yingchao Feng, Boyuan Tong, Mengyu Wang, Haichen Yu, Yongqiang Mao, Hao Chang, Wenhui Diao, Peijin Wang, Yue Yu, Hanyang Peng, Yehong Zhang, Kun Fu, Xian Sun",4388-4405,10.1109/tpami.2025.3643453,https://doi.org/10.1109/tpami.2025.3643453
352,Method,48(4),2026-4,Developing Evolving Adaptability in Biological Intelligence: A Novel Biologically-Inspired Continual Learning Model for Video Saliency Prediction,"Dandan Zhu, Kaiwei Zhang, Kun Zhu, Nana Zhang, Xiongkuo Min, Guangtao Zhai, Xiaokang Yang",4257-4274,10.1109/tpami.2025.3643517,https://doi.org/10.1109/tpami.2025.3643517
353,Method,48(4),2026-4,Recent Advances in Discrete Speech Tokens: A Review,"Yiwei Guo, Zhihan Li, Hankun Wang, Bohan Li, Chongtian Shao, Hanglei Zhang, Chenpeng Du, Xie Chen, Shujie Liu, Kai Yu",4184-4204,10.1109/tpami.2025.3643619,https://doi.org/10.1109/tpami.2025.3643619
354,Method,48(3),2026-3,Generating Any Changes in the Noise Domain,"Qiang Liu, Yang Kuang, Jun Yue, Pedram Ghamisi, Weiying Xie, Leyuan Fang",3698-3713,10.1109/tpami.2025.3643733,https://doi.org/10.1109/tpami.2025.3643733
355,Method,48(4),2026-4,Detection of Model-Based Planted Pseudo-Cliques in Random Dot Product Graphs by the Adjacency Spectral Embedding and the Graph Encoder Embedding,"Tong Qi, Vince Lyzinski",4023-4032,10.1109/tpami.2025.3643798,https://doi.org/10.1109/tpami.2025.3643798
356,Method,48(3),2026-3,Dynamic Attention Analysis for Backdoor Detection in Text-to-Image Diffusion Models,"Zhongqi Wang, Jie Zhang, Shiguang Shan, Xilin Chen",3652-3665,10.1109/tpami.2025.3644016,https://doi.org/10.1109/tpami.2025.3644016
357,Method,48(4),2026-4,MESA: Effective Matching Redundancy Reduction by Semantic Area Segmentation,"Yesheng Zhang, Shuhan Shen, Xu Zhao",4454-4472,10.1109/tpami.2025.3644296,https://doi.org/10.1109/tpami.2025.3644296
358,Method,48(4),2026-4,"Augmenting Iterative Trajectory for Bilevel Optimization: Methodology, Analysis and Extensions","Risheng Liu, Yaohua Liu, Shangzhi Zeng, Jin Zhang",4239-4256,10.1109/tpami.2025.3644443,https://doi.org/10.1109/tpami.2025.3644443
359,Method,48(4),2026-4,CompleMatch: Boosting Time-Series Semi-Supervised Classification With Temporal-Frequency Complementarity,"Zhen Liu, Kun Zeng, Qianli Ma, James T. Kwok",4440-4453,10.1109/tpami.2025.3644603,https://doi.org/10.1109/tpami.2025.3644603
360,Method,48(4),2026-4,$\ell _{0}$ℓ0-Regularized Sparse Coding-Based Interpretable Network for Multi-Modal Image Fusion,"Gargi Panda, Soumitra Kundu, Saumik Bhattacharya, Aurobinda Routray",4081-4097,10.1109/tpami.2025.3643898,https://doi.org/10.1109/tpami.2025.3643898
361,Method,48(4),2026-4,Boosting Multi-Modal Large Language Model With Enhanced Visual Features,"Yiwei Ma, Weihuang Lin, Zhibin Wang, Jiayi Ji, Xiaoshuai Sun, Chia-Wen Lin, Rongrong Ji",4524-4538,10.1109/tpami.2025.3644851,https://doi.org/10.1109/tpami.2025.3644851
362,Method,48(3),2026-3,CMKD: CNN/Transformer-Based Cross-Model Knowledge Distillation for Audio Classification,"Yuan Gong, Sameer Khurana, Andrew Rouditchenko, James Glass",3571-3585,10.1109/tpami.2025.3644853,https://doi.org/10.1109/tpami.2025.3644853
363,Method,Early Access,2026,Weakly and Single-Frame Supervised Temporal Sentence Grounding With Gaussian-Based Contrastive Proposal Learning,"Minghang Zheng, Yanjie Huang, Qingchao Chen, Yuxin Peng, Yang Liu",1-18,10.1109/tpami.2025.3644900,https://doi.org/10.1109/tpami.2025.3644900
364,Method,48(4),2026-4,A Novel Approach to GNN Explainability: Distilling Knowledge With Inter-Layer Alignment,"Xiaoxia Zhang, Xingyu Liu, Guoyin Wang, Yongduan Song",4507-4523,10.1109/tpami.2025.3645279,https://doi.org/10.1109/tpami.2025.3645279
365,Method,48(4),2026-4,Temporal Stereo Matching From Event Cameras via Joint Learning With Stereoscopic Flow,"Jae-Young Kang, Hoonhee Cho, Kuk-Jin Yoon",4098-4113,10.1109/tpami.2025.3645734,https://doi.org/10.1109/tpami.2025.3645734
366,Method,48(4),2026-4,Condition-Guided Diffusion for Multi-Modal Pedestrian Trajectory Prediction Incorporating Intention and Interaction Priors,"Yanghong Liu, Xingping Dong, Yutian Lin, Mang Ye, Kaihao Zhang, Bo Du",4406-4419,10.1109/tpami.2025.3645918,https://doi.org/10.1109/tpami.2025.3645918
367,Method,48(4),2026-4,Handwritten Text Recognition: A Survey,"Carlos Garrido-Munoz, Antonio Rios-Vila, Jorge Calvo-Zaragoza",4367-4387,10.1109/tpami.2025.3646002,https://doi.org/10.1109/tpami.2025.3646002
368,Method,48(4),2026-4,MoEGAD: A Mixture-of-Experts Framework With Pseudo-Anomaly Generation for Graph-Level Anomaly Detection,"Jinyu Cai, Yunhe Zhang, Pengyang Wang, See-Kiong Ng",4473-4489,10.1109/tpami.2025.3646069,https://doi.org/10.1109/tpami.2025.3646069
369,Method,48(4),2026-4,DSwinIR: Rethinking Window-Based Attention for Image Restoration,"Gang Wu, Junjun Jiang, Kui Jiang, Xianming Liu, Liqiang Nie",4350-4366,10.1109/tpami.2025.3646016,https://doi.org/10.1109/tpami.2025.3646016
370,Method,48(4),2026-4,Noisy Correspondence Rectification in Multimodal Clustering Space for Cross-Modal Matching,"Shuo Yang, Yancheng Long, Yujie Wei, Zeke Xie, Hongxun Yao, Min Xu, Liqiang Nie",4657-4672,10.1109/tpami.2025.3646184,https://doi.org/10.1109/tpami.2025.3646184
371,Method,48(4),2026-4,Hyperbolic Kernel Graph Neural Networks for Neurocognitive Decline Analysis From Multimodal Brain Imaging,"Meimei Yang, Yongheng Sun, Qianqian Wang, Andrea Bozoki, Maureen Kohi, Mingxia Liu",4827-4841,10.1109/tpami.2025.3646188,https://doi.org/10.1109/tpami.2025.3646188
372,Method,48(4),2026-4,Breaking the Multi-Enhancement Bottleneck: Domain-Consistent Quality Enhancement for Compressed Images,"Qunliang Xing, Ce Zheng, Mai Xu, Jing Yang, Shengxi Li",4692-4707,10.1109/tpami.2025.3646223,https://doi.org/10.1109/tpami.2025.3646223
373,Method,48(4),2026-4,The CUR Decomposition of Self-Attention Matrices in Vision Transformers,"Chong Wu, Maolin Che, Hong Yan",4792-4809,10.1109/tpami.2025.3646452,https://doi.org/10.1109/tpami.2025.3646452
374,Method,48(4),2026-4,Efficient Scene Modeling via Structure-Aware and Region-Prioritized 3D Gaussians,"Guangchi Fang, Bing Wang",4623-4641,10.1109/tpami.2025.3646473,https://doi.org/10.1109/tpami.2025.3646473
375,Method,48(4),2026-4,Complexity Control Facilitates Reasoning-Based Compositional Generalization in Transformers,"Zhongwang Zhang, Pengxiao Lin, Zhiwei Wang, Yaoyu Zhang, Zhi-Qin John Xu",4336-4349,10.1109/tpami.2025.3646483,https://doi.org/10.1109/tpami.2025.3646483
376,Method,48(4),2026-4,Controllable Generation With Text-to-Image Diffusion Models: A Survey,"Pu Cao, Feng Zhou, Qing Song, Lu Yang",4771-4791,10.1109/tpami.2025.3646548,https://doi.org/10.1109/tpami.2025.3646548
377,Method,48(4),2026-4,Unsupervised Representation Learning From Sparse Transformation Analysis,"Yue Song, T. Anderson Keller, Yisong Yue, Pietro Perona, Max Welling",4539-4552,10.1109/tpami.2025.3645586,https://doi.org/10.1109/tpami.2025.3645586
378,Method,48(4),2026-4,Exploring the Vulnerabilities of Federated Learning: A Deep Dive Into Gradient Inversion Attacks,"Pengxin Guo, Runxi Wang, Shuang Zeng, Jinjing Zhu, Haoning Jiang, Yanran Wang, Yuyin Zhou, Feifei Wang, Hui Xiong, Liangqiong Qu",4810-4826,10.1109/tpami.2025.3646639,https://doi.org/10.1109/tpami.2025.3646639
379,Method,48(4),2026-4,Proactive Bot Detection Based on Structural Information Principles,"Xianghua Zeng, Hao Peng, Angsheng Li",4726-4743,10.1109/tpami.2025.3646644,https://doi.org/10.1109/tpami.2025.3646644
380,Method,48(4),2026-4,Slack Federated Adversarial Training,"Jianing Zhu, Bo Han, Jiangchao Yao, Quanming Yao, Tongliang Liu, Jianliang Xu",4420-4439,10.1109/tpami.2025.3646649,https://doi.org/10.1109/tpami.2025.3646649
381,Method,48(4),2026-4,Jo-SNC: Combating Noisy Labels Through Fostering Self- and Neighbor-Consistency,"Zeren Sun, Yazhou Yao, Tongliang Liu, Zechao Li, Fumin Shen, Jinhui Tang",4708-4725,10.1109/tpami.2025.3646737,https://doi.org/10.1109/tpami.2025.3646737
382,Method,48(4),2026-4,DirMixE: Harnessing Test Agnostic Long-Tail Recognition With Hierarchical Label Vartiations,"Zhiyong Yang, Qianqian Xu, Sicong Li, Zitai Wang, Xiaochun Cao, Qingming Huang",4605-4622,10.1109/tpami.2025.3647124,https://doi.org/10.1109/tpami.2025.3647124
383,Method,48(4),2026-4,Hypergraph Foundation Model,"Yue Gao, Yifan Feng, Shiquan Liu, Xiangmin Han, Shaoyi Du, Zongze Wu, Han Hu",4063-4080,10.1109/tpami.2025.3647504,https://doi.org/10.1109/tpami.2025.3647504
384,Method,48(4),2026-4,Toward Understanding Generalization and Stability Gaps Between Centralized and Decentralized Federated Learning,"Yan Sun, Li Shen, Dacheng Tao",4744-4755,10.1109/tpami.2025.3647762,https://doi.org/10.1109/tpami.2025.3647762
385,Method,48(4),2026-4,Learning Positive-Incentive Point Sampling in Neural Implicit Fields for Object Pose Estimation,"Yifei Shi, Boyan Wan, Xin Xu, Kai Xu",4490-4506,10.1109/tpami.2025.3647829,https://doi.org/10.1109/tpami.2025.3647829
386,Method,48(5),2026-5,Iterative Differential Entropy Minimization (IDEM) Method for Fine Rigid Pairwise 3D Point Cloud Registration: A Focus on the Metric,"Emmanuele Barberi, Felice Sfravara, Filippo Cucinotta",5083-5094,10.1109/tpami.2025.3647835,https://doi.org/10.1109/tpami.2025.3647835
387,Method,48(5),2026-5,Diffusion-Driven Self-Supervised Learning for Shape Reconstruction and Pose Estimation,"Jingtao Sun, Yaonan Wang, Mingtao Feng, Chao Ding, Mike Zheng Shou, Ajmal Mian",5113-5130,10.1109/tpami.2025.3647855,https://doi.org/10.1109/tpami.2025.3647855
388,Method,48(5),2026-5,You Only Look One Step: Accelerating Backpropagation in Diffusion Sampling With Gradient Shortcuts,"Hongkun Dou, Zeyu Li, Xingyu Jiang, Hongjue Li, Lijun Yang, Wen Yao, Yue Deng",5050-5067,10.1109/tpami.2025.3647857,https://doi.org/10.1109/tpami.2025.3647857
389,Method,48(5),2026-5,Forget Me Not: Fighting Local Overfitting With Knowledge Fusion and Distillation,"Uri Stern, Eli Corn, Daphna Weinshall",5004-5015,10.1109/tpami.2025.3647862,https://doi.org/10.1109/tpami.2025.3647862
390,Method,48(4),2026-4,Toward Unified Expertise: Learning a Single Vision Model From Diverse Perception,"Zitian Chen, Mingyu Ding, Yikang Shen, Erik Learned-Miller, Chuang Gan",4896-4908,10.1109/tpami.2025.3647880,https://doi.org/10.1109/tpami.2025.3647880
391,Method,48(4),2026-4,Robust Semi-Supervised Feature Selection With Multi-Granularity Zentropy Modeling,"Kehua Yuan, Duoqian Miao, Weiping Ding, Witold Pedrycz, Yiyu Yao",4587-4604,10.1109/tpami.2025.3647921,https://doi.org/10.1109/tpami.2025.3647921
392,Method,48(4),2026-4,"HUGSIM: A Real-Time, Photo-Realistic and Closed-Loop Simulator for Autonomous Driving","Hongyu Zhou, Longzhong Lin, Jiabao Wang, Yichong Lu, Dongfeng Bai, Bingbing Liu, Yue Wang, Andreas Geiger, Yiyi Liao",4673-4691,10.1109/tpami.2025.3647952,https://doi.org/10.1109/tpami.2025.3647952
393,Method,48(5),2026-5,DiFaReli++: Diffusion Face Relighting With Consistent Cast Shadows,"Puntawat Ponglertnapakorn, Nontawat Tritrong, Supasorn Suwajanakorn",5068-5082,10.1109/tpami.2025.3648667,https://doi.org/10.1109/tpami.2025.3648667
394,Method,48(4),2026-4,Data-Driven Bidirectional Spatial-Adaptive Network for Weakly Supervised Object Detection in Remote Sensing Images,"Zebin Wu, Shangdong Zheng, Yang Xu, Le Wang, Zhihui Wei, Gang Hua",4553-4569,10.1109/tpami.2025.3646464,https://doi.org/10.1109/tpami.2025.3646464
395,Method,48(4),2026-4,HGNN Shield: Defending Hypergraph Neural Networks Against High-Order Structure Attack,"Yifan Feng, Yifan Zhang, Shaoyi Du, Shihui Ying, Jun-Hai Yong, Yue Gao",4205-4221,10.1109/tpami.2025.3648431,https://doi.org/10.1109/tpami.2025.3648431
396,Method,48(5),2026-5,Learning Deep Tree-Based Retriever for Efficient Recommendation: Theory and Method,"Ze Liu, Jin Zhang, Defu Lian, Chao Feng, Jie Wang, Enhong Chen",5032-5049,10.1109/tpami.2025.3648453,https://doi.org/10.1109/tpami.2025.3648453
397,Method,48(4),2026-4,Language Embedded 3D Gaussians for Open-Vocabulary Scene Querying,"Miao Wang, Jin-Chuan Shi, Shao-Hua Guan, Hao-Bin Duan",4928-4941,10.1109/tpami.2025.3648837,https://doi.org/10.1109/tpami.2025.3648837
398,Method,48(4),2026-4,SAM-I2V++: Efficiently Upgrading SAM for Promptable Video Segmentation,"Haiyang Mei, Pengyu Zhang, Mike Zheng Shou",4878-4895,10.1109/tpami.2025.3648863,https://doi.org/10.1109/tpami.2025.3648863
399,Method,48(5),2026-5,CrossEarth: Geospatial Vision Foundation Model for Domain Generalizable Remote Sensing Semantic Segmentation,"Ziyang Gong, Zhixiang Wei, Di Wang, Xiaoxing Hu, Xianzheng Ma, Hongruixuan Chen, Yuru Jia, Yupeng Deng, Zhenming Ji, Xiangwei Zhu, Xue Yang, Naoto Yokoya, Jing Zhang, Bo Du, Junchi Yan, Liangpei Zhang",5147-5164,10.1109/tpami.2025.3649001,https://doi.org/10.1109/tpami.2025.3649001
400,Method,48(4),2026-4,Spike Camera Optical Flow Estimation Based on Continuous Spike Streams,"Rui Zhao, Ruiqin Xiong, Dongkai Wang, Shiyu Xuan, Jian Zhang, Xiaopeng Fan, Tiejun Huang",4756-4770,10.1109/tpami.2025.3649050,https://doi.org/10.1109/tpami.2025.3649050
401,Method,48(4),2026-4,Bi-C 2 R: Bidirectional Continual Compatible Representation for Re-Indexing Free Lifelong Person Re-Identification,"Zhenyu Cui, Jiahuan Zhou, Yuxin Peng",4570-4586,10.1109/tpami.2025.3649078,https://doi.org/10.1109/tpami.2025.3649078
402,Method,48(5),2026-5,Continuous Review and Timely Correction: Enhancing the Resistance to Noisy Labels via Self-Not-True and Class-Wise Distillation,"Long Lan, Jingyi Wang, Xinghao Wu, Bo Han, Xinwang Liu",5165-5179,10.1109/tpami.2025.3649111,https://doi.org/10.1109/tpami.2025.3649111
403,Method,48(4),2026-4,A Survey of Behavior Foundation Model: Next-Generation Whole-Body Control System of Humanoid Robots,"Mingqi Yuan, Tao Yu, Wenqi Ge, Xiuyong Yao, Dapeng Li, Huijiang Wang, Jiayu Chen, Bo Li, Wei Zhang, Wenjun Zeng, Hua Chen, Xin Jin",4909-4927,10.1109/tpami.2025.3649177,https://doi.org/10.1109/tpami.2025.3649177
404,Method,48(5),2026-5,On the Transferability and Discriminability of Representation Learning in Unsupervised Domain Adaptation,"Wenwen Qiang, Ziyin Gu, Lingyu Si, Jiangmeng Li, Changwen Zheng, Fuchun Sun, Hui Xiong",4983-5003,10.1109/tpami.2025.3649294,https://doi.org/10.1109/tpami.2025.3649294
405,Method,48(5),2026-5,Fast Multi-view Discrete Clustering via Spectral Embedding Fusion,"Ben Yang, Xuetao Zhang, Zhiyuan Xue, Feiping Nie, Badong Chen",5095-5112,10.1109/tpami.2025.3649521,https://doi.org/10.1109/tpami.2025.3649521
406,Method,48(5),2026-5,GrowSP++: Growing Superpoints and Primitives for Unsupervised 3D Semantic Segmentation,"Zihui Zhang, Weisheng Dai, Bing Wang, Bo Li, Bo Yang",5016-5031,10.1109/tpami.2025.3650165,https://doi.org/10.1109/tpami.2025.3650165
407,Method,48(5),2026-5,Hierarchical Context Alignment With Disentangled Geometric and Temporal Modeling for Semantic Occupancy Prediction,"Bohan Li, Xin Jin, Jiajun Deng, Yasheng Sun, Xiaofeng Wang, Wenjun Zeng",5388-5404,10.1109/tpami.2025.3650478,https://doi.org/10.1109/tpami.2025.3650478
408,Method,48(5),2026-5,Efficient Exploration for Multi-Agent Diversity With Agent Identity,"Tianxu Li, Kun Zhu",5460-5473,10.1109/tpami.2025.3650500,https://doi.org/10.1109/tpami.2025.3650500
409,Method,48(5),2026-5,MADTP++: Bridge the Gap Between Token and Weight Pruning for Accelerating VLTs,"Jianjian Cao, Chong Yu, Peng Ye, Tao Chen",5180-5194,10.1109/tpami.2025.3650545,https://doi.org/10.1109/tpami.2025.3650545
410,Method,48(5),2026-5,Lifelong Learning of Large Language Model Based Agents: A Roadmap,"Junhao Zheng, Chengming Shi, Xidi Cai, Qiuke Li, Duzhen Zhang, Chenxing Li, Dong Yu, Qianli Ma",5552-5571,10.1109/tpami.2025.3650546,https://doi.org/10.1109/tpami.2025.3650546
411,Method,48(5),2026-5,Next Bit Prediction: A Unified Lossless and Lossy Point Cloud Geometry Compression Framework,"Bojun Liu, Yangzhi Ma, Li Li, Dong Liu, Zhu Li, Houqiang Li",5371-5387,10.1109/tpami.2025.3650590,https://doi.org/10.1109/tpami.2025.3650590
412,Method,48(5),2026-5,Low-Rank Tensor Learning by Generalized Nonconvex Regularization,"Sijia Xia, Michael K. Ng, Xiongjun Zhang",5604-5619,10.1109/tpami.2025.3650712,https://doi.org/10.1109/tpami.2025.3650712
413,Method,48(5),2026-5,Beyond LLaVA-HD: Diving Into High-Resolution Multimodal Large Language Models,"YiFan Zhang, Qingsong Wen, Chaoyou Fu, Kun Wang, Xue Wang, Zhang Zhang, Liang Wang, Rong Jin",5493-5504,10.1109/tpami.2026.3650761,https://doi.org/10.1109/tpami.2026.3650761
414,Method,48(5),2026-5,LRANet++: Low-Rank Approximation Network for Accurate and Efficient Text Spotting,"Yuchen Su, Zhineng Chen, Yongkun Du, Zuxuan Wu, Hongtao Xie, Yu-Gang Jiang",5620-5638,10.1109/tpami.2026.3650769,https://doi.org/10.1109/tpami.2026.3650769
415,Method,48(5),2026-5,Learning Diffusion Priors for Inverse Rendering Under Unknown Illumination,"Sida Peng, Jiarui Guo, Xi Chen, Yuan Liu, Dongchen Yang, Hujun Bao, Xiaowei Zhou",5572-5585,10.1109/tpami.2026.3650770,https://doi.org/10.1109/tpami.2026.3650770
416,Method,48(5),2026-5,IBCB: Efficient Inverse Batched Contextual Bandit for Behavioral Evolution History,"Yi Xu, Weiran Shen, Jun Xu, Xiao Zhang, Ji-Rong Wen",5655-5671,10.1109/tpami.2026.3650796,https://doi.org/10.1109/tpami.2026.3650796
417,Method,48(5),2026-5,How to Break It Down for Building It Up? Theory-Guided Graph Decomposition Learning for Spatiotemporal Traffic Prediction,"Jiahao Ji, Jingyuan Wang, Yu Mou, Cheng Long, Junjie Wu",5442-5459,10.1109/tpami.2026.3651246,https://doi.org/10.1109/tpami.2026.3651246
418,Method,48(5),2026-5,Neuron Abandoning Attention Flow: Visual Explanation of Dynamics Inside CNN Models,"Yi Liao, Yongsheng Gao, Weichuan Zhang",5536-5551,10.1109/tpami.2026.3651260,https://doi.org/10.1109/tpami.2026.3651260
419,Method,48(5),2026-5,Advances in Multimodal Adaptation and Generalization: From Traditional Approaches to Foundation Models,"Hao Dong, Moru Liu, Kaiyang Zhou, Eleni Chatzi, Juho Kannala, Cyrill Stachniss, Olga Fink",5672-5691,10.1109/tpami.2026.3651319,https://doi.org/10.1109/tpami.2026.3651319
420,Method,48(4),2026-4,Learning Physics-Informed Noise Models from Dark Frames for Low-Light Raw Image Denoising,"Hansen Feng, Lizhi Wang, Yiqi Huang, Yuzhi Wang, Lin Zhu, Hua Huang",3952-3969,10.1109/tpami.2026.3651447,https://doi.org/10.1109/tpami.2026.3651447
421,Method,48(5),2026-5,Human Motion Prediction via Continual Prior Compensation,"Jianwei Tang, Jian-Fang Hu, Tianming Liang, Xiaotong Lin, Jiangxin Sun, Wei-Shi Zheng, Jianhuang Lai",5131-5146,10.1109/tpami.2026.3651530,https://doi.org/10.1109/tpami.2026.3651530
422,Method,48(5),2026-5,CLIP-Powered Domain Generalization and Domain Adaptation: A Comprehensive Survey,"Jindong Li, Yongguang Li, Yali Fu, Jiahong Liu, Yixin Liu, Menglin Yang, Irwin King",5405-5424,10.1109/tpami.2026.3651700,https://doi.org/10.1109/tpami.2026.3651700
423,Method,48(5),2026-5,Unleashing the Power of Text-to-Image Diffusion Models for Category-Agnostic Pose Estimation,"Duo Peng, Zhengbo Zhang, Ping Hu, Qiuhong Ke, De Wen Soh, Mohammed Bennamoun, Jun Liu",5195-5211,10.1109/tpami.2026.3651728,https://doi.org/10.1109/tpami.2026.3651728
424,Method,48(5),2026-5,Accelerated Optimization of Large Mixture-of-Experts Models by Density-Aware Multi-Stage Learning,"Jianxing Yu, Haowei Jiang, Huaijie Zhu, Wenqing Chen, Yanghui Rao, Qinliang Su, Jian Yin",5505-5519,10.1109/tpami.2026.3651754,https://doi.org/10.1109/tpami.2026.3651754
425,Method,48(5),2026-5,Incremental Online Learning of Randomized Neural Network With Forward Regularization,"Junda Wang, Minghui Hu, Ning Li, Abdulaziz Al-Ali, Ponnuthurai Nagaratnam Suganthan",5277-5293,10.1109/tpami.2026.3652081,https://doi.org/10.1109/tpami.2026.3652081
426,Method,48(5),2026-5,Instructed Diffuser With Temporal Condition Guidance for Offline Reinforcement Learning,"Jifeng Hu, Yanchao Sun, Sili Huang, Siyuan Guo, Hechang Chen, Li Shen, Lichao Sun, Yi Chang, Dacheng Tao",5346-5356,10.1109/tpami.2026.3652193,https://doi.org/10.1109/tpami.2026.3652193
427,Method,48(5),2026-5,HGNNv2: Stable Hypergraph Neural Networks,"Yue Gao, Jielong Yan, Yifan Feng, Xiangmin Han, Shihui Ying, Zongze Wu, Han Hu",5311-5327,10.1109/tpami.2026.3652225,https://doi.org/10.1109/tpami.2026.3652225
428,Method,48(5),2026-5,Robust Distributed Cooperative Classification With Learned Compressed-Feature Diffusion,"Xiling Yao, Jie Chen, Jingdong Chen",5294-5310,10.1109/tpami.2026.3652297,https://doi.org/10.1109/tpami.2026.3652297
429,Method,48(5),2026-5,Model Lineage Analysis: Determination and Closeness Measurement,"Chen Tang, Lan Zhang, Qi Zhao, Xirong Zhuang, Jiewei Lai, Xiang-yang Li",5212-5224,10.1109/tpami.2026.3652302,https://doi.org/10.1109/tpami.2026.3652302
430,Method,48(5),2026-5,NuwaDynamics+: A Causality-Aware Generative Framework for Spatio-Temporal Representation Learning,"Kun Wang, Yifan Duan, Hao Wu, Jian Zhao, Kai Wang, Zhengyang Zhou, Yuxuan Liang, Xu Wang, Yang Wang, Yu Zheng, Xuelong Li",5474-5492,10.1109/tpami.2026.3652303,https://doi.org/10.1109/tpami.2026.3652303
431,Method,48(5),2026-5,OIF-PCR++: Point Cloud Registration via Progressive Distillation of Conditional Positional Encoding,"Fan Yang, Zhi Chen, Nanjun Yuan, Lin Guo, Wenbing Tao",5328-5345,10.1109/tpami.2026.3652316,https://doi.org/10.1109/tpami.2026.3652316
432,Method,48(4),2026-4,Armor: Shielding Unlearnable Examples Against Data Augmentation,"Xueluan Gong, Yuji Wang, Yanjiao Chen, Haocheng Dong, Yiming Li, Mengyuan Sun, Shuaike Li, Qian Wang",3988-4004,10.1109/tpami.2026.3652456,https://doi.org/10.1109/tpami.2026.3652456
433,Method,48(5),2026-5,Causal Inference via Style Bias Deconfounding for Domain Generalization,"Jiaxi Li, Di Lin, Hao Chen, Hongyings Liu, Liang Wan, Wei Feng",5357-5370,10.1109/tpami.2026.3652609,https://doi.org/10.1109/tpami.2026.3652609
434,Method,48(5),2026-5,A Hierarchical Prior Mining Approach for Non-Local Multi-View Stereo,"Jiaqi Yang, Yanan He, Chunlin Ren, Qingshan Xu, Siwen Quan, Xiyu Zhang, Yanning Zhang",5225-5242,10.1109/tpami.2026.3652616,https://doi.org/10.1109/tpami.2026.3652616
435,Method,48(5),2026-5,Integrating Affordances and Attention Models for Short-Term Object Interaction Anticipation,"Lorenzo Mur-Labadia, Ruben Martinez-Cantin, Jose J. Guerrero, Giovanni Maria Farinella, Antonino Furnari",5425-5441,10.1109/tpami.2026.3652831,https://doi.org/10.1109/tpami.2026.3652831
436,Method,48(5),2026-5,Seeing Through Satellite Images at Street Views,"Ming Qian, Bin Tan, Qiuyu Wang, Xianwei Zheng, Hanjiang Xiong, Gui-Song Xia, Yujun Shen, Nan Xue",5692-5709,10.1109/tpami.2026.3652860,https://doi.org/10.1109/tpami.2026.3652860
437,Method,48(2),2026-2,CFSM: A Novel Causal Feature Selection Module for Two-Dimensional Out-of-Distribution Generalization,"Lin Zhu, Weihan Yin, Yiyao Yang, Yifei Wu, Qinying Gu, Xinbing Wang, Chenghu Zhou, Nanyang Ye",1590-1607,10.1109/tpami.2025.3616163,https://doi.org/10.1109/tpami.2025.3616163
438,Method,48(5),2026-5,Goal-Guided Prompting With Adaptive Modality Selection for Efficient Assembly Activity Anticipation in Egocentric Videos,"Tianshan Liu, Bing-Kun Bao",5945-5962,10.1109/tpami.2026.3653482,https://doi.org/10.1109/tpami.2026.3653482
439,Method,48(5),2026-5,AtomThink: Multimodal Slow Thinking With Atomic Step Reasoning,"Kun Xiang, Zhili Liu, Terry Jingchen Zhang, Yinya Huang, Yunshuang Nie, Kaixin Cai, Yiyang Yin, Runhui Huang, Hanhui Li, Yihan Zeng, Yu-Jie Yuan, Jianhua Han, Lanqing Hong, Hang Xu, Xiaodan Liang",5725-5741,10.1109/tpami.2026.3653573,https://doi.org/10.1109/tpami.2026.3653573
440,Method,48(5),2026-5,An Efficient Multi-Estimation-Based Parameter Centroid Decision via Linear Regression Approach,"Yeongyu Choi, Fabien Moutarde, Ju H. Park, Ho-Youl Jung",5742-5754,10.1109/tpami.2026.3653765,https://doi.org/10.1109/tpami.2026.3653765
441,Method,48(5),2026-5,Learn to Enhance Sparse Spike Streams,"Liwen Hu, Yijia Guo, Mianzhi Liu, Yiming Fan, Rui Ma, Shengbo Chen, Lei Ma, Tiejun Huang",5992-6007,10.1109/tpami.2026.3653768,https://doi.org/10.1109/tpami.2026.3653768
442,Method,48(5),2026-5,Revisiting 360 Depth Estimation With PanoGabor: A New Fusion Perspective,"Zhijie Shen, Chunyu Lin, Lang Nie, Kang Liao, Weisi Lin, Yao Zhao",5979-5991,10.1109/tpami.2026.3653796,https://doi.org/10.1109/tpami.2026.3653796
443,Method,48(5),2026-5,Reinforced Refinement With Self-Aware Expansion for End-to-End Autonomous Driving,"Haochen Liu, Tianyu Li, Haohan Yang, Li Chen, Caojun Wang, Ke Guo, Haochen Tian, Hongchen Li, Hongyang Li, Chen Lv",5774-5792,10.1109/tpami.2026.3653866,https://doi.org/10.1109/tpami.2026.3653866
444,Method,48(5),2026-5,VRP-UDF: Toward Unbiased Learning of Unsigned Distance Functions From Multi-View Images With Volume Rendering Priors,"Wenyuan Zhang, Chunsheng Wang, Kanle Shi, Yu-Shen Liu, Zhizhong Han",5844-5861,10.1109/tpami.2026.3653901,https://doi.org/10.1109/tpami.2026.3653901
445,Method,48(5),2026-5,Consistency-Aware Spot-Guided Transformer for Accurate and Versatile Point Cloud Registration,"Renlang Huang, Li Chai, Yufan Tang, Zhoujian Li, Jiming Chen, Liang Li",5862-5878,10.1109/tpami.2026.3653989,https://doi.org/10.1109/tpami.2026.3653989
446,Method,48(5),2026-5,SLeak: Multi-Target Privacy Stealing Attack Against Split Learning,"Xiaoyang Xu, Wenzhe Yi, Juan Wang, Hongxin Hu, Mengda Yang, Ziang Li, Yong Zhuang, Yaxin Liu, Mang Ye",5879-5891,10.1109/tpami.2026.3654092,https://doi.org/10.1109/tpami.2026.3654092
447,Method,48(5),2026-5,A Gift From the Integration of Discriminative and Diffusion-Based Generative Learning: Boundary Refinement Remote Sensing Semantic Segmentation,"Hao Wang, Keyan Hu, Xin Guo, Haifeng Li, Chao Tao",5892-5909,10.1109/tpami.2026.3654243,https://doi.org/10.1109/tpami.2026.3654243
448,Method,48(5),2026-5,Deep Orientational Representation Learning for Ordinal Regression,"Gengyun Jia, Xin Ma, Bing-Kun Bao",5520-5535,10.1109/tpami.2026.3654260,https://doi.org/10.1109/tpami.2026.3654260
449,Method,48(6),2026-6,Self-Supervised AI-Generated Image Detection: A Camera Metadata Perspective,"Nan Zhong, Mian Zou, Yiran Xu, Zhenxing Qian, Xinpeng Zhang, Baoyuan Wu, Kede Ma",6192-6207,10.1109/tpami.2026.3654274,https://doi.org/10.1109/tpami.2026.3654274
450,Method,48(5),2026-5,Interpretable Subspace Clustering,"Zheng Zhang, Peng Zhou, Aiting Yao, Liang Du, Xinwang Liu",6020-6034,10.1109/tpami.2026.3653776,https://doi.org/10.1109/tpami.2026.3653776
451,Method,48(5),2026-5,BlindU: Blind Machine Unlearning Without Revealing Erasing Data,"Weiqi Wang, Zhiyi Tian, Chenhan Zhang, Shui Yu",5963-5978,10.1109/tpami.2026.3654093,https://doi.org/10.1109/tpami.2026.3654093
452,Method,48(5),2026-5,Practical Continual Forgetting for Pre-Trained Vision Models,"Hongbo Zhao, Fei Zhu, Bolin Ni, Feng Zhu, Gaofeng Meng, Zhaoxiang Zhang",5928-5944,10.1109/tpami.2026.3654115,https://doi.org/10.1109/tpami.2026.3654115
453,Method,48(5),2026-5,DyDiT++: Diffusion Transformers With Timestep and Spatial Dynamics for Efficient Visual Generation,"Wangbo Zhao, Yizeng Han, Jiasheng Tang, Kai Wang, Hao Luo, Yibing Song, Gao Huang, Fan Wang, Yang You",5755-5773,10.1109/tpami.2026.3654201,https://doi.org/10.1109/tpami.2026.3654201
454,Method,48(5),2026-5,Single-Photon Imaging in Complex Scenarios via Physics-Informed Deep Neural Networks,"Siao Cai, Zhicheng Yu, Shaobing Gao, Zeyu Chen, Yiguang Liu",5827-5843,10.1109/tpami.2026.3654264,https://doi.org/10.1109/tpami.2026.3654264
455,Method,48(6),2026-6,Toward Enhanced Representation Learning for Single-Source Domain Generalization in LiDAR Semantic Segmentation,"Hyeonseong Kim, Yoonsu Kang, Changgyoon Oh, Kuk-Jin Yoon",6053-6070,10.1109/tpami.2026.3654352,https://doi.org/10.1109/tpami.2026.3654352
456,Method,48(6),2026-6,Semantic Contrast for Domain-Robust Underwater Image Quality Assessment,"Jingchun Zhou, Chunjiang Liu, Qiuping Jiang, Xianping Fu, Junhui Hou, Xuelong Li",6279-6296,10.1109/tpami.2026.3654426,https://doi.org/10.1109/tpami.2026.3654426
457,Method,48(6),2026-6,Improving Subgraph Extraction for Graph Invariant Learning via Graph Sinkhorn Attention,"Junchi Yan, Fangyu Ding, Jiawei Sun, Zhaoping Hu, Yunyi Zhou, Lei Zhu",6139-6155,10.1109/tpami.2026.3654544,https://doi.org/10.1109/tpami.2026.3654544
458,Method,48(5),2026-5,Non-Gradient Hash Factor Learning for High-Dimensional and Incomplete Data Representation Learning,"Di Wu, Shihui Li, Yi He, Xin Luo, Xinbo Gao",5811-5826,10.1109/tpami.2026.3653780,https://doi.org/10.1109/tpami.2026.3653780
459,Method,48(6),2026-6,Like Human Rethinking: Contour Transformer AutoRegression for Referring Remote Sensing Interpretation,"Jinming Chai, Licheng Jiao, Xiaoqiang Lu, Lingling Li, Fang Liu, Long Sun, Xu Liu, Wenping Ma, Weibin Li",6174-6191,10.1109/tpami.2026.3654392,https://doi.org/10.1109/tpami.2026.3654392
460,Method,48(6),2026-6,Learning-Based Multi-View Stereo: A Survey,"Fangjinhua Wang, Qingtian Zhu, Di Chang, Quankai Gao, Junlin Han, Tong Zhang, Richard Hartley, Marc Pollefeys",6241-6260,10.1109/tpami.2026.3654665,https://doi.org/10.1109/tpami.2026.3654665
461,Method,48(6),2026-6,Isolating Interference Factors for Robust Cloth-Changing Person Re-Identification,"De Cheng, Yubo Li, Chaowei Fang, Shizhou Zhang, Nannan Wang, Xinbo Gao",6089-6106,10.1109/tpami.2026.3655110,https://doi.org/10.1109/tpami.2026.3655110
462,Method,48(5),2026-5,Toward Accurate Image Generation via Dynamic Generative Image Transformer,"Zhendong Mao, Mengqi Huang, Yijing Lin, Quan Wang, Lei Zhang, Yongdong Zhang",5910-5927,10.1109/tpami.2026.3653620,https://doi.org/10.1109/tpami.2026.3653620
463,Method,48(6),2026-6,Generalizable Egocentric Task Verification via Cross-Modal Hybrid Hypergraph Matching,"Xun Jiang, Xing Xu, Zheng Wang, Jingkuan Song, Fumin Shen, Heng Tao Shen",6261-6278,10.1109/tpami.2026.3655147,https://doi.org/10.1109/tpami.2026.3655147
464,Method,48(6),2026-6,Scalable Semi-Supervised Learning With Discriminative Label Propagation and Correction,"Bingbing Jiang, Jie Wen, Zidong Wang, Weiguo Sheng, Zhiwen Yu, Huanhuan Chen, Weiping Ding",6156-6173,10.1109/tpami.2026.3655456,https://doi.org/10.1109/tpami.2026.3655456
465,Method,48(6),2026-6,A General Image Fusion Approach Exploiting Gradient Transfer Learning and Fusion Rule Unfolding,"Wu Wang, Liang-Jian Deng, Qi Cao, Gemine Vivone",6347-6364,10.1109/tpami.2026.3655694,https://doi.org/10.1109/tpami.2026.3655694
466,Method,48(6),2026-6,Enhance Before Fusion: Multi-View Graph Clustering With Graph Trend Filter,"Penglei Wang, Jitao Lu, Danyang Wu, Rong Wang, Feiping Nie",6297-6313,10.1109/tpami.2026.3655829,https://doi.org/10.1109/tpami.2026.3655829
467,Method,48(6),2026-6,CAKGE: Context-Aware Adaptive Learning for Dynamic Knowledge Graph Embeddings,"Zongsheng Cao, Qianqian Xu, Zhiyong Yang, Xiaochun Cao, Qingming Huang",6225-6240,10.1109/tpami.2026.3655896,https://doi.org/10.1109/tpami.2026.3655896
468,Method,48(6),2026-6,First-Order Cross-Domain Meta Learning for Few-Shot Remote Sensing Object Classification,"Wenda Zhao, Yunxiang Li, Haipeng Wang, Huchuan Lu",6365-6379,10.1109/tpami.2026.3656494,https://doi.org/10.1109/tpami.2026.3656494
469,Method,48(6),2026-6,Abstracting Concept-Changing Rules for Solving Raven’s Progressive Matrix Problems,"Fan Shi, Bin Li, Xiangyang Xue",6425-6436,10.1109/tpami.2026.3656670,https://doi.org/10.1109/tpami.2026.3656670
470,Method,48(6),2026-6,Active Adversarial Noise Suppression for Image Forgery Localization,"Rongxuan Peng, Shunquan Tan, Xianbo Mo, Alex C. Kot, Jiwu Huang",6437-6451,10.1109/tpami.2026.3656742,https://doi.org/10.1109/tpami.2026.3656742
471,Method,48(6),2026-6,Unifying Multi-Modal Hair Editing via Proxy Feature Blending,"Tianyi Wei, Dongdong Chen, Wenbo Zhou, Jing Liao, Can Wang, Weiming Zhang, Gang Hua, Nenghai Yu",6407-6424,10.1109/tpami.2026.3656763,https://doi.org/10.1109/tpami.2026.3656763
472,Method,48(6),2026-6,DSNeRF: Dynamic View Synthesis for Ultra-Fast Scenes From Continuous Spike Streams,"Lin Zhu, Kangmin Jia, Yifan Zhao, Yunshan Qi, Lizhi Wang, Hua Huang",6470-6487,10.1109/tpami.2026.3656825,https://doi.org/10.1109/tpami.2026.3656825
473,Method,48(6),2026-6,Positive Data Augmentation Based on Manifold Heuristic Optimization for Image Classification,"Fangqing Liu, Han Huang, Fujian Feng, Xueming Yan, Zhifeng Hao",6071-6088,10.1109/tpami.2026.3657249,https://doi.org/10.1109/tpami.2026.3657249
474,Method,48(6),2026-6,Parameter-Efficient Fine-Tuning Methods for Pretrained Language Models: A Critical Review and Assessment,"Lingling Xu, Haoran Xie, S. Joe Qin, Xiaohui Tao, Fu Lee Wang",6107-6126,10.1109/tpami.2026.3657354,https://doi.org/10.1109/tpami.2026.3657354
475,Method,48(6),2026-6,Adversarial Imitation Learning With General Function Approximation: Theoretical Analysis and Practical Algorithms,"Tian Xu, Zhilong Zhang, Zexuan Chen, Ruishuo Chen, Yihao Sun, Yang Yu",6380-6392,10.1109/tpami.2026.3657578,https://doi.org/10.1109/tpami.2026.3657578
476,Method,48(6),2026-6,Goal-Oriented Dynamic Weight Optimization for Multi-Object Navigation,"Haitao Zeng, Xinhang Song, Shuqiang Jiang",6452-6469,10.1109/tpami.2026.3657778,https://doi.org/10.1109/tpami.2026.3657778
477,Method,48(7),2026-7,DFormer++: Improving RGBD Representation Learning for Semantic Segmentation,"Bo-Wen Yin, Jiao-Long Cao, Dan Xu, Ming-Ming Cheng, Qibin Hou",7195-7208,10.1109/tpami.2026.3658114,https://doi.org/10.1109/tpami.2026.3658114
478,Method,48(6),2026-6,Vocabulary-Free Image Classification and Semantic Segmentation,"Alessandro Conti, Enrico Fini, Massimiliano Mancini, Paolo Rota, Yiming Wang, Elisa Ricci",6127-6138,10.1109/tpami.2026.3657989,https://doi.org/10.1109/tpami.2026.3657989
479,Method,48(6),2026-6,All-in-One Transformer for Image Restoration Under Adverse Weather Degradations,"Jiawei Mao, Yu Yang, Xuesong Yin, Ling Shao, Hao Tang",6628-6641,10.1109/tpami.2026.3658598,https://doi.org/10.1109/tpami.2026.3658598
480,Method,48(6),2026-6,Exploring Security Vulnerabilities in Multilingual Speech Translation Systems via Deceptive Inputs,"Chang Liu, Haolin Wu, Xi Yang, Kui Zhang, Cong Wu, Weiming Zhang, Nenghai Yu, Tianwei Zhang, Qing Guo, Jie Zhang",6509-6524,10.1109/tpami.2026.3658817,https://doi.org/10.1109/tpami.2026.3658817
481,Method,48(6),2026-6,Dynamical Causality Under Latent Confounders for Biological Network Reconstruction,"Jinling Yan, Shao-Wu Zhang, Chihao Zhang, Weitian Huang, Jifan Shi, Luonan Chen",6703-6719,10.1109/tpami.2026.3658839,https://doi.org/10.1109/tpami.2026.3658839
482,Method,48(6),2026-6,GCL-MIH: A Generative-Based Coverless Multi-Image Hiding Method,"Liang Chen, Xianquan Zhang, Chunqiang Yu, Xinpeng Zhang, Ching-Nung Yang, Zhenjun Tang",6720-6734,10.1109/tpami.2026.3658731,https://doi.org/10.1109/tpami.2026.3658731
483,Method,48(6),2026-6,ZUMA: Training-Free Zero-Shot Unified Multimodal Anomaly Detection,"Yunfeng Ma, Min Liu, Shuai Jiang, Jingyu Zhou, Yuan Bian, Xueping Wang, Yaonan Wang",6601-6614,10.1109/tpami.2026.3658856,https://doi.org/10.1109/tpami.2026.3658856
484,Method,48(7),2026-7,Diffusion Models and Representation Learning: A Survey,"Michael Fuest, Pingchuan Ma, Ming Gui, Johannes Schusterbauer, Vincent Tao Hu, Björn Ommer",7209-7228,10.1109/tpami.2026.3658965,https://doi.org/10.1109/tpami.2026.3658965
485,Method,48(6),2026-6,Deeply Learned Robust Matrix Completion for Large-Scale Low-Rank Data Recovery,"HanQin Cai, Chandra Kundu, Jialin Liu, Wotao Yin",6541-6556,10.1109/tpami.2026.3659041,https://doi.org/10.1109/tpami.2026.3659041
486,Method,48(6),2026-6,Privacy-Preserving Model Transcription With Differentially Private Synthetic Distillation,"Bochao Liu, Shiming Ge, Pengju Wang, Shikun Li, Tongliang Liu",6786-6798,10.1109/tpami.2026.3659110,https://doi.org/10.1109/tpami.2026.3659110
487,Method,48(6),2026-6,SEGA: A Transferable Signed Ensemble Gaussian Black-Box Attack Against No-Reference Image Quality Assessment Models,"Yujia Liu, Dingquan Li, Zhixuan Li, Tiejun Huang",6660-6672,10.1109/tpami.2026.3659164,https://doi.org/10.1109/tpami.2026.3659164
488,Method,48(6),2026-6,"Task-Specific Directions: Definition, Exploration, and Utilization in Parameter Efficient Fine-Tuning","Chongjie Si, Zhiyi Shi, Shifan Zhang, Xiaokang Yang, Hanspeter Pfister, Wei Shen",6754-6770,10.1109/tpami.2026.3659168,https://doi.org/10.1109/tpami.2026.3659168
489,Method,48(6),2026-6,Robust Matrix Completion With Deterministic Sampling via Convex Optimization,"Yinjian Wang, Wei Li, James E. Fowler, Gemine Vivone",6771-6785,10.1109/tpami.2026.3659200,https://doi.org/10.1109/tpami.2026.3659200
490,Method,48(6),2026-6,A CUR Decomposition-Based Mix-Order Framework for Large-Scale Hypergraph Matching,"Qixuan Zheng, Ming Zhang, Hong Yan",6673-6689,10.1109/tpami.2026.3659463,https://doi.org/10.1109/tpami.2026.3659463
491,Method,48(5),2026-5,RealLiFe: Real-Time Light Field Reconstruction via Hierarchical Sparse Gradient Descent,"Yijie Deng, Lei Han, Tianpeng Lin, Lin Li, Jinzhi Zhang, Lu Fang",5261-5276,10.1109/tpami.2026.3651958,https://doi.org/10.1109/tpami.2026.3651958
492,Method,48(6),2026-6,Representation Learning for Tabular Data: A Comprehensive Survey,"Jun-Peng Jiang, Si-Yang Liu, Hao-Run Cai, Qi-Le Zhou, Han-Jia Ye",6488-6508,10.1109/tpami.2026.3657217,https://doi.org/10.1109/tpami.2026.3657217
493,Method,48(6),2026-6,NAP-Tuning: Neural Augmented Prompt Tuning for Adversarially Robust Vision-Language Models,"Jiaming Zhang, Xin Wang, Xingjun Ma, Lingyu Qiu, Yu-Gang Jiang, Jitao Sang",6615-6627,10.1109/tpami.2026.3659598,https://doi.org/10.1109/tpami.2026.3659598
494,Method,48(6),2026-6,EvTexture++: Event-Driven Texture Enhancement for Video Super-Resolution,"Dachun Kai, Jiayao Lu, Yueyi Zhang, Xiaoyan Sun",6642-6659,10.1109/tpami.2026.3660020,https://doi.org/10.1109/tpami.2026.3660020
495,Method,48(6),2026-6,DiffusionLight-Turbo: Accelerated Light Probes for Free via Single-Pass Chrome Ball Inpainting,"Worameth Chinchuthakun, Pakkapon Phongthawee, Amit Raj, Varun Jampani, Pramook Khungurn, Supasorn Suwajanakorn",6948-6961,10.1109/tpami.2026.3660066,https://doi.org/10.1109/tpami.2026.3660066
496,Method,48(6),2026-6,Jailbreak and Guard Aligned Language Models With Only Few In-Context Demonstrations,"Zeming Wei, Yifei Wang, Ang Li, Yichuan Mo, Yisen Wang",6835-6846,10.1109/tpami.2026.3660147,https://doi.org/10.1109/tpami.2026.3660147
497,Method,48(5),2026-5,Searching to Modulate for Cold-Start Recommendation,"Shiguang Wu, Yaqing Wang, Quanming Yao",5710-5724,10.1109/tpami.2026.3653806,https://doi.org/10.1109/tpami.2026.3653806
498,Method,48(7),2026-7,An Algebraic Geometry Approach to Viewing Graph Solvability,"Federica Arrigoni, Kathlén Kohn, Andrea Fusiello, Tomas Pajdla",7229-7240,10.1109/tpami.2026.3660569,https://doi.org/10.1109/tpami.2026.3660569
499,Method,48(6),2026-6,Generalized Regularized Evidential Deep Learning Models: Theory and Comprehensive Evaluation,"Deep Shankar Pandey, Hyomin Choi, Qi Yu",6865-6879,10.1109/tpami.2026.3660699,https://doi.org/10.1109/tpami.2026.3660699
500,Method,48(6),2026-6,Decoupled Hierarchical Distillation for Multimodal Emotion Recognition,"Yong Li, Yuanzhi Wang, Yi Ding, Shiqing Zhang, Ke Lu, Cuntai Guan",6912-6928,10.1109/tpami.2026.3660754,https://doi.org/10.1109/tpami.2026.3660754
501,Method,48(6),2026-6,Allies Teach Better Than Enemies: Inverse Adversaries for Robust Knowledge Distillation,"Junhao Dong, Raoof Zare Moayedi, Yew-Soon Ong, Seyed-Mohsen Moosavi-Dezfooli",6557-6569,10.1109/tpami.2026.3660863,https://doi.org/10.1109/tpami.2026.3660863
502,Method,48(6),2026-6,Full-Scope Vectorization of Geographical Elements from Large-Size Remote Sensing Imagery,"Yansheng Li, Wanchun Li, Bo Dang, Yu Wang, Wei Chen, Lei Wang, Bingnan Yang, Yongjun Zhang",6897-6911,10.1109/tpami.2026.3660934,https://doi.org/10.1109/tpami.2026.3660934
503,Method,48(6),2026-6,Prompt Disentanglement via Language Guidance and Representation Alignment for Domain Generalization,"De Cheng, Zhipeng Xu, Xinyang Jiang, Dongsheng Li, Nannan Wang, Xinbo Gao",6799-6816,10.1109/tpami.2026.3661049,https://doi.org/10.1109/tpami.2026.3661049
504,Method,48(6),2026-6,ASIL : Augmented Structural Information Learning for Deep Graph Clustering in Hyperbolic Space,"Li Sun, Zhenhao Huang, Yujie Wang, Hongbo Lv, Chunyang Liu, Hao Peng, Philip S. Yu",6817-6834,10.1109/tpami.2026.3661424,https://doi.org/10.1109/tpami.2026.3661424
505,Method,48(6),2026-6,FC$^{2}$2: Fast Co-Clustering With Small-Scale Similarity Graph and Bipartite Graph Learning,"Xiaowei Zhao, Linrui Xie, Xiaojun Chang, Feiping Nie, Qiang Zhang",6570-6586,10.1109/tpami.2026.3661650,https://doi.org/10.1109/tpami.2026.3661650
506,Method,48(7),2026-7,Calibrating Biased Distribution in VFM-Derived Latent Space via Cross-Domain Geometric Consistency,"Yanbiao Ma, Wei Dai, Bowei Liu, Jiayi Chen, Wenke Huang, Guancheng Wan, Zhiwu Lu, Junchi Yan",7258-7275,10.1109/tpami.2026.3662389,https://doi.org/10.1109/tpami.2026.3662389
507,Method,48(7),2026-7,Hierarchical Information Embeddings With Neural ODEs for Personalized Federated Learning,"Rui She, Sijie Wang, Qiyu Kang, Kai Zhao, Tianyu Geng, Yanan Zhao, Wenfei Liang, Wee Peng Tay",7241-7257,10.1109/tpami.2026.3662990,https://doi.org/10.1109/tpami.2026.3662990
508,Method,48(6),2026-6,Boosting Learning Efficiency in Few-Shot Tasks With Layer-Adaptive PID Control,"Pengfei Zhang, Xinde Li, Le Yu, Zhentong Zhang, Fir Dunkin, Huaping Liu, Zhijun Li",7079-7096,10.1109/tpami.2026.3663608,https://doi.org/10.1109/tpami.2026.3663608
509,Method,48(6),2026-6,A Personalized and Privacy-Preserving Federated Transformer Framework for Multilingual Sentiment Analysis,"Jothi Prakash V, Arul Antran Vijay S, Gopikrishnan Sundaram",7062-7078,10.1109/tpami.2026.3663617,https://doi.org/10.1109/tpami.2026.3663617
510,Method,48(6),2026-6,Exploring and Tailoring the Test-Time Augmentation for Sequential Recommendation,"Yizhou Dang, Enneng Yang, Yuting Liu, Jianzhe Zhao, Xingwei Wang, Guibing Guo",6999-7016,10.1109/tpami.2026.3663633,https://doi.org/10.1109/tpami.2026.3663633
511,Method,48(7),2026-7,Generalized Distribution Aggregation Protocol for Federated Statistical Heterogeneity,"Mingwei Xu, Xiaofeng Cao, Ivor W. Tsang, James T. Kwok, Heng Tao Shen",7820-7834,10.1109/tpami.2026.3663744,https://doi.org/10.1109/tpami.2026.3663744
512,Method,48(6),2026-6,Robust Trusted Conflictive Multiview Collaborative Contrastive Learning,"Shaobo Hu, Hui Huang, Nan Zhang, Shiliang Sun",7161-7176,10.1109/tpami.2026.3663788,https://doi.org/10.1109/tpami.2026.3663788
513,Method,48(6),2026-6,Computational Investigation of Abstraction in Claude Monet’s Water Lilies Through Brushstroke Analysis,"Jia Li, Chaewan Chun, Kathryn Brown, James Z. Wang",7129-7146,10.1109/tpami.2026.3664028,https://doi.org/10.1109/tpami.2026.3664028
514,Method,48(6),2026-6,Dual Adaptive Disentangled Representation Learning With Multimodal Data for Disease Diagnosis,"Xiumei Chen, Wenliang Pan, Tao Wang, Xinyue Zhang, Wei Xiong, Ting Tian, Qianjin Feng, Meiyan Huang",7177-7194,10.1109/tpami.2026.3664047,https://doi.org/10.1109/tpami.2026.3664047
515,Method,48(6),2026-6,Coded Event Focal Stack for Continuous Refocusing in Dynamic Scene,"Minggui Teng, Suhang Xuan, Zhiang Yan, Hanyue Lou, Boyu Li, Bin Fan, Boxin Shi",7147-7160,10.1109/tpami.2026.3664082,https://doi.org/10.1109/tpami.2026.3664082
516,Method,48(7),2026-7,Out-of-Distribution-Resistant Evaluations for Explanations of Graph Neural Networks,"Junfeng Fang, Hao Wu, An Zhang, Tianlong Chen, Kun Wang, Yuxuan Liang, Roger Zimmermann, Xiang Wang",7321-7339,10.1109/tpami.2026.3664091,https://doi.org/10.1109/tpami.2026.3664091
517,Method,48(6),2026-6,Explainable Molecular Property Prediction: Aligning Chemical Concepts With Predictions via Language Models,"Zhenzhong Wang, Zehui Lin, Wanyu Lin, Ming Yang, Minggang Zeng, Kay Chen Tan",7017-7031,10.1109/tpami.2026.3664098,https://doi.org/10.1109/tpami.2026.3664098
518,Method,48(7),2026-7,Consistent and Controllable Image Animation With Linear Motion Diffusion Transformers,"Xin Ma, Yaohui Wang, Genyun Jia, Xinyuan Chen, Tien-Tsin Wong, Cunjian Chen",7436-7450,10.1109/tpami.2026.3664227,https://doi.org/10.1109/tpami.2026.3664227
519,Method,48(6),2026-6,Learning From Each Other: Generalized Federated Incremental Semantic Segmentation,"Jiahua Dong, Wenqi Liang, Yang Cong, Gan Sun, Lixu Wang, Henghui Ding, Yulun Zhang, Luc Van Gool",6929-6947,10.1109/tpami.2026.3664293,https://doi.org/10.1109/tpami.2026.3664293
520,Method,48(7),2026-7,DNGaussian++: Improving Sparse-View Gaussian Radiance Fields With Depth Normalization,"Jiahe Li, Jiawei Zhang, Xiaohan Yu, Xiao Bai, Jin Zheng, Xin Ning, Lin Gu",7622-7639,10.1109/tpami.2026.3664307,https://doi.org/10.1109/tpami.2026.3664307
521,Method,48(7),2026-7,50 Years of Automated Face Recognition,"Minchul Kim, Anil Jain, Xiaoming Liu",7354-7374,10.1109/tpami.2026.3664269,https://doi.org/10.1109/tpami.2026.3664269
522,Method,48(7),2026-7,Penny-Wise and Pound-Foolish in AI-Generated Image Detection,"Yabin Wang, Zhiwu Huang, Zhou Su, Adam Prügel-Bennett, Xiaopeng Hong",7707-7719,10.1109/tpami.2026.3664388,https://doi.org/10.1109/tpami.2026.3664388
523,Method,48(6),2026-6,Enhancing Adversarial Transferability With Cost-Efficient Landscape Flattening,"Zhipeng Wei, Jingjing Chen, Feng Han, Yue Yu, Yu-Gang Jiang",7050-7061,10.1109/tpami.2026.3664421,https://doi.org/10.1109/tpami.2026.3664421
524,Method,48(6),2026-6,Distribution-to-Points Matching for Image Text Retrieval,"Zheng Wang, Xing Xu, Lei Zhu, Jingkuan Song, Yang Yang, Heng Tao Shen",7097-7111,10.1109/tpami.2026.3664613,https://doi.org/10.1109/tpami.2026.3664613
525,Method,48(6),2026-6,A Generic Competitive-Cooperative Actor-Critic Framework for Deep Reinforcement Learning,"Meng Xu, Zihao Wen, Xinhong Chen, Guanyi Zhao, Jin Huang, Jianping Wang",7112-7128,10.1109/tpami.2026.3664855,https://doi.org/10.1109/tpami.2026.3664855
526,Method,48(7),2026-7,DOtA++: Unsupervisely and Collaboratively Detect Objects From Multi-Agent Observations With Multi-Modal Prior Constraints,"Qiming Xia, Longhui zheng, Shijia Zhao, Xun Huang, Hai Wu, Chenglu Wen, Cheng Wang",7467-7484,10.1109/tpami.2026.3664863,https://doi.org/10.1109/tpami.2026.3664863
527,Method,48(7),2026-7,MC#: Mixture Compressor for Mixture-of-Experts Large Models,"Wei Huang, Yue Liao, Yukang Chen, Jianhui Liu, Haoru Tan, Si Liu, Shiming Zhang, Shuicheng Yan, Xiaojuan Qi",7607-7621,10.1109/tpami.2026.3664873,https://doi.org/10.1109/tpami.2026.3664873
528,Method,48(7),2026-7,Safe Fairness Guarantees Without Demographics in Classification: Spectral Uncertainty Set Perspective,"Ainhize Barrainkua, Santiago Mazuelas, Novi Quadrianto, Jose A. Lozano",7564-7574,10.1109/tpami.2026.3664937,https://doi.org/10.1109/tpami.2026.3664937
529,Method,48(7),2026-7,Tail Task Risk Minimization in Meta-Learning From Theoretical Advances to Practical Strategies,"Yiqin Lv, Dong Liang, Wumei Du, Zenglin Shi, Zheng Xie, Qi Wang, Meng Wang",7590-7606,10.1109/tpami.2026.3665061,https://doi.org/10.1109/tpami.2026.3665061
530,Method,48(7),2026-7,FlowTurbo: Accelerating Flow-Based Image Generation Models via Multi-Stage Refinement,"Wenliang Zhao, Minglei Shi, Xumin Yu, Zengyi Qin, Jie Zhou, Jiwen Lu",7550-7563,10.1109/tpami.2026.3665481,https://doi.org/10.1109/tpami.2026.3665481
531,Method,48(7),2026-7,D2S-RSG-SSD: Dual Double-Sampling With Random Sub-Samples Generation for Self-Supervised Real Image Denoising,"Xiao Liu, Xiuya Shi, Yizhong Pan, Shuhang Gu, Wei Liu, Chao Ren",7766-7783,10.1109/tpami.2026.3665610,https://doi.org/10.1109/tpami.2026.3665610
532,Method,48(7),2026-7,Reason-Align-Respond: Aligning LLM Reasoning With Knowledge Graphs for KGQA,"Xiangqing Shen, Fanfan Wang, Zinong Yang, Bing Wang, Wenli Du, Chengqing Zong, Rui Xia",7340-7353,10.1109/tpami.2026.3665645,https://doi.org/10.1109/tpami.2026.3665645
533,Method,48(7),2026-7,Enhancing Multi-View Clustering: A Sufficient Information-Theoretic Approach for Consistency Acquisition and Redundancy Elimination,"Yazhou Ren, Zichen Wen, Junlong Ke, Chenhang Cui, Yonghao Huang, Xinyue Chen, Philip S. Yu, Lifang He",7420-7435,10.1109/tpami.2026.3665701,https://doi.org/10.1109/tpami.2026.3665701
534,Method,48(7),2026-7,Alignment-Invertibility Regularization for Explainable Neural Networks,"Borui Zhang, Qihang Rao, Jie Zhou, Jiwen Lu",7735-7748,10.1109/tpami.2026.3665728,https://doi.org/10.1109/tpami.2026.3665728
535,Method,48(7),2026-7,FreeSplat++: Generalizable 3D Gaussian Splatting for Efficient Indoor Scene Reconstruction,"Yunsong Wang, Tianxin Huang, Hanlin Chen, Gim Hee Lee",7749-7765,10.1109/tpami.2026.3665771,https://doi.org/10.1109/tpami.2026.3665771
536,Method,48(7),2026-7,STCF: Multi-View Clustering for Spatial Transcriptomics Based on Cross-View Fusion,"Zeyu Zhu, Ke Liang, Lingyuan Meng, Wanwei Liu, Xinwang Liu",7503-7520,10.1109/tpami.2026.3665779,https://doi.org/10.1109/tpami.2026.3665779
537,Method,48(7),2026-7,Learning Compact Semantic Information and Reliable Pseudo-Labels for Incomplete Multi-View Multi-Label Classification,"Yadong Liu, Chengliang Liu, Jie Wen, Li Shen, Bob Zhang, Yong Xu",7575-7589,10.1109/tpami.2026.3665813,https://doi.org/10.1109/tpami.2026.3665813
538,Method,48(7),2026-7,Efficient Point Cloud Processing With High-Dimensional Positional Encoding and Non-Local MLPs,"Yanmei Zou, Hongshan Yu, Yaonan Wang, Zhengeng Yang, Xieyuanli Chen, Kailun Yang, Naveed Akhtar",7674-7691,10.1109/tpami.2026.3665872,https://doi.org/10.1109/tpami.2026.3665872
539,Method,48(7),2026-7,Toward a Unified Complementary Fusion Framework for Robust Polarimetric Imaging,"Chu Zhou, Yixing Liu, Minggui Teng, Chao Xu, Boxin Shi, Imari Sato",7720-7734,10.1109/tpami.2026.3665927,https://doi.org/10.1109/tpami.2026.3665927
540,Method,48(7),2026-7,On the Adversarial Transferability of Generalized “Skip Connections”,"Yisen Wang, Yichuan Mo, Dongxian Wu, Mingjie Li, Xingjun Ma, Zhouchen Lin",7846-7858,10.1109/tpami.2026.3666165,https://doi.org/10.1109/tpami.2026.3666165
541,Method,48(6),2026-6,Evolving Markov Chains: Online Mode Discovery and Recognition From Data Streams,"Kutalmış Coşkun, Borahan Tümer, Bjarne C. Hiller, Martin Becker",6690-6702,10.1109/tpami.2026.3660046,https://doi.org/10.1109/tpami.2026.3660046
542,Method,48(7),2026-7,Disentangling Consistent and Specific Information for Double Incomplete Multi-View Multi-Label Classification,"Jie Wen, Lian Zhao, Xiaohuan Lu, Chengliang Liu, Li Shen, Chao Huang, Yong Xu",7307-7320,10.1109/tpami.2026.3665097,https://doi.org/10.1109/tpami.2026.3665097
543,Method,48(7),2026-7,CLIP-Actor-X: Text-Driven 4D Human Avatar Generation via Cross-Modal Synthesis-Through-Optimization,"Kim Youwang, Tae-Hyun Byun, Kim Ji-Yeon, Sungjoon Choi, Tae-Hyun Oh",7276-7288,10.1109/tpami.2026.3665111,https://doi.org/10.1109/tpami.2026.3665111
544,Method,48(7),2026-7,Aligning Few-Step Diffusion Models With Dense Reward Difference Learning,"Ziyi Zhang, Li Shen, Sen Zhang, Deheng Ye, Yong Luo, Miaojing Shi, Dongjing Shan, Bo Du, Dacheng Tao",7375-7386,10.1109/tpami.2026.3665753,https://doi.org/10.1109/tpami.2026.3665753
545,Method,48(7),2026-7,Beyond Heat Dissipation: Optimizing Diffusion Models in Frequency Domain,"Qisen Wang, Yifan Zhao, Jia Li",7534-7549,10.1109/tpami.2026.3666860,https://doi.org/10.1109/tpami.2026.3666860
546,Method,48(7),2026-7,Toward the Spectral Bias Alleviation by Normalizations in Coordinate Networks,"Zhicheng Cai, Hao Zhu, Qiu Shen, Xinran Wang, Xun Cao",7784-7801,10.1109/tpami.2026.3667002,https://doi.org/10.1109/tpami.2026.3667002
547,Method,48(7),2026-7,DrivingGaussian++: Toward Realistic Reconstruction and Editable Simulation for Surrounding Dynamic Driving Scenes,"Yajiao Xiong, Xiaoyu Zhou, Yongtao Wang, Deqing Sun, Ming-Hsuan Yang",7289-7306,10.1109/tpami.2026.3667072,https://doi.org/10.1109/tpami.2026.3667072
548,Method,48(7),2026-7,SSD: Making Face Forgery Clues Evident Again With Self-Steganographic Detection,"Ruiyang Xia, Dawei Zhou, Lin Yuan, Jie Li, Nannan Wang, Xinbo Gao",7859-7874,10.1109/tpami.2026.3667180,https://doi.org/10.1109/tpami.2026.3667180
549,Method,48(7),2026-7,Graph Neural Networks Powered by Encoder Embedding for Improved Node Learning,"Shiyu Chen, Cencheng Shen, Youngser Park, Carey E. Priebe",8034-8043,10.1109/tpami.2026.3667397,https://doi.org/10.1109/tpami.2026.3667397
550,Method,48(7),2026-7,Local Causal Discovery With Background Knowledge,"Qingyuan Zheng, Yue Liu, Yangbo He",7969-7980,10.1109/tpami.2026.3667409,https://doi.org/10.1109/tpami.2026.3667409
551,Method,48(7),2026-7,Velocity Disambiguation for Video Frame Interpolation,"Zhihang Zhong, Yiming Zhang, Wei Wang, Xiao Sun, Yu Qiao, Gurunandan Krishnan, Sizhuo Ma, Jian Wang",7938-7953,10.1109/tpami.2026.3667437,https://doi.org/10.1109/tpami.2026.3667437
552,Method,Early Access,2026,VIRGi: View-dependent Instant Recoloring of 3D Gaussians Splats,"Alessio Mazzucchelli, Ivan Ojeda-Martin, Fernando Rivas-Manzaneque, Elena Garces, Adrian Penate-Sanchez, Francesc Moreno-Noguer",1-15,10.1109/tpami.2026.3665650,https://doi.org/10.1109/tpami.2026.3665650
553,Method,48(7),2026-7,Graph-Embedded Deep Generative Clustering for Single-Cell Multi-Omics Data Integration,"Cheng Liang, Wenlan Chen, Lu Gao, Chang-Dong Wang, Shichao Zhang, Fei Guo",7890-7901,10.1109/tpami.2026.3667525,https://doi.org/10.1109/tpami.2026.3667525
554,Method,48(7),2026-7,Attribution Explanations for Deep Neural Networks: A Theoretical Perspective,"Huiqi Deng, Hongbin Pei, Quanshi Zhang, Mengnan Du",7387-7406,10.1109/tpami.2026.3667600,https://doi.org/10.1109/tpami.2026.3667600
555,Method,48(7),2026-7,SAPNet++: Evolving Point-Prompted Instance Segmentation With Semantic and Spatial Awareness,"Zhaoyang Wei, Xumeng Han, Xuehui Yu, Xue Yang, Guorong Li, Zhenjun Han, Jianbin Jiao",8000-8017,10.1109/tpami.2026.3667694,https://doi.org/10.1109/tpami.2026.3667694
556,Method,48(7),2026-7,On the Two Facets to Conquer Wild Out-of-Distribution Detection,"Zhaohui Hu, Qizhou Wang, Xinwang Liu, Long Lan, Bo Han",8060-8074,10.1109/tpami.2026.3667806,https://doi.org/10.1109/tpami.2026.3667806
557,Method,48(7),2026-7,Deployment Prior Injection for Run-Time Re-Biasable Object Detection,"Mo Zhou, Yiding Yang, Haoxiang Li, Vishal M. Patel, Gang Hua",7407-7419,10.1109/tpami.2026.3667914,https://doi.org/10.1109/tpami.2026.3667914
558,Method,48(7),2026-7,Codebook Transfer With Vision-to-Language Translation for Vector Quantization,"Baoquan Zhang, Guotao Liang, Tianran Chen, Yunming Ye, Zhiyuan Wen, Xiaochen Qi, Yao He",7656-7673,10.1109/tpami.2026.3667935,https://doi.org/10.1109/tpami.2026.3667935
559,Method,48(7),2026-7,Winsor-CAM: Human-Tunable Visual Explanations From Deep Networks via Layer-Wise Winsorization,"Casey Wall, Longwei Wang, Rodrigue Rizk, KC Santosh",7920-7937,10.1109/tpami.2026.3668075,https://doi.org/10.1109/tpami.2026.3668075
560,Method,48(7),2026-7,Collaborative Feedback Discriminative Propagation for Video Super-Resolution,"Hao Li, Xiang Chen, Jiangxin Dong, Jinhui Tang, Jinshan Pan",7835-7845,10.1109/tpami.2026.3668757,https://doi.org/10.1109/tpami.2026.3668757
561,Method,48(7),2026-7,AdvDiffusion: Adversarial Patches Generation for Face Recognition With High Transferability in Physical Domain,"Fei Peng, Yang Liu, Guohui Zhou, Min Long",7485-7502,10.1109/tpami.2026.3664842,https://doi.org/10.1109/tpami.2026.3664842
562,Method,48(7),2026-7,Toward Generating Realistic 3D Semantic Training Data for Autonomous Driving,"Lucas Nunes, Rodrigo Marcuzzi, Jens Behley, Cyrill Stachniss",8093-8105,10.1109/tpami.2026.3669002,https://doi.org/10.1109/tpami.2026.3669002
563,Method,48(7),2026-7,Learning Continuous Wasserstein Barycenter Space for Generalized All-in-One Image Restoration,"Xiaole Tang, Xiaoyi He, Jiayi Xu, Xiang Gu, Jian Sun",8395-8410,10.1109/tpami.2026.3669121,https://doi.org/10.1109/tpami.2026.3669121
564,Method,48(7),2026-7,Semi-Supervised VQA Multi-Modal Explanation via Self-Critical Learning,"Wei Suo, Ji Ma, Mengyang Sun, Hanwang Zhang, Peng Wang, Yanning Zhang, Qi Wu",8361-8377,10.1109/tpami.2026.3669188,https://doi.org/10.1109/tpami.2026.3669188
565,Method,48(7),2026-7,Complementary Text-Guided Attention for Zero-Shot Adversarial Robustness,"Lu Yu, Haiyang Zhang, Changsheng Xu",8185-8198,10.1109/tpami.2026.3669252,https://doi.org/10.1109/tpami.2026.3669252
566,Method,48(7),2026-7,Spatio-Temporal Decoupled Knowledge Compensator for Few-Shot Action Recognition,"Hongyu Qu, Xiangbo Shu, Rui Yan, Hailiang Gao, Wenguan Wang, Jinhui Tang",7954-7968,10.1109/tpami.2026.3669254,https://doi.org/10.1109/tpami.2026.3669254
567,Method,48(7),2026-7,UniFES: A Unified Recurrent Network for Quality Enhancement and Stabilization in Face Videos,"Tie Liu, Mai Xu, Shengxi Li, Jialu Zhang, Lai Jiang",8166-8184,10.1109/tpami.2026.3669431,https://doi.org/10.1109/tpami.2026.3669431
568,Method,48(7),2026-7,Flexible-Weighted Chamfer Distance: Enhanced Objective Function for Point Cloud Completion,"Jie Li, Shengwei Tian, Long Yu, Xin Ning",8106-8119,10.1109/tpami.2026.3669003,https://doi.org/10.1109/tpami.2026.3669003
569,Method,48(7),2026-7,Generalization Properties of Robust Learning With Random Features,Caixing Wang,8199-8215,10.1109/tpami.2026.3669168,https://doi.org/10.1109/tpami.2026.3669168
570,Method,48(7),2026-7,Feature Compression for Cloud-Edge Multimodal 3D Object Detection,"Chongzhen Tian, Zhengxin Li, Hui Yuan, Raouf Hamzaoui, Liquan Shen, Sam Kwong",8411-8428,10.1109/tpami.2026.3669471,https://doi.org/10.1109/tpami.2026.3669471
571,Method,48(7),2026-7,AIRPNet: Adaptive Image Restoration With Privacy Protection in Steganographic Domain,"Fangyuan Gao, Chao Gao, Xin Deng, Chenxiao Zhang, Junjie Huang, Mai Xu",8148-8165,10.1109/tpami.2026.3669584,https://doi.org/10.1109/tpami.2026.3669584
572,Method,48(7),2026-7,Outlier-Aware Contrastive Learning,"Jen-Tzung Chien, Kuan Chen",8331-8343,10.1109/tpami.2026.3669598,https://doi.org/10.1109/tpami.2026.3669598
573,Method,48(7),2026-7,"StructChart: On the Schema, Metric, and Augmentation for Visual Chart Understanding","Renqiu Xia, Haoyang Peng, Hancheng Ye, Mingsheng Li, Xiangchao Yan, Peng Ye, Botian Shi, Yu Qiao, Junchi Yan, Bo Zhang",8044-8059,10.1109/tpami.2026.3669664,https://doi.org/10.1109/tpami.2026.3669664
574,Method,48(7),2026-7,Visual-in-Visual: A Unified and Efficient Baseline for Image Restoration,"Yuning Cui, Wenqi Ren, Boxin Shi, Alois Knoll",7981-7999,10.1109/tpami.2026.3669720,https://doi.org/10.1109/tpami.2026.3669720
575,Method,48(7),2026-7,On the Equilibrium Between Feasible Zone and Uncertain Model in Safe Exploration,"Yujie Yang, Zhilong Zheng, Shengbo Eben Li",8344-8360,10.1109/tpami.2026.3669907,https://doi.org/10.1109/tpami.2026.3669907
576,Method,48(7),2026-7,ATD: Improved Transformer With Adaptive Token Dictionary for Image Restoration,"Leheng Zhang, Wei Long, Yawei Li, Xingyu Zhou, Xiaorui Zhao, Shuhang Gu",8018-8033,10.1109/tpami.2026.3669974,https://doi.org/10.1109/tpami.2026.3669974
577,Method,48(9),2026-9,Near-perfect Clustering Based on Recursive Binary Splitting Using Max-MMD,"Sourav Chakrabarty, Anirvan Chakraborty, Shyamal K. De",10207-10220,10.1109/tpami.2026.3669975,https://doi.org/10.1109/tpami.2026.3669975
578,Method,48(7),2026-7,Causal Prompts for Open-Vocabulary Video Instance Segmentation,"Rongkun Zheng, Lu Qi, Xi Chen, Yi Wang, Kun Wang, Yu Qiao, Hengshuang Zhao",8429-8443,10.1109/tpami.2026.3669976,https://doi.org/10.1109/tpami.2026.3669976
579,Method,48(7),2026-7,Supervised Small-Baseline and Large-Baseline Homography Learning With Diffusion-Based Data Generation,"Hai Jiang, Haipeng Li, Songchen Han, Bing Zeng, Shuaicheng Liu",8120-8133,10.1109/tpami.2026.3669995,https://doi.org/10.1109/tpami.2026.3669995
580,Method,48(7),2026-7,Toward Transferable Defense Against Malicious Image Edits,"Jie Zhang, Shuai Dong, Shiguang Shan, Xilin Chen",8134-8147,10.1109/tpami.2026.3670292,https://doi.org/10.1109/tpami.2026.3670292
581,Method,48(7),2026-7,Reservoir-Based Graph Convolutional Networks,"Mayssa Soussia, Gita Ayu Salsabila, Mohamed Ali Mahjoub, Islem Rekik",7875-7889,10.1109/tpami.2026.3670423,https://doi.org/10.1109/tpami.2026.3670423
582,Method,48(7),2026-7,Understanding Data Influence With Differential Approximation,"Haoru Tan, Sitong Wu, Xiuzhe Wu, Wang Wang, Bo Zhao, Zeke Xie, Gui-Song Xia, Xiaojuan Qi",8378-8394,10.1109/tpami.2026.3670471,https://doi.org/10.1109/tpami.2026.3670471
583,Method,48(7),2026-7,Adaptive Sparse Self-Attention for Efficient Image Super-Resolution and Beyond,"Jinshan Pan, Long Sun, Lianhong Song, Jiangxin Dong, Jian Yang, Maocheng Zhao, Jinhui Tang",8283-8296,10.1109/tpami.2026.3670856,https://doi.org/10.1109/tpami.2026.3670856
584,Method,48(7),2026-7,Parameter-Efficient Fine-Tuning for Continual Learning: A Neural Tangent Kernel Perspective,"Jingren Liu, Zhong Ji, YunLong Yu, Jiale Cao, Yanwei Pang, Jungong Han, Xuelong Li",8297-8314,10.1109/tpami.2026.3670952,https://doi.org/10.1109/tpami.2026.3670952
585,Method,48(7),2026-7,Deep Robust Reversible Watermarking,"Jiale Chen, Wang Wei, Chongyang Shi, Li Dong, Yuanman Li, Xiping Hu",8315-8330,10.1109/tpami.2026.3670969,https://doi.org/10.1109/tpami.2026.3670969
586,Method,48(4),2026-4,2025 Reviewers List *,,4961-4982,10.1109/tpami.2026.3660248,https://doi.org/10.1109/tpami.2026.3660248
587,Method,48(7),2026-7,Learning With Partial and Noisy Correspondence in Graph Matching,"Yijie Lin, Mouxing Yang, Peng Hu, Jiancheng Lv, Hao Chen, Xi Peng",8234-8249,10.1109/tpami.2026.3670236,https://doi.org/10.1109/tpami.2026.3670236
588,Method,48(7),2026-7,Brightness-Aware Synthetic-to-Real Learning for Nighttime Hazy Image Enhancement,"Jie Gui, Xiaofeng Cong, Yu-Xin Zhang, Junming Hou, Dacheng Tao",7640-7655,10.1109/tpami.2026.3671754,https://doi.org/10.1109/tpami.2026.3671754
589,Method,48(7),2026-7,A Comparative Assessment of Accuracy in Video-Based Monocular Human Pose Estimation Frameworks,"Fabian Kahl, Philipp Wegner, Maximilian Kapsecker, Leon Nissen, Jennifer Faber, Stephan M. Jonas, Lara Marie Reimer",8470-8484,10.1109/tpami.2026.3672463,https://doi.org/10.1109/tpami.2026.3672463
590,Method,48(7),2026-7,StarIR: Convolutional Image Restoration With Spatial-Frequency Fusion,"Yuning Cui, Syed Waqas Zamir, Ming-Hsuan Yang, Alois Knoll, Fahad Shahbaz Khan, Salman Khan",8216-8233,10.1109/tpami.2026.3672465,https://doi.org/10.1109/tpami.2026.3672465
591,Method,48(7),2026-7,Privacy Preserving Decentralized Learning With Positive-Incentive Noise,"Luqing Wang, Shaofu Yang, Yifan Wan, Wenying Xu, Min-Ling Zhang",8520-8534,10.1109/tpami.2026.3672569,https://doi.org/10.1109/tpami.2026.3672569
592,Method,48(7),2026-7,A Survey on Interpretability in Visual Recognition,"Qiyang Wan, Chengzhi Gao, Ruiping Wang, Xilin Chen",8547-8566,10.1109/tpami.2026.3672629,https://doi.org/10.1109/tpami.2026.3672629
593,Method,48(8),2026-8,Variational Bayesian Personalized Ranking,"Bin Liu, Xiaohong Liu, Qin Luo, Ziqiao Shang, Jielei Chu, Lin Ma, Zhaoyu Li, Fei Teng, Guangtao Zhai, Tianrui Li",8936-8952,10.1109/tpami.2026.3672705,https://doi.org/10.1109/tpami.2026.3672705
594,Method,48(8),2026-8,Adaptive Aggregation of Monte Carlo Augmented Decomposed Filters for Efficient Group-Equivariant Convolutional Neural Network,"Wenzhao Zhao, Barbara D. Wichtmann, Steffen Albert, Angelika Maurer, Frank G. Zöllner, Jürgen W. Hesser",8781-8797,10.1109/tpami.2026.3672711,https://doi.org/10.1109/tpami.2026.3672711
595,Method,48(7),2026-7,Locally Linear Continual Learning for Time Series Based on VC-Theoretical Generalization Bounds,"Yan V. G. Ferreira, Igor B. Lima, Pedro H. G. Mapa Silva, Felipe V. Campos, Antonio P. Braga",8535-8546,10.1109/tpami.2026.3672726,https://doi.org/10.1109/tpami.2026.3672726
596,Method,48(7),2026-7,Mitigating Negative Transfer via Reducing Environmental Disagreement,"Hui Sun, Zheng Xie, Hao-Yuan He, Ming Li",8485-8502,10.1109/tpami.2026.3672777,https://doi.org/10.1109/tpami.2026.3672777
597,Method,48(8),2026-8,Survey of Computerized Adaptive Testing: A Machine Learning Perspective,"Yan Zhuang, Qi Liu, Haoyang Bi, Zhenya Huang, Weizhe Huang, Jiatong Li, Junhao Yu, Zirui Liu, Zirui Hu, Yuting Hong, Zachary A. Pardos, Haiping Ma, Mengxiao Zhu, Shijin Wang, Enhong Chen",8744-8763,10.1109/tpami.2026.3672850,https://doi.org/10.1109/tpami.2026.3672850
598,Method,Early Access,2026,Bridging Generative and Discriminative Noisy-Label Learning via Direction-Agnostic EM Formulation,"Fengbei Liu, Chong Wang, Yuanhong Chen, Yuyuan Liu, Gustavo Carneiro",1-17,10.1109/tpami.2026.3673244,https://doi.org/10.1109/tpami.2026.3673244
599,Method,48(7),2026-7,Co-Boosting++: Coupled Optimization of Data and Ensemble for One-Shot Federated Learning,"Xun Yang, Rong Dai, Yonggang Zhang, Ang Li, Tongliang Liu, Bo Han",8269-8282,10.1109/tpami.2026.3672655,https://doi.org/10.1109/tpami.2026.3672655
600,Method,48(7),2026-7,T-Rex2++: Toward Generic Object Perception via Text-Visual Prompt Synergy,"Qing Jiang, Feng Li, Zhaoyang Zeng, Tianhe Ren, Shilong Liu, Lei Zhang",8678-8693,10.1109/tpami.2026.3672908,https://doi.org/10.1109/tpami.2026.3672908
601,Method,48(7),2026-7,SELongVLM: Empowering Long Video Language Models With Self-Corrective Clip Selection,"Kecheng Zhang, Zongxin Yang, Mingfei Han, Yunzhi Zhuge, Haihong Hao, Changlin Li, Zhihui Li, Xiaojun Chang",8694-8709,10.1109/tpami.2026.3673141,https://doi.org/10.1109/tpami.2026.3673141
602,Method,48(8),2026-8,Understanding Adversarial Imitation Learning in Small Sample Regime: A Stage-Coupled Analysis,"Tian Xu, Ziniu Li, Yang Yu, Zhi-Quan Luo",8919-8935,10.1109/tpami.2026.3673238,https://doi.org/10.1109/tpami.2026.3673238
603,Method,48(7),2026-7,SHC: Deeply Activating Human-Like Cognitive Ability for Visual Question Answering,"Fengjuan Wang, Zhenxue Wang, Gaoyun An, Congyan Lang, Dapeng Oliver Wu",8503-8519,10.1109/tpami.2026.3673273,https://doi.org/10.1109/tpami.2026.3673273
604,Method,48(8),2026-8,Efficient Training of Large Vision Models via Advanced Automated Progressive Learning,"Changlin Li, Jiawei Zhang, Sihao Lin, Zongxin Yang, Junwei Liang, Xiaodan Liang, Xiaojun Chang",8798-8812,10.1109/tpami.2026.3673336,https://doi.org/10.1109/tpami.2026.3673336
605,Method,48(7),2026-7,A Complete Solution to Generalized Relative Pose Estimation From Affine Correspondences,"Banglei Guan, Ji Zhao, Laurent Kneip",8598-8612,10.1109/tpami.2026.3673525,https://doi.org/10.1109/tpami.2026.3673525
606,Method,48(8),2026-8,Confidence-Aware Pseudo-Label Self-Correction for Weakly Supervised Visual Grounding,"Yang Liu, Jiahua Zhang, Yue Wu, Zijing Zhao, Qingchao Chen, Yuxin Peng",8901-8918,10.1109/tpami.2026.3673741,https://doi.org/10.1109/tpami.2026.3673741
607,Method,48(8),2026-8,Hyper-Compression: Model Compression via Hyperfunction,"Feng-Lei Fan, Juntong Fan, Dayang Wang, Jingbo Zhang, Zelin Dong, Shijun Zhang, Ge Wang, Tieyong Zeng",8813-8830,10.1109/tpami.2026.3673772,https://doi.org/10.1109/tpami.2026.3673772
608,Method,48(8),2026-8,Dual-CBA: Improving Online Continual Learning via Dual Continual Bias Adaptors From a Bi-level Optimization Perspective,"Quanziang Wang, Renzhen Wang, Yichen Wu, Xixi Jia, Minghao Zhou, Deyu Meng",8764-8780,10.1109/tpami.2026.3673777,https://doi.org/10.1109/tpami.2026.3673777
609,Method,48(7),2026-7,Nonlinear Bayesian Filtering With N atural Gr a dient Gaussia n Appr o ximation,"Wenhan Cao, Tianyi Zhang, Zeju Sun, Chang Liu, Stephen S.-T. Yau, Shengbo Eben Li",8581-8597,10.1109/tpami.2026.3674120,https://doi.org/10.1109/tpami.2026.3674120
610,Method,48(7),2026-7,Few-Shot Action Recognition via Intra- and Inter-Video Information Maximization,"Huabin Liu, Tieyuan Chen, Yuxi Li, Shuyuan Li, John See, Weiyao Lin",8250-8268,10.1109/tpami.2026.3674176,https://doi.org/10.1109/tpami.2026.3674176
611,Method,48(8),2026-8,DGPDL: Domain-Guided Prompt Distribution Learning for Generalizable Face Anti-Spoofing,"Ajian Liu, Xun Lin, Ruicong Zhi, Yanyan Liang, Xinshan Zhu, Zhanchuan Cai, Jun Wan, Sergio Escalera, Zhen Lei",8953-8969,10.1109/tpami.2026.3674204,https://doi.org/10.1109/tpami.2026.3674204
612,Method,48(8),2026-8,ChatTracker: Enhancing Visual Tracking via LLM-Driven Iterative Description Refinement,"Yu Zhang, Yiming Sun, Mi Zhang, Fan Yu, Shaoxiang Chen, Yang Li, Changbo Wang, Jianke Zhu, Steven C.H. Hoi",8831-8847,10.1109/tpami.2026.3674357,https://doi.org/10.1109/tpami.2026.3674357
613,Method,48(8),2026-8,From Channel Bias to Feature Redundancy: Uncovering the “Less is More” Principle in Few-Shot Learning,"Ji Zhang, Xu Luo, Lianli Gao, Difan Zou, Heng Tao Shen, Jingkuan Song",8866-8881,10.1109/tpami.2026.3674435,https://doi.org/10.1109/tpami.2026.3674435
614,Method,48(7),2026-7,On Demographic Group Fairness Guarantees in Deep Learning,"Yan Luo, Congcong Wen, Min Shi, Hao Huang, Yi Fang, Mengyu Wang",8075-8092,10.1109/tpami.2026.3674484,https://doi.org/10.1109/tpami.2026.3674484
615,Method,48(8),2026-8,Toward Ultrafast Depth Sensing via Active Event-Based Stereo Vision,"Jianing Li, Yunjian Zhang, Haiqian Han, Kangyao Huang, Xiangyang Ji",8848-8865,10.1109/tpami.2026.3674575,https://doi.org/10.1109/tpami.2026.3674575
616,Method,48(8),2026-8,Beyond Support Samples: Incorporating Unlabeled Queries for Few-Shot Semantic Segmentation,"Yuanwei Liu, Nian Liu, Tao Jiang, Yi Wu, Xiwen Yao, Junwei Han",8882-8900,10.1109/tpami.2026.3674742,https://doi.org/10.1109/tpami.2026.3674742
617,Method,48(7),2026-7,Knowledge-Embedded Hypergraph Neural Networks,"Yifan Feng, Yifan Zhang, Shaoyi Du, Shihui Ying, Zongze Wu, Yue Gao",8613-8625,10.1109/tpami.2026.3674800,https://doi.org/10.1109/tpami.2026.3674800
618,Method,48(8),2026-8,Collaborative Multi-Modal Coding for High-Quality 3D Generation,"Ziang Cao, Zhaoxi Chen, Liang Pan, Ziwei Liu",9168-9179,10.1109/tpami.2026.3674943,https://doi.org/10.1109/tpami.2026.3674943
619,Method,48(7),2026-7,"Improved and Accelerated Text-to-Image Generation With Collect, Reflect, and Refine","Shitong Shao, Zikai Zhou, Dian Xie, Yuetong Fang, Tian Ye, Lichen Bai, Bo Han, Zeke Xie",8567-8580,10.1109/tpami.2026.3674984,https://doi.org/10.1109/tpami.2026.3674984
620,Method,48(8),2026-8,Mirror Descent Safe Policy Optimization for Reinforcement Learning Agents,"Renzhi Lu, Ning Wu, Qingqing Xiong, Yifang Shi, Dongrui Wu, Tao Yang, Yaochu Jin, Lihua Xie",9142-9155,10.1109/tpami.2026.3674995,https://doi.org/10.1109/tpami.2026.3674995
621,Method,48(7),2026-7,Diving Into Epipolar Transformers for Light Field Super-Resolution and Disparity Estimation,"Zhengyu Liang, Yingqian Wang, Longguang Wang, Jungang Yang, Yulan Guo, Li Liu, Shilin Zhou, Wei An",8726-8743,10.1109/tpami.2026.3674997,https://doi.org/10.1109/tpami.2026.3674997
622,Method,48(8),2026-8,Sparse Variational Information Bottleneck Gaussian Processes for Uncertainty Estimation,"Liang Mao, Shiliang Sun",9297-9311,10.1109/tpami.2026.3675000,https://doi.org/10.1109/tpami.2026.3675000
623,Method,48(8),2026-8,Revisiting Face Forgery Detection: From Facial Representation to Forgery Detection,"Zonghui Guo, Yingjie Liu, Jie Zhang, Haiyong Zheng, Shiguang Shan",9228-9244,10.1109/tpami.2026.3675018,https://doi.org/10.1109/tpami.2026.3675018
624,Method,48(8),2026-8,HIMO: Cross-Arbitrary-Modality Image Invariant Feature Transform With Hierarchical Intrinsic Major Orientation,"Chenzhong Gao, Wei Li, Desheng Weng, Ran Tao, Xiang-Gen Xia, Qian Du",9001-9018,10.1109/tpami.2026.3675028,https://doi.org/10.1109/tpami.2026.3675028
625,Method,48(8),2026-8,Distilling Object Detectors via Monte Carlo Dropout,"Junfei Yi, Hui Zhang, Jianxu Mao, Tengfei Liu, Mingjie Li, Sihao Lin, Hanyu Gu, Zhihui Li, Xiaojun Chang, Yaonan Wang",9050-9063,10.1109/tpami.2026.3674980,https://doi.org/10.1109/tpami.2026.3674980
626,Method,48(8),2026-8,Track-On2: Enhancing Online Point Tracking With Memory,"Görkay Aydemir, Weidi Xie, Fatma Güney",9263-9278,10.1109/tpami.2026.3675257,https://doi.org/10.1109/tpami.2026.3675257
627,Method,48(8),2026-8,Interacted Planes Reveal 3D Line Mapping,"Zeran Ke, Bin Tan, Gui-Song Xia, Yujun Shen, Nan Xue",9019-9034,10.1109/tpami.2026.3675287,https://doi.org/10.1109/tpami.2026.3675287
628,Method,48(7),2026-7,Class-Distribution-Aware Pseudo-Labeling for Semi-Supervised Multi-Label Learning,"Ming-Kun Xie, Jia-Hao Xiao, Hao-Zhe Liu, Gang Niu, Masashi Sugiyama, Sheng-Jun Huang",8444-8455,10.1109/tpami.2026.3673840,https://doi.org/10.1109/tpami.2026.3673840
629,Method,48(8),2026-8,Principled Multimodal Representation Learning,"Xiaohao Liu, Xiaobo Xia, See-Kiong Ng, Tat-Seng Chua",9114-9128,10.1109/tpami.2026.3675685,https://doi.org/10.1109/tpami.2026.3675685
630,Method,48(7),2026-7,Graph Condensation via Homophily Node Refining and Fine-Grained Distribution Matching,"Ruiwen Yuan, Yongqiang Tang, Wensheng Zhang",8626-8641,10.1109/tpami.2026.3672916,https://doi.org/10.1109/tpami.2026.3672916
631,Method,48(8),2026-8,Modality Equilibrium Matters: Minor-Modality-Aware Adaptive Alternating for Cross-Modal Memory Enhancement,"Xiang Shi, Rui Zhang, Jiawei Liu, Yinpeng Liu, Zhu Liang, Qikai Cheng, Wei Lu",10176-10183,10.1109/tpami.2026.3676535,https://doi.org/10.1109/tpami.2026.3676535
632,Method,48(8),2026-8,Fast and Scalable Hashing-Based Universal Graph Coarsening,"Mohit Kataria, Nikita Malik, Jayadeva, Sandeep Kumar",9245-9262,10.1109/tpami.2026.3676633,https://doi.org/10.1109/tpami.2026.3676633
633,Method,48(8),2026-8,"Out-of-Sight Embodied Agents: Multimodal Tracking, Sensor Fusion, and Trajectory Forecasting","Haichao Zhang, Yi Xu, Yun Fu",9129-9141,10.1109/tpami.2026.3676710,https://doi.org/10.1109/tpami.2026.3676710
634,Method,48(8),2026-8,One-Step Diffusion and Flow Distillation Through Implicit Generator Matching,"Zemin Huang, Weijian Luo, Zhengyang Geng, Guojun Qi",9156-9167,10.1109/tpami.2026.3676894,https://doi.org/10.1109/tpami.2026.3676894
635,Method,48(8),2026-8,Discrete Tokenization for Multimodal LLMs: A Comprehensive Survey,"Jindong Li, Yali Fu, Jiahong Liu, Linxiao Cao, Wei Ji, Menglin Yang, Irwin King, Ming-Hsuan Yang",9093-9113,10.1109/tpami.2026.3676982,https://doi.org/10.1109/tpami.2026.3676982
636,Method,48(8),2026-8,Stability and Generalization for Distributed SGDA,"Miaoxi Zhu, Yan Sun, Li Shen, Bo Du, Dacheng Tao",9197-9209,10.1109/tpami.2026.3677027,https://doi.org/10.1109/tpami.2026.3677027
637,Method,48(8),2026-8,Understanding the Effects of Projectors in Knowledge Distillation,"Yudong Chen, Sen Wang, Jiajun Liu, Xuwei Xu, Frank de Hoog, Brano Kusy, Zi Huang",9078-9092,10.1109/tpami.2026.3677028,https://doi.org/10.1109/tpami.2026.3677028
638,Method,48(8),2026-8,OmniParser V2: Structured-Points-of-Thought for Unified Visual Text Parsing and Its Generality to Multimodal Large Language Models,"Wenwen Yu, Zhibo Yang, Jianqiang Wan, Sibo Song, Jun Tang, Wenqing Cheng, Yuliang Liu, Xiang Bai",9210-9227,10.1109/tpami.2026.3677075,https://doi.org/10.1109/tpami.2026.3677075
639,Method,48(7),2026-7,Prompt is All You Need: Prompting Foundation Models for Large-Scale Self-Supervised Semantic Segmentation,"Jiaojiao Su, Qiwu Luo, Shuzhou Sun, Yuenan Hou, Xinyu Zhang, Janne Heikkilä, Chunhua Yang, Li Liu",8642-8660,10.1109/tpami.2026.3673339,https://doi.org/10.1109/tpami.2026.3673339
640,Method,48(8),2026-8,SHADOW: Secure Hidden Authenticating Digital Objects in the Wild,Daniel Riccio,9323-9336,10.1109/tpami.2026.3679257,https://doi.org/10.1109/tpami.2026.3679257
641,Method,48(8),2026-8,Multi-View Clustering via Bilaterally Constrained Anchor Graph,"Qianyao Qiang, Bin Zhang, Yunjia Hua, Feiping Nie",9064-9077,10.1109/tpami.2026.3678628,https://doi.org/10.1109/tpami.2026.3678628
642,Method,48(8),2026-8,Dual Geometry Margin Optimization for Coupled-Noisy Robust Ensemble Learning,"Zheng Wang, Guanxiong He, Jie Wang, Runxin Zhang, Liaoyuan Tang, Rong Wang, Feiping Nie",9434-9449,10.1109/tpami.2026.3679394,https://doi.org/10.1109/tpami.2026.3679394
643,Method,48(8),2026-8,Harnessing Meta-Learning for Controllable Full-Frame Video Stabilization,"Muhammad Kashif Ali, Eun Woo Im, Dongjin Kim, Tae Hyun Kim, Vivek Gupta, Haonan Luo, Tianrui Li",9180-9196,10.1109/tpami.2026.3679401,https://doi.org/10.1109/tpami.2026.3679401
644,Method,48(8),2026-8,MAN++: Scaling Momentum Auxiliary Network for Supervised Local Learning in Vision Tasks,"Junhao Su, Feiyu Zhu, Hengyu Shi, Tianyang Han, Yurui Qiu, Junfeng Luo, Xiaoming Wei, Jialin Gao",9537-9551,10.1109/tpami.2026.3679406,https://doi.org/10.1109/tpami.2026.3679406
645,Method,48(8),2026-8,Dictionary Multi-Modal Temporal Graph Learning,"Meng Liu, Ke Liang, Miaomiao Li, Xueling Zhu, Xinwang Liu",9606-9623,10.1109/tpami.2026.3679419,https://doi.org/10.1109/tpami.2026.3679419
646,Method,48(8),2026-8,Dream to Recall: Imagination-Guided Experience Retrieval for Memory-Persistent Vision-and-Language Navigation,"Yunzhe Xu, Yiyuan Pan, Zhe Liu",9035-9049,10.1109/tpami.2026.3679426,https://doi.org/10.1109/tpami.2026.3679426
647,Method,48(8),2026-8,Chat-Scene++: Exploiting Context-Rich Object Identification for 3D LLM,"Haifeng Huang, Yilun Chen, Zehan Wang, Jiangmiao Pang, Zhou Zhao",9813-9825,10.1109/tpami.2026.3679561,https://doi.org/10.1109/tpami.2026.3679561
648,Method,48(8),2026-8,Seeking Flat Minima Over Diverse Surrogates for Improved Adversarial Transferability: A Theoretical Framework and Algorithmic Instantiation,"Meixi Zheng, Kehan Wu, Yanbo Fan, Rui Huang, Baoyuan Wu",9552-9570,10.1109/tpami.2026.3679726,https://doi.org/10.1109/tpami.2026.3679726
649,Method,48(8),2026-8,Cross-Frequency Implicit Neural Representation With Self-Evolving Parameters,"Chang Yu, Yisi Luo, Kai Ye, Xile Zhao, Deyu Meng",9467-9485,10.1109/tpami.2026.3679791,https://doi.org/10.1109/tpami.2026.3679791
650,Method,48(8),2026-8,SparseBEV: A Fully Sparse Framework for Multi-View 3D Object Detection,"Yang Chen, Haisong Liu, Limin Wang",9748-9764,10.1109/tpami.2026.3679808,https://doi.org/10.1109/tpami.2026.3679808
651,Method,48(8),2026-8,Learning Continuous Spatiotemporal Implicit Neural Fields for Unsupervised Video Denoising,"Xiaowan Hu, Henan Liu, Ce Zheng, Xinyang Li, Mai Xu",9415-9433,10.1109/tpami.2026.3680159,https://doi.org/10.1109/tpami.2026.3680159
652,Method,48(8),2026-8,Training-Free Ultra Small Model for Universal Sparse Reconstruction in Compressed Sensing,"Chaoqing Tang, Huanze Zhuang, Guiyun Tian, Zhenli Zeng, Yi Ding, Wenzhong Liu, Lin Lin, Xiang Bai",9797-9812,10.1109/tpami.2026.3680162,https://doi.org/10.1109/tpami.2026.3680162
653,Method,48(8),2026-8,How Can State Space Models Enhance Machine Learning on Graphs?,"Yinan Huang, Siqi Miao, Pan Li",10184-10191,10.1109/tpami.2026.3680437,https://doi.org/10.1109/tpami.2026.3680437
654,Method,48(8),2026-8,DAC-MR: Data Augmentation Consistency Based Meta-Regularization for Meta-Learning,"Jun Shu, Xiang Yuan, Deyu Meng, Zongben Xu",9642-9658,10.1109/tpami.2026.3680442,https://doi.org/10.1109/tpami.2026.3680442
655,Method,48(8),2026-8,MCPNet++: Interpretable Classification Models via Multi-Level Concept Prototypes,"Bor-Shiun Wang, Chien-Yi Wang, Wei-Chen Chiu",9694-9710,10.1109/tpami.2026.3680506,https://doi.org/10.1109/tpami.2026.3680506
656,Method,48(8),2026-8,Motion2VecSets: Non-Rigid Shape Reconstruction and Tracking With 4D Latent Set Diffusion,"Jiapeng Tang, Wei Cao, Biao Zhang, Chang Luo, Yaoyao Liu, Matthias Nießner",9519-9536,10.1109/tpami.2026.3680779,https://doi.org/10.1109/tpami.2026.3680779
657,Method,48(8),2026-8,A Non-Negative Deep VAE: The Generalized Gamma Belief Network,"Zhibin Duan, Tiansheng Wen, Muyao Wang, Wenchao Chen, Hao Zhang, Bo Chen, Fei Meng, Hongwei Liu, Mingyuan Zhou",9675-9693,10.1109/tpami.2026.3680869,https://doi.org/10.1109/tpami.2026.3680869
658,Method,48(8),2026-8,Robust Adaptation of Foundation Models With Black-Box Visual Prompting,"Changdae Oh, Gyeongdeok Seo, Geunyoung Jung, Zhi-Qi Cheng, Hosik Choi, Jiyoung Jung, Kyungwoo Song",9372-9383,10.1109/tpami.2026.3681244,https://doi.org/10.1109/tpami.2026.3681244
659,Method,48(8),2026-8,A Pose-Only Geometric Constraint for Multi-Camera Pose Adjustment,"Shunkun Liang, Banglei Guan, Bin Li, Qifeng Yu, Yang Shang",9354-9371,10.1109/tpami.2026.3681272,https://doi.org/10.1109/tpami.2026.3681272
660,Method,48(8),2026-8,iSeg: An Iterative Refinement-Based Framework for Training-Free Segmentation,"Lin Sun, Jiale Cao, Jin Xie, Fahad Shahbaz Khan, Yanwei Pang",9765-9781,10.1109/tpami.2026.3681368,https://doi.org/10.1109/tpami.2026.3681368
661,Method,48(8),2026-8,Learning Three-Domain Implicit Image Function for Arbitrary-Scale Light Field Super-Resolution,"Ruixuan Cong, Hao Sheng, Yu Wang, Da Yang, Zhenglong Cui, Weifeng Lyv, Yi Zhang, Wei Ke",9397-9414,10.1109/tpami.2026.3679405,https://doi.org/10.1109/tpami.2026.3679405
662,Method,48(8),2026-8,"S 4 ST: A Strong, Self-Transferable, faSt, and Simple Scale Transformation for Data-Free Transferable Targeted Attack","Yongxiang Liu, Bowen Peng, Li Liu, Xiang Li",9730-9747,10.1109/tpami.2026.3679507,https://doi.org/10.1109/tpami.2026.3679507
663,Method,48(8),2026-8,DrawMotion: Generating 3D Human Motions by Freehand Drawing,"Tao Wang, Lei Jin, Zhihua Wu, Qiaozhi He, Jiaming Chu, Yu Cheng, Junliang Xing, Jian Zhao, Shuicheng Yan, Li Wang",9450-9466,10.1109/tpami.2026.3679530,https://doi.org/10.1109/tpami.2026.3679530
664,Method,48(8),2026-8,Separable Decomposition for Ragged Tensors,"Yexun Hu, Tai-Xiang Jiang, Michael K. Ng, Xi-Le Zhao",9624-9641,10.1109/tpami.2026.3679727,https://doi.org/10.1109/tpami.2026.3679727
665,Method,48(8),2026-8,Band-Kernel Stochastic Learning for Unsupervised Blind Hyperspectral Image Super-Resolution,"Zhixiong Yang, Jingyuan Xia, Shengxi Li, Lingyu Zheng, Shuanghui Zhang, Li Liu, Yaowen Fu, Yongxiang Liu",9895-9913,10.1109/tpami.2026.3681688,https://doi.org/10.1109/tpami.2026.3681688
666,Method,48(8),2026-8,Temporal Source Recovery for Time-Series Source-Free Unsupervised Domain Adaptation,"Yucheng Wang, Peiliang Gong, Min Wu, Felix Ott, Xiaoli Li, Lihua Xie, Zhenghua Chen",9589-9605,10.1109/tpami.2026.3681762,https://doi.org/10.1109/tpami.2026.3681762
667,Method,48(8),2026-8,Deep Information-Balanced Multimodal Learning,"Yang Qin, Yanglin Feng, Yuan Sun, Dezhong Peng, Xi Peng, Peng Hu",9384-9396,10.1109/tpami.2026.3681770,https://doi.org/10.1109/tpami.2026.3681770
668,Method,48(8),2026-8,Textureless Surface Feature Point Detection via Micro-Geometry Reconstruction,"Yanxing Liang, Yinghui Wang, Tao Yan, Jinlong Yang, Wei Li, Liangyi Huang, Xiaojuan Ning, Temurbek Kuchkorov",10066-10082,10.1109/tpami.2026.3681931,https://doi.org/10.1109/tpami.2026.3681931
669,Method,48(8),2026-8,Rein++: Efficient Generalization and Adaptation for Semantic Segmentation With Vision Foundation Models,"Zhixiang Wei, Xiaoxiao Ma, Ruishen Yan, Tao Tu, Huaian Chen, Jinjin Zheng, Yi Jin, Enhong Chen",9826-9843,10.1109/tpami.2026.3681631,https://doi.org/10.1109/tpami.2026.3681631
670,Method,48(8),2026-8,EvaNet: Toward More Efficient and Consistent Infrared and Visible Image Fusion Assessment,"Chunyang Cheng, Tianyang Xu, Xiao-Jun Wu, Tao Zhou, Hui Li, Zhangyong Tang, Josef Kittler",9914-9929,10.1109/tpami.2026.3681958,https://doi.org/10.1109/tpami.2026.3681958
671,Method,48(8),2026-8,MSDformer: Multi-Scale Discrete Transformer for Time Series Generation,"Shibo Feng, Zhicheng Chen, Xi Xiao, Zhong Zhang, Qing Li, Xingyu Gao, Peilin Zhao",10129-10142,10.1109/tpami.2026.3681981,https://doi.org/10.1109/tpami.2026.3681981
672,Method,48(8),2026-8,Pragmatic Communication in Multi-Agent Collaborative Perception,"Yue Hu, Xianghe Pang, Xiaoqi Qin, Yonina C. Eldar, Siheng Chen, Ping Zhang, Wenjun Zhang",9279-9296,10.1109/tpami.2026.3680062,https://doi.org/10.1109/tpami.2026.3680062
673,Method,48(8),2026-8,Local and High-Order Consistency Coding and Adaptation for Cross-Hypergraph Node Classification,"Hanrui Wu, Yanxin Wu, Lei Tian, Zhao-Rong Lai, Jinyi Long, Michael K. Ng, C. L. Philip Chen",9997-10011,10.1109/tpami.2026.3682385,https://doi.org/10.1109/tpami.2026.3682385
674,Method,48(8),2026-8,EvolveNav: Empowering LLM-Based Vision-Language Navigation via Self-Improving Embodied Reasoning,"Bingqian Lin, Yunshuang Nie, Khun Loun Zai, Ziming Wei, Mingfei Han, Rongtao Xu, Minzhe Niu, Jianhua Han, Hanwang Zhang, Liang Lin, Bokui Chen, Cewu Lu, Xiaodan Liang",9782-9796,10.1109/tpami.2026.3682514,https://doi.org/10.1109/tpami.2026.3682514
675,Method,48(8),2026-8,Neural Operator: Is Data All You Need to Model the World? An Insight Into the Paradigm of Data-Driven Scientific ML,"Hrishikesh Viswanath, Md Ashiqur Rahman, Abhijeet Vyas, Andrey Shor, Beatriz Medeiros, Stephanie Hernandez, Suhas Eswarappa Prameela, Aniket Bera",10097-10111,10.1109/tpami.2026.3682604,https://doi.org/10.1109/tpami.2026.3682604
676,Method,48(8),2026-8,Catching Every Ripple: Enhanced Anomaly Awareness via Dynamic Concept Adaptation,"Jiaqi Zhu, Shaofeng Cai, Jie Chen, Fang Deng, Beng Chin Ooi, Wenqiao Zhang",9930-9946,10.1109/tpami.2026.3682661,https://doi.org/10.1109/tpami.2026.3682661
677,Method,48(8),2026-8,Quadruplet Augmentation With Attribute and Structure Invariance for Online Continual Learning,"Jialu Wu, Shaofan Wang, Yanfeng Sun, Boyue Wang, Baocai Yin",9876-9894,10.1109/tpami.2026.3681470,https://doi.org/10.1109/tpami.2026.3681470
678,Method,48(8),2026-8,Scalable and Generalizable Correspondence Pruning via Geometry-Consistent Pre-Training,"Tangfei Liao, Xiaoqin Zhang, Tao Wang, Hao Ye, Min Li, Guobao Xiao, Mang Ye",10048-10065,10.1109/tpami.2026.3682079,https://doi.org/10.1109/tpami.2026.3682079
679,Method,48(8),2026-8,SCGT: Toward Scalable and Comprehensive Graph Transformer,"Jianqing Liang, Min Chen, Xinkai Wei, Jiye Liang",9312-9322,10.1109/tpami.2026.3682858,https://doi.org/10.1109/tpami.2026.3682858
680,Method,48(9),2026-9,Local Duality for Sparse Support Vector Machines,"Penghe Zhang, Naihua Xiu, Houduo Qi",10332-10347,10.1109/tpami.2026.3683057,https://doi.org/10.1109/tpami.2026.3683057
681,Method,48(8),2026-8,Mechanisms Under Shifts: Interpretable Clustering With Self-Improving Heterogeneous Causal Graphs,"Wenrui Li, Qinghao Zhang, Xiaowo Wang",10083-10096,10.1109/tpami.2026.3683072,https://doi.org/10.1109/tpami.2026.3683072
682,Method,48(8),2026-8,Equivariant Bayesian Hyperspectral Imaging via Mosaiced and PAN Image Fusion,"Renwei Dian, Nan Wang, Anjing Guo, Shutao Li",9966-9981,10.1109/tpami.2026.3682543,https://doi.org/10.1109/tpami.2026.3682543
683,Method,48(8),2026-8,Mining Association Patterns From Neighborhood Insight,"Honghong Cheng, Yuhua Qian, Xinyan Liang, Jiye Liang, Qingfu Zhang",10012-10029,10.1109/tpami.2026.3682740,https://doi.org/10.1109/tpami.2026.3682740
684,Method,48(8),2026-8,Advancing Vision Transformer With Enhanced Spatial Priors,"Qihang Fan, Huaibo Huang, Mingrui Chen, Hongmin Liu, Ran He",9711-9729,10.1109/tpami.2026.3683127,https://doi.org/10.1109/tpami.2026.3683127
685,Method,48(8),2026-8,Information-Theoretic Optimization for Task-Adapted Compressed Sensing Magnetic Resonance Imaging,"Xinyu Peng, Ziyang Zheng, Wenrui Dai, Duoduo Xue, Shaohui Li, Chenglin Li, Junni Zou, Hongkai Xiong",9947-9965,10.1109/tpami.2026.3683201,https://doi.org/10.1109/tpami.2026.3683201
686,Method,48(8),2026-8,Probing Deep Into Temporal Profile Makes the Infrared Small Target Detector Much Better,"Ruojing Li, Wei An, Yingqian Wang, Xinyi Ying, Yimian Dai, Longguang Wang, Miao Li, Yulan Guo, Li Liu",10157-10175,10.1109/tpami.2026.3683258,https://doi.org/10.1109/tpami.2026.3683258
687,Method,48(8),2026-8,Text4Seg++: Advancing Image Segmentation via Generative Language Modeling,"Mengcheng Lan, Chaofeng Chen, Jiaxing Xu, Zongrui Li, Yiping Ke, Xudong Jiang, Yingchen Yu, Yunqing Zhao, Song Bai",9486-9501,10.1109/tpami.2026.3683307,https://doi.org/10.1109/tpami.2026.3683307
688,Method,48(8),2026-8,Principals and Pupils of Lenslet-Based Light Field Camera Calibration,"Douglas W. Palmer, Ryan Griffiths, Donald G. Dansereau",9844-9858,10.1109/tpami.2026.3683350,https://doi.org/10.1109/tpami.2026.3683350
689,Method,48(9),2026-9,DECODE: Domain-Aware Continual Domain Expansion for Motion Prediction,"Boqi Li, Haojie Zhu, Henry X. Liu",10316-10331,10.1109/tpami.2026.3683469,https://doi.org/10.1109/tpami.2026.3683469
690,Method,48(9),2026-9,Enhancing Value Decomposition With Target Transformation in Cooperative Multi-Agent Reinforcement Learning,"Zeyang Liu, Lipeng Wan, Shiguang Sun, Xue Sui, Xingyu Chen, Xuguang Lan, Nanning Zheng",10299-10315,10.1109/tpami.2026.3683517,https://doi.org/10.1109/tpami.2026.3683517
691,Method,48(8),2026-8,Probing Effective and Efficient Category-Level Articulated Object Pose Perception,"Li Zhang, Xianhui Meng, Liu Liu, Haonan Jiang, Jianan Wang, Rujing Wang, Cewu Lu, Jun Liu, Hong Zhang",10030-10047,10.1109/tpami.2026.3682504,https://doi.org/10.1109/tpami.2026.3682504
692,Method,48(8),2026-8,Label Hierarchy Transition: Delving Into Class Hierarchies to Enhance Deep Classifiers,"Renzhen Wang, De Cai, Kaiwen Xiao, Xixi Jia, Xiao Han, Deyu Meng",10112-10128,10.1109/tpami.2026.3683788,https://doi.org/10.1109/tpami.2026.3683788
693,Method,48(9),2026-9,Neural Network Optimization Reimagined: Decoupled Techniques for Scratch and Fine-Tuning,"Xin Ning, Qiankun Li, Xiaolong Huang, Qiupu Chen, Feng He, Weijun Li, Prayag Tiwari, Xinwang Liu",10221-10234,10.1109/tpami.2026.3683792,https://doi.org/10.1109/tpami.2026.3683792
694,Method,Early Access,2026,NExplore: Exploration with Neural Fields for Autonomous Scene Reconstruction,"Zike Yan, Zijia Kuang, Yuetao Li, Jinkun Liu, Guyue Zhou, Hongbin Zha",1-18,10.1109/tpami.2026.3683554,https://doi.org/10.1109/tpami.2026.3683554
695,Method,48(9),2026-9,Strength-Adaptive Adversarial Training,"Chaojian Yu, Dawei Zhou, Li Shen, Jun Yu, Bo Han, Mingming Gong, Nannan Wang, Tongliang Liu",10235-10247,10.1109/tpami.2026.3684741,https://doi.org/10.1109/tpami.2026.3684741
696,Method,48(9),2026-9,Learning When and How to Update Memory for Video Object Segmentation,"Shengye Qiao, Changqun Xia, Yanjie Liang, Xiaowu Chen, Jia Li",10266-10283,10.1109/tpami.2026.3684742,https://doi.org/10.1109/tpami.2026.3684742
697,Method,48(9),2026-9,SRFormerV2: Taking a Closer Look at Permuted Self-Attention for Image Super-Resolution,"Yupeng Zhou, Zhen Li, Chun-Le Guo, Li Liu, Ming-Ming Cheng, Qibin Hou",10348-10362,10.1109/tpami.2026.3685679,https://doi.org/10.1109/tpami.2026.3685679
698,Method,48(9),2026-9,Comparison Study: Glacier Calving Front Delineation in Synthetic Aperture Radar Images With Deep Learning,"Nora Gourmelon, Konrad Heidler, Erik Loebel, Daniel Cheng, Julian Klink, Anda Dong, Fei Wu, Noah Maul, Moritz Koch, Marcel Dreier, Dakota Pyles, Thorsten Seehaus, Matthias H. Braun, Andreas Maier, Vincent Christlein",11224-11230,10.1109/tpami.2026.3685700,https://doi.org/10.1109/tpami.2026.3685700
699,Method,48(9),2026-9,GSPNet: Graph Spectral Projection Network Using Learnable Spectral Transformation,"Yangli-ao Geng, Yuxiao Dong, Wenzheng Feng, Qingyong Li, Jie Tang",10248-10265,10.1109/tpami.2026.3685759,https://doi.org/10.1109/tpami.2026.3685759
700,Method,48(9),2026-9,Reliable and Compact Graph Fine-Tuning via Graph Sparse Prompting,"Bo Jiang, Hao Wu, Beibei Wang, Jin Tang, Bin Luo",11216-11223,10.1109/tpami.2026.3686463,https://doi.org/10.1109/tpami.2026.3686463
701,Method,Early Access,2026,Uncertainty Quantification in Detection Transformers: Object-Level Calibration and Image-Level Reliability,"Young-Jin Park, Carson Sobolewski, Navid Azizan",1-14,10.1109/tpami.2026.3686715,https://doi.org/10.1109/tpami.2026.3686715
702,Method,48(9),2026-9,Learning Evolution via Optimization Knowledge Adaptation,"Chao Wang, Lingling Li, Licheng Jiao, Jiaxuan Zhao, Fang Liu, Shuyuan Yang",10442-10459,10.1109/tpami.2026.3686919,https://doi.org/10.1109/tpami.2026.3686919
703,Method,48(9),2026-9,Suppressing Gradient Conflict for Generalizable Deepfake Detection,"Ming-Hui Liu, Harry Cheng, Xin Luo, Xin-Shun Xu",10401-10413,10.1109/tpami.2026.3687009,https://doi.org/10.1109/tpami.2026.3687009
704,Method,48(9),2026-9,Contrastive Mixture Diffusion Models,"Jen-Tzung Chien, Chih-Chun Chen",10476-10488,10.1109/tpami.2026.3687180,https://doi.org/10.1109/tpami.2026.3687180
705,Method,48(9),2026-9,Learning Disentangled Representations for Generalized Multi-View Clustering,"Xin Zou, Ruimeng Liu, Chang Tang, Zhenglai Li, Xinwang Liu, Kunlun He, Wanqing Li",10489-10503,10.1109/tpami.2026.3687339,https://doi.org/10.1109/tpami.2026.3687339
706,Method,48(9),2026-9,Matrix Commitment-Based Ownership Verification for Distributed Machine Learning,"Tianxiu Xie, Keke Gai, Jing Yu, Liehuang Zhu, Qi Wu",10363-10381,10.1109/tpami.2026.3687640,https://doi.org/10.1109/tpami.2026.3687640
707,Method,48(9),2026-9,Continual Test-Time Training on Graphs via Adaptive Prompts Integration,"Qianyi Cai, Ziyue Qiao, Rui Cai, Huijie Liu, Junyi Li, Xiao Luo, Hui Xiong",10429-10441,10.1109/tpami.2026.3687933,https://doi.org/10.1109/tpami.2026.3687933
708,Method,48(9),2026-9,Box-Free Model Watermarks are Prone to Black-Box Removal Attacks,"Haonan An, Guang Hua, Zhiping Lin, Yuguang Fang",10610-10622,10.1109/tpami.2026.3688047,https://doi.org/10.1109/tpami.2026.3688047
709,Method,48(9),2026-9,YOTO++: Learning Long-Horizon Closed-Loop Bimanual Manipulation From One-Shot Human Video Demonstrations,"Huayi Zhou, Ruixiang Wang, Yunxin Tai, Yueci Deng, Guiliang Liu, Kui Jia",10695-10712,10.1109/tpami.2026.3688078,https://doi.org/10.1109/tpami.2026.3688078
710,Method,48(9),2026-9,Learning Spatial-Temporal Coherent Correlations for Speech-Preserving Facial Expression Manipulation,"Tianshui Chen, Jianman Lin, Zhijing Yang, Chunmei Qing, Guangrun Wang, Liang Lin",10460-10475,10.1109/tpami.2026.3687518,https://doi.org/10.1109/tpami.2026.3687518
711,Method,48(9),2026-9,MuSc-V2: Zero-Shot Multimodal Industrial Anomaly Classification and Segmentation With Mutual Scoring of Unlabeled Samples,"Xurui Li, Feng Xue, Yu Zhou",10713-10727,10.1109/tpami.2026.3688174,https://doi.org/10.1109/tpami.2026.3688174
712,Method,48(9),2026-9,Causality-Preserving Domain Generalization via Adaptive Fourier Mixup for RUL Prediction,"Yifan Zhu, Wenyu Chen, Zhe Cheng, Fode Zhang, Zhisheng Ye",10924-10939,10.1109/tpami.2026.3688520,https://doi.org/10.1109/tpami.2026.3688520
713,Method,48(9),2026-9,Bi3D++: Hybrid Bi-Domain Active Learning for Cross-Domain 3D Object Detection,"Jiakang Yuan, Xiangchao Yan, Botian Shi, Bo Zhang, Feng Xu, Yu Qiao, Tao Chen",11027-11043,10.1109/tpami.2026.3688543,https://doi.org/10.1109/tpami.2026.3688543
714,Method,48(9),2026-9,Sparse4D: Sparse-Based End-to-End Multi-Sensor Temporal Perception,"Xuewu Lin, Zixiang Pei, Keyu Li, Tianwei Lin, Lichao Huang, Chenyao Yu, John See, Zhizhong Su, Cong Yang",10774-10791,10.1109/tpami.2026.3688545,https://doi.org/10.1109/tpami.2026.3688545
715,Method,Early Access,2026,A Survey on Autonomy-Induced Security Risks in Large Model-Based Agents,"Hang Su, Jun Luo, Chang Liu, Xiao Yang, Yichi Zhang, Yinpeng Dong, Jun Zhu",1-20,10.1109/tpami.2026.3688650,https://doi.org/10.1109/tpami.2026.3688650
716,Method,48(9),2026-9,ImagineNav++: Prompting Vision-Language Models as Embodied Navigator Through Scene Imagination,"Teng Wang, Xinxin Zhao, Wenzhe Cai, Changyin Sun",11166-11182,10.1109/tpami.2026.3688692,https://doi.org/10.1109/tpami.2026.3688692
717,Method,48(9),2026-9,Beyond Sparsity: Receptive Field Expansion and Cross-Task Fusion for LiDAR Multi-Task Perception,"Shengjie Huang, Runbang Zhang, Shuo Liu, Yougang Bian, Xiaohui Qin",10623-10634,10.1109/tpami.2026.3688337,https://doi.org/10.1109/tpami.2026.3688337
718,Method,48(9),2026-9,From Local to Global to Mechanistic: An iERF-Centered Unified Framework for Interpreting Vision Models,"Yearim Kim, Sangyu Han, Nojun Kwak",10744-10760,10.1109/tpami.2026.3688582,https://doi.org/10.1109/tpami.2026.3688582
719,Method,48(9),2026-9,Boosting the Performance of Decentralized Federated Learning via Catalyst Acceleration,"Qinglun Li, Miao Zhang, Yingqi Liu, Quanjun Yin, Li Shen, Xiaochun Cao",11139-11150,10.1109/tpami.2026.3688672,https://doi.org/10.1109/tpami.2026.3688672
720,Method,Early Access,2026,A Minimal Solution to the Perspective-3-Point Problem for the Camera with Unknown Focal Length and Two Degrees-of-Freedom Rotation,"Yang Guo, Xiaoxue Lu",1-12,10.1109/tpami.2026.3688698,https://doi.org/10.1109/tpami.2026.3688698
721,Method,48(9),2026-9,On the Limitations and Capabilities of Position Embeddings for Length Generalization,"Yang Chen, Yitao Liang, Zhouchen Lin",10844-10855,10.1109/tpami.2026.3688702,https://doi.org/10.1109/tpami.2026.3688702
722,Method,48(9),2026-9,Balanced Multi-View Clustering,"Zhenglai Li, Jun Wang, Chang Tang, Xinzhong Zhu, Wei Zhang, Xinwang Liu",11124-11138,10.1109/tpami.2026.3688728,https://doi.org/10.1109/tpami.2026.3688728
723,Method,48(9),2026-9,An Efficient Regenerated Cross-Modal Hashing: Improving Existing Hash Codes With the Arbitrary Length,"Kaihang Jiang, Wai Keung Wong, Xiaozhao Fang, Weijun Sun, Guoxu Zhou, Shengli Xie, Xiaochun Cao",10382-10400,10.1109/tpami.2026.3688816,https://doi.org/10.1109/tpami.2026.3688816
724,Method,48(9),2026-9,Quantum Conflict Measurement in Decision Fusion for Out-of-Distribution Detection,"Yilin Dong, Tianyun Zhu, Xinde Li, Jean Dezert, Rigui Zhou, Changming Zhu, Lei Cao, Shuzhi Sam Ge",10551-10569,10.1109/tpami.2026.3688924,https://doi.org/10.1109/tpami.2026.3688924
725,Method,48(9),2026-9,Learned Optimal Visual Time-of-Flight Imaging With Fisher Information Guidance,"Kanghui Wang, Jiaqu Li, Zhangnan Li, Kai Wang, Xiangshun Kong, Feng Yan, Tao Yue, Xuemei Hu",11200-11215,10.1109/tpami.2026.3688946,https://doi.org/10.1109/tpami.2026.3688946
726,Method,48(9),2026-9,Snapshot 3D Gaussian Splatting for Miniature Scenes,"Yufan Zhang, Yu Ji, Yu Guo, Jinwei Ye",10668-10681,10.1109/tpami.2026.3688999,https://doi.org/10.1109/tpami.2026.3688999
727,Method,48(9),2026-9,Learning Scene-Level Signed Directional Distance Function With Ellipsoidal Priors and Neural Residuals,"Zhirui Dai, Hojoon Shin, Yulun Tian, Ki Myung Brian Lee, Nikolay Atanasov",11151-11165,10.1109/tpami.2026.3688658,https://doi.org/10.1109/tpami.2026.3688658
728,Method,48(9),2026-9,PixOOD: Pixel-Level Out-of-Distribution Detection,"Tomas Vojir, Jan Sochman, Jiri Matas",10682-10694,10.1109/tpami.2026.3688748,https://doi.org/10.1109/tpami.2026.3688748
729,Method,48(9),2026-9,Utility-Preserving Federated Graph Learning With Dual-Perspective Fairness,"Renqiang Luo, Huafei Huang, Shuo Yu, Fengqi Yu, Feng Xia, Sajal K. Das, Chengqi Zhang",11077-11093,10.1109/tpami.2026.3689213,https://doi.org/10.1109/tpami.2026.3689213
730,Method,48(9),2026-9,ABIGX: A Unified Framework for Explainable Fault Detection and Classification,"Yue Zhuo, Jinchuan Qian, Junhua Zheng, Xiaoyu Jiang, Zhihuan Song, Duxin Chen, Wenwu Yu, Zhiqiang Ge",10906-10923,10.1109/tpami.2026.3689327,https://doi.org/10.1109/tpami.2026.3689327
731,Method,48(9),2026-9,Gradient Normalization Enables Communication-Efficient Distributed Learning Under Initialization Data Heterogeneity,"Tao Sun, Baihao Wu, Xinwang Liu, Kun Yuan",10761-10773,10.1109/tpami.2026.3689520,https://doi.org/10.1109/tpami.2026.3689520
732,Method,48(9),2026-9,MRCNet: Motion Reasoning Chain for Cross Modal Video Camouflaged Object Detection,"Wenjun Hui, Zhenfeng Zhu, Shuai Zheng, Ming-Ming Cheng, Huchuan Lu, Yao Zhao",10652-10667,10.1109/tpami.2026.3689767,https://doi.org/10.1109/tpami.2026.3689767
733,Method,Early Access,2026,MagicSeg: Open-World Segmentation Pretraining Via Counterfactural Diffusion-Based Auto-Generation,"Kaixin Cai, Pengzhen Ren, Jianhua Han, Yi Zhu, Hang Xu, Jianzhuang Liu, Xiaodan Liang",1-12,10.1109/tpami.2026.3689529,https://doi.org/10.1109/tpami.2026.3689529
734,Method,48(9),2026-9,Advancing In-Context Learning for Efficient and Stable Medical Report Generation,"Mingjie Li, Rui Liu, Zeyi Shi, Mingfei Han, Lina Yao, Zhihui Li, Xiaojun Chang, Kilian M. Pohl, Md Tauhidul Islam, Lei Xing",11183-11199,10.1109/tpami.2026.3689780,https://doi.org/10.1109/tpami.2026.3689780
735,Method,48(9),2026-9,Improved Residual Learning in Diffusion Models,"Junyu Zhang, Daochang Liu, Eunbyung Park, Shichao Zhang, Chang Xu",10991-11006,10.1109/tpami.2026.3689939,https://doi.org/10.1109/tpami.2026.3689939
736,Method,48(9),2026-9,Autonomous Causal Discovery: Evaluating LLMs’ Priors and Constraint Strategies for Reliability,"Lyuzhou Chen, Xiangyu Wang, Taiyu Ban, Derui Lyu, Qinrui Zhu, Xin Wang, Huanhuan Chen",10635-10651,10.1109/tpami.2026.3689960,https://doi.org/10.1109/tpami.2026.3689960
737,Method,48(9),2026-9,NVC-1B: Scaling up Neural Video Coding Models,"Chuanbo Tang, Xihua Sheng, Li Li, Dong Liu, Feng Wu",10535-10550,10.1109/tpami.2026.3689998,https://doi.org/10.1109/tpami.2026.3689998
738,Method,48(9),2026-9,Hierarchical Mesh Representation Learning With Spectral Dictionary Embedding,"Zhongpai Gao, Junchi Yan, Tianyu Luan, Guangtao Zhai, Xiaokang Yang",10889-10905,10.1109/tpami.2026.3690051,https://doi.org/10.1109/tpami.2026.3690051
739,Method,48(10),2026-10,Elastic Multi-Gradient Descent for Parallel Continual Learning,"Fan Lyu, Wei Feng, Yuepan Li, Qing Sun, Fanhua Shang, Liang Wan, Liang Wang",11458-11476,10.1109/tpami.2026.3690085,https://doi.org/10.1109/tpami.2026.3690085
740,Method,48(9),2026-9,Addressing Structural Distribution Shift in Explanations for Graph Neural Networks,"Zhuomin Chen, Hojat Allah Salehi, Esteban Schafir, Xu Zheng, Jiaxing Zhang, Hua Wei, Jingchao Ni, Farhad Shirani, Dongsheng Luo",10976-10990,10.1109/tpami.2026.3690304,https://doi.org/10.1109/tpami.2026.3690304
741,Method,Early Access,2026,Spectral-Adaptive Modulation Networks for Visual Perception,"Guhnoo Yun, Juhan Yoo, Kijung Kim, Jeongho Lee, Paul Hongsuck Seo, Dong Hwan Kim",1-16,10.1109/tpami.2026.3690455,https://doi.org/10.1109/tpami.2026.3690455
742,Method,48(9),2026-9,Trusted Multi-View Learning Under Noisy Supervision,"Yilin Zhang, Cai Xu, Han Jiang, Ziyu Guan, Wei Zhao, Xiaofei He, Murat Sensoy",10827-10843,10.1109/tpami.2026.3690466,https://doi.org/10.1109/tpami.2026.3690466
743,Method,48(9),2026-9,Fractal-Domain Vision Graph Neural Network for Remote Sensing Ground Target Classification,"Jiacheng Yin, Tao Zhen, Gang Xiong, Wenxian Yu",10585-10597,10.1109/tpami.2026.3690544,https://doi.org/10.1109/tpami.2026.3690544
744,Method,48(9),2026-9,DP-SfM: Dual-Pixel Structure-From-Motion Without Scale Ambiguity,"Lilika Makabe, Kohei Ashida, Hiroaki Santo, Fumio Okura, Yasuyuki Matsushita",11231-11237,10.1109/tpami.2026.3690655,https://doi.org/10.1109/tpami.2026.3690655
745,Method,Early Access,2026,InfBA: Interference-Free Bottleneck Adaptation for Continual Learning,"Yan-Shuo Liang, Wu-Jun Li",1-18,10.1109/tpami.2026.3690676,https://doi.org/10.1109/tpami.2026.3690676
746,Method,48(9),2026-9,Simulating the Real World: A Unified Survey of Multimodal Generative Models,"Yuqi Hu, Longguang Wang, Xian Liu, Ling-Hao Chen, Yuwei Guo, Yukai Shi, Ce Liu, Anyi Rao, Zeyu Wang, Hui Xiong",11007-11026,10.1109/tpami.2026.3690925,https://doi.org/10.1109/tpami.2026.3690925
747,Method,Early Access,2026,Image Fusion Based on Prior Information,"Congbing He, Zhenhong Jia, Hui Zhao, Sensen Song, Jiajia Wang, Fei Shi",1-18,10.1109/tpami.2026.3690497,https://doi.org/10.1109/tpami.2026.3690497
748,Method,Early Access,2026,Leveraging Color Naming for Image Enhancement,"David Serrano-Lozano, Luis Herranz, Michael S. Brown, Javier Vazquez-Corral",1-14,10.1109/tpami.2026.3690637,https://doi.org/10.1109/tpami.2026.3690637
749,Method,48(9),2026-9,Triple Spectral Fusion for Sensor-Based Human Activity Recognition,"Ye Zhang, Longguang Wang, Qing Gao, Chaocan Xiang, Mohammed Bennamoun, Yulan Guo",10856-10873,10.1109/tpami.2026.3690949,https://doi.org/10.1109/tpami.2026.3690949
750,Method,48(9),2026-9,Zero-Shot Neural Network Evaluation With Sample-Wise Activation Patterns,"Yameng Peng, Andy Song, Haytham M. Fayek, Vic Ciesielski, Xiaojun Chang",11062-11076,10.1109/tpami.2026.3691075,https://doi.org/10.1109/tpami.2026.3691075
751,Method,48(9),2026-9,Toward the Connection Between Activation Sparsity and Flat Minima,"Ze Peng, Jian Zhang, Lei Qi, Yang Gao, Yinghuan Shi",10874-10888,10.1109/tpami.2026.3691379,https://doi.org/10.1109/tpami.2026.3691379
752,Method,48(9),2026-9,Interpretable Semantic Medical Image Segmentation With Style and Confidence,"Wei Dai, Siyu Liu, Jurgen Fripp, Craig Engstrom, Shekhar S. Chandra",10504-10517,10.1109/tpami.2026.3689564,https://doi.org/10.1109/tpami.2026.3689564
753,Method,Early Access,2026,A Stationary (And Therefore Compatible) Representation is All You Need,"Niccolò Biondi, Federico Pernici, Simone Ricci, Alberto Del Bimbo",1-13,10.1109/tpami.2026.3692279,https://doi.org/10.1109/tpami.2026.3692279
754,Method,Early Access,2026,SpaceEra++: A Unified Framework Towards 3D Spatial Reasoning in Video,"Weili Guan, Haoyu Zhang, Meng Liu, Qianlong Xiang, Yaowei Wang, Liqiang Nie",1-15,10.1109/tpami.2026.3692302,https://doi.org/10.1109/tpami.2026.3692302
755,Method,48(10),2026-10,Parallel Diffusion Solver via Residual Dirichlet Policy Optimization,"Ruoyu Wang, Ziyu Li, Beier Zhu, Liangyu Yuan, Hanwang Zhang, Xun Yang, Xiaojun Chang, Chi Zhang",11526-11542,10.1109/tpami.2026.3692227,https://doi.org/10.1109/tpami.2026.3692227
756,Method,Early Access,2026,Instruction-Guided Distribution Maximization for General Few-Shot Intent Recognition,"Shun Yang, YaJun Du, XiaoFei He",1-18,10.1109/tpami.2026.3692528,https://doi.org/10.1109/tpami.2026.3692528
757,Method,48(10),2026-10,Multi-Domain Feature Integration Based Trusted Partial Multi-View Incomplete Multi-Label Learning,"Jie Wen, Jiaying Zhou, Xiaohuan Lu, Youliang Tian, Zheng Zhang, Li Shen, Yong Xu",11700-11715,10.1109/tpami.2026.3692653,https://doi.org/10.1109/tpami.2026.3692653
758,Method,Early Access,2026,SDPT: Synchronous Dual Prompt Tuning for Visual-Language Pre-trained Models,"Yang Zhou, Yongjian Wu, Jiya Saiyin, Bingzheng Wei, Yan Xu",1-15,10.1109/tpami.2026.3692711,https://doi.org/10.1109/tpami.2026.3692711
759,Method,Early Access,2026,Uni-Hand: Universal Hand Motion Forecasting in Egocentric Views,"Junyi Ma, Wentao Bao, Jingyi Xu, Guanzhong Sun, Yu Zheng, Erhang Zhang, Xieyuanli Chen, Hesheng Wang",1-18,10.1109/tpami.2026.3692504,https://doi.org/10.1109/tpami.2026.3692504
760,Method,48(9),2026-9,Kernel Reboot: Breaking the Boundaries of Neural Tangent Kernels for Neural Fields,"Amir Mallak, Alaa Maalouf, Lior Wolf, Daniela Rus, Dan Rosenbaum",10940-10957,10.1109/tpami.2026.3692624,https://doi.org/10.1109/tpami.2026.3692624
761,Method,48(10),2026-10,A Holistic Method for Superquadric Fitting Using Unsupervised Clustering Analysis,"Mingyang Zhao, Sipu Ruan, Xiaohong Jia",11494-11510,10.1109/tpami.2026.3692682,https://doi.org/10.1109/tpami.2026.3692682
762,Method,48(10),2026-10,MFVLR: Multi-Domain Fine-Grained Vision-Language Reconstruction for Generalizable Diffusion Face Forgery Detection and Localization,"Yaning Zhang, Tianyi Wang, Zan Gao, Yibo Zhao, Chunjie Ma, Meng Wang",11728-11745,10.1109/tpami.2026.3692791,https://doi.org/10.1109/tpami.2026.3692791
763,Method,Early Access,2026,Heteroscedastic Diffusion for Multi-Agent Trajectory Modeling,"Guillem Capellera, Antonio Rubio, Luis Ferraz, Antonio Agudo",1-13,10.1109/tpami.2026.3692903,https://doi.org/10.1109/tpami.2026.3692903
764,Method,Early Access,2026,Mask-Guided Self-Supervised Video Object Segmentation,"Ruijie Quan, Liulei Li, Zongxin Yang, Wenguan Wang, Yi Yang",1-15,10.1109/tpami.2026.3692914,https://doi.org/10.1109/tpami.2026.3692914
765,Method,Early Access,2026,S $^{2}$ VG: 3D Stereoscopic and Spatial Video Generation via Denoising Frame Matrix,"Peng Dai, Feitong Tan, Qiangeng Xu, Yihua Huang, David Futschik, Ruofei Du, Sean Fanello, Yinda Zhang, Xiaojuan Qi",1-17,10.1109/tpami.2026.3692948,https://doi.org/10.1109/tpami.2026.3692948
766,Method,Early Access,2026,Instance-dependent Early Stopping for Adaptive Data Pruning,"Suqin Yuan, Runqi Lin, Felix Azian, Lei Feng, Bo Han, Gang Niu, Masashi Sugiyama, Tongliang Liu",1-16,10.1109/tpami.2026.3693108,https://doi.org/10.1109/tpami.2026.3693108
767,Method,Early Access,2026,Synthetic Priors for Real-World Detection: a Label-Free Framework for Identifying Ultra-Rare Objects,"Di Wang, Tongning Wu, Lei Yang, Xianjun Fan, Xin Ye, Renbing Huang, Xing Lu, Xu Xu, Congsheng Li",1-12,10.1109/tpami.2026.3693305,https://doi.org/10.1109/tpami.2026.3693305
768,Method,Early Access,2026,IB2MC: Information Bottleneck Inspired Balanced Multiview Clustering,"Shengzhao Guo, Jingyu Wang, Letian Zhang, Feiping Nie, Xuelong Li",1-14,10.1109/tpami.2026.3693334,https://doi.org/10.1109/tpami.2026.3693334
769,Method,48(10),2026-10,FreeKD+: A Frequency Knowledge Distillation Framework for Dense Prediction,"Yuan Zhang, Tao Huang, Gaole Dai, Jiaming Liu, Wenzhao Zheng, Jiwen Lu, Shanghang Zhang",11996-12011,10.1109/tpami.2026.3693362,https://doi.org/10.1109/tpami.2026.3693362
770,Method,Early Access,2026,Gaussian Adaptive Patching Powered Fully-Connected Spatial-Temporal Graph for Multivariate Time-Series Data,"Yucheng Wang, Min Wu, Yuecong Xu, Jianfei Yang, Xiaoli Li, Lihua Xie, Zhenghua Chen",1-18,10.1109/tpami.2026.3693569,https://doi.org/10.1109/tpami.2026.3693569
771,Method,Early Access,2026,Mitigate Catastrophic Remembering via Continual Self-Paced Dual-Knowledge Purification for Noisy Lifelong Person Re-Identification,"Kunlun Xu, Jiangmeng Li, Yufei Guo, Yuxin Peng, Jiahuan Zhou",1-18,10.1109/tpami.2026.3693671,https://doi.org/10.1109/tpami.2026.3693671
772,Method,48(9),2026-9,"RENI++: A Rotation-Equivariant, Scale-Invariant, Natural Illumination Prior","James A. D. Gardner, Bernhard Egger, William A. P. Smith",11094-11110,10.1109/tpami.2026.3691593,https://doi.org/10.1109/tpami.2026.3691593
773,Method,Early Access,2026,Long&short Exposures Guided Diffusion Model for Realistic Local Motion Deblurring,"Zhongbao Yang, Lingshun Kong, Jinshan Pan, Jiangxin Dong, Jinhui Tang",1-14,10.1109/tpami.2026.3693381,https://doi.org/10.1109/tpami.2026.3693381
774,Method,Early Access,2026,Decouple then Converge: Handling Unknown Unlabeled Distributions in Long-Tailed Semi-Supervised Learning,"Kai Gan, Tong Wei, Min-Ling Zhang",1-12,10.1109/tpami.2026.3694051,https://doi.org/10.1109/tpami.2026.3694051
775,Method,Early Access,2026,"dcFCI: Robust Causal Discovery Under Latent Confounding, Unfaithfulness, and Mixed Data","Adèle H. Ribeiro, Dominik Heider",1-12,10.1109/tpami.2026.3694088,https://doi.org/10.1109/tpami.2026.3694088
776,Method,Early Access,2026,Decomposed Multi-Modality Fusion: Integrating Frames and Events for Efficient Visuomotor Policies,"Haoran Xu, Peixi Peng, Canming Xia, Guang Tan, Yiqian Chang, Xinyi Zhang, Luntong Li, Yonghong Tian",1-18,10.1109/tpami.2026.3694266,https://doi.org/10.1109/tpami.2026.3694266
777,Method,Early Access,2026,Evolving Diverse Red-team Language Models in Multi-round Multi-agent Games,"Chengdong Ma, Ziran Yang, Hai Ci, Jun Gao, Minquan Gao, Xuehai Pan, Yaodong Yang",1-18,10.1109/tpami.2026.3694367,https://doi.org/10.1109/tpami.2026.3694367
778,Method,48(10),2026-10,EVA: Editing for Versatile Alignment Against Jailbreaks,"Yi Wang, Hongye Qiu, Yue Xu, Sibei Yang, Zhan Qin, Minlie Huang, Wenjie Wang",11776-11791,10.1109/tpami.2026.3694189,https://doi.org/10.1109/tpami.2026.3694189
779,Method,48(10),2026-10,Knowledge Diffusion-Based Adaptive Alignment With Hierarchical Context for Video Temporal Grounding,"Ran Ran, Jiwei Wei, Yang Yang, Guoqing Wang, Kuien Liu, Jie Zou, Heng Tao Shen",11901-11915,10.1109/tpami.2026.3694223,https://doi.org/10.1109/tpami.2026.3694223
780,Method,Early Access,2026,ColorPCR++: Unleash the Power of Color for Point Cloud Registration Using Hypergraph Computation,"Juncheng Mu, Siqi Li, Yining Zhao, Yue Gao",1-16,10.1109/tpami.2026.3694889,https://doi.org/10.1109/tpami.2026.3694889
781,Method,Early Access,2026,BrushEdit: All-In-One Image Inpainting and Editing,"Yaowei Li, Yuxuan Bian, Xuan Ju, Zhaoyang Zhang, Junhao Zhuang, Ying Shan, Yuexian Zou, Qiang Xu",1-13,10.1109/tpami.2026.3695011,https://doi.org/10.1109/tpami.2026.3695011
782,Method,Early Access,2026,Partial Contrastive Learning for Partially View-aligned Multi-view Clustering,"Gehui Xu, Chengliang Liu, Yabo Liu, Yong Xu, Jie Wen",1-13,10.1109/tpami.2026.3694999,https://doi.org/10.1109/tpami.2026.3694999
783,Method,48(10),2026-10,SeqPE: Transformer With Sequential Position Encoding,"Huayang Li, Yahui Liu, Hongyu Sun, Deng Cai, Leyang Cui, Wei Bi, Peilin Zhao, Taro Watanabe",11952-11963,10.1109/tpami.2026.3695094,https://doi.org/10.1109/tpami.2026.3695094
784,Method,Early Access,2026,FocalClick-XL: Towards Unified and High-quality Interactive Segmentation,"Xi Chen, Hengshuang Zhao",1-16,10.1109/tpami.2026.3695885,https://doi.org/10.1109/tpami.2026.3695885
785,Method,48(10),2026-10,A Variational Mean-Field Control Framework for Graph Representation Learning,"Tingting Dan, Zhixuan Zhou, Won Hwa Kim, Guorong Wu",12276-12287,10.1109/tpami.2026.3696154,https://doi.org/10.1109/tpami.2026.3696154
786,Method,48(10),2026-10,A Bayesian Hierarchical Framework for Non-Linear and Iterative Transfer Learning of Gaussian Process,"Zhiyong Hu, Jianguo Wu, Chao Wang",12506-12517,10.1109/tpami.2026.3696225,https://doi.org/10.1109/tpami.2026.3696225
787,Method,Early Access,2026,Scanpath Prediction in Panoramic Videos Via Expected Code Length Minimization,"Mu Li, Kanglong Fan, Kede Ma",1-16,10.1109/tpami.2026.3696331,https://doi.org/10.1109/tpami.2026.3696331
788,Method,Early Access,2026,Learning From Crowds With Multiple Feature Dynamic Fusion-Based Annotation Generation,"Jing Zhang, Zhi Zheng, Xiaoqian Jiang, Victor S. Sheng",1-16,10.1109/tpami.2026.3696385,https://doi.org/10.1109/tpami.2026.3696385
789,Method,48(10),2026-10,How Far are We From Generating Missing Modalities With Foundation Models?,"Guanzhou Ke, Bo Wang, Guoqing Chao, Weiming Hu, Shengfeng He",12335-12347,10.1109/tpami.2026.3696678,https://doi.org/10.1109/tpami.2026.3696678
790,Method,Early Access,2026,Decoupled Seg Tokens Make Stronger Reasoning Video Segmenter and Grounder,"Jisheng Dang, Xudong Wu, Haowen Yan, Huicheng Zheng, Wei-Shi Zheng, Jianhuang Lai, Bin Hu, Tat-Seng Chua",1-17,10.1109/tpami.2026.3696843,https://doi.org/10.1109/tpami.2026.3696843
791,Method,Early Access,2026,Leveraging Text-to-Image Diffusion Models for Unsupervised Visual Object Tracking,"Zhengbo Zhang, Zhigang Tu, Junsong Yuan, De Wen Soh, Bo Du",1-19,10.1109/tpami.2026.3697145,https://doi.org/10.1109/tpami.2026.3697145
792,Method,Early Access,2026,Adaptive Point-Prompt Tuning: Fine-Tuning Heterogeneous Foundation Models for 3D Point Cloud Analysis,"Mengke Li, Lihao Chen, Peng Zhang, Yiu-ming Cheung, Hui Huang",1-14,10.1109/tpami.2026.3697442,https://doi.org/10.1109/tpami.2026.3697442
793,Method,48(10),2026-10,DisenTS: Disentangled Channel Evolving Pattern Modeling for Multivariate Time Series Forecasting,"Zhiding Liu, Jiqian Yang, Qingyang Mao, Yuze Zhao, Mingyue Cheng, Zhi Li, Qi Liu, Enhong Chen",11808-11821,10.1109/tpami.2026.3697127,https://doi.org/10.1109/tpami.2026.3697127
794,Method,48(10),2026-10,Privacy-Preserving Online Federated Learning for Massive Infinite Streams,"Liang Shi, Xuebin Ren, Shusen Yang, Cong Zhao, Yijun Hao, Zongben Xu",12163-12180,10.1109/tpami.2026.3697332,https://doi.org/10.1109/tpami.2026.3697332
795,Method,Early Access,2026,Multi-source Fusion Positioning Revisited by Drawing on Human Thinking Process,"Jianfan Chen, Qingquan Li, Ke Dong, Jianghai Liao, Dejin Zhang",1-18,10.1109/tpami.2026.3697508,https://doi.org/10.1109/tpami.2026.3697508
796,Method,48(10),2026-10,QuantSR+: Pushing the Limit of Quantized Image Super-Resolution Networks,"Haotong Qin, Xudong Ma, Xianglong Liu, Jie Luo, Jinyang Guo, Michele Magno, Yulun Zhang",12229-12243,10.1109/tpami.2026.3697683,https://doi.org/10.1109/tpami.2026.3697683
797,Method,Early Access,2026,Wisdom Is Knowledge Combined with Intellect: Knowledge-Embedded Hypergraph-of-Thought Reasoning for Visual Abductive Ratiocination,"Wenbo Zheng, Lan Yan, Long Chen, Qiang Li",1-18,10.1109/tpami.2026.3697912,https://doi.org/10.1109/tpami.2026.3697912
798,Method,Early Access,2026,SGFormer: Simplifying and Scaling Graph Transformers with Single-Layer Attention and Approximation-Free Linear Complexity,"Qitian Wu, Kai Yang, Hengrui Zhang, David Wipf, Junchi Yan",1-16,10.1109/tpami.2026.3697944,https://doi.org/10.1109/tpami.2026.3697944
799,Method,Early Access,2026,FiNE: Fine-grained Neuron-level Model Editing for Reliable and Safe LLMs,"Xun Yang, Haowen Pan, Xiaozhi Wang, Yixin Cao, Juanzi Li, Meng Wang",1-14,10.1109/tpami.2026.3697976,https://doi.org/10.1109/tpami.2026.3697976
800,Method,Early Access,2026,Task-tailored Pre-processing: Fair Downstream Supervised Learning,"Jinwon Sohn, Qifan Song, Guang Lin",1-14,10.1109/tpami.2026.3697632,https://doi.org/10.1109/tpami.2026.3697632
801,Method,Early Access,2026,EVDI++: Event-based Video Deblurring and Interpolation via Self-Supervised Learning,"Chi Zhang, Xiang Zhang, Chenxu Jiang, Gui-Song Xia, Lei Yu",1-18,10.1109/tpami.2026.3697759,https://doi.org/10.1109/tpami.2026.3697759
802,Method,Early Access,2026,Paving the Way for Point Cloud Video Representation Learning Using a PDE Model,"Zhuoxu Huang, Zhenkun Fan, Jungong Han, Josef Kittler",1-17,10.1109/tpami.2026.3697828,https://doi.org/10.1109/tpami.2026.3697828
803,Method,Early Access,2026,SignMoD: Sign Language Video Generation via Mixture of Diffusion,"Fan Qi, Yu Duan, Huaiwen Zhang, Changsheng Xu",1-18,10.1109/tpami.2026.3698334,https://doi.org/10.1109/tpami.2026.3698334
804,Method,48(10),2026-10,RPCANet$^{++}$: Deep Interpretable Robust PCA for Sparse Object Segmentation,"Fengyi Wu, Yimian Dai, Tianfang Zhang, Yixuan Ding, Jian Yang, Ming-Ming Cheng, Zhenming Peng",12420-12440,10.1109/tpami.2026.3697815,https://doi.org/10.1109/tpami.2026.3697815
805,Method,48(10),2026-10,DBHN-Net: Dual-Branch Hybrid Neural Network for Low-Complexity Monaural Speech Enhancement,"Cunhang Fan, Enrui Liu, Jing Zhou, Jian Kang, Jie Li, Andong Li, Jian Zhou, Zhao Lv, Xuelong Li",12196-12210,10.1109/tpami.2026.3698087,https://doi.org/10.1109/tpami.2026.3698087
806,Method,Early Access,2026,Promoting Generalization for Exact Combinatorial Solvers via Adversarial Instance Augmentation,"Haoyang Liu, Jie Wang, Yufei Kuang, Xijun Li, Yongdong Zhang, Feng Wu",1-17,10.1109/tpami.2026.3698451,https://doi.org/10.1109/tpami.2026.3698451
807,Method,Early Access,2026,Instance-Level Cost-Sensitive Hypergraph Learning with Quality-Aware Structure Judgement for Anomaly Detection,"Nan Wang, Xibin Zhao, Yue Gao",1-13,10.1109/tpami.2026.3679048,https://doi.org/10.1109/tpami.2026.3679048
808,Method,Early Access,2026,Robustness of SAM: Segment Anything under Corruptions and beyond,"Yu Qiao, Choong Seon Hong, Taegoo Kang, Donghoon Kim, Chenshuang Zhang, Sung-Ho Bae, Chaoning Zhang",1-18,10.1109/tpami.2026.3698837,https://doi.org/10.1109/tpami.2026.3698837
809,Method,Early Access,2026,Optimizing Trust and Safety Regions for Text-to-Image Generation in High-Dimensional Manifold Spaces,"Xiang Yang, Xiaohui Li, Yuke Wang, Ninghao Liu",1-18,10.1109/tpami.2026.3699945,https://doi.org/10.1109/tpami.2026.3699945
810,Method,Early Access,2026,3-D Moiré Projection Model for Super-Resolution Point Localization,"Mingzhu Zhu, Hanyu Chen, Wei Jin, Bingwei He, Junzhi Yu, Jiantao Liu",1-11,10.1109/tpami.2026.3699990,https://doi.org/10.1109/tpami.2026.3699990
811,Method,48(10),2026-10,"Federated Learning via Variational Bayesian Inference: Personalization, Sparsity and Clustering","Xu Zhang, Wenpeng Li, Yunfeng Shao, Yonglin Liu, Kaiwen Zhou, Yinchuan Li",12679-12693,10.1109/tpami.2026.3699626,https://doi.org/10.1109/tpami.2026.3699626
812,Method,48(10),2026-10,GVHMR: Gravity-View Coordinates for Global Human Motion Recovery From Monocular Videos,"Zehong Shen, Jiawei Wang, Huaijin Pi, Yan Xia, Zhi Cen, Zechen Hu, Hujun Bao, Ruizhen Hu, Xiaowei Zhou, Sida Peng",12569-12581,10.1109/tpami.2026.3699758,https://doi.org/10.1109/tpami.2026.3699758
813,Method,48(10),2026-10,LaVIDE: Language-Prompted Satellite Change Detection via Map-Image Alignment,"Shuguo Jiang, Fang Xu, Chuandong Liu, Hong Tan, Shengyang Li, Lei Yu, Wen Yang, Sen Jia, Gui-Song Xia",13751-13758,10.1109/tpami.2026.3700146,https://doi.org/10.1109/tpami.2026.3700146
814,Method,Early Access,2026,Deciphering Object Concepts: Hierarchical Cross-Modal Relational Reasoning for Mining Object-Attribute-Affordance Associations,"Yuxuan Wang, Muli Yang, Yihang Zhu, Jiexi Yan, Fen Fang, Xulei Yang, Cheng Deng",1-16,10.1109/tpami.2026.3700158,https://doi.org/10.1109/tpami.2026.3700158
815,Method,Early Access,2026,SJD++: Improved Speculative Jacobi Decoding for Training-free Acceleration of Discrete Auto-regressive Text-to-Image Generation,"Yao Teng, Zhihuan Jiang, Han Shi, Xian Liu, Xuefei Ning, Guohao DaiMember, Yu Wang, Zhenguo Li, Xihui Liu",1-19,10.1109/tpami.2026.3700227,https://doi.org/10.1109/tpami.2026.3700227
816,Method,Early Access,2026,UniMM: A Unified Mixture Model Framework for Multi-Agent Simulation,"Longzhong Lin, Xuewu Lin, Kechun Xu, Haojian Lu, Lichao Huang, Rong Xiong, Yue Wang",1-18,10.1109/tpami.2026.3700402,https://doi.org/10.1109/tpami.2026.3700402
817,Method,Early Access,2026,A Unified Framework for Pseudo-Supervised Clustering via Weighted Sample Aggregation,"Haonan Xin, Danyang Wu, Zhe Cao, Zihua Zhao, Yichen Wang, Rong Wang, Feiping Nie",1-14,10.1109/tpami.2026.3700151,https://doi.org/10.1109/tpami.2026.3700151
818,Method,48(10),2026-10,MPQ-DMv2: Flexible Residual Mixed Precision Quantization for Low-Bit Diffusion Models With Temporal Distillation,"Weilun Feng, Chuanguang Yang, Haotong Qin, Yuqi Li, Xiangqi Li, Zhulin An, Libo Huang, Boyu Diao, Fuzhen Zhuang, Michele Magno, Yongjun Xu, Yingli Tian, Tingwen Huang",12644-12660,10.1109/tpami.2026.3700583,https://doi.org/10.1109/tpami.2026.3700583
819,Method,Early Access,2026,Selecting and Distilling Cross-Label Models,"Su Lu, Han-Jia Ye, De-Chuan Zhan",1-18,10.1109/tpami.2026.3700851,https://doi.org/10.1109/tpami.2026.3700851
820,Method,48(10),2026-10,DroneSplat+: Semantics-Enhanced 3D Gaussian Splatting for Robust 3D Reconstruction From In-the-Wild Drone Imagery,"Jiadong Tang, Yu Gao, Dianyi Yang, Haolin Yu, Tianji Jiang, Mengyin Fu, Yufeng Yue, Yi Yang",12863-12879,10.1109/tpami.2026.3700887,https://doi.org/10.1109/tpami.2026.3700887
821,Method,48(10),2026-10,Crafting Your Evolving Dreams: Concept-Incremental Versatile Customization,"Jiahua Dong, Wenqi Liang, Hongliu Li, Yang Cong, Duzhen Zhang, Hanbin Zhao, Henghui Ding, Yulun Zhang, Salman Khan, Fahad Shahbaz Khan",12211-12228,10.1109/tpami.2026.3700787,https://doi.org/10.1109/tpami.2026.3700787
822,Method,Early Access,2026,CuDi: Curve Distillation for Efficient and Controllable Exposure Adjustment,"Chongyi Li, Chunle Guo, Ruicheng Feng, Shangchen Zhou, Chen Change Loy",1-18,10.1109/tpami.2026.3700822,https://doi.org/10.1109/tpami.2026.3700822
823,Method,Early Access,2026,Federated Clustering: An Overview of Algorithm Evolution and Research Prospects,"Shifei Ding, Chao Li, Lili Guo, Qiang Yang",1-20,10.1109/tpami.2026.3701079,https://doi.org/10.1109/tpami.2026.3701079
824,Method,Early Access,2026,Transformers with Joint Tokens and Local-Global Attention for Efficient Human Pose Estimation,"Kaleab A. Kinfu, René Vidal",1-13,10.1109/tpami.2026.3701408,https://doi.org/10.1109/tpami.2026.3701408
825,Method,Early Access,2026,Single-Stage Instance Segmentation Survey: A “1+2+3” Technical Framework,"Tao Zhou, Defang Chang, Huiling Lu, Wenwen Chai, Ke Song, Feiyu Shen",1-24,10.1109/tpami.2026.3701328,https://doi.org/10.1109/tpami.2026.3701328
826,Method,Early Access,2026,Complete Fuzzy Knowledge Representation With Knowledge Graph Embedding,"Haoning Li, Qinghua Huang",1-18,10.1109/tpami.2026.3701743,https://doi.org/10.1109/tpami.2026.3701743
827,Method,48(10),2026-10,Efficient Inference for Large Reasoning Models: A Survey,"Yue Liu, Jiaying Wu, Yufei He, Ruihan Gong, Jun Xia, Liang Li, Hongcheng Gao, Hongyu Chen, Baolong Bi, Jiaheng Zhang, Zhiqi Huang, Bryan Hooi, Stan Z. Li, Keqin Li",12694-12712,10.1109/tpami.2026.3701928,https://doi.org/10.1109/tpami.2026.3701928
828,Method,48(10),2026-10,Revisiting InternVL: A Systematic Technical Framework for Building Powerful Open-Source Vision-Language Models,"Zhe Chen, Weiyun Wang, Jinguo Zhu, Wenhai Wang, Yangzhou Liu, Zhaoyang Liu, Gen Luo, Peng Sun, Weijie Su, Hao Tian, Lewei Lu, Xizhou Zhu, Tong Lu, Dahua Lin, Yu Qiao, Jifeng Dai",12582-12600,10.1109/tpami.2026.3702168,https://doi.org/10.1109/tpami.2026.3702168
829,Method,Early Access,2026,A Theoretical Characterization of the Good Properties of Extremely Randomized Trees for Random Forest-Distance Computation,"Manuele Bicego, Ferdinando Cicalese",1-12,10.1109/tpami.2026.3702239,https://doi.org/10.1109/tpami.2026.3702239
830,Method,Early Access,2026,Game Theory Inspired Cross-View Interaction Alignment for Partially View-Aligned Clustering,"Shanghui Deng, Xiao Zheng, Chang Tang, Lianbo Guo, Xinwang Liu",1-15,10.1109/tpami.2026.3702325,https://doi.org/10.1109/tpami.2026.3702325
831,Method,Early Access,2026,LIFT+: Lightweight Fine-Tuning for Long-Tail Learning,"Jiang-Xin Shi, Tong Wei, Yu-Feng Li",1-18,10.1109/tpami.2026.3702798,https://doi.org/10.1109/tpami.2026.3702798
832,Method,48(10),2026-10,iPathWS: An Integrated Scalable System for Explainable Pathology Diagnosis With Spectral Heterogeneity Engine Networks,"Meiyan Liang, Xikai Wang, Bo Li, Yu Zhang, Yang Zhang, Xiaojun Jia, Lin Wang",12995-13012,10.1109/tpami.2026.3702808,https://doi.org/10.1109/tpami.2026.3702808
833,Method,Early Access,2026,Negation-Aware Test-Time Adaptation for Vision-Language Models,"Haochen Han, Alex Jinpeng Wang, Fangming Liu, Jun Zhu",1-14,10.1109/tpami.2026.3703017,https://doi.org/10.1109/tpami.2026.3703017
834,Method,Early Access,2026,"Aligning Perception, Reasoning, Modeling and Interaction: A Survey on Physical AI","Kun Xiang, Terry Jingchen Zhang, Yinya Huang, Jixi He, Zirong Liu, Yueling Tang, Ruizhe Zhou, Lijing Luo, Youpeng Wen, Xiuwei Chen, Bingqian Lin, Jianhua Han, Hang Xu, Hanhui Li, Bin Dong, Xiaodan Liang",1-22,10.1109/tpami.2026.3703038,https://doi.org/10.1109/tpami.2026.3703038
835,Method,Early Access,2026,"Efficient, Robust, and Anti-Collusion Fingerprinting of Image Diffusion Models","Jianwei Fei, Yunshu Dai, Zhihua Xia, Xiaochun Cao, Jiantao Zhou, Alessandro Piva, Benedetta Tondi",1-18,10.1109/tpami.2026.3703439,https://doi.org/10.1109/tpami.2026.3703439
836,Method,Early Access,2026,Stochastic Approximation Approaches to Group Distributionally Robust Optimization and Beyond,"Lijun Zhang, Haomin Bai, Peng Zhao, Zhi-Hua Zhou",1-12,10.1109/tpami.2026.3703554,https://doi.org/10.1109/tpami.2026.3703554
837,Method,Early Access,2026,Generalized Kullback-Leibler Divergence Loss,"Jiequan Cui, Beier Zhu, Qingshan Xu, Zhuotao Tian, Xiaojuan Qi, Bei Yu, Hanwang Zhang, Richang Hong",1-12,10.1109/tpami.2026.3703828,https://doi.org/10.1109/tpami.2026.3703828
838,Method,48(10),2026-10,Feature-Space Planes Searcher: A Universal Domain Adaptation Framework for Interpretability and Computational Efficiency,"Zhitong Cheng, Yiran Jiang, Yulong Ge, Yufeng Li, Zhongheng Qin, Rongzhi Lin, Jianwei Ma",13062-13078,10.1109/tpami.2026.3703974,https://doi.org/10.1109/tpami.2026.3703974
839,Method,Early Access,2026,No One-Size-Fits-All Neurons: Task-based Neurons for Artificial Neural Networks,"Feng-Lei Fan, Meng Wang, Hang-Cheng Dong, Jianwei Ma, Tieyong Zeng",1-8,10.1109/tpami.2026.3704202,https://doi.org/10.1109/tpami.2026.3704202
840,Method,48(10),2026-10,Multi-View Causal Feature Selection,"Zhaolong Ling, Dongliang Liang, Xinyan Liang, Xingyu Wu, Peng Zhou, Kui Yu, Xindong Wu",13236-13251,10.1109/tpami.2026.3704304,https://doi.org/10.1109/tpami.2026.3704304
841,Method,48(10),2026-10,A Non-Local Convergence Analysis of Gradient Flow for Deep Linear Networks,"Kun Chen, Dachao Lin, Zhihua Zhang",13013-13025,10.1109/tpami.2026.3704447,https://doi.org/10.1109/tpami.2026.3704447
842,Method,Early Access,2026,Decomposition for Bayesian Networks: Local and Parallel Inference,"Pei Heng, Xinyi Hu, Yi Sun",1-11,10.1109/tpami.2026.3704481,https://doi.org/10.1109/tpami.2026.3704481
843,Method,Early Access,2026,Exploring the Stochastic Regularisation in Normalisation Layers for Semi-Supervised Learning,"Changrui Chen, Jungong Han, Kurt Debattista",1-15,10.1109/tpami.2026.3704538,https://doi.org/10.1109/tpami.2026.3704538
844,Method,Early Access,2026,Enhancing X-ray Image Classification through Heterogeneous Federated Learning with Natural Image-Augmented Models,"Yao Hu, Yu-An Huang, Rui Liu, Xiaoming Xue, Yajie Zhang, Jibin Wu, Zhi-An Huang, Kay Chen Tan",1-18,10.1109/tpami.2026.3704679,https://doi.org/10.1109/tpami.2026.3704679
845,Method,Early Access,2026,"Adaptive Variational Inference: Beyond Bethe, Tree-Reweighted, and Convex Free Energies","Harald Leisenberger, Franz Pernkopf",1-8,10.1109/tpami.2026.3704719,https://doi.org/10.1109/tpami.2026.3704719
846,Method,48(10),2026-10,Looking Broader for Knowledge Distillation via Receptive-Field Alignment,"Sihao Lin, Junfei Yi, Mingzhe Yang, Yameng Peng, Zhihui Li, Andy Song, Xiaojun Chang, Yuhui Zheng",13162-13177,10.1109/tpami.2026.3704741,https://doi.org/10.1109/tpami.2026.3704741
847,Method,Early Access,2026,Breathing New Life into Small Object Detection with Detection-Oriented Rectification,"Xiang Yuan, Junwei Han, Gong Cheng",1-18,10.1109/tpami.2026.3704810,https://doi.org/10.1109/tpami.2026.3704810
848,Method,Early Access,2026,DiRIC: Diffusion Prior Refinement for Efficient Low-rate Image Compression,"Yichong Xia, Yimin Zhou, Jinpeng Wang, Mingyao Hong, Haoqian Wang, Bin Chen, Yaowei Wang",1-18,10.1109/tpami.2026.3704972,https://doi.org/10.1109/tpami.2026.3704972
849,Method,Early Access,2026,"A Survey on 3D Gaussian Splatting Applications: Segmentation, Editing, and Generation","Shuting He, Peilin Ji, Yitong Yang, Changshuo Wang, Jiayi Ji, Yinglin Wang, Henghui Ding",1-20,10.1109/tpami.2026.3704980,https://doi.org/10.1109/tpami.2026.3704980
850,Method,Early Access,2026,Robust Model Fitting via Motion-Aware Pyramid Transformer-Guided Preference Filtering and Consensus Smoothing,"Wenyu Yin, Hanzi Wang, Shuyuan Lin, Yan Yan, Yang Lu, David Suter",1-12,10.1109/tpami.2026.3705535,https://doi.org/10.1109/tpami.2026.3705535
851,Method,Early Access,2026,LangSurf: Language-Embedded Surface Gaussians for 3D Scene Understanding,"Hao Li, Minghan Qin, Zhengyu Zou, Diqi He, Xinhao Ji, Bohan Li, Bingquan Dai, Dingwen Zhang, Junwei Han",1-13,10.1109/tpami.2026.3701287,https://doi.org/10.1109/tpami.2026.3701287
852,Method,48(10),2026-10,From Global to Granular: Revealing IQA Model Performance via Correlation Surface,"Baoliang Chen, Danni Huang, Hanwei Zhu, Lingyu Zhu, Wei Zhou, Shiqi Wang, Yuming Fang, Weisi Lin",13099-13116,10.1109/tpami.2026.3705184,https://doi.org/10.1109/tpami.2026.3705184
853,Method,48(10),2026-10,RAC-Net: Interpretable Medical Small Target Segmentation Network With X-Ray Radiation Attenuation Characterization,"Zhen Yang, Boyang Jiao, Xiangyang Ren",12975-12994,10.1109/tpami.2026.3705213,https://doi.org/10.1109/tpami.2026.3705213
854,Method,48(10),2026-10,Kernel PCA for Out-of-Distribution Detection: Non-Linear Kernel Selection and Approximation,"Kun Fang, Qinghua Tao, Mingzhen He, Kexin Lv, Runze Yang, Haibo Hu, Xiaolin Huang, Jie Yang, Longbing Cao",13220-13235,10.1109/tpami.2026.3705778,https://doi.org/10.1109/tpami.2026.3705778
855,Method,Early Access,2026,MoE-Enhanced Explainable Deep Manifold Transformation for Complex Data Embedding and Visualization,"Zelin Zang, Yuhao Wang, Jinlin Wu, Hong Liu, Yue Shen, Zhen Lei, Stan Z. Li",1-18,10.1109/tpami.2026.3705888,https://doi.org/10.1109/tpami.2026.3705888
856,Method,Early Access,2026,Bridging Information Asymmetry: A Hierarchical Framework for Deterministic Blind Face Restoration,"Zhengjian Yao, Jiakui Hu, Kaiwen Li, Hangzhou He, Xinliang Zhang, Shuang Zeng, Lei Zhu, Yanye Lu",1-16,10.1109/tpami.2026.3706097,https://doi.org/10.1109/tpami.2026.3706097
857,Method,Early Access,2026,Forensics Adapter: Unleashing CLIP for Generalizable Face Forgery Detection,"Xinjie Cui, Yuezun Li, Delong Zhu, Jiaran Zhou, Junyu Dong, Siwei Lyu",1-16,10.1109/tpami.2026.3706492,https://doi.org/10.1109/tpami.2026.3706492
858,Method,Early Access,2026,Adapting Dense Vision-Language Relationships for Multi-label Classification with Partial Label,"Cheng Chen, Yifan Zhao, Jia Li",1-15,10.1109/tpami.2026.3706734,https://doi.org/10.1109/tpami.2026.3706734
859,Method,Early Access,2026,Linearly Solving Robust Rotation Estimation,"Yinlong Liu, Tianyu Huang, Zhi-Xin Yang",1-18,10.1109/tpami.2026.3707470,https://doi.org/10.1109/tpami.2026.3707470
860,Method,Early Access,2026,LoRASculpt: Harmonious Low-Rank Adaptation for Multimodal Large Language Models,"Jian Liang, Wenke Huang, Xianda Guo, Guancheng Wan, Bo Du, Mang Ye",1-17,10.1109/tpami.2026.3707616,https://doi.org/10.1109/tpami.2026.3707616
861,Method,48(10),2026-10,Raising the Bar in Graph OOD Generalization: Invariant Learning Beyond Explicit Environment Modeling,"Xu Shen, Yixin Liu, Yili Wang, Rui Miao, Yiwei Dai, Shirui Pan, Yi Chang, Xin Wang",13339-13353,10.1109/tpami.2026.3707682,https://doi.org/10.1109/tpami.2026.3707682
862,Method,Early Access,2026,DIVER: Reinforced Diffusion Breaks Imitation Bottlenecks in End-to-End Autonomous Driving,"Ziying Song, Lin Liu, Hongyu Pan, Bencheng Liao, Mingzhe Guo, Lei Yang, Yongchang Zhang, Shaoqing Xu, Caiyan Jia, Yadan Luo",1-17,10.1109/tpami.2026.3708096,https://doi.org/10.1109/tpami.2026.3708096
863,Method,Early Access,2026,Learning Shape Anchors for Holistic Indoor Scene Understanding,"Mingyue Dong, Linxi Huan, Xianwei Zheng, Shuhan Shen, Jianya Gong, Nan Xue",1-16,10.1109/tpami.2026.3708125,https://doi.org/10.1109/tpami.2026.3708125
864,Method,Early Access,2026,"MonSter++: Unified Stereo Matching, Multi-View Stereo, and Real-Time Stereo With Monodepth Priors","Junda Cheng, Wenjing Liao, Zhipeng Cai, Longliang Liu, Gangwei Xu, Xianqi Wang, Yuzhou Wang, Zikang Yuan, Yong Deng, Jinliang Zang, Yangyang Shi, Jinhui Tang, Xin Yang",1-18,10.1109/tpami.2026.3708185,https://doi.org/10.1109/tpami.2026.3708185
865,Method,Early Access,2026,EAR-Net: Pursuing End-to-End Absolute Rotations from Multi-View Images,"Yuzhen Liu, Qiulei Dong",1-17,10.1109/tpami.2026.3708244,https://doi.org/10.1109/tpami.2026.3708244
866,Method,Early Access,2026,RBF++: Quantifying and Optimizing Reasoning Boundaries across Measurable and Unmeasurable Capabilities for Chain-of-Thought Reasoning,"Qiguang Chen, Libo Qin, Jinhao Liu, Yue Liao, Jiaqi Wang, Jinxuan Zhou, Wanxiang Che",1-14,10.1109/tpami.2026.3708251,https://doi.org/10.1109/tpami.2026.3708251
867,Method,Early Access,2026,CAFE: Cross-View Adaptive Fusion and Cluster Center Enhancement for Robust Multi-View Clustering,"Wei Lan, Yinghao Guo, Qingfeng Chen, Shichao Zhang, Shirui Pan, Huiyu Zhou, Yi Pan, Jie Wen",1-17,10.1109/tpami.2026.3708284,https://doi.org/10.1109/tpami.2026.3708284
868,Method,Early Access,2026,Ethics-Aware Safe Reinforcement Learning for Rare-Event Risk Control in Interactive Urban Driving,"Dianzhao Li, Ostap Okhrin",1-18,10.1109/tpami.2026.3708405,https://doi.org/10.1109/tpami.2026.3708405
869,Method,48(10),2026-10,Industrial Brain: Self-Evolving Neuro-Symbolic Autonomy With Causal Resilience for Cyber-Physical Systems,"Junping Wang, Bicheng Wang, Guoqing Wang, Yushan Ma",13439-13456,10.1109/tpami.2026.3708591,https://doi.org/10.1109/tpami.2026.3708591
870,Method,48(10),2026-10,Mixture of Global and Local Experts With Diffusion Transformer for Controllable Face Generation,"Xuechao Zou, Shun Zhang, Xing Fu, Yue Li, Kai Li, Yushe Cao, Congyan Lang, Pin Tao, Junliang Xing",13636-13652,10.1109/tpami.2026.3708691,https://doi.org/10.1109/tpami.2026.3708691
871,Method,Early Access,2026,Task-KV: Task-aware KV Cache Optimization via Semantic Differentiation of Attention Heads,"Xingyang He, Jie Liu, Shaowei Chen",1-18,10.1109/tpami.2026.3708708,https://doi.org/10.1109/tpami.2026.3708708
872,Method,Early Access,2026,Achieving Text-based Person Retrieval with Any Granularity,"Jialong Zuo, Hanyu Zhou, Dongyue Wu, Yongtai Deng, Mengdan Tan, Nong Sang, Changxin Gao, Xiang Bai",1-18,10.1109/tpami.2026.3708762,https://doi.org/10.1109/tpami.2026.3708762
873,Method,Early Access,2026,HardFlow: Hard-Constrained Sampling for Flow-Matching Models Via Trajectory Optimization,"Zeyang Li, Kaveh Alim, Navid Azizan",1-17,10.1109/tpami.2026.3708824,https://doi.org/10.1109/tpami.2026.3708824
874,Method,Early Access,2026,Adaptive Hardness-Driven Dictionary Distillation for Incomplete Streaming View Clustering,"Honglin Yuan, Yuan Sun, Xingfeng Li, Xi Wu, Xiaojian You, Zhenwen Ren",1-15,10.1109/tpami.2026.3708904,https://doi.org/10.1109/tpami.2026.3708904
875,Method,Early Access,2026,TraGraph-GS: Trajectory Graph-based Gaussian Splatting for Arbitrary Large-Scale Scene Rendering,"Xiaohan Zhang, Sitong Wang, Yushen Yan, Yi Yang, Mingda Xu, Qi Liu",1-12,10.1109/tpami.2026.3709368,https://doi.org/10.1109/tpami.2026.3709368
876,Method,48(10),2026-10,SWIFT: A Small-World Interaction Framework for Flow-Aware Trajectory Prediction in Autonomous Driving,"Chengyue Wang, Bin Rao, Haicheng Liao, Bonan Wang, Chengzhong Xu, Zhenning Li",13389-13405,10.1109/tpami.2026.3709672,https://doi.org/10.1109/tpami.2026.3709672
877,Method,48(10),2026-10,Learning Topology-Aware Representations via Test-Time Adaptation for Anomaly Segmentation,"Ali Zia, Usman Ali, Abdul Rehman, Umer Ramzan, Kang Han, Muhammad Faheem, Shahnawaz Qureshi, Wei Xiang",13585-13601,10.1109/tpami.2026.3710196,https://doi.org/10.1109/tpami.2026.3710196
878,Method,Early Access,2026,"A Comprehensive Survey on Multimodal Recommender Systems: Taxonomy, Evaluation, and Future Directions","Hongyu Zhou, Xin Zhou, Zhiwei Zeng, Lingzi Zhang, Chunyan Miao",1-20,10.1109/tpami.2026.3710585,https://doi.org/10.1109/tpami.2026.3710585
879,Method,Early Access,2026,Image Restoration via Multi-domain Learning,"Xingyu Jiang, Ning Gao, Xiuhui Zhang, Hongkun Dou, Shaowen Fu, Xiaoqing Zhong, Hongjue Li, Yue Deng",1-18,10.1109/tpami.2026.3710409,https://doi.org/10.1109/tpami.2026.3710409
880,Method,Early Access,2026,A Unified and Fast-Sampling Diffusion Bridge Framework via Stochastic Optimal Control,"Mokai Pan, Kaizhen Zhu, Yuexin Ma, Yanwei Fu, Jingyi Yu, Jingya Wang, Ye Shi",1-13,10.1109/tpami.2026.3710696,https://doi.org/10.1109/tpami.2026.3710696
881,Method,Early Access,2026,Robust 3D Semantic Occupancy Prediction With Calibration-Free Spatial Transformation,"Zhuangwei Zhuang, Ziyin Wang, Sitao Chen, Lizhao Liu, Hui Luo, Mingkui Tan",1-16,10.1109/tpami.2026.3710841,https://doi.org/10.1109/tpami.2026.3710841
882,Method,Early Access,2026,NP-Hardness of Minimizing Neurons in Two-Hidden-Layer ReLU Neural Networks,Sangrock Lee,1-9,10.1109/tpami.2026.3711513,https://doi.org/10.1109/tpami.2026.3711513
883,Method,Early Access,2026,Language-4D Cross-Boosting for Generalized Zero-Shot 6DoF Tracking and 3D Reconstruction,"Jingtao Sun, Yaonan Wang, Jiawen Zhao, Yike Zhang, Min Liu, Mike Zheng Shou",1-18,10.1109/tpami.2026.3711593,https://doi.org/10.1109/tpami.2026.3711593
884,Method,Early Access,2026,MEGO: Learning Mixture-of-Experts for General-Purpose Binary Optimization,"Shengcai Liu, Zhiyuan Wang, Yew-Soon Ong, Xin Yao, Ke Tang",1-18,10.1109/tpami.2026.3711708,https://doi.org/10.1109/tpami.2026.3711708
885,Method,Early Access,2026,PCBClip: Vision-Language Defect Detection Model for Low-Sample Inspection Systems,"Zhongshu Chen, Feng Guo, Zhenghua Chen, Lin Zuo, Yu Liu",1-18,10.1109/tpami.2026.3711750,https://doi.org/10.1109/tpami.2026.3711750
886,Method,Early Access,2026,PrefixQuant: Eliminating Outliers by Prefixed Tokens for Large Language Models Quantization,"Mengzhao Chen, Yi Liu, Jiahao Wang, Yi Bin, Wenqi Shao, Ping Luo",1-12,10.1109/tpami.2026.3711802,https://doi.org/10.1109/tpami.2026.3711802
887,Method,Early Access,2026,Robust Personalized Federated Continual Learning via Explainable Multi-Granularity Prompt,"Hao Yu, Xin Yang, Boyang Fan, Yonghao Li, Hanlin Gu, Junbo Zhang, Tianrui Li, Qiang Yang",1-17,10.1109/tpami.2026.3711828,https://doi.org/10.1109/tpami.2026.3711828
888,Method,Early Access,2026,Aligning Condensed Graph via Hashing: A New Insight for Federated Graph Learning,"Yeyu Yan, Shuai Zheng, Zhenfeng Zhu, Dong Chen, Wentao Zhang, Yawei Zhao, Kunlun He, Yao zhao",1-15,10.1109/tpami.2026.3711847,https://doi.org/10.1109/tpami.2026.3711847
889,Method,Early Access,2026,Study of Full-View Finger Vein Biometrics on Redundancy-compensated 3D Reconstruction and Frequency-Spatial Coupling Feature Extraction,"Junduan Huang, Dacan Luo, Alexander Unnervik, Weili Yang, Massimo Tistarelli, Wenxiong Kang",1-18,10.1109/tpami.2026.3711850,https://doi.org/10.1109/tpami.2026.3711850
890,Method,Early Access,2026,PI-H2T: Enhancing Long-Tailed Visual Recognition with Permutation-Invariant and Head-to-Tail Feature Fusion,"Mengke Li, Zhikai Hu, Yang Lu, Weichao Lan, Yiu-ming Cheung, Hui Huang",1-15,10.1109/tpami.2026.3711911,https://doi.org/10.1109/tpami.2026.3711911
891,Method,Early Access,2026,Oracle-Guided Masked Contrastive Reinforcement Learning for Visuomotor Policies,"Yuhang Zhang, Jiaping Xiao, Chao Yan, Mir Feroskhan",1-18,10.1109/tpami.2026.3711921,https://doi.org/10.1109/tpami.2026.3711921
892,Method,Early Access,2026,Threat in Frequency: Unveiling Hidden Attack Surfaces by Exploiting Stealthy Backdoors on Diffusion Models,"Jingyi Xie, Jiawei Liu, Fanrui Zhang, Dong Li, Xueyang Fu, Zheng-Jun Zha",1-17,10.1109/tpami.2026.3712043,https://doi.org/10.1109/tpami.2026.3712043
893,Method,Early Access,2026,Factor-Assisted Federated Learning for Personalized Optimization with Heterogeneous Data,"Feifei Wang, Huiyun Tang, Yang Li",1-12,10.1109/tpami.2026.3712213,https://doi.org/10.1109/tpami.2026.3712213
894,Method,Early Access,2026,Agentic Designer: Progressive Multi-Agent Collaboration for Structure-Aware Interior Layout Generation,"Zhijing Yang, Haocheng Lin, Zhihua Xu, Haojie Li, Keze Wang, Liang Lin, Tianshui Chen",1-16,10.1109/tpami.2026.3711762,https://doi.org/10.1109/tpami.2026.3711762
895,Method,Early Access,2026,CoNav: Collaborative Cross-Modal Reasoning for Embodied Navigation,"Haihong Hao, Mingfei Han, Changlin Li, Zhihui Li, Xiaojun Chang",1-15,10.1109/tpami.2026.3711981,https://doi.org/10.1109/tpami.2026.3711981
896,Method,Early Access,2026,SymBOL: A General-Purpose Symbolic Learner for Scientific Discovery Using Bayesian Optimization-Enhanced Large Language Models,"Jiaxu Cui, Qifei Li, Weiting Liu, Jiao Hu, Xinhui Yin, Ninghao Liu, Bingyi Sun, Jiming Liu, Bo Yang",1-13,10.1109/tpami.2026.3712056,https://doi.org/10.1109/tpami.2026.3712056
897,Method,Early Access,2026,Foundation Models based Scene Graph Generation,"Shuzhou Sun, Jing Liu, Li Liu, Shuaifeng Zhi, Huali Xu, Zhen Liu, Janne Heikkila, Yongxiang Liu",1-18,10.1109/tpami.2026.3712094,https://doi.org/10.1109/tpami.2026.3712094
898,Method,Early Access,2026,ManlyMM-VAE: Deep Clustering With Manly Transformation Mixture Latent Embeddings for High-Dimensional Skewed Data,"Jinwon Heo, Hyung-Jeong Yang, Jangsun Baek",1-16,10.1109/tpami.2026.3712355,https://doi.org/10.1109/tpami.2026.3712355
899,Method,Early Access,2026,Early Stopping Without Validation Data in Weakly Supervised Learning,"Suqin Yuan, Muyang Li, Lei Feng, Bo Han, Gang Niu, Masashi Sugiyama, Tongliang Liu",1-16,10.1109/tpami.2026.3712551,https://doi.org/10.1109/tpami.2026.3712551
900,Method,Early Access,2026,Calibratable Disambiguation Loss for Multi-Instance Partial-Label Learning,"Wei Tang, Yin-Fang Yang, Weijia Zhang, Min-Ling Zhang",1-15,10.1109/tpami.2026.3712701,https://doi.org/10.1109/tpami.2026.3712701
901,Method,Early Access,2026,Reliable Uncertainty Estimation via Discriminative Feature Learning for Evidential Deep Classification,"Linye Li, Yufei Chen, Xiaodong Yue, Qunjie Chen, Lianghua He, Heng Tao Shen",1-19,10.1109/tpami.2026.3712710,https://doi.org/10.1109/tpami.2026.3712710
902,Method,Early Access,2026,On the Design of Mixture-of-Experts for Dynamic Gaussian Splatting,"In-Hwan Jin, Hyeongju Mun, Joonsoo Kim, Kugjin Yun, Kyeongbo Kong",1-18,10.1109/tpami.2026.3712736,https://doi.org/10.1109/tpami.2026.3712736
903,Method,Early Access,2026,Propagating Cross-View Semantics for Multi-view Clustering: A Unified Anchor Refinement Paradigm,"Suyuan Liu, Siwei Wang, Ke Liang, Xueling Zhu, Jinyan Li, Xinwang Liu, Xiaohong Chen",1-16,10.1109/tpami.2026.3713020,https://doi.org/10.1109/tpami.2026.3713020
904,Method,Early Access,2026,Integrating Agglomerative Perception with One-step Action Generation for Robotic Manipulation,"Sen Wang, Le Wang, Hongcheng Huo, Sanping Zhou, Kun Xia, Gang Hua",1-18,10.1109/tpami.2026.3713027,https://doi.org/10.1109/tpami.2026.3713027
905,Method,Early Access,2026,BRFedTD: A Novel Framework for Federated Reinforcement Learning With Byzantine-Resilient Policy Evaluation,"Dazhong Wang, Weidong Liu, Xiaojun Mao",1-16,10.1109/tpami.2026.3713184,https://doi.org/10.1109/tpami.2026.3713184
906,Method,Early Access,2026,How Relation Enrichment Improves Clustering Ensemble Performance: A Second Order Induced Relation View,"Feijiang Li, Jieting Wang, Yuhua Qian, Hongren Yan, Tingjin Luo",1-17,10.1109/tpami.2026.3713520,https://doi.org/10.1109/tpami.2026.3713520
907,Method,Early Access,2026,Incomplete Multimodal Probability Flow Recovery for Emotion Recognition,"Yuanzhi Wang, Zhen Cui, Mengyi Liu, Xiaoya Zhang, Zechao Li",1-18,10.1109/tpami.2026.3713383,https://doi.org/10.1109/tpami.2026.3713383
908,Method,Early Access,2026,MIDAS: Mutual Information Disentanglement With Uncertainty-Aware Fusion for Incomplete Multimodal Sentiment Analysis,"Yuhua Wen, Yingying Zhou, Qifei Li, Yingming Gao, Zhengqi Wen, Jianhua Tao, Ya Li",1-15,10.1109/tpami.2026.3713694,https://doi.org/10.1109/tpami.2026.3713694
909,Method,Early Access,2026,UniNDM: A Unified Noise-driven Detection and Mitigation Framework Against Sexual Content in Text-to-Image Generation,"Yao Huang, Yitong Sun, Huanran Chen, Ruochen Zhang, Shouwei Ruan, Ranjie Duan, Maoxun Yuan, Yinpeng Dong, Hui Xue, Xiaochun Cao, Xingxing Wei",1-16,10.1109/tpami.2026.3713771,https://doi.org/10.1109/tpami.2026.3713771
910,Method,Early Access,2026,STPP: Efficient and Progressive Structured Pruning Via Enhanced Sparsification Paradigm,"Weihao Lin, Shengji Tang, Peng Ye, Tao Chen",1-17,10.1109/tpami.2026.3714012,https://doi.org/10.1109/tpami.2026.3714012
911,Method,Early Access,2026,Prototype-Anchored Generalized Manifold Regression for Unknown-Domain Object Detection,"Zihao Zhang, Aming Wu, Yang Li, Yahong Han",1-18,10.1109/tpami.2026.3714053,https://doi.org/10.1109/tpami.2026.3714053
912,Method,Early Access,2026,Diminishing Return of Value Expansion Methods,"Daniel Palenicek, Michael Lutter, Joao Carvalho, Daniel Dennert, Faran Ahmad, Jan Peters",1-11,10.1109/tpami.2026.3713917,https://doi.org/10.1109/tpami.2026.3713917
913,Method,Early Access,2026,Replication in Visual Diffusion Models: A Survey and Outlook,"Wenhao Wang, Yifan Sun, Zongxin Yang, Zhengdong Hu, Zhentao Tan, Yi Yang",1-20,10.1109/tpami.2026.3713990,https://doi.org/10.1109/tpami.2026.3713990
914,Method,Early Access,2026,MFSR: Multi-fractal Feature for Super-resolution Reconstruction with Fine Details Recovery,"Lianping Yang, Peng Jiao, Jinshan Pan, Hegui Zhu, Su Guo",1-13,10.1109/tpami.2026.3714205,https://doi.org/10.1109/tpami.2026.3714205
915,Method,Early Access,2026,Discovering Utility-driven Interval Rules,"Chunkai Zhang, Jiarui Deng, Maohua Lyu, Wensheng Gan, Philip S. Yu",1-16,10.1109/tpami.2026.3714081,https://doi.org/10.1109/tpami.2026.3714081
916,Method,Early Access,2026,Grad-ECLIP: Gradient-based Visual and Textual Explanations for CLIP,"Chenyang Zhao, Kun Wang, Janet H. Hsiao, Antoni B. Chan",1-18,10.1109/tpami.2026.3714444,https://doi.org/10.1109/tpami.2026.3714444
917,Method,Early Access,2026,AI-Empowered Quantum Circuit Synthesis and Compilation Optimization: Overview and Prospects,"Ge Yan, Wenjie Wu, Yuheng Chen, Kaisen Pan, Xudong Lu, Zixiang Zhou, Yuhan Wang, Ruocheng Wang, Junchi Yan",1-20,10.1109/tpami.2026.3715237,https://doi.org/10.1109/tpami.2026.3715237
918,Method,Early Access,2026,Learning Representation and Synergy Invariances: A Provable Framework for Generalized Multimodal Face Anti-Spoofing,"Xun Lin, Shuai Wang, Yi Yu, Zitong Yu, Jiale Zhou, Yizhong Liu, Xiaochun Cao, Alex Kot, Yefeng Zheng",1-37,10.1109/tpami.2026.3716086,https://doi.org/10.1109/tpami.2026.3716086
919,Method,Early Access,2026,QSMnet-INR: Single-Orientation Quantitative Susceptibility Mapping via Implicit Neural Representation in k-Space,"Xuan Cai, Ruo-Mi Guo, Kangyuan Zheng, Jiaqi Wang, Xiao-Wen Luo, Jing Zhao, Hongbin Han, Mengting Liu",1-14,10.1109/tpami.2026.3717996,https://doi.org/10.1109/tpami.2026.3717996
920,Method,Early Access,2026,Neurodynamic Approaches with Fixed-Step Optimality for Rank Minimization: A Data-Driven Framework,"Meng Zhang, Xing He, You Zhao, Tingwen Huang, Junzhi Yu",1-18,10.1109/tpami.2026.3717777,https://doi.org/10.1109/tpami.2026.3717777
921,Method,Early Access,2026,Structure-Aware Attention Prototype Network for Cross-Modality Few-Shot Brain Tumor Segmentation,"Liang Sun, Lingyao Zhu, Junyong Zhao, Dingwei Fan, Mingliang Wang, Jiashuang Huang, Wei Shao, Daoqiang Zhang",1-16,10.1109/tpami.2026.3717881,https://doi.org/10.1109/tpami.2026.3717881
922,Method,Early Access,2026,TinyMem: Condensing Multimodal Memory for Long-Form Video Action Detection,"Rui Tian, Qi Dai, Han Hu, Zuxuan Wu",1-13,10.1109/tpami.2026.3718272,https://doi.org/10.1109/tpami.2026.3718272
923,Method,Early Access,2026,Channel-Wise Topology Refinement Graph Convolution for Skeleton-Based Action Recognition,"Weiming Hu, Yuxin Chen, Jianing Bai, Jingmeng Zhou, Ziqi Zhang, Chunfeng Yuan, Bing Li",1-17,10.1109/tpami.2026.3718490,https://doi.org/10.1109/tpami.2026.3718490
924,Method,Early Access,2026,EgoLoc: A Generalizable Solution for Temporal Interaction Localization in Egocentric Videos,"Junyi Ma, Erhang Zhang, Yin-Dong Zheng, Yuchen Xie, Yixuan Zhou, Hesheng Wang",1-18,10.1109/tpami.2026.3717912,https://doi.org/10.1109/tpami.2026.3717912
925,Method,Early Access,2026,SparseVLM+: Visual Token Sparsification With Improved Text-Visual Attention Pattern,"Yuan Zhang, Junpeng Ma, Qizhe Zhang, Chun-Kai Fan, Wenzhao Zheng, Kuan Cheng, Jiwen Lu, Shanghang Zhang",1-18,10.1109/tpami.2026.3718245,https://doi.org/10.1109/tpami.2026.3718245
926,Method,Early Access,2026,BitNet v2: Low-bit and Sparsified Activations for 1-bit Large Language Models,"Hongyu Wang, Shuming Ma, Furu Wei",1-12,10.1109/tpami.2026.3717905,https://doi.org/10.1109/tpami.2026.3717905
927,Method,Early Access,2026,Multi-Round Meta-Learning for Label Purification without Trusted Labels,"Mitsuyoshi Otsu, Jun Zhou, Bo Han, Shirui Pan",1-12,10.1109/tpami.2026.3718926,https://doi.org/10.1109/tpami.2026.3718926
928,Method,Early Access,2026,Event-Triggered Gossip for Distributed Learning,"Zhiyuan Zhai, Xiaojun Yuan, Xin Wang, Rui Zhang, Geoffrey Ye Li",1-15,10.1109/tpami.2026.3718498,https://doi.org/10.1109/tpami.2026.3718498
929,Method,Early Access,2026,Face De-Identification: A Domain-Centric Survey from Capture to Processing,"Hui Wei, Hao Yu, Guoying Zhao",1-20,10.1109/tpami.2026.3718681,https://doi.org/10.1109/tpami.2026.3718681
930,Method,Early Access,2026,Quantum Generative Diffusion Model: A Fully Quantum-Mechanical Model for Generating Quantum State Ensemble,"Chuangtao Chen, Qinglin Zhao, MengChu Zhou, Zhimin He, Zhili Sun, Haozhen Situ",1-15,10.1109/tpami.2026.3718311,https://doi.org/10.1109/tpami.2026.3718311
931,Method,Early Access,2026,RingMo-Agent: A Unified Remote Sensing Foundation Model for Multi-Platform and Multi-Modal Reasoning,"Huiyang Hu, Peijin Wang, Yingchao Feng, Kaiwen Wei, Wenxin Yin, Wenhui Diao, Mengyu Wang, Hanbo Bi, Kaiyue Kang, Tong Ling, Kun Fu, Xian Sun",1-18,10.1109/tpami.2026.3718699,https://doi.org/10.1109/tpami.2026.3718699
932,Method,Early Access,2026,Efficient Heterogeneous Exploration with Mutual Policy Divergence Maximization for Multiagent Reinforcement Learning,"Haowen Dou, Lujuan Dang, Mingfei Lu, Liangjun Chen, Badong Chen",1-14,10.1109/tpami.2026.3718850,https://doi.org/10.1109/tpami.2026.3718850
933,Method,Early Access,2026,Unveiling Effective In-Context Configurations for Image Captioning: An External & Internal Analysis,"Li Li, Yongliang Wu, Jingze Zhu, Jiawei Peng, Jianfei Cai, and Xu Yang",1-18,10.1109/tpami.2026.3719106,https://doi.org/10.1109/tpami.2026.3719106
934,Method,Early Access,2026,OneBEV++: Towards Unifying Bird's-Eye-View Semantic Mapping with Panoramas,"Jiale Wei, Zhifeng Teng, Fei Teng, Junwei Zheng, Ruiping Liu, Yufan Chen, Jie Hu, Kailun Yang, Jiaming Zhang, and Rainer Stiefelhagen",1-12,10.1109/tpami.2026.3719109,https://doi.org/10.1109/tpami.2026.3719109
935,Method,Early Access,2026,"Low-Precision Training of Large Language Models: Methods, Challenges, and Opportunities","Zhiwei Hao, Jianyuan Guo, Li Shen, Yong Luo, Han Hu, Guoxia Wang, Dianhai Yu, Yonggang Wen, Dacheng Tao",1-20,10.1109/tpami.2026.3718968,https://doi.org/10.1109/tpami.2026.3718968
936,Method,Early Access,2026,Stitching Misaligned Multi-Spectral Images by Versatile Transformation: A Streamlined Solution and Applications,"Zhiying Jiang, Zengxi Zhang, Jinyuan Liu, Xin Fan, Risheng Liu",1-18,10.1109/tpami.2026.3719795,https://doi.org/10.1109/tpami.2026.3719795
937,Method,Early Access,2026,RegTrack: Simplicity Beneath Complexity in Robust Multi-Modal 3D Multi-Object Tracking,"Lipeng Gu, Xuefeng Yan, Song Wang, Mingqiang Wei",1-18,10.1109/tpami.2026.3719678,https://doi.org/10.1109/tpami.2026.3719678
938,Method,Early Access,2026,Mamba-FSCIL: Dynamic Adaptation with Selective State Space Model for Few-Shot Class Incremental Learning,"Xiaojie Li, Yibo Yang, Jianlong Wu, Yue Yu, Ming-Hsuan Yang, Liqiang Nie, Min Zhang",1-18,10.1109/tpami.2026.3719435,https://doi.org/10.1109/tpami.2026.3719435
939,Method,Early Access,2026,Transport Barycenter-Guided Sample-to-Cluster Matching for Unaligned Multi-view Clustering,"Yuzhuo Dai, Siwei Wang, Zhibin Dong, Xinhang Wan, Tianrui Liu, Kunlun He, Xinwang Liu, En Zhu",1-18,10.1109/tpami.2026.3720198,https://doi.org/10.1109/tpami.2026.3720198
940,Method,Early Access,2026,GBSK: Skeleton Clustering via Granular-ball Computing and Multi-Sampling for Large-Scale Data,"Yewang Chen, Junfeng Li, Shuyin Xia, Qinghong Lai, Xinbo Gao, Guoyin Wang, Dongdong Cheng, Yi Liu, Yi Wang",1-13,10.1109/tpami.2026.3719825,https://doi.org/10.1109/tpami.2026.3719825
941,Method,Early Access,2026,OneActor++: Consistent Multi-Subject Generation via Cluster-Conditioned Guidance,"Jiahao Wang, Caixia Yan, Shijie Li, Yinghao Wang, Weizhan Zhang, Xiaojun Chang",1-18,10.1109/tpami.2026.3719827,https://doi.org/10.1109/tpami.2026.3719827
942,Method,Early Access,2026,ATR-UAP: Enhancing the Transferability of Data-Free Universal Adversarial Perturbation via Adaptive Truncated Ratio Maximization,"Di Ming, Peng Ren, Yuanchengzhi Liu, Yunlong Wang, Xin Feng",1-18,10.1109/tpami.2026.3720232,https://doi.org/10.1109/tpami.2026.3720232
943,Method,Early Access,2026,LLM Post-Training: A Deep Dive into Reasoning Large Language Models,"Komal Kumar, Tajamul Ashraf, Omkar Thawakar, Rao Muhammad Anwer, Hisham Cholakkal, Mubarak Shah, Ming-Hsuan Yang, Phillip H.S. Torr, Fahad Shahbaz Khan, Salman Khan",1-20,10.1109/tpami.2026.3720414,https://doi.org/10.1109/tpami.2026.3720414
944,Method,Early Access,2026,Triplet Decomposition and Extensions: A General Framework for Parameter-Efficient Fine-Tuning,"Zhekai Du, Yinjie Min, Dan Zhang, Ke Lu, Jingjing Li, Heng Tao Shen",1-17,10.1109/tpami.2026.3720458,https://doi.org/10.1109/tpami.2026.3720458
945,Method,Early Access,2026,Latent MeanFlow Policy Optimization for Offline Reinforcement Learning,"Tenglong Liu, Xin Xu, Yixing Lan, Jiacheng Huang, Xinglong Zhang, Ling-Li Zeng",1-14,10.1109/tpami.2026.3720530,https://doi.org/10.1109/tpami.2026.3720530
946,Method,Early Access,2026,TopoMLP++: Towards Strong and Scalable Lane Topology Reasoning in Autonomous Driving,"Dongming Wu, Wencheng Han, Cheng-Zhong Xu, Jianbing Shen",1-16,10.1109/tpami.2026.3721163,https://doi.org/10.1109/tpami.2026.3721163
947,Method,Early Access,2026,FedAdOb: Privacy-Preserving Fed erated Deep Learning with Ad aptive Ob fuscation,"Hanlin Gu, Jiahuan Luo, Yan Kang, Yuan Yao, Gongxi Zhu, Bowen Li, Lixin Fan, Qiang Yang",1-12,10.1109/tpami.2026.3715766,https://doi.org/10.1109/tpami.2026.3715766
948,Method,Early Access,2026,DiConSite: A Unified Topology-Adaptive Architecture for Protein Binding Site Prediction Across Ligand Modalities,"Shouzhi Chen, Zhenchao Tang, Linlin You, Yonghong Tian, Calvin Yu-Chian Chen",1-13,10.1109/tpami.2026.3720695,https://doi.org/10.1109/tpami.2026.3720695
949,Method,Early Access,2026,Hyperbolic Hierarchical 3D Scene Representations for Open-Vocabulary 3D Scene Graph Generation,"Haoran Hou, Mingtao Feng, Qing Zhu, Zijie Wu, Jianqiao Luo, Min Liu, Yaonan Wang",1-17,10.1109/tpami.2026.3721639,https://doi.org/10.1109/tpami.2026.3721639
950,Method,Early Access,2026,DeepForgeSeal : Latent Space-Driven Semi-Fragile Watermarking for Deepfake Detection Using Adversarial Reinforcement Learning,"Tharindu Fernando, Clinton Fookes, Sridha Sridharan",1-12,10.1109/tpami.2026.3721108,https://doi.org/10.1109/tpami.2026.3721108
951,Method,Early Access,2026,Happy++: Towards Stable and Unified Continual Generalized Category Discovery,"Shijie Ma, Fei Zhu, Yuxin Guo, Meng Wang, Wenzhuo Liu, Zhun Zhong, Xu-Yao Zhang, Cheng-Lin Liu",1-18,10.1109/tpami.2026.3721625,https://doi.org/10.1109/tpami.2026.3721625
952,Method,Early Access,2026,ZeroPIE: Zero-Reference Polarization-Aware Low-Light Enhancement via Physically Derived Illumination-Invariant Priors,"Zhenshuo Yang, Zhiyuan Liu, Yang Lu, Jiawei Liu, Jiandong Tian",1-18,10.1109/tpami.2026.3721156,https://doi.org/10.1109/tpami.2026.3721156
953,Method,Early Access,2026,The Hitchhiker's Guide to Autonomous Research: A Survey of Scientific Agents,"Xinming Wang, Jian Xu, Sheng Lian, Yi Chen, Haiyang Guo, Fei Zhu, Yuanqi Shao, Minsi Ren, Hongzhu Yi, Aslan H. Feng, Hongming Yang, Tailin Wu, Han Hu, Shiming Xiang, Xu-Yao Zhang, Cheng-Lin Liu",1-20,10.1109/tpami.2026.3721500,https://doi.org/10.1109/tpami.2026.3721500
954,Method,Early Access,2026,Kolmogorov-Arnold causal generative models,"Alejandro Almodovar, Mar Elizo, Patricia A. Apellaniz, Santiago Zazo, Juan Parras",1-12,10.1109/tpami.2026.3721159,https://doi.org/10.1109/tpami.2026.3721159
955,Method,Early Access,2026,Multi-Granularity Graph Contrastive Learning Framework via Granular-Ball on Heterogeneous Graphs,"Shuyin Xia, Guan Wang, Cheng Tan, Chao Huang, Sen Zhao, Yi Liu, Yi Wang, Wei Wang, Guoyin Wang, Xinbo Gao",1-14,10.1109/tpami.2026.3720194,https://doi.org/10.1109/tpami.2026.3720194
956,Method,Early Access,2026,Contextrast++: Robust Multi-Scale Contextual Contrastive Learning for Semantic Segmentation,"Changki Sung, Hyungtae Lim, Wanhee Kim, Youngwoo Seo, Hyun Myung",1-17,10.1109/tpami.2026.3721845,https://doi.org/10.1109/tpami.2026.3721845
957,Method,Early Access,2026,Symbiotic Evolutionary Learning for Task-Adaptive Infrared and Visible Image Fusion,"Jinyuan Liu, Bowei Zhang, Ludan Sun, Xingyuan Li, Long Ma, Risheng Liu, Xin Fan",1-18,10.1109/tpami.2026.3722665,https://doi.org/10.1109/tpami.2026.3722665
958,Method,Early Access,2026,Consensus-Driven Distillation for Trustworthy Explanations in Self-Interpretable GNNs,"Wenxin Tai, Fan Zhou, Steve Azzolin, Goce Trajcevski, Ting Zhong, Kunpeng Zhang, Philip S. Yu",1-16,10.1109/tpami.2026.3722391,https://doi.org/10.1109/tpami.2026.3722391
959,Method,Early Access,2026,Toward Stronger 3D Human Action Representation Learning Via Efficient Spatiotemporal Decoupling,"Cong Wu, Tianyang Xu, Zhenhua Feng, Xiao-Jun Wu, Josef Kittler",1-18,10.1109/tpami.2026.3722477,https://doi.org/10.1109/tpami.2026.3722477
960,Method,Early Access,2026,High Frame Rate iToF-Flow-Based Depth Imaging Enabled by Local Linear Transfer,"Yu Meng, Zhou Xue, Xu Chang, Tao Yue, Xuemei Hu",1-18,10.1109/tpami.2026.3722249,https://doi.org/10.1109/tpami.2026.3722249
961,Method,Early Access,2026,Random Sparse Networks Training with Sharpness-Aware Regularization,"Yue Bai, Mingyuan Zhang, Huan Wang, Zhiqiang Tao, Kunpeng Li, Yizhou Wang, Yun Fu",1-12,10.1109/tpami.2026.3722118,https://doi.org/10.1109/tpami.2026.3722118
962,Method,Early Access,2026,MambaX: Image Super-Resolution with State Predictive Control,"Chenyu Li, Danfeng Hong, Bing Zhang, Zhaojie Pan, Naoto Yokoya, Jocelyn Chanussot",1-15,10.1109/tpami.2026.3721958,https://doi.org/10.1109/tpami.2026.3721958
963,Method,Early Access,2026,Decentralized Federated Learning by Partial Message Exchange,"Shan Sha, Shenglong Zhou, Xin Wang, Lingchen Kong, Geoffrey Ye Li",1-17,10.1109/tpami.2026.3722165,https://doi.org/10.1109/tpami.2026.3722165
964,Method,Early Access,2026,Image Resampling Detection via Spectral Correlation with False Alarm Control,"Yanhao Li, Quentin Bammey, Marina Gardella, Tina Nikoukhah, Rafael Grompone von Gioi, Miguel Colom, Jean-Michel Morel",1-18,10.1109/tpami.2026.3721972,https://doi.org/10.1109/tpami.2026.3721972
965,Method,Early Access,2026,E 3 NeRF: Efficient Event-Enhanced Neural Radiance Fields from Blurry Images,"Yunshan Qi, Jia Li, Yifan Zhao, Yu Zhang, Lin Zhu",1-18,10.1109/tpami.2026.3722771,https://doi.org/10.1109/tpami.2026.3722771
966,Method,Early Access,2026,Adapt in the Wild: Test-Time Entropy Minimization with Sharpness and Feature Regularization,"Shuaicheng Niu, Guohao Chen, Deyu Chen, Yifan Zhang, Jiaxiang Wu, Zhiquan Wen, Yaofo Chen, Peilin Zhao, Chunyan Miao, Mingkui Tan",1-16,10.1109/tpami.2026.3721895,https://doi.org/10.1109/tpami.2026.3721895
967,Method,Early Access,2026,Sensitivity Analysis in Translation Averaging,"Lalit Manam, Venu Madhav Govindu",1-12,10.1109/tpami.2026.3722795,https://doi.org/10.1109/tpami.2026.3722795
968,Method,Early Access,2026,"Towards Zero-Shot Point Cloud Registration Across Diverse Scales, Scenes, and Sensor Setups","Hyungtae Lim, Minkyun Seo, Luca Carlone, Jaesik Park",1-18,10.1109/tpami.2026.3722524,https://doi.org/10.1109/tpami.2026.3722524
969,Method,Early Access,2026,S $^{2}$ Q-VDiT$^+$: Accurate Quantized Video Diffusion Transformer with Multi-Resolution S ampling and S tructural Distillation,"Weilun Feng, Chuanguang Yang, Haotong Qin, Yuqi Li, Mingqiang Wu, Guoxin Fan, Xiangqi Li, Zhulin An, Libo Huang, Boyu Diao, Renshuai Tao, Fuzhen Zhuang, Michele Magno, Yongjun Xu, Zhigang Zeng, Tingwen Huang, Yingli Tian",1-18,10.1109/tpami.2026.3722360,https://doi.org/10.1109/tpami.2026.3722360
970,Method,Early Access,2026,GText-IF: Leveraging Text-Driven Semantics for Degradation-Aware Image Fusion,"Xunpeng Yi, Han Xu, Yibing Zhang, Hao Zhang, Linfeng Tang, Jiayi Ma",1-18,10.1109/tpami.2026.3722579,https://doi.org/10.1109/tpami.2026.3722579
971,Method,Early Access,2026,Label Distribution Enhancement-Based Label Completion for High-Noise-Ratio Crowdsourcing,"Tong Wu, Liangxiao Jiang, Wenjun Zhang, Kun Yue",1-15,10.1109/tpami.2026.3721048,https://doi.org/10.1109/tpami.2026.3721048
972,Method,Early Access,2026,FINER++: Building a Family of Variable-periodic Functions for Activating Implicit Neural Representation,"Hao Zhu, Zhen Liu, Qi Zhang, Jingde Fu, Weibing Deng, Zhan Ma, Yanwen Guo, Xun Cao",1-16,10.1109/tpami.2026.3722883,https://doi.org/10.1109/tpami.2026.3722883
973,Method,Early Access,2026,Unveiling the Secret of AdaLN-Zero in Diffusion Transformer,"Jie Zhu, Mingyu Ding, Boqiang Duan, Leye Wang, Jingdong Wang",1-12,10.1109/tpami.2026.3723056,https://doi.org/10.1109/tpami.2026.3723056
974,Method,Early Access,2026,Handling Learnwares from Heterogeneous Feature and Label Spaces with Explicit Label Exploitation,"Peng Tan, Zhi-Hao Tan, Hai-Tian Liu, Zhi-Hua Zhou",1-18,10.1109/tpami.2026.3723272,https://doi.org/10.1109/tpami.2026.3723272
975,Method,Early Access,2026,ROBIN++: Unified Copyright Protection and Tamper Localization for Diffusion Models Via Dual-Domain Synergistic Watermarking,"Huayang Huang, Siqi Zeng, Qian Wang, Bo Du, Yu Wu",1-14,10.1109/tpami.2026.3723036,https://doi.org/10.1109/tpami.2026.3723036
976,Method,Early Access,2026,Remedying uncertainty representations in visual inference through Explaining-Away Variational Autoencoders,"Josefina Catoni, Domonkos Martos, Ferenc Csikor, Enzo Ferrante, Diego H. Milone, Balazs Meszena, Gergo Orban, Rodrigo Echeveste",1-14,10.1109/tpami.2026.3718675,https://doi.org/10.1109/tpami.2026.3718675
977,Method,Early Access,2026,Rethinking Multi-modal Image Super-resolution: The Key Role of Cross-modal Consistency Prior,"Jingyi Xu, Xin Deng, Yutong Wang, Lai Jiang, Mai Xu",1-17,10.1109/tpami.2026.3723450,https://doi.org/10.1109/tpami.2026.3723450
978,Method,Early Access,2026,Feature-alteration Robustness for Out-of-distribution Detection,"Xue Jiang, Feng Liu, Zhen Fang, Hong Chen, Tongliang Liu, Feng Zheng, Bo Han",1-12,10.1109/tpami.2026.3723999,https://doi.org/10.1109/tpami.2026.3723999
979,Method,Early Access,2026,Shared Latent Characteristic Anchored Hash Codes Generation for Efficient Fine-Grained Image Retrieval,"Zhen-Duo Chen, Li-Jun Zhao, Yongxin Wang, Yu-Wei Zhan, Xiao-Qian Liu, Xin Luo, Xin-Shun Xu",1-16,10.1109/tpami.2026.3723930,https://doi.org/10.1109/tpami.2026.3723930
980,Method,Early Access,2026,Robust Audio-Visual Question Answering with Missing Modality in Training and Testing,"Jinxing Zhou, Zhangbin Li, Di Hu, Yanghao Zhou, Rao Muhammad Anwer, Hisham Cholakkal, Dan Guo",1-18,10.1109/tpami.2026.3723653,https://doi.org/10.1109/tpami.2026.3723653
981,Method,Early Access,2026,Adversarial Purification by Consistency-aware Latent Space Optimization on Data Manifolds,"Shuhai Zhang, Jiahao Yang, Hui Luo, Jie Chen, Li Wang, Feng Liu, Bo Han, Mingkui Tan",1-18,10.1109/tpami.2026.3720823,https://doi.org/10.1109/tpami.2026.3720823
982,Method,Early Access,2026,M3R++: Masked Token Mixup and Dual Cross-Modal Masking for Zero-Shot Learning,"Qiangchang Wang, Yuchi Xiao, Rushi Lan, Yilong Yin, Huimin Lu",1-18,10.1109/tpami.2026.3724025,https://doi.org/10.1109/tpami.2026.3724025
983,Method,Early Access,2026,Non-negative Tensor Factorization Based Bi-Clustering on Anchor Graphs,"Quanxue Gao, Rui Wang, Jing Li, Xiaoke Ma, Cheng Deng, Yu Duan",1-15,10.1109/tpami.2026.3724177,https://doi.org/10.1109/tpami.2026.3724177
984,Method,Early Access,2026,ShadowNet for Data-Centric Quantum System Learning,"Yuxuan Du, Yibo Yang, Tongliang Liu, Zhouchen Lin, David A. Clifton, Bernard Ghanem, Dacheng Tao",1-17,10.1109/tpami.2026.3724021,https://doi.org/10.1109/tpami.2026.3724021
985,Method,Early Access,2026,Accelerating SAM2 with Efficient Memory Attention Module via Spatiotemporal Token Pruning,"Fachrina Dewi Puspitasari, Chaoning Zhang, Avilasha Mandal, Sheng Zheng, Caiyan Qin, Tae-Ho Kim, Jewon Lee, Guoqing Wang, Yang Yang, Heng Tao Shen",1-12,10.1109/tpami.2026.3723878,https://doi.org/10.1109/tpami.2026.3723878
986,Method,Early Access,2026,PolaFormer++: Polarity-Aware Linear Attention with Channel-wise Spikiness,"Weikang Meng, Yadan Luo, Liangyu Huo, Yingjian Li, Yaowei Wang, Zheng Zhang, Heng Tao Shen",1-14,10.1109/tpami.2026.3723414,https://doi.org/10.1109/tpami.2026.3723414
987,Method,Early Access,2026,Generate and Filter: A GNN-Based Approach for Graph Anomaly Detection,"Mengyu Li, Yonghao Liu, Ximing Li, Lan Huang, Fausto Giunchiglia, Yanchun Liang, Xiaoyue Feng, Renchu Guan",1-14,10.1109/tpami.2026.3724665,https://doi.org/10.1109/tpami.2026.3724665
988,Method,Early Access,2026,Multiple Modalities Image Matching With Large-Scale Pre-Training,"Xingyi He, Hao Yu, Sida Peng, Dongli Tan, Zehong Shen, Xiaowei Zhou, Hujun Bao",1-16,10.1109/tpami.2026.3724652,https://doi.org/10.1109/tpami.2026.3724652
989,Method,Early Access,2026,SRasP: Self-Reorientation Adversarial Style Perturbation for Cross-Domain Few-Shot Learning,"Wenqian Li, Pengfei Fang, Hui Xue",1-15,10.1109/tpami.2026.3724558,https://doi.org/10.1109/tpami.2026.3724558
990,Method,Early Access,2026,Continual Low-Rank Adaptation Via Cumulative Unified Optimization,"Yue Lu, Shizhou Zhang, De Cheng, Yinghui Xing, Guoqiang Liang, Nannan Wang, Peng Wang, Yanning Zhang",1-18,10.1109/tpami.2026.3724818,https://doi.org/10.1109/tpami.2026.3724818
991,Method,Early Access,2026,Deep Supervised Adversarial Robust Hashing for Retrieval,"Xingwei Zhang, Gang Zhou, Xiaolong Zheng, Wenji Mao, Liang Wang, Daniel Dajun Zeng",1-18,10.1109/tpami.2026.3725315,https://doi.org/10.1109/tpami.2026.3725315
992,Method,Early Access,2026,Calibration-free Plug-and-Play EEG-based BCIs,"Hanrui Wu, Ge Zhang, Junkang Liao, Jia Zhang, Wei-Shi Zheng, Jinyi Long",1-17,10.1109/tpami.2026.3725079,https://doi.org/10.1109/tpami.2026.3725079
993,Method,Early Access,2026,Digging into Monocular Texture-Scale Feature Fusion for Optical Flow and Optical Expansion Estimation,"Changlin Li, Yeqiang Qian, Chunxiang Wang, Ming Yang",1-12,10.1109/tpami.2026.3725402,https://doi.org/10.1109/tpami.2026.3725402
994,Method,Early Access,2026,DeltaGNN: Graph Neural Network With Information Flow Control,"Kevin Mancini, Islem Rekik",1-14,10.1109/tpami.2026.3725398,https://doi.org/10.1109/tpami.2026.3725398
995,Method,Early Access,2026,How Powerful are Hypergraph Neural Networks?,"Yifan Feng, Rizhuo Huang, Yifan Zhang, Shaoyi Du, Shihui Ying, Zongze Wu, Yue Gao",1-17,10.1109/tpami.2026.3724944,https://doi.org/10.1109/tpami.2026.3724944
996,Method,Early Access,2026,AMGC2: Rethinking Deep Graph Clustering With a High Attribute-Missing Ratio,"Wenxuan Tu, Jieren Cheng, Renxiang Guan, Weixuan Liang, Sihang Zhou, Xin Peng, Zhiping Cai, Xinwang Liu",1-18,10.1109/tpami.2026.3725335,https://doi.org/10.1109/tpami.2026.3725335
997,Method,Early Access,2026,Towards Heterogeneous-Degradation-Robust Image Fusion with Controllable Generative Modulation,"Lei Cao, Hao Zhang, Peng Zhang, Daiguo Zhou, Jiayi Ma",1-18,10.1109/tpami.2026.3724595,https://doi.org/10.1109/tpami.2026.3724595
998,Method,Early Access,2026,Training-free Context-adaptive Attention for Efficient Long Context Modeling,"Zeng You, Yaofo Chen, Shuhai Zhang, Zhijie Qiu, Tingyu Wu, Yingjian Li, Yaowei Wang, Mingkui Tan",1-13,10.1109/tpami.2026.3725250,https://doi.org/10.1109/tpami.2026.3725250
999,Method,Early Access,2026,Exploiting Vision Language Model for Training-Free 3D Point Cloud Understanding via Improved Graph Score Propagation,"Tiankai Chen, Yushu Li, Adam Goodge, Fei Teng, Xulei Yang, Zhen Liang, Tianrui Li, Xun Xu",1-18,10.1109/tpami.2026.3725415,https://doi.org/10.1109/tpami.2026.3725415
1000,Method,Early Access,2026,Binarized High-Efficiency RAW Video Restoration and Beyond,"Tianyu Zhu, Ying Fu, Hesong Li, Gengchen Zhang, Xin Yuan, Yulun Zhang",1-18,10.1109/tpami.2026.3725551,https://doi.org/10.1109/tpami.2026.3725551
1001,Method,Early Access,2026,Enhanced Semantic Alignment in Transformer Tracking via Position Learning and Force-Directed Attention,"Mingyu Cao, Haotian Wang, Haoxuan Li, Wanrong Huang, Yang Shi, Yanghao Xiao, Wenjing Yang, Long Lan, Huibin Tan, Zhouchen Lin",1-18,10.1109/tpami.2026.3726080,https://doi.org/10.1109/tpami.2026.3726080
1002,Method,Early Access,2026,"SPD Matrix Learning for Neuroimaging Analysis: Perspectives, Methods, and Challenges","Ce Ju, Reinmar Kobler, Antoine Collas, Motoaki Kawanabe, Cuntai Guan, Bertrand Thirion",1-19,10.1109/tpami.2026.3726269,https://doi.org/10.1109/tpami.2026.3726269
1003,Method,Early Access,2026,Anticipating Object Interactions Via Aggregation and Distillation of Spatio-Temporal Knowledge From Vision Language Models,"Yang Liu, Dejie Yang, Minghang Zheng, Ming-Hsuan Yang",1-18,10.1109/tpami.2026.3726073,https://doi.org/10.1109/tpami.2026.3726073
1004,Method,Early Access,2026,A Riemannian Framework for the Elastic Analysis of the Spatiotemporal Variability in the Shape and Structure of Tree-like 4D Objects,"Tahmina Khanam, Hamid Laga, Mohammed Bennamoun, Guanjin Wang, Ferdous Sohel, Farid Boussaid, Guan Wang, Anuj Srivastava",1-17,10.1109/tpami.2026.3726133,https://doi.org/10.1109/tpami.2026.3726133
1005,Method,Early Access,2026,Autoregressive Image to 3D Generation via Next Symmetric View Prediction,"Haibo Yang, Yang Chen, Yingwei Pan, Zhineng Chen, Ting Yao, Tao Mei",1-13,10.1109/tpami.2026.3726806,https://doi.org/10.1109/tpami.2026.3726806
1006,Method,Early Access,2026,Pixel-Perfect Visual Geometry Estimation,"Gangwei Xu, Haotong Lin, Hongcheng Luo, Haiyang Sun, Bing Wang, Guang Chen, Sida Peng, Hangjun Ye, Xin Yang",1-15,10.1109/tpami.2026.3727248,https://doi.org/10.1109/tpami.2026.3727248
1007,Method,Early Access,2026,SPIRA: Sparse Information-Geometric Rank Adaptation for Parameter-Efficient Fine-Tuning of Large Pretrained Models,"Zhongyi Wen, Zhikai Zhai, Guomin Sun, Yatong Wang, Qiang Li, Huaizong Shao, Shafei Wang",1-16,10.1109/tpami.2026.3724606,https://doi.org/10.1109/tpami.2026.3724606
1008,Method,Early Access,2026,EDTalk++: Full Disentanglement for Controllable Talking Head Synthesis,"Shuai Tan, Bin Ji, Ye Pan",1-17,10.1109/tpami.2026.3727763,https://doi.org/10.1109/tpami.2026.3727763
1009,Method,Early Access,2026,4DWeaver: Bridging Reconstruction and Generation Via Compact Autoregressive Priors,"Ruosen Hao, Tianyu Shen, Jingyuan Gao, Kunfeng Wang",1-16,10.1109/tpami.2026.3727804,https://doi.org/10.1109/tpami.2026.3727804
1010,Method,Early Access,2026,Incomplete Multi-view Sequential Representation Learning with Cascaded Cross-view Evolution Attention,"Wenbo Dong, Pengxiang Cai, Zhenni Piao, Ruoyu Tao, Ruobing Liu, Shiliang Sun",1-16,10.1109/tpami.2026.3727873,https://doi.org/10.1109/tpami.2026.3727873
1011,Method,Early Access,2026,Action-Controlled Scale-Wise Flow Matching for Embodied World Models,"Sen Wang, Sanping Zhou, Huaiyi Dong, Kun Xia, Gang Hua, Le Wang",1-17,10.1109/tpami.2026.3727986,https://doi.org/10.1109/tpami.2026.3727986
1012,Method,Early Access,2026,P4VC: Positive Perturbation based Perceptual Preprocessing Framework for Video Compression,"Mai Xu, Yichen Guo, Shangmou Zhang, Lai Jiang, Xin Deng, Gaoxing Chen",1-18,10.1109/tpami.2026.3727894,https://doi.org/10.1109/tpami.2026.3727894
1013,Method,Early Access,2026,E2E-LOAD++: End-to-end Long-form Online Action Detection and Beyond,"Shuqiang Cao, Weixin Luo, Ran Song, Bairui Wang, Lin Ma, Wei Zhang",1-15,10.1109/tpami.2026.3727766,https://doi.org/10.1109/tpami.2026.3727766
1014,Method,Early Access,2026,Backdoor Attacks on CLIP via Prompt Learning,"Kuofeng Gao, Jiawang Bai, Shaobo Min, Shu-Tao Xia, Wei Liu, Zhifeng Li",1-16,10.1109/tpami.2026.3727853,https://doi.org/10.1109/tpami.2026.3727853
1015,Method,Early Access,2026,Certified Streaming Updates for Machine Learning Models under Limited Throughput,"Dongxie Wen, Lu Yi, Fengtai Li, Shaoqiu Zhang, Xiao Zhang, Zhewei Wei",1-18,10.1109/tpami.2026.3727989,https://doi.org/10.1109/tpami.2026.3727989
1016,Method,Early Access,2026,Self-Refining Spherical Consensus Embedding for Constrained Multi-View Clustering,"Jun Wang, Zhenglai Li, Chuan Tang, Hao Yu, Miaomiao Li, Jun-Jie Huang, Chang Tang, Xinwang Liu",1-16,10.1109/tpami.2026.3727677,https://doi.org/10.1109/tpami.2026.3727677
1017,Method,Early Access,2026,Modeling Spectral-Spatial Attributes for Hyperspectral Anomaly Detection,"Puhong Duan, Zhixiang Huang, Xudong Kang, Shutao Li",1-15,10.1109/tpami.2026.3727992,https://doi.org/10.1109/tpami.2026.3727992
1018,Method,Early Access,2026,PopCD: Test-Time Behavior Enhancement via Polarity-Prompt Contrastive Decoding,"Baolong Bi, Yuyao Ge, Shenghua Liu, Yuchen He, Siqian Tong, Lizhe Chen, Lingrui Mei, Zehao Li, Yiwei Wang, Yujun Cai, Ming-Hsuan Yang, Xueqi Cheng",1-18,10.1109/tpami.2026.3727985,https://doi.org/10.1109/tpami.2026.3727985
1019,Method,Early Access,2026,"Visual Embodied Brain-1.5: Enhanced Perception, Spatial Reasoning and Robot Control in Spaces","Ganlin Yang, Gen Luo, Ziyang Gong, Guanzhou Chen, Haonan Duan, Tianyi Zhang, Wengang Zhou, Yu Qiao, Wenhai Wang, Xizhou Zhu, Jifeng Dai",1-18,10.1109/tpami.2026.3728098,https://doi.org/10.1109/tpami.2026.3728098
1020,Method,Early Access,2026,Diff-MM: Exploring Pre-Trained Text-to-Image Generation Models for Unified Multi-Modal Object Tracking,"Shiyu Xuan, Zechao Li, Jinhui Tang, Maocheng Zhao",1-17,10.1109/tpami.2026.3728164,https://doi.org/10.1109/tpami.2026.3728164
1021,Method,Early Access,2026,Text-to-Motion Generation With Discrete Representations and Large Language Models,"Jianrong Zhang, Yangsong Zhang, Xiaodong Cun, Xi Shen, Xiaojian Shen, Hehe Fan, Yi Yang",1-13,10.1109/tpami.2026.3728107,https://doi.org/10.1109/tpami.2026.3728107
1022,Method,Early Access,2026,Beyond Fixed False Discovery Rates: Post-Hoc Conformal Selection With E-Variables,"Meiyi Zhu, Osvaldo Simeone",1-12,10.1109/tpami.2026.3728067,https://doi.org/10.1109/tpami.2026.3728067
1023,Method,Early Access,2026,Decomposition of Neural Discrete Representations for Efficient LiDAR Odometry and Mapping,"Minseong Park, Suhan Woo, Euntai Kim",1-15,10.1109/tpami.2026.3728256,https://doi.org/10.1109/tpami.2026.3728256
1024,Method,Early Access,2026,Spatio-Temporal Garment Reconstruction Using Diffusion Mapping via Pattern Coordinates,"Yingxuan You, Ren Li, Corentin Dumery, Cong Cao, Hao Li, Pascal Fua",1-18,10.1109/tpami.2026.3728211,https://doi.org/10.1109/tpami.2026.3728211
1025,Method,Early Access,2026,Kernelized Sparse Fine-Tuning With Bi-Level Parameter Competition for Vision Models,"Shufan Shen, Junshu Sun, Shuhui Wang, Qingming Huang",1-18,10.1109/tpami.2026.3728084,https://doi.org/10.1109/tpami.2026.3728084
1026,Method,Early Access,2026,OA-Pro: Learning Object-Aware Detection Head with Prompt Tuning for Domain Adaptive Object Detection,"Haochen Li, Rui Zhang, Hantao Yao, Xin Zhang, Xinkai Song, Yifan Hao, Ling Li",1-16,10.1109/tpami.2026.3728301,https://doi.org/10.1109/tpami.2026.3728301
1027,Method,Early Access,2026,COVTrack++: Learning Open-Vocabulary Multi-Object Tracking from Continuous Videos via a Synergistic Paradigm,"Zekun Qian, Wei Feng, Ruize Han, Junhui Hou",1-18,10.1109/tpami.2026.3728393,https://doi.org/10.1109/tpami.2026.3728393
1028,Method,Early Access,2026,"Co$^{2}$ In : a Bi-level Memory Incremental Learning Framework with Knowledge Encoding, Consolidation, and Integration","Wenju Sun, Qingyong Li, Boyang Li, Wen Wang, Siyu Zhang, Yi Wei, Yangli-ao Geng",1-18,10.1109/tpami.2026.3728510,https://doi.org/10.1109/tpami.2026.3728510
1029,Method,Early Access,2026,PointPDF V2: A Unified Framework for Continual Open-World 3D Semantic Segmentation,"Jinfeng Xu, Xianzhi Li, Yixue Hao, Long Hu",1-13,10.1109/tpami.2026.3728472,https://doi.org/10.1109/tpami.2026.3728472
1030,Method,Early Access,2026,Multi-View Spectral Contrastive Learning,"Bing Cai, Xiaoli Wang, Gui-Fu Lu, Zechao Li",1-15,10.1109/tpami.2026.3726957,https://doi.org/10.1109/tpami.2026.3726957
1031,Method,Early Access,2026,ZeroDiff++: Generative Test-Time Adaptation for Zero-shot Learning,"Zihan Ye, Shreyank N Gowda, Kaile Du, Weijian Luo, Ling Shao",1-18,10.1109/tpami.2026.3728839,https://doi.org/10.1109/tpami.2026.3728839
1032,Method,Early Access,2026,Toward Robust and Harmonious Adaptation for Cross-modal Retrieval,"Haobin Li, Zhuqi Liu, Mouxing Yang, Xi Peng",1-13,10.1109/tpami.2026.3729221,https://doi.org/10.1109/tpami.2026.3729221
1033,Method,Early Access,2026,Recurrence Meets Transformers for Universal Multimodal Retrieval,"Davide Caffagni, Sara Sarto, Marcella Cornia, Lorenzo Baraldi, Rita Cucchiara",1-16,10.1109/tpami.2026.3729293,https://doi.org/10.1109/tpami.2026.3729293
1034,Method,Early Access,2026,When Semantically Consistent Encoding Meets View-Label Heterogeneity Modeling: A Unified Framework for Incomplete Multi-View Multi-Label Learning,"Chengliang Liu, Bo Li, Bob Zhang, Yanghao Zhou, Jie Wen, Wenwu Wang",1-18,10.1109/tpami.2026.3728832,https://doi.org/10.1109/tpami.2026.3728832
1035,Method,Early Access,2026,Learning Long-form Movie Prior via Large Language Models,"Jinheng Xie, Jiajun Feng, Mike Zheng Shou",1-8,10.1109/tpami.2026.3729756,https://doi.org/10.1109/tpami.2026.3729756
1036,Method,Early Access,2026,Towards a Causally-inspired Evolving World Model for Vision-and-Language Navigation in Continuous Environments,"Xuan Yao, Junyu Gao, Changsheng Xu",1-17,10.1109/tpami.2026.3728426,https://doi.org/10.1109/tpami.2026.3728426
1037,Method,Early Access,2026,When Federated Prompt Learning Fails: Understanding and Mitigating Cross-Domain Prompt Interference,"Yunfeng Zhao, Jun Wang, Dong Wu, Dong Zhang, Dimitrios Gunopulos, Carlotta Domeniconi, Guoxian Yu",1-12,10.1109/tpami.2026.3729823,https://doi.org/10.1109/tpami.2026.3729823
1038,Method,Early Access,2026,FlowCritic: Bridging Value Estimation with Flow Matching in Reinforcement Learning,"Shan Zhong, Shutong Ding, He Diao, Xiangyu Wang, Kah Chan Teh, Bei Peng",1-17,10.1109/tpami.2026.3728663,https://doi.org/10.1109/tpami.2026.3728663
1039,Method,Early Access,2026,"Curriculum-GraphLLM: Joint Optimization of Architectures, Structures and Texts for Denoised Graph Neural Architecture Search","Xin Wang, Haibo Chen, Linxin Xiao, Zeyang Zhang, Wenwu Zhu",1-18,10.1109/tpami.2026.3729108,https://doi.org/10.1109/tpami.2026.3729108
1040,Method,Early Access,2026,Flexible Multi-Level Optimal Transport for Universal Cross-Tokenizer Knowledge Distillation on LLMs and Beyond,"Xiao Cui, Mo Zhu, Yulei Qin, Binbin Lin, Wengang Zhou, Hongsheng Li, Houqiang Li",1-18,10.1109/tpami.2026.3728858,https://doi.org/10.1109/tpami.2026.3728858
1041,Method,Early Access,2026,Understanding Multimodal Learning From Modality Fusion and Alignment Perspectives,"Yang Yang, Fengqiang Wan, Qing-Yuan Jiang, Tianxi Zhu, Yi Xu",1-15,10.1109/tpami.2026.3729627,https://doi.org/10.1109/tpami.2026.3729627
1042,Method,Early Access,2026,Quantum-inspired Uncertainty Modeling for Point Cloud-based Large-scale Place Recognition,"Ruonan Zhang, Ge Li, Thomas H. Li, Wei Gao",1-17,10.1109/tpami.2026.3729822,https://doi.org/10.1109/tpami.2026.3729822
1043,Method,Early Access,2026,Scalable Graph-Based Clustering for Unaligned Multi-View Data,"Zhe Cao, Tao Zhang, Yichen Wang, Haonan Xin, Rong Wang, Feiping Nie",1-16,10.1109/tpami.2026.3729883,https://doi.org/10.1109/tpami.2026.3729883
1044,Method,Early Access,2026,Pattern in Motion: Retrieval-Augmented Learning for Dynamic Spatio-Temporal Graphs,"Haoyu Zhang, Xinke Jiang, Wentao Zhang, Yuchen Fang, Hao Miao, Yifan Zhang, Heqing Huang",1-18,10.1109/tpami.2026.3728522,https://doi.org/10.1109/tpami.2026.3728522
1045,Method,Early Access,2026,Explainable Diffusion Model for Aperture-flexible 3D Quantitative Electromagnetic Imaging,"Min Tan, Shuqing Li, Kuiwen Xu, Yuxin Zhang, Zhou Yu, Li Liu, Gang Pan",1-13,10.1109/tpami.2026.3729856,https://doi.org/10.1109/tpami.2026.3729856
1046,Method,Early Access,2026,Target-Oriented Multi-Granular Semantic-Aware Network for Source-Free Domain Adaptation,"Zefeng Zheng, Shaohua Teng, Luyao Teng, Wei Zhang, Yiqing He, NaiQi Wu",1-18,10.1109/tpami.2026.3729205,https://doi.org/10.1109/tpami.2026.3729205
1047,Method,Early Access,2026,PerDepNet: Personality-Guided Cross-Domain Multitask Learning Network for Automated Video Depression Detection,"Zhewei Fang, Kaiyin Lian, Shiqing Zhang, Zhou Yu, Jun Yu, Siwei Ma, Qi Tian",1-15,10.1109/tpami.2026.3729616,https://doi.org/10.1109/tpami.2026.3729616
1048,Method,Early Access,2026,Missing Pattern Tree based Decision Grouping and Ensemble for Enhancing Pair Utilization in Deep Incomplete Multi-View Clustering,"Jie Xu, Wenyuan Yang, Yazhou Ren, Lifang He, Philip S. Yu, Xiaofeng Zhu",1-13,10.1109/tpami.2026.3729698,https://doi.org/10.1109/tpami.2026.3729698
1049,Method,Early Access,2026,Reflective Flare Removal Using Image Bursts,"Ke Xu, Zheng Dong, Weiwei Xu, Gerhard Petrus Hancke, Rynson W.H. Lau",1-12,10.1109/tpami.2026.3729277,https://doi.org/10.1109/tpami.2026.3729277
1050,Method,Early Access,2026,FVeinSyn: Synthetic Finger Vein Image Generator,"Yifan Wang, Jie Gui, Adams Wai Kin Kong, Baosheng Yu, Changsheng Chen, Qi Li, Zhenan Sun, James Tin-Yau Kwok, Alex Kot",1-18,10.1109/tpami.2026.3729089,https://doi.org/10.1109/tpami.2026.3729089
1051,Method,Early Access,2026,LaneDiffusion++: Feature-Level Generative Priors for Structured Lane Graph Learning,"Zijie Wang, Wei Zhang, Weiming Zhang, Xiao Tan, Jie Feng, Xiaonan Luo, Guanbin Li",1-15,10.1109/tpami.2026.3729788,https://doi.org/10.1109/tpami.2026.3729788
1052,Method,Early Access,2026,Phase Consistency Prior Driven RGB-D Salient Object Detection,"Jingyi Xu, Xin Deng, Minglang Qiao, Lai Jiang, Mai Xu",1-16,10.1109/tpami.2026.3729831,https://doi.org/10.1109/tpami.2026.3729831
1053,Method,Early Access,2026,Efficient Communication With Skill Neurons in Decentralized Multi-Agent Reinforcement Learning,"Jiahua Lan, Li Shen, Ruijun Liu, Qixin Zhang, Sen Zhang, Liu Liu, Haixia Pan, Dacheng Tao",1-12,10.1109/tpami.2026.3729581,https://doi.org/10.1109/tpami.2026.3729581
1054,Method,Early Access,2026,Latent Textual Space: Pivot for Scaling Customized Text-to-Image and Video Generation,"Jian Jin, Zhenbo Yu, Yang Shen, Zhenyong Fu, Jian Yang",1-17,10.1109/tpami.2026.3729919,https://doi.org/10.1109/tpami.2026.3729919
1055,Method,Early Access,2026,IGNN-Solver: A Graph Neural Solver for Implicit Graph Neural Networks,"Junchao Lin, Zenan Ling, Zhanbo Feng, Jingwen Xu, Minxuan Liao, Feng Zhou, Tianqi Hou, Zhenyu Liao, Robert C. Qiu",1-18,10.1109/tpami.2026.3729092,https://doi.org/10.1109/tpami.2026.3729092
1056,Method,Early Access,2026,Improving Generalizability and Undetectability for Targeted Adversarial Attacks on Multimodal Pre-trained Models,"Zhifang Zhang, Jiahan Zhang, Shengjie Zhou, Qi Wei, Shuo He, Feng Liu, Lei Feng",1-18,10.1109/tpami.2026.3729971,https://doi.org/10.1109/tpami.2026.3729971
1057,Method,Early Access,2026,GAPrompt++: Multi-Granular Geometry-Aware Point Cloud Prompt for 3D Vision Model,"Zixiang Ai, Zhenyu Cui, Yufei Guo, Wenwen Qiang, Lei Chen, Jiwen Lu, Jiahuan Zhou",1-18,10.1109/tpami.2026.3729984,https://doi.org/10.1109/tpami.2026.3729984
1058,Method,Early Access,2026,Multiview Graph Clustering with Credible Signed Information,"Danyang Wu, Penglei Wang, Junjie Liang, Jin Xu, Mingqiang Zhu, Rong Wang, Feiping Nie",1-15,10.1109/tpami.2026.3730124,https://doi.org/10.1109/tpami.2026.3730124
1059,Method,Early Access,2026,Towards Unified Neurosymbolic Reasoning on Knowledge Graphs,"Qika Lin, Fangzhi Xu, Hao Lu, Kai He, Rui Mao, Jun Liu, Erik Cambria, Mengling Feng",1-16,10.1109/tpami.2026.3729969,https://doi.org/10.1109/tpami.2026.3729969
1060,Method,Early Access,2026,HomoDiff: Noise-Robust Multi-modal Homography Estimation via Diffusion Model,"Yunhan Gao, Ce Zheng, Jingyi Xu, Xin Deng, Ying Chen, Mai Xu",1-18,10.1109/tpami.2026.3730469,https://doi.org/10.1109/tpami.2026.3730469
1061,Method,Early Access,2026,Weight learning ways for multi-view clustering,"Feiping Nie, Shaojun Shi, Rong Wang, Xuelong Li",1-18,10.1109/tpami.2026.3730530,https://doi.org/10.1109/tpami.2026.3730530
1062,Method,Early Access,2026,XMask3D++: Cross-Modal Mask Reasoning for Open Vocabulary 3D Segmentation,"Ziyi Wang, Yanbo Wang, Xumin Yu, Zheng Zhu, Jie Zhou, Jiwen Lu",1-15,10.1109/tpami.2026.3732036,https://doi.org/10.1109/tpami.2026.3732036
1063,Method,Early Access,2026,AdalReID: Auto-selected Knowledge Adapters for Lifelong Person Re-identification,"Xuelin Qian, Ruiqi Wu, Zhongling Huang, Dingwen Zhang, Junwei Han",1-16,10.1109/tpami.2026.3731940,https://doi.org/10.1109/tpami.2026.3731940
1064,Method,Early Access,2026,DeepCSHAP: Utilizing Shapley Values to Explain Deep Complex-Valued Neural Networks,"Florian Eilers, Xiaoyi Jiang",1-15,10.1109/tpami.2026.3732508,https://doi.org/10.1109/tpami.2026.3732508
1065,Method,Early Access,2026,Enhancing Local Cognition of CLIP for Training-Free Open Vocabulary Semantic Segmentation,"Tong Shao, Zhuotao Tian, Yunyang Mo, Guoying Sun, Li Jiang, Hengshuang Zhao, Jingyong Su",1-15,10.1109/tpami.2026.3732505,https://doi.org/10.1109/tpami.2026.3732505
1066,Method,Early Access,2026,Enhancing Practical Domain Generalization via Partially Shared Features,"Zengmao Wang, Qizhou Wang, Chaoyang Zhou, Feng Liu, Tongliang Liu, Bo Du, Bo Han",1-16,10.1109/tpami.2026.3733429,https://doi.org/10.1109/tpami.2026.3733429
1067,Method,Early Access,2026,Necessity of a Dual-Engine Paradigm: Resolving the Robustness-Adaptability Trade-off in Anomaly Detection,"Jian Zheng, Jiangli Duan, Lin Li, Shengye Wang, Cuijuan Zhang, Haichao Sun, Huyong Yan",1-14,10.1109/tpami.2026.3733282,https://doi.org/10.1109/tpami.2026.3733282
1068,Method,Early Access,2026,Align Entities With Ontologies: LLM-Enhanced Inductive Subgraph Reasoning Over Ontology-Based Knowledge Graphs,"Hao Li, Ke Liang, Lingyuan Meng, Tianrui Liu, Yulong Huang, Xueling Zhu, Xinwang Liu, Huaimin Wang",1-18,10.1109/tpami.2026.3733462,https://doi.org/10.1109/tpami.2026.3733462
1069,Method,Early Access,2026,Cross-Modality Causal-Aware Hierarchical Representation Learning for Domain Generalized Object Detection,"Yajing Liu, Zhiyuan Liu, Xiyao Liu, Baojie Fan, Jiandong Tian",1-18,10.1109/tpami.2026.3733780,https://doi.org/10.1109/tpami.2026.3733780
1070,Method,Early Access,2026,Domain Elastic Transform: Bayesian Function Registration for High-Dimensional Scientific Data,"Osamu Hirose, Emanuele Rodola",1-18,10.1109/tpami.2026.3733393,https://doi.org/10.1109/tpami.2026.3733393
1071,Method,Early Access,2026,Do More With Less: Capacity-Aware Selective Hashing for Continual Cross-Modal Retrieval,"Wenhao Liu, Tianshi Wang, Fengling Li, Jingjing Li, Guoli Yang, Lei Zhu",1-17,10.1109/tpami.2026.3733497,https://doi.org/10.1109/tpami.2026.3733497
1072,Method,Early Access,2026,Dynamic in Static: Hybrid Visual Correspondence for Self-Supervised Video Object Segmentation,"Yazhou Yao, Gensheng Pei, Jianbo Jiao, Wenguan Wang, Liqiang Nie, Jinhui Tang",1-16,10.1109/tpami.2026.3735235,https://doi.org/10.1109/tpami.2026.3735235
1073,Method,Early Access,2026,CODE: Cross-Context Identity Extraction for Value Decomposition Based Multi-Agent Reinforcement Learning,"Kun Hu, Xiang Zhang, Xiaoming Yan, Zhiwei Xu, Xinwang Liu, Wenjing Yang, Minglong Li, Ying Wen",1-14,10.1109/tpami.2026.3734698,https://doi.org/10.1109/tpami.2026.3734698
1074,Method,Early Access,2026,A Survey on Efficient Vision-Language-Action Models,"Zhaoshu Yu, Bo Wang, Pengpeng Zeng, Haonan Zhang, Ji Zhang, Zheng Wang, Lianli Gao, Jingkuan Song, Nicu Sebe, Heng Tao Shen",1-20,10.1109/tpami.2026.3734740,https://doi.org/10.1109/tpami.2026.3734740
1075,Method,Early Access,2026,Advancing Zero-Shot Adversarial Robust Fairness: Theory and Algorithm,"Xiaowei Fu, Lina Ma, Fuxiang Huang, Guoyin Wang, Xiaochun Cao, Lei Zhang",1-18,10.1109/tpami.2026.3735010,https://doi.org/10.1109/tpami.2026.3735010
1076,Method,Early Access,2026,CIGR: Causal Invariant Representation Learning Framework With Global Redundancy Information for Open-Set Multi-Target Domain Adaptation,"Wenxu Wang, Rui Zhou, Zhenbo Li, Cheng Zhu, Wei Wang, Ruichun Tang, Xiaochun Cao, Bo Han",1-15,10.1109/tpami.2026.3726307,https://doi.org/10.1109/tpami.2026.3726307
1077,Method,Early Access,2026,SPIDER: Multi-Layer Semantic Token Pruning and Adaptive Sub-Layer Skipping in Multimodal Large Language Models,"Tianxiang Chen, Zhentao Tan, Zi Ye, Yue Wu, Xiaobing Tu, Jinkui Ren, Xiantao Zhang, Tao Gong, Qi Chu, Nenghai Yu, Xipeng Qiu, Jieping Ye",1-16,10.1109/tpami.2026.3734987,https://doi.org/10.1109/tpami.2026.3734987
1078,Method,Early Access,2026,A Survey on Text-Based Person Search,"Haitao Shi, Meng Liu, Yongqi Li, Xianjing Han, Yangyuan He, Liqiang Nie",1-20,10.1109/tpami.2026.3734830,https://doi.org/10.1109/tpami.2026.3734830
1079,Method,Early Access,2026,Weight Importance Is Not Enough: Neural Expressiveness for Model Compression,"Angelos Christos Maroudis, Sotirios Xydis, George Dimitrakopoulos",1-15,10.1109/tpami.2026.3734995,https://doi.org/10.1109/tpami.2026.3734995
1080,Method,Early Access,2026,Robust Bidding Strategies under Censored Feedback for Auction-Based Federated Learning,"Xiaoli Tang, Ying-Peng Tang, Zhuang Qi, Chuan Sun, Qianyu Li, Han Yu, Jie Zhang, Qiang Yang",1-12,10.1109/tpami.2026.3736862,https://doi.org/10.1109/tpami.2026.3736862
1081,Method,Early Access,2026,YOND: Practical Blind Raw Image Denoising Free from Camera-Specific Data Dependency,"Hansen Feng, Lizhi Wang, Yiqi Huang, Tong Li, Lin Zhu, Hua Huang",1-17,10.1109/tpami.2026.3736494,https://doi.org/10.1109/tpami.2026.3736494
1082,Method,Early Access,2026,Towards Transferable Black-Box Attack via Minimizing Maximum Model Discrepancy,"Anqi Zhao, Tong Chu, Yahao Liu, Junliang Xing, Lixin Duan, Wen Li",1-16,10.1109/tpami.2026.3735944,https://doi.org/10.1109/tpami.2026.3735944
1083,Method,Early Access,2026,Retraction-Free Optimization over the Stiefel Manifold for the LoRA Fine-Tuning,"Yuan Zhang, Jiang Hu, Zhijian Lai, Lin Lin, Zaiwen Wen",1-12,10.1109/tpami.2026.3711595,https://doi.org/10.1109/tpami.2026.3711595
