No,Type,Title,Authors,Track,Paper_Link,PDF_Link,arXiv_Link
1,Dataset,Shadow Removal Refinement via Material-Consistent Shadow Edges,"Shilin Hu, Hieu Le, ShahRukh Athar, Sagnik Das, Dimitris Samaras",Main,https://openaccess.thecvf.com/content/WACV2025/html/Hu_Shadow_Removal_Refinement_via_Material-Consistent_Shadow_Edges_WACV_2025_paper.html,https://openaccess.thecvf.com/content/WACV2025/papers/Hu_Shadow_Removal_Refinement_via_Material-Consistent_Shadow_Edges_WACV_2025_paper.pdf,http://arxiv.org/abs/2409.06848
2,Dataset,CT to PET Translation: A Large-Scale Dataset and Domain-Knowledge-Guided Diffusion Approach,"Dac Thai Nguyen, Trung Thanh Nguyen, Huu Tien Nguyen, Thanh Trung Nguyen, Huy Hieu Pham, Thanh Hung Nguyen, Thao Nguyen Truong, Phi Le Nguyen",Main,https://openaccess.thecvf.com/content/WACV2025/html/Nguyen_CT_to_PET_Translation_A_Large-Scale_Dataset_and_Domain-Knowledge-Guided_Diffusion_WACV_2025_paper.html,https://openaccess.thecvf.com/content/WACV2025/papers/Nguyen_CT_to_PET_Translation_A_Large-Scale_Dataset_and_Domain-Knowledge-Guided_Diffusion_WACV_2025_paper.pdf,http://arxiv.org/abs/2410.21932
3,Dataset,GTA-HDR: A Large-Scale Synthetic Dataset for HDR Image Reconstruction,"Hrishav Bakul Barua, Kalin Stefanov, KokSheik Wong, Abhinav Dhall, Ganesh Krishnasamy",Main,https://openaccess.thecvf.com/content/WACV2025/html/Barua_GTA-HDR_A_Large-Scale_Synthetic_Dataset_for_HDR_Image_Reconstruction_WACV_2025_paper.html,https://openaccess.thecvf.com/content/WACV2025/papers/Barua_GTA-HDR_A_Large-Scale_Synthetic_Dataset_for_HDR_Image_Reconstruction_WACV_2025_paper.pdf,
4,Dataset,IRIS-VIS: A New Dataset for Visibility Estimation in an Industrial Environment,"Flavien Armangeon, Thibaud Ehret, Enric Meinhardt-Llopis, Rafael Grompone von Gioi, Guillaume Thibault, Marc Petit, Gabriele Facciolo",Main,https://openaccess.thecvf.com/content/WACV2025/html/Armangeon_IRIS-VIS_A_New_Dataset_for_Visibility_Estimation_in_an_Industrial_WACV_2025_paper.html,https://openaccess.thecvf.com/content/WACV2025/papers/Armangeon_IRIS-VIS_A_New_Dataset_for_Visibility_Estimation_in_an_Industrial_WACV_2025_paper.pdf,
5,Dataset,DiL: An Explainable and Practical Metric for Abnormal Uncertainty in Object Detection,"Amit Giloni, Omer Hofman, Ikuya Morikawa, Toshiya Shimizu, Yuval Elovici, Asaf Shabtai",Main,https://openaccess.thecvf.com/content/WACV2025/html/Giloni_DiL_An_Explainable_and_Practical_Metric_for_Abnormal_Uncertainty_in_WACV_2025_paper.html,https://openaccess.thecvf.com/content/WACV2025/papers/Giloni_DiL_An_Explainable_and_Practical_Metric_for_Abnormal_Uncertainty_in_WACV_2025_paper.pdf,
6,Dataset,SoundLoc3D: Invisible 3D Sound Source Localization and Classification using a Multimodal RGB-D Acoustic Camera,"Yuhang He, Sangyun Shin, Anoop Cherian, Niki Trigoni, Andrew Markham",Main,https://openaccess.thecvf.com/content/WACV2025/html/He_SoundLoc3D_Invisible_3D_Sound_Source_Localization_and_Classification_using_a_WACV_2025_paper.html,https://openaccess.thecvf.com/content/WACV2025/papers/He_SoundLoc3D_Invisible_3D_Sound_Source_Localization_and_Classification_using_a_WACV_2025_paper.pdf,
7,Dataset,I Spy with My Little Eye A Minimum Cost Multicut Investigation of Dataset Frames,"Katharina Prasse, Isaac Bravo, Stefanie Walter, Margret Keuper",Main,https://openaccess.thecvf.com/content/WACV2025/html/Prasse_I_Spy_with_My_Little_Eye_A_Minimum_Cost_Multicut_WACV_2025_paper.html,https://openaccess.thecvf.com/content/WACV2025/papers/Prasse_I_Spy_with_My_Little_Eye_A_Minimum_Cost_Multicut_WACV_2025_paper.pdf,http://arxiv.org/abs/2412.01296
8,Dataset,A Semantically Impactful Image Manipulation Dataset: Characterizing Image Manipulations using Semantic Significance,"Yuwei Chen, Ming-Ching Chang, Mattias Kirchner, Zhenfei Zhang, Xin Li, Arslan Basharat, Anthony Hoogs",Main,https://openaccess.thecvf.com/content/WACV2025/html/Chen_A_Semantically_Impactful_Image_Manipulation_Dataset_Characterizing_Image_Manipulations_using_WACV_2025_paper.html,https://openaccess.thecvf.com/content/WACV2025/papers/Chen_A_Semantically_Impactful_Image_Manipulation_Dataset_Characterizing_Image_Manipulations_using_WACV_2025_paper.pdf,
9,Dataset,Which Transformer to Favor: A Comparative Analysis of Efficiency in Vision Transformers,"Tobias Christian Nauen, Sebastian Palacio, Federico Raue, Andreas Dengel",Main,https://openaccess.thecvf.com/content/WACV2025/html/Nauen_Which_Transformer_to_Favor_A_Comparative_Analysis_of_Efficiency_in_WACV_2025_paper.html,https://openaccess.thecvf.com/content/WACV2025/papers/Nauen_Which_Transformer_to_Favor_A_Comparative_Analysis_of_Efficiency_in_WACV_2025_paper.pdf,http://arxiv.org/abs/2308.09372
10,Dataset,SMDAF: A Scalable Sidewalk Material Data Acquisition Framework with Bidirectional Cross-Modal Knowledge Distillation,"Jiawei Liu, Wayne Lam, Zhigang Zhu, Hao Tang",Main,https://openaccess.thecvf.com/content/WACV2025/html/Liu_SMDAF_A_Scalable_Sidewalk_Material_Data_Acquisition_Framework_with_Bidirectional_WACV_2025_paper.html,https://openaccess.thecvf.com/content/WACV2025/papers/Liu_SMDAF_A_Scalable_Sidewalk_Material_Data_Acquisition_Framework_with_Bidirectional_WACV_2025_paper.pdf,
11,Dataset,Beyond Boxes: Mask-Guided Spatio-Temporal Feature Aggregation for Video Object Detection,"Khurram Azeem Hashmi, Talha Uddin Sheikh, Didier Stricker, Muhammad Zeshan Afzal",Main,https://openaccess.thecvf.com/content/WACV2025/html/Hashmi_Beyond_Boxes_Mask-Guided_Spatio-Temporal_Feature_Aggregation_for_Video_Object_Detection_WACV_2025_paper.html,https://openaccess.thecvf.com/content/WACV2025/papers/Hashmi_Beyond_Boxes_Mask-Guided_Spatio-Temporal_Feature_Aggregation_for_Video_Object_Detection_WACV_2025_paper.pdf,http://arxiv.org/abs/2412.04915
12,Dataset,Treading Towards Privacy-Preserving Table Structure Recognition,"Sachin Raja, Ajoy Mondal, C.V. Jawahar",Main,https://openaccess.thecvf.com/content/WACV2025/html/Raja_Treading_Towards_Privacy-Preserving_Table_Structure_Recognition_WACV_2025_paper.html,https://openaccess.thecvf.com/content/WACV2025/papers/Raja_Treading_Towards_Privacy-Preserving_Table_Structure_Recognition_WACV_2025_paper.pdf,
13,Dataset,XPose: Towards Extreme Low Light Hand Pose Estimation,"Green Rosh, Meghana Shankar, Prateek Kukreja, Anmol Namdev, Pawan Prasad B H",Main,https://openaccess.thecvf.com/content/WACV2025/html/Rosh_XPose_Towards_Extreme_Low_Light_Hand_Pose_Estimation_WACV_2025_paper.html,https://openaccess.thecvf.com/content/WACV2025/papers/Rosh_XPose_Towards_Extreme_Low_Light_Hand_Pose_Estimation_WACV_2025_paper.pdf,
14,Dataset,Needles & Haystacks: Dataset and Benchmark for Domain-Agnostic Image-Based Rigid Slice-to-Volume Registration,"Anton Frolov, Florian Kleiner, Christiane Rößler, Volker Rodehorst",Main,https://openaccess.thecvf.com/content/WACV2025/html/Frolov_Needles__Haystacks_Dataset_and_Benchmark_for_Domain-Agnostic_Image-Based_Rigid_WACV_2025_paper.html,https://openaccess.thecvf.com/content/WACV2025/papers/Frolov_Needles__Haystacks_Dataset_and_Benchmark_for_Domain-Agnostic_Image-Based_Rigid_WACV_2025_paper.pdf,
15,Dataset,Towards On-the-Fly Novel Category Discovery in Dynamic Long-Tailed Distributions,"Hoin Jung, Xiaoqian Wang",Main,https://openaccess.thecvf.com/content/WACV2025/html/Jung_Towards_On-the-Fly_Novel_Category_Discovery_in_Dynamic_Long-Tailed_Distributions_WACV_2025_paper.html,https://openaccess.thecvf.com/content/WACV2025/papers/Jung_Towards_On-the-Fly_Novel_Category_Discovery_in_Dynamic_Long-Tailed_Distributions_WACV_2025_paper.pdf,
16,Dataset,PALO: A Polyglot Large Multimodal Model for 5B People,"Hanoona Rasheed, Muhammad Maaz, Abdelrahman Shaker, Salman Khan, Hisham Cholakkal, Rao M. Anwer, Tim Baldwin, Michael Felsberg, Fahad S. Khan",Main,https://openaccess.thecvf.com/content/WACV2025/html/Rasheed_PALO_A_Polyglot_Large_Multimodal_Model_for_5B_People_WACV_2025_paper.html,https://openaccess.thecvf.com/content/WACV2025/papers/Rasheed_PALO_A_Polyglot_Large_Multimodal_Model_for_5B_People_WACV_2025_paper.pdf,http://arxiv.org/abs/2402.14818
17,Dataset,Temporal Dynamics in Visual Data: Analyzing the Impact of Time on Classification Accuracy,"Tom Pégeot, Eva Feillet, Adrian Popescu, Inna Kucher, Bertrand Delezoide",Main,https://openaccess.thecvf.com/content/WACV2025/html/Pegeot_Temporal_Dynamics_in_Visual_Data_Analyzing_the_Impact_of_Time_WACV_2025_paper.html,https://openaccess.thecvf.com/content/WACV2025/papers/Pegeot_Temporal_Dynamics_in_Visual_Data_Analyzing_the_Impact_of_Time_WACV_2025_paper.pdf,
18,Dataset,Long-Term Ad Memorability: Understanding & Generating Memorable Ads,"Harini Si, Somesh Singh, Yaman Kumar Singla, Aanisha Bhattacharyya, Veeky Baths, Changyou Chen, Rajiv Ratn Shah, Balaji Krishnamurthy",Main,https://openaccess.thecvf.com/content/WACV2025/html/Si_Long-Term_Ad_Memorability_Understanding__Generating_Memorable_Ads_WACV_2025_paper.html,https://openaccess.thecvf.com/content/WACV2025/papers/Si_Long-Term_Ad_Memorability_Understanding__Generating_Memorable_Ads_WACV_2025_paper.pdf,http://arxiv.org/abs/2309.00378
19,Dataset,Crossroads of Continents: Automated Artifact Extraction for Cultural Adaptation with Large Multimodal Models,"Anjishnu Mukherjee, Ziwei Zhu, Antonios Anastasopoulos",Main,https://openaccess.thecvf.com/content/WACV2025/html/Mukherjee_Crossroads_of_Continents_Automated_Artifact_Extraction_for_Cultural_Adaptation_with_WACV_2025_paper.html,https://openaccess.thecvf.com/content/WACV2025/papers/Mukherjee_Crossroads_of_Continents_Automated_Artifact_Extraction_for_Cultural_Adaptation_with_WACV_2025_paper.pdf,http://arxiv.org/abs/2407.02067
20,Dataset,OpenCapBench: A Benchmark to Bridge Pose Estimation and Biomechanics,"Yoni Gozlan, Antoine Falisse, Scott Uhlrich, Anthony Gatti, Michael Black, Jennifer Hicks, Scott Delp, Akshay Chaudhari",Main,https://openaccess.thecvf.com/content/WACV2025/html/Gozlan_OpenCapBench_A_Benchmark_to_Bridge_Pose_Estimation_and_Biomechanics_WACV_2025_paper.html,https://openaccess.thecvf.com/content/WACV2025/papers/Gozlan_OpenCapBench_A_Benchmark_to_Bridge_Pose_Estimation_and_Biomechanics_WACV_2025_paper.pdf,http://arxiv.org/abs/2406.09788
21,Dataset,DyRoNet: Dynamic Routing and Low-Rank Adapters for Autonomous Driving Streaming Perception,"Xiang Huang, Zhi-Qi Cheng, Jun-Yan He, Chenyang Li, Wangmeng Xiang, Baigui Sun",Main,https://openaccess.thecvf.com/content/WACV2025/html/Huang_DyRoNet_Dynamic_Routing_and_Low-Rank_Adapters_for_Autonomous_Driving_Streaming_WACV_2025_paper.html,https://openaccess.thecvf.com/content/WACV2025/papers/Huang_DyRoNet_Dynamic_Routing_and_Low-Rank_Adapters_for_Autonomous_Driving_Streaming_WACV_2025_paper.pdf,http://arxiv.org/abs/2403.05050
22,Dataset,Learning under Noisy Labels Spurious Points and Diverse Structures: TS40K a 3D Point Cloud Dataset of Rural Terrain and Electrical Transmission Systems,"Diogo Lavado, Ricardo Santos, André Coelho, João Santos, Alessandra Micheletti, Cláudia Soares",Main,https://openaccess.thecvf.com/content/WACV2025/html/Lavado_Learning_under_Noisy_Labels_Spurious_Points_and_Diverse_Structures_TS40K_WACV_2025_paper.html,https://openaccess.thecvf.com/content/WACV2025/papers/Lavado_Learning_under_Noisy_Labels_Spurious_Points_and_Diverse_Structures_TS40K_WACV_2025_paper.pdf,
23,Dataset,Unconstrained Open Vocabulary Image Classification: Zero-Shot Transfer from Text to Image via CLIP Inversion,"Philipp Allgeuer, Kyra Ahrens, Stefan Wermter",Main,https://openaccess.thecvf.com/content/WACV2025/html/Allgeuer_Unconstrained_Open_Vocabulary_Image_Classification_Zero-Shot_Transfer_from_Text_to_WACV_2025_paper.html,https://openaccess.thecvf.com/content/WACV2025/papers/Allgeuer_Unconstrained_Open_Vocabulary_Image_Classification_Zero-Shot_Transfer_from_Text_to_WACV_2025_paper.pdf,http://arxiv.org/abs/2407.11211
24,Dataset,Anomaly Detection for People with Visual Impairments using an Egocentric 360-Degree Camera,"Inpyo Song, Sanghyeon Lee, Minjun Joo, Jangwon Lee",Main,https://openaccess.thecvf.com/content/WACV2025/html/Song_Anomaly_Detection_for_People_with_Visual_Impairments_using_an_Egocentric_WACV_2025_paper.html,https://openaccess.thecvf.com/content/WACV2025/papers/Song_Anomaly_Detection_for_People_with_Visual_Impairments_using_an_Egocentric_WACV_2025_paper.pdf,http://arxiv.org/abs/2411.10945
25,Dataset,TRNeRF: Restoring Blurry Rolling Shutter and Noisy Thermal Images with Neural Radiance Fields,"Spencer Carmichael, Manohar Bhat, Mani Ramanagopal, Austin Buchan, Ram Vasudevan, Katherine A. Skinner",Main,https://openaccess.thecvf.com/content/WACV2025/html/Carmichael_TRNeRF_Restoring_Blurry_Rolling_Shutter_and_Noisy_Thermal_Images_with_WACV_2025_paper.html,https://openaccess.thecvf.com/content/WACV2025/papers/Carmichael_TRNeRF_Restoring_Blurry_Rolling_Shutter_and_Noisy_Thermal_Images_with_WACV_2025_paper.pdf,
26,Dataset,SimuScope: Realistic Endoscopic Synthetic Dataset Generation through Surgical Simulation and Diffusion Models,"Sabina Martyniak, Joanna Kaleta, Diego Dall'Alba, Michał Naskręt, Szymon Płotka, Przemysław Korzeniowski",Main,https://openaccess.thecvf.com/content/WACV2025/html/Martyniak_SimuScope_Realistic_Endoscopic_Synthetic_Dataset_Generation_through_Surgical_Simulation_and_WACV_2025_paper.html,https://openaccess.thecvf.com/content/WACV2025/papers/Martyniak_SimuScope_Realistic_Endoscopic_Synthetic_Dataset_Generation_through_Surgical_Simulation_and_WACV_2025_paper.pdf,http://arxiv.org/abs/2412.02332
27,Dataset,WAFFLE: Multimodal Floorplan Understanding in the Wild,"Keren Ganon, Morris Alper, Rachel Mikulinsky, Hadar Averbuch-Elor",Main,https://openaccess.thecvf.com/content/WACV2025/html/Ganon_WAFFLE_Multimodal_Floorplan_Understanding_in_the_Wild_WACV_2025_paper.html,https://openaccess.thecvf.com/content/WACV2025/papers/Ganon_WAFFLE_Multimodal_Floorplan_Understanding_in_the_Wild_WACV_2025_paper.pdf,http://arxiv.org/abs/2412.00955
28,Dataset,ANTHROPOS-V: Benchmarking the Novel Task of Crowd Volume Estimation,"Luca Collorone, Stefano Darrigo, Massimiliano Pappa, Guido M. Damely di Melendugno, Giovanni Ficarra, Fabio Galasso",Main,https://openaccess.thecvf.com/content/WACV2025/html/Collorone_ANTHROPOS-V_Benchmarking_the_Novel_Task_of_Crowd_Volume_Estimation_WACV_2025_paper.html,https://openaccess.thecvf.com/content/WACV2025/papers/Collorone_ANTHROPOS-V_Benchmarking_the_Novel_Task_of_Crowd_Volume_Estimation_WACV_2025_paper.pdf,
29,Dataset,"Learning the Power of ""No"": Foundation Models with Negations","Jaisidh Singh, Ishaan Shrivastava, Mayank Vatsa, Richa Singh, Aparna Bharati",Main,https://openaccess.thecvf.com/content/WACV2025/html/Singh_Learning_the_Power_of_No_Foundation_Models_with_Negations_WACV_2025_paper.html,https://openaccess.thecvf.com/content/WACV2025/papers/Singh_Learning_the_Power_of_No_Foundation_Models_with_Negations_WACV_2025_paper.pdf,
30,Dataset,Temporally Streaming Audio-Visual Synchronization for Real-World Videos,"Jordan G Voas, Wei-Cheng Tseng, Layne Berry, Xixi Hu, Puyuan Peng, James Stuedemann, David Harwath",Main,https://openaccess.thecvf.com/content/WACV2025/html/Voas_Temporally_Streaming_Audio-Visual_Synchronization_for_Real-World_Videos_WACV_2025_paper.html,https://openaccess.thecvf.com/content/WACV2025/papers/Voas_Temporally_Streaming_Audio-Visual_Synchronization_for_Real-World_Videos_WACV_2025_paper.pdf,
31,Dataset,Feature-Level and Spatial-Level Activation Expansion for Weakly-Supervised Semantic Segmentation,"Junsu Choi, Jin-Seop Lee, Noo-ri Kim, SuHyun Yoon, Jee-Hyong Lee",Main,https://openaccess.thecvf.com/content/WACV2025/html/Choi_Feature-Level_and_Spatial-Level_Activation_Expansion_for_Weakly-Supervised_Semantic_Segmentation_WACV_2025_paper.html,https://openaccess.thecvf.com/content/WACV2025/papers/Choi_Feature-Level_and_Spatial-Level_Activation_Expansion_for_Weakly-Supervised_Semantic_Segmentation_WACV_2025_paper.pdf,
32,Dataset,SpaGBOL: Spatial-Graph-Based Orientated Localisation,"Tavis Shore, Oscar Mendez, Simon Hadfield",Main,https://openaccess.thecvf.com/content/WACV2025/html/Shore_SpaGBOL_Spatial-Graph-Based_Orientated_Localisation_WACV_2025_paper.html,https://openaccess.thecvf.com/content/WACV2025/papers/Shore_SpaGBOL_Spatial-Graph-Based_Orientated_Localisation_WACV_2025_paper.pdf,http://arxiv.org/abs/2409.15514
33,Dataset,SegBuilder: A Semi-Automatic Annotation Tool for Segmentation,"Md Alimoor Reza, Eric Manley, Sean Chen, Sameer Chaudhary, Jacob Elafros",Main,https://openaccess.thecvf.com/content/WACV2025/html/Reza_SegBuilder_A_Semi-Automatic_Annotation_Tool_for_Segmentation_WACV_2025_paper.html,https://openaccess.thecvf.com/content/WACV2025/papers/Reza_SegBuilder_A_Semi-Automatic_Annotation_Tool_for_Segmentation_WACV_2025_paper.pdf,
34,Dataset,Cross-View Meets Diffusion: Aerial Image Synthesis with Geometry and Text Guidance,"Ahmad Arrabi, Xiaohan Zhang, Waqas Sultani, Chen Chen, Safwan Wshah",Main,https://openaccess.thecvf.com/content/WACV2025/html/Arrabi_Cross-View_Meets_Diffusion_Aerial_Image_Synthesis_with_Geometry_and_Text_WACV_2025_paper.html,https://openaccess.thecvf.com/content/WACV2025/papers/Arrabi_Cross-View_Meets_Diffusion_Aerial_Image_Synthesis_with_Geometry_and_Text_WACV_2025_paper.pdf,http://arxiv.org/abs/2408.04224
35,Dataset,CycleCrash: A Dataset of Bicycle Collision Videos for Collision Prediction and Analysis,"Nishq Poorav Desai, Ali Etemad, Michael Greenspan",Main,https://openaccess.thecvf.com/content/WACV2025/html/Desai_CycleCrash_A_Dataset_of_Bicycle_Collision_Videos_for_Collision_Prediction_WACV_2025_paper.html,https://openaccess.thecvf.com/content/WACV2025/papers/Desai_CycleCrash_A_Dataset_of_Bicycle_Collision_Videos_for_Collision_Prediction_WACV_2025_paper.pdf,http://arxiv.org/abs/2409.19942
36,Dataset,Learning Visual Grounding from Generative Vision and Language Model,"Shijie Wang, Dahun Kim, Ali Taalimi, Chen Sun, Weicheng Kuo",Main,https://openaccess.thecvf.com/content/WACV2025/html/Wang_Learning_Visual_Grounding_from_Generative_Vision_and_Language_Model_WACV_2025_paper.html,https://openaccess.thecvf.com/content/WACV2025/papers/Wang_Learning_Visual_Grounding_from_Generative_Vision_and_Language_Model_WACV_2025_paper.pdf,http://arxiv.org/abs/2407.14563
37,Dataset,Oriented Cell Dataset: A Dataset and Benchmark for Oriented Cell Detection and Applications,"Lucas Kirsten, Angelo Angonezi, Jose Marques, Fernanda Oliveira, Juliano Faccioni, Camila Cassel, Débora de Sousa, Samlai Vedovatto, Guido Lenz, Claudio Jung",Main,https://openaccess.thecvf.com/content/WACV2025/html/Kirsten_Oriented_Cell_Dataset_A_Dataset_and_Benchmark_for_Oriented_Cell_WACV_2025_paper.html,https://openaccess.thecvf.com/content/WACV2025/papers/Kirsten_Oriented_Cell_Dataset_A_Dataset_and_Benchmark_for_Oriented_Cell_WACV_2025_paper.pdf,
38,Dataset,3D Understanding of Deformable Linear Objects: Datasets and Transferability Benchmark,"Bare Luka Žagar, Mingyu Liu, Tim Hertel, Ekim Yurtsever, Alois C. Knoll",Main,https://openaccess.thecvf.com/content/WACV2025/html/Zagar_3D_Understanding_of_Deformable_Linear_Objects_Datasets_and_Transferability_Benchmark_WACV_2025_paper.html,https://openaccess.thecvf.com/content/WACV2025/papers/Zagar_3D_Understanding_of_Deformable_Linear_Objects_Datasets_and_Transferability_Benchmark_WACV_2025_paper.pdf,
39,Dataset,Automated Evaluation of Large Vision-Language Models on Self-Driving Corner Cases,"Kai Chen, Yanze Li, Wenhua Zhang, Yanxin Liu, Pengxiang Li, Ruiyuan Gao, Lanqing Hong, Meng Tian, Xinhai Zhao, Zhenguo Li, Dit-Yan Yeung, Huchuan Lu, Xu Jia",Main,https://openaccess.thecvf.com/content/WACV2025/html/Chen_Automated_Evaluation_of_Large_Vision-Language_Models_on_Self-Driving_Corner_Cases_WACV_2025_paper.html,https://openaccess.thecvf.com/content/WACV2025/papers/Chen_Automated_Evaluation_of_Large_Vision-Language_Models_on_Self-Driving_Corner_Cases_WACV_2025_paper.pdf,http://arxiv.org/abs/2404.10595
40,Dataset,CabNIR: A Benchmark for In-Vehicle Infrared Monocular Depth Estimation,"Ugo Leone Cavalcanti, Matteo Poggi, Fabio Tosi, Valerio Cambareri, Vladimir Zlokolica, Stefano Mattoccia",Main,https://openaccess.thecvf.com/content/WACV2025/html/Cavalcanti_CabNIR_A_Benchmark_for_In-Vehicle_Infrared_Monocular_Depth_Estimation_WACV_2025_paper.html,https://openaccess.thecvf.com/content/WACV2025/papers/Cavalcanti_CabNIR_A_Benchmark_for_In-Vehicle_Infrared_Monocular_Depth_Estimation_WACV_2025_paper.pdf,
41,Dataset,PocoLoco: A Point Cloud Diffusion Model of Human Shape in Loose Clothing,"Siddharth Seth, Rishabh Dabral, Diogo C Luvizon, Marc Habermann, Ming-Hsuan Yang, Christian Theobalt, Adam Kortylewski",Main,https://openaccess.thecvf.com/content/WACV2025/html/Seth_PocoLoco_A_Point_Cloud_Diffusion_Model_of_Human_Shape_in_WACV_2025_paper.html,https://openaccess.thecvf.com/content/WACV2025/papers/Seth_PocoLoco_A_Point_Cloud_Diffusion_Model_of_Human_Shape_in_WACV_2025_paper.pdf,http://arxiv.org/abs/2411.04249
42,Dataset,CardioSyntax: End-to-End SYNTAX Score Prediction - Dataset Benchmark and Method,"Alexander Ponomarchuk, Ivan Kruzhilov, Gleb Mazanov, Ruslan Utegenov, Artem Shadrin, Galina Zubkova, Ivan Bessonov, Pavel Blinov",Main,https://openaccess.thecvf.com/content/WACV2025/html/Ponomarchuk_CardioSyntax_End-to-End_SYNTAX_Score_Prediction_-_Dataset_Benchmark_and_Method_WACV_2025_paper.html,https://openaccess.thecvf.com/content/WACV2025/papers/Ponomarchuk_CardioSyntax_End-to-End_SYNTAX_Score_Prediction_-_Dataset_Benchmark_and_Method_WACV_2025_paper.pdf,
43,Dataset,Exploring Scalability of Self-Training for Open-Vocabulary Temporal Action Localization,"Jeongseok Hyun, Su Ho Han, Hyolim Kang, Joon-Young Lee, Seon Joo Kim",Main,https://openaccess.thecvf.com/content/WACV2025/html/Hyun_Exploring_Scalability_of_Self-Training_for_Open-Vocabulary_Temporal_Action_Localization_WACV_2025_paper.html,https://openaccess.thecvf.com/content/WACV2025/papers/Hyun_Exploring_Scalability_of_Self-Training_for_Open-Vocabulary_Temporal_Action_Localization_WACV_2025_paper.pdf,http://arxiv.org/abs/2407.07024
44,Dataset,CISOL: An Open and Extensible Dataset for Table Structure Recognition in the Construction Industry,"David Tschirschwitz, Volker Rodehorst",Main,https://openaccess.thecvf.com/content/WACV2025/html/Tschirschwitz_CISOL_An_Open_and_Extensible_Dataset_for_Table_Structure_Recognition_WACV_2025_paper.html,https://openaccess.thecvf.com/content/WACV2025/papers/Tschirschwitz_CISOL_An_Open_and_Extensible_Dataset_for_Table_Structure_Recognition_WACV_2025_paper.pdf,http://arxiv.org/abs/2501.15469
45,Dataset,Improving Uncertainty Estimation with Confidence-Aware Training Data,"Sergey Korchagin, Ekaterina Zaychenkova, Aleksei Khalin, Aleksandr Yugay, Alexey Zaytsev, Egor Ershov",Main,https://openaccess.thecvf.com/content/WACV2025/html/Korchagin_Improving_Uncertainty_Estimation_with_Confidence-Aware_Training_Data_WACV_2025_paper.html,https://openaccess.thecvf.com/content/WACV2025/papers/Korchagin_Improving_Uncertainty_Estimation_with_Confidence-Aware_Training_Data_WACV_2025_paper.pdf,
46,Dataset,Sifting through the Haystack - Efficiently Finding Rare Animal Behaviors in Large-Scale Datasets,"Shir Bar, Or Hirschorn, Roi Holzman, Shai Avidan",Main,https://openaccess.thecvf.com/content/WACV2025/html/Bar_Sifting_through_the_Haystack_-_Efficiently_Finding_Rare_Animal_Behaviors_WACV_2025_paper.html,https://openaccess.thecvf.com/content/WACV2025/papers/Bar_Sifting_through_the_Haystack_-_Efficiently_Finding_Rare_Animal_Behaviors_WACV_2025_paper.pdf,
47,Dataset,Decomposed Distribution Matching in Dataset Condensation,"Sahar Rahimi Malakshan, Mohammad Saeed Ebrahimi Saadabadi, Ali Dabouei, Nasser Nasrabadi",Main,https://openaccess.thecvf.com/content/WACV2025/html/Malakshan_Decomposed_Distribution_Matching_in_Dataset_Condensation_WACV_2025_paper.html,https://openaccess.thecvf.com/content/WACV2025/papers/Malakshan_Decomposed_Distribution_Matching_in_Dataset_Condensation_WACV_2025_paper.pdf,http://arxiv.org/abs/2412.04748
48,Dataset,Aerial Mirage: Unmasking Hallucinations in Large Vision Language Models,"Debolena Basak, Soham Bhatt, Sahith Kanduri, Maunendra Sankar Desarkar",Main,https://openaccess.thecvf.com/content/WACV2025/html/Basak_Aerial_Mirage_Unmasking_Hallucinations_in_Large_Vision_Language_Models_WACV_2025_paper.html,https://openaccess.thecvf.com/content/WACV2025/papers/Basak_Aerial_Mirage_Unmasking_Hallucinations_in_Large_Vision_Language_Models_WACV_2025_paper.pdf,
49,Dataset,SANPO: A Scene Understanding Accessibility and Human Navigation Dataset,"Sagar M. Waghmare, Kimberly Wilber, Dave Hawkey, Xuan Yang, Matthew Wilson, Stephanie Debats, Cattalyya Nuengsigkapian, Astuti Sharma, Lars Pandikow, Huisheng Wang, Hartwig Adam, Mikhail Sirotenko",Main,https://openaccess.thecvf.com/content/WACV2025/html/Waghmare_SANPO_A_Scene_Understanding_Accessibility_and_Human_Navigation_Dataset_WACV_2025_paper.html,https://openaccess.thecvf.com/content/WACV2025/papers/Waghmare_SANPO_A_Scene_Understanding_Accessibility_and_Human_Navigation_Dataset_WACV_2025_paper.pdf,http://arxiv.org/abs/2309.12172
50,Dataset,Recurrence-Based Vanishing Point Detection,"Skanda Bharadwaj, Robert T. Collins, Yanxi Liu",Main,https://openaccess.thecvf.com/content/WACV2025/html/Bharadwaj_Recurrence-Based_Vanishing_Point_Detection_WACV_2025_paper.html,https://openaccess.thecvf.com/content/WACV2025/papers/Bharadwaj_Recurrence-Based_Vanishing_Point_Detection_WACV_2025_paper.pdf,http://arxiv.org/abs/2412.20666
51,Dataset,GANESH: Generalizable NeRF for Lensless Imaging,"Rakesh Raj Madhavan, Akshat Kaimal, Badhrinarayanan K.V, Vinayak Gupta, Rohit Choudhary, Chandrakala Shanmuganathan, Kaushik Mitra",Main,https://openaccess.thecvf.com/content/WACV2025/html/Madhavan_GANESH_Generalizable_NeRF_for_Lensless_Imaging_WACV_2025_paper.html,https://openaccess.thecvf.com/content/WACV2025/papers/Madhavan_GANESH_Generalizable_NeRF_for_Lensless_Imaging_WACV_2025_paper.pdf,
52,Dataset,TaxaBind: A Unified Embedding Space for Ecological Applications,"Srikumar Sastry, Subash Khanal, Aayush Dhakal, Adeel Ahmad, Nathan Jacobs",Main,https://openaccess.thecvf.com/content/WACV2025/html/Sastry_TaxaBind_A_Unified_Embedding_Space_for_Ecological_Applications_WACV_2025_paper.html,https://openaccess.thecvf.com/content/WACV2025/papers/Sastry_TaxaBind_A_Unified_Embedding_Space_for_Ecological_Applications_WACV_2025_paper.pdf,http://arxiv.org/abs/2411.00683
53,Dataset,UAL-Bench: The First Comprehensive Unusual Activity Localization Benchmark,"Hasnat Md Abdullah, Tian Liu, Kangda Wei, Shu Kong, Ruihong Huang",Main,https://openaccess.thecvf.com/content/WACV2025/html/Abdullah_UAL-Bench_The_First_Comprehensive_Unusual_Activity_Localization_Benchmark_WACV_2025_paper.html,https://openaccess.thecvf.com/content/WACV2025/papers/Abdullah_UAL-Bench_The_First_Comprehensive_Unusual_Activity_Localization_Benchmark_WACV_2025_paper.pdf,
54,Dataset,FRAUD-Net: Fraud News Detection using Sample Uncertainty & Domain Aware Generalized Network,"Devendra Patel, Vikas Verma, Shreyas Kumar Tah, Shwetabh Biswas, Soma Biswas",Main,https://openaccess.thecvf.com/content/WACV2025/html/Patel_FRAUD-Net_Fraud_News_Detection_using_Sample_Uncertainty__Domain_Aware_WACV_2025_paper.html,https://openaccess.thecvf.com/content/WACV2025/papers/Patel_FRAUD-Net_Fraud_News_Detection_using_Sample_Uncertainty__Domain_Aware_WACV_2025_paper.pdf,
55,Dataset,Prior2Posterior: Model Prior Correction for Long-Tailed Learning,"S Divakar Bhat, Amit More, Mudit Soni, Surbhi Agrawal",Main,https://openaccess.thecvf.com/content/WACV2025/html/Bhat_Prior2Posterior_Model_Prior_Correction_for_Long-Tailed_Learning_WACV_2025_paper.html,https://openaccess.thecvf.com/content/WACV2025/papers/Bhat_Prior2Posterior_Model_Prior_Correction_for_Long-Tailed_Learning_WACV_2025_paper.pdf,http://arxiv.org/abs/2412.16540
56,Dataset,Learning Unified Distance Metric Across Diverse Data Distributions with Parameter-Efficient Transfer Learning,"Sungyeon Kim, Donghyun Kim, Suha Kwak",Main,https://openaccess.thecvf.com/content/WACV2025/html/Kim_Learning_Unified_Distance_Metric_Across_Diverse_Data_Distributions_with_Parameter-Efficient_WACV_2025_paper.html,https://openaccess.thecvf.com/content/WACV2025/papers/Kim_Learning_Unified_Distance_Metric_Across_Diverse_Data_Distributions_with_Parameter-Efficient_WACV_2025_paper.pdf,http://arxiv.org/abs/2309.08944
57,Dataset,Class-Agnostic Visio-Temporal Scene Sketch Semantic Segmentation,"Aleyna Kütük, Tevfik Metin Sezgin",Main,https://openaccess.thecvf.com/content/WACV2025/html/Kutuk_Class-Agnostic_Visio-Temporal_Scene_Sketch_Semantic_Segmentation_WACV_2025_paper.html,https://openaccess.thecvf.com/content/WACV2025/papers/Kutuk_Class-Agnostic_Visio-Temporal_Scene_Sketch_Semantic_Segmentation_WACV_2025_paper.pdf,
58,Dataset,Style-Pro: Style-Guided Prompt Learning for Generalizable Vision-Language Models,"Niloufar Alipour Talemi, Hossein Kashiani, Fatemeh Afghah",Main,https://openaccess.thecvf.com/content/WACV2025/html/Talemi_Style-Pro_Style-Guided_Prompt_Learning_for_Generalizable_Vision-Language_Models_WACV_2025_paper.html,https://openaccess.thecvf.com/content/WACV2025/papers/Talemi_Style-Pro_Style-Guided_Prompt_Learning_for_Generalizable_Vision-Language_Models_WACV_2025_paper.pdf,
59,Dataset,Exo2EgoDVC: Dense Video Captioning of Egocentric Procedural Activities using Web Instructional Videos,"Takehiko Ohkawa, Takuma Yagi, Taichi Nishimura, Ryosuke Furuta, Atsushi Hashimoto, Yoshitaka Ushiku, Yoichi Sato",Main,https://openaccess.thecvf.com/content/WACV2025/html/Ohkawa_Exo2EgoDVC_Dense_Video_Captioning_of_Egocentric_Procedural_Activities_using_Web_WACV_2025_paper.html,https://openaccess.thecvf.com/content/WACV2025/papers/Ohkawa_Exo2EgoDVC_Dense_Video_Captioning_of_Egocentric_Procedural_Activities_using_Web_WACV_2025_paper.pdf,http://arxiv.org/abs/2311.16444
60,Dataset,CrackStructures and CrackEnsembles: The Power of Multi-View for 2.5D Crack Detection,"Christian Benz, Volker Rodehorst",Main,https://openaccess.thecvf.com/content/WACV2025/html/Benz_CrackStructures_and_CrackEnsembles_The_Power_of_Multi-View_for_2.5D_Crack_WACV_2025_paper.html,https://openaccess.thecvf.com/content/WACV2025/papers/Benz_CrackStructures_and_CrackEnsembles_The_Power_of_Multi-View_for_2.5D_Crack_WACV_2025_paper.pdf,
61,Dataset,GazeSearch: Radiology Findings Search Benchmark,"Trong Thang Pham, Tien-Phat Nguyen, Yuki Ikebe, Akash Awasthi, Zhigang Deng, Carol C. Wu, Hien Nguyen, Ngan Le",Main,https://openaccess.thecvf.com/content/WACV2025/html/Pham_GazeSearch_Radiology_Findings_Search_Benchmark_WACV_2025_paper.html,https://openaccess.thecvf.com/content/WACV2025/papers/Pham_GazeSearch_Radiology_Findings_Search_Benchmark_WACV_2025_paper.pdf,http://arxiv.org/abs/2411.05780
62,Dataset,Memory-Efficient Pseudo-Labeling for Online Source-Free Universal Domain Adaptation using a Gaussian Mixture Model,"Pascal Schlachter, Simon Wagner, Bin Yang",Main,https://openaccess.thecvf.com/content/WACV2025/html/Schlachter_Memory-Efficient_Pseudo-Labeling_for_Online_Source-Free_Universal_Domain_Adaptation_using_a_WACV_2025_paper.html,https://openaccess.thecvf.com/content/WACV2025/papers/Schlachter_Memory-Efficient_Pseudo-Labeling_for_Online_Source-Free_Universal_Domain_Adaptation_using_a_WACV_2025_paper.pdf,http://arxiv.org/abs/2407.14208
63,Dataset,DrIFT: Autonomous Drone Dataset with Integrated Real and Synthetic Data Flexible Views and Transformed Domains,"Fardad Dadboud, Hamid Azad, Varun Mehta, Miodrag Bolic, Iraj Mantegh",Main,https://openaccess.thecvf.com/content/WACV2025/html/Dadboud_DrIFT_Autonomous_Drone_Dataset_with_Integrated_Real_and_Synthetic_Data_WACV_2025_paper.html,https://openaccess.thecvf.com/content/WACV2025/papers/Dadboud_DrIFT_Autonomous_Drone_Dataset_with_Integrated_Real_and_Synthetic_Data_WACV_2025_paper.pdf,http://arxiv.org/abs/2412.04789
64,Dataset,PixSwap: High-Resolution Face Swapping for Effective Reflection of Identity via Pixel-Level Supervision with Synthetic Paired Dataset,"Taewoo Kim, Geonsu Lee, Hyukgi Lee, Seongtae Kim, Younggun Lee",Main,https://openaccess.thecvf.com/content/WACV2025/html/Kim_PixSwap_High-Resolution_Face_Swapping_for_Effective_Reflection_of_Identity_via_WACV_2025_paper.html,https://openaccess.thecvf.com/content/WACV2025/papers/Kim_PixSwap_High-Resolution_Face_Swapping_for_Effective_Reflection_of_Identity_via_WACV_2025_paper.pdf,
65,Dataset,VMAs: Video-to-Music Generation via Semantic Alignment in Web Music Videos,"Yan-Bo Lin, Yu Tian, Linjie Yang, Gedas Bertasius, Heng Wang",Main,https://openaccess.thecvf.com/content/WACV2025/html/Lin_VMAs_Video-to-Music_Generation_via_Semantic_Alignment_in_Web_Music_Videos_WACV_2025_paper.html,https://openaccess.thecvf.com/content/WACV2025/papers/Lin_VMAs_Video-to-Music_Generation_via_Semantic_Alignment_in_Web_Music_Videos_WACV_2025_paper.pdf,http://arxiv.org/abs/2409.07450
66,Dataset,ALPI: Auto-Labeller with Proxy Injection for 3D Object Detection using 2D Labels Only,"Saad Lahlali, Nicolas Granger, Herve Le Borgne, Quoc-Cuong Pham",Main,https://openaccess.thecvf.com/content/WACV2025/html/Lahlali_ALPI_Auto-Labeller_with_Proxy_Injection_for_3D_Object_Detection_using_WACV_2025_paper.html,https://openaccess.thecvf.com/content/WACV2025/papers/Lahlali_ALPI_Auto-Labeller_with_Proxy_Injection_for_3D_Object_Detection_using_WACV_2025_paper.pdf,http://arxiv.org/abs/2407.17197
67,Dataset,Leveraging Vision Language Models for Specialized Agricultural Tasks,"Muhammad Arbab Arshad, Talukder Zaki Jubery, Tirtho Roy, Rim Nassiri, Asheesh K. Singh, Arti Singh, Chinmay Hegde, Baskar Ganapathysubramanian, Aditya Balu, Adarsh Krishnamurthy, Soumik Sarkar",Main,https://openaccess.thecvf.com/content/WACV2025/html/Arshad_Leveraging_Vision_Language_Models_for_Specialized_Agricultural_Tasks_WACV_2025_paper.html,https://openaccess.thecvf.com/content/WACV2025/papers/Arshad_Leveraging_Vision_Language_Models_for_Specialized_Agricultural_Tasks_WACV_2025_paper.pdf,
68,Dataset,VideoGameBunny: Towards Vision Assistants for Video Games,"Mohammad Reza Taesiri, Cor-Paul Bezemer",Main,https://openaccess.thecvf.com/content/WACV2025/html/Taesiri_VideoGameBunny_Towards_Vision_Assistants_for_Video_Games_WACV_2025_paper.html,https://openaccess.thecvf.com/content/WACV2025/papers/Taesiri_VideoGameBunny_Towards_Vision_Assistants_for_Video_Games_WACV_2025_paper.pdf,http://arxiv.org/abs/2407.15295
69,Dataset,Flowering Time Prediction of Wheat from DIA-MS Data,"Yan Yang, Utpal Bose, James Broadbent, Sally Stockwell, Keren A Byrne, Md Zakir Hossain, Eric A Stone, Shannon Dillon",Main,https://openaccess.thecvf.com/content/WACV2025/html/Yang_Flowering_Time_Prediction_of_Wheat_from_DIA-MS_Data_WACV_2025_paper.html,https://openaccess.thecvf.com/content/WACV2025/papers/Yang_Flowering_Time_Prediction_of_Wheat_from_DIA-MS_Data_WACV_2025_paper.pdf,
70,Dataset,A New Benchmark and Baseline for Real-Time High-Resolution Image Inpainting on Edge Devices,"Marcelo Sánchez Ortega, Gil Triginer Garces, Coloma Ballester, Ignacio Sarasua, Lara Raad",Main,https://openaccess.thecvf.com/content/WACV2025/html/Ortega_A_New_Benchmark_and_Baseline_for_Real-Time_High-Resolution_Image_Inpainting_WACV_2025_paper.html,https://openaccess.thecvf.com/content/WACV2025/papers/Ortega_A_New_Benchmark_and_Baseline_for_Real-Time_High-Resolution_Image_Inpainting_WACV_2025_paper.pdf,
71,Dataset,LLaVA-SpaceSGG: Visual Instruct Tuning for Open-Vocabulary Scene Graph Generation with Enhanced Spatial Relations,"Mingjie Xu, Mengyang Wu, Yuzhi Zhao, Jason Chun Lok Li, Weifeng Ou",Main,https://openaccess.thecvf.com/content/WACV2025/html/Xu_LLaVA-SpaceSGG_Visual_Instruct_Tuning_for_Open-Vocabulary_Scene_Graph_Generation_with_WACV_2025_paper.html,https://openaccess.thecvf.com/content/WACV2025/papers/Xu_LLaVA-SpaceSGG_Visual_Instruct_Tuning_for_Open-Vocabulary_Scene_Graph_Generation_with_WACV_2025_paper.pdf,
72,Dataset,Make VLM Recognize Visual Hallucination on Cartoon Character Image with Pose Information,"Bumsoo Kim, Wonseop Shin, Kyuchul Lee, Yonghoon Jung, Sanghyun Seo",Main,https://openaccess.thecvf.com/content/WACV2025/html/Kim_Make_VLM_Recognize_Visual_Hallucination_on_Cartoon_Character_Image_with_WACV_2025_paper.html,https://openaccess.thecvf.com/content/WACV2025/papers/Kim_Make_VLM_Recognize_Visual_Hallucination_on_Cartoon_Character_Image_with_WACV_2025_paper.pdf,http://arxiv.org/abs/2403.15048
73,Dataset,Endoscopic Scoring and Localization in Unconstrained Clinical Trial Videos,"Jinlin Xiang, Hillol Sarker, Bozhao Qi, Ruisu Zhang, Roger Trullo, Salvatore Badalamenti, Maria Wiekowski, Annie Kruger, Etienne Pochet, Qi Tang, Wei Zhao",Main,https://openaccess.thecvf.com/content/WACV2025/html/Xiang_Endoscopic_Scoring_and_Localization_in_Unconstrained_Clinical_Trial_Videos_WACV_2025_paper.html,https://openaccess.thecvf.com/content/WACV2025/papers/Xiang_Endoscopic_Scoring_and_Localization_in_Unconstrained_Clinical_Trial_Videos_WACV_2025_paper.pdf,
74,Dataset,BeautyBank: Encoding Facial Makeup in Latent Space,"Qianwen Lu, Xingchao Yang, Takafumi Taketomi",Main,https://openaccess.thecvf.com/content/WACV2025/html/Lu_BeautyBank_Encoding_Facial_Makeup_in_Latent_Space_WACV_2025_paper.html,https://openaccess.thecvf.com/content/WACV2025/papers/Lu_BeautyBank_Encoding_Facial_Makeup_in_Latent_Space_WACV_2025_paper.pdf,http://arxiv.org/abs/2411.11231
75,Dataset,PV-VTT: A Privacy-Centric Dataset for Mission-Specific Anomaly Detection and Natural Language Interpretation,"Ryozo Masukawa, Sanggeon Yun, Yoshiki Yamaguchi, Mohsen Imani",Main,https://openaccess.thecvf.com/content/WACV2025/html/Masukawa_PV-VTT_A_Privacy-Centric_Dataset_for_Mission-Specific_Anomaly_Detection_and_Natural_WACV_2025_paper.html,https://openaccess.thecvf.com/content/WACV2025/papers/Masukawa_PV-VTT_A_Privacy-Centric_Dataset_for_Mission-Specific_Anomaly_Detection_and_Natural_WACV_2025_paper.pdf,
76,Dataset,@BENCH: Benchmarking Vision-Language Models for Human-Centered Assistive Technology,"Xin Jiang, Junwei Zheng, Ruiping Liu, Jiahang Li, Jiaming Zhang, Sven Matthiesen, Rainer Stiefelhagen",Main,https://openaccess.thecvf.com/content/WACV2025/html/Jiang_BENCH_Benchmarking_Vision-Language_Models_for_Human-Centered_Assistive_Technology_WACV_2025_paper.html,https://openaccess.thecvf.com/content/WACV2025/papers/Jiang_BENCH_Benchmarking_Vision-Language_Models_for_Human-Centered_Assistive_Technology_WACV_2025_paper.pdf,http://arxiv.org/abs/2409.14215
77,Dataset,VioPose: Violin Performance 4D Pose Estimation by Hierarchical Audiovisual Inference,"Seong Jong Yoo, Snehesh Shrestha, Irina Muresanu, Cornelia Fermuller",Main,https://openaccess.thecvf.com/content/WACV2025/html/Yoo_VioPose_Violin_Performance_4D_Pose_Estimation_by_Hierarchical_Audiovisual_Inference_WACV_2025_paper.html,https://openaccess.thecvf.com/content/WACV2025/papers/Yoo_VioPose_Violin_Performance_4D_Pose_Estimation_by_Hierarchical_Audiovisual_Inference_WACV_2025_paper.pdf,http://arxiv.org/abs/2411.13607
78,Dataset,Refining Text-to-Image Generation: Towards Accurate Training-Free Glyph-Enhanced Image Generation,"Sanyam Lakhanpal, Shivang Chopra, Vinija Jain, Aman Chadha, Man Luo",Main,https://openaccess.thecvf.com/content/WACV2025/html/Lakhanpal_Refining_Text-to-Image_Generation_Towards_Accurate_Training-Free_Glyph-Enhanced_Image_Generation_WACV_2025_paper.html,https://openaccess.thecvf.com/content/WACV2025/papers/Lakhanpal_Refining_Text-to-Image_Generation_Towards_Accurate_Training-Free_Glyph-Enhanced_Image_Generation_WACV_2025_paper.pdf,http://arxiv.org/abs/2403.16422
79,Dataset,High-Fidelity Document Stain Removal via A Large-Scale Real-World Dataset and A Memory-Augmented Transformer,"Mingxian Li, Hao Sun, Yingtie Lei, Xiaofeng Zhang, Yihang Dong, Yilin Zhou, Zimeng Li, Xuhang Chen",Main,https://openaccess.thecvf.com/content/WACV2025/html/Li_High-Fidelity_Document_Stain_Removal_via_A_Large-Scale_Real-World_Dataset_and_WACV_2025_paper.html,https://openaccess.thecvf.com/content/WACV2025/papers/Li_High-Fidelity_Document_Stain_Removal_via_A_Large-Scale_Real-World_Dataset_and_WACV_2025_paper.pdf,http://arxiv.org/abs/2410.22922
80,Dataset,A Pipeline and NIR-Enhanced Dataset for Parking Lot Segmentation,"Shirin Qiam, Saipraneeth Devunuri, Lewis J. Lehe",Main,https://openaccess.thecvf.com/content/WACV2025/html/Qiam_A_Pipeline_and_NIR-Enhanced_Dataset_for_Parking_Lot_Segmentation_WACV_2025_paper.html,https://openaccess.thecvf.com/content/WACV2025/papers/Qiam_A_Pipeline_and_NIR-Enhanced_Dataset_for_Parking_Lot_Segmentation_WACV_2025_paper.pdf,http://arxiv.org/abs/2412.13179
81,Dataset,SynDRA: Synthetic Dataset for Railway Applications,"Gianluca D'Amico, Federico Nesti, Giulio Rossolini, Mauro Marinoni, Salvatore Sabina, Giorgio Buttazzo",Main,https://openaccess.thecvf.com/content/WACV2025/html/DAmico_SynDRA_Synthetic_Dataset_for_Railway_Applications_WACV_2025_paper.html,https://openaccess.thecvf.com/content/WACV2025/papers/DAmico_SynDRA_Synthetic_Dataset_for_Railway_Applications_WACV_2025_paper.pdf,
82,Dataset,ZAHA: Introducing the Level of Facade Generalization and the Large-Scale Point Cloud Facade Semantic Segmentation Benchmark Dataset,"Olaf Wysocki, Yue Tan, Thomas Froech, Yan Xia, Magdalena Wysocki, Ludwig Hoegner, Daniel Cremers, Christoph Holst",Main,https://openaccess.thecvf.com/content/WACV2025/html/Wysocki_ZAHA_Introducing_the_Level_of_Facade_Generalization_and_the_Large-Scale_WACV_2025_paper.html,https://openaccess.thecvf.com/content/WACV2025/papers/Wysocki_ZAHA_Introducing_the_Level_of_Facade_Generalization_and_the_Large-Scale_WACV_2025_paper.pdf,http://arxiv.org/abs/2411.04865
83,Dataset,SynDroneVision: A Synthetic Dataset for Image-Based Drone Detection,"Tamara R. Lenhard, Andreas Weinmann, Kai Franke, Tobias Koch",Main,https://openaccess.thecvf.com/content/WACV2025/html/Lenhard_SynDroneVision_A_Synthetic_Dataset_for_Image-Based_Drone_Detection_WACV_2025_paper.html,https://openaccess.thecvf.com/content/WACV2025/papers/Lenhard_SynDroneVision_A_Synthetic_Dataset_for_Image-Based_Drone_Detection_WACV_2025_paper.pdf,http://arxiv.org/abs/2411.05633
84,Dataset,Comparative Evaluation of 3D Reconstruction Methods for Object Pose Estimation,"Varun Burde, Assia Benbihi, Pavel Burget, Torsten Sattler",Main,https://openaccess.thecvf.com/content/WACV2025/html/Burde_Comparative_Evaluation_of_3D_Reconstruction_Methods_for_Object_Pose_Estimation_WACV_2025_paper.html,https://openaccess.thecvf.com/content/WACV2025/papers/Burde_Comparative_Evaluation_of_3D_Reconstruction_Methods_for_Object_Pose_Estimation_WACV_2025_paper.pdf,http://arxiv.org/abs/2408.08234
85,Dataset,Re-Identifying People in Video via Learned Temporal Attention and Multi-Modal Foundation Models,"Cole Hill, Florence Yellin, Krishna Regmi, Dawei Du, Scott McCloskey",Main,https://openaccess.thecvf.com/content/WACV2025/html/Hill_Re-Identifying_People_in_Video_via_Learned_Temporal_Attention_and_Multi-Modal_WACV_2025_paper.html,https://openaccess.thecvf.com/content/WACV2025/papers/Hill_Re-Identifying_People_in_Video_via_Learned_Temporal_Attention_and_Multi-Modal_WACV_2025_paper.pdf,
86,Dataset,SALVE: A 3D Reconstruction Benchmark of Wounds from Consumer-Grade Videos,"Remi Chierchia, Leo Lebrat, David Ahmedt-Aristizabal, Olivier Salvado, Clinton Fookes, Rodrigo Santa Cruz",Main,https://openaccess.thecvf.com/content/WACV2025/html/Chierchia_SALVE_A_3D_Reconstruction_Benchmark_of_Wounds_from_Consumer-Grade_Videos_WACV_2025_paper.html,https://openaccess.thecvf.com/content/WACV2025/papers/Chierchia_SALVE_A_3D_Reconstruction_Benchmark_of_Wounds_from_Consumer-Grade_Videos_WACV_2025_paper.pdf,http://arxiv.org/abs/2407.19652
87,Dataset,CLIPping Imbalances: A Novel Evaluation Baseline and PEARL Dataset for Pedestrian Attribute Recognition,"Kamalakar Vijay, Lalit Lohani, Kamakshya Prasad Nayak, Debi Prosad Dogra, Heeseung Choi, Hyungjoo Jung, Ig-Jae Kim",Main,https://openaccess.thecvf.com/content/WACV2025/html/Vijay_CLIPping_Imbalances_A_Novel_Evaluation_Baseline_and_PEARL_Dataset_for_WACV_2025_paper.html,https://openaccess.thecvf.com/content/WACV2025/papers/Vijay_CLIPping_Imbalances_A_Novel_Evaluation_Baseline_and_PEARL_Dataset_for_WACV_2025_paper.pdf,
88,Dataset,Text-to-Image Synthesis for Domain Generalization in Face Anti-Spoofing,"Naeun Ko, Yonghyun Jeong, Jong Chul Ye",Main,https://openaccess.thecvf.com/content/WACV2025/html/Ko_Text-to-Image_Synthesis_for_Domain_Generalization_in_Face_Anti-Spoofing_WACV_2025_paper.html,https://openaccess.thecvf.com/content/WACV2025/papers/Ko_Text-to-Image_Synthesis_for_Domain_Generalization_in_Face_Anti-Spoofing_WACV_2025_paper.pdf,
89,Dataset,Mind the Prompt: A Novel Benchmark for Prompt-Based Class-Agnostic Counting,"Luca Ciampi, Nicola Messina, Matteo Pierucci, Giuseppe Amato, Marco Avvenuti, Fabrizio Falchi",Main,https://openaccess.thecvf.com/content/WACV2025/html/Ciampi_Mind_the_Prompt_A_Novel_Benchmark_for_Prompt-Based_Class-Agnostic_Counting_WACV_2025_paper.html,https://openaccess.thecvf.com/content/WACV2025/papers/Ciampi_Mind_the_Prompt_A_Novel_Benchmark_for_Prompt-Based_Class-Agnostic_Counting_WACV_2025_paper.pdf,http://arxiv.org/abs/2409.15953
90,Dataset,When Cars Meet Drones: Hyperbolic Federated Learning for Source-Free Domain Adaptation in Adverse Weather,"Giulia Rizzoli, Matteo Caligiuri, Donald Shenaj, Francesco Barbato, Pietro Zanuttigh",Main,https://openaccess.thecvf.com/content/WACV2025/html/Rizzoli_When_Cars_Meet_Drones_Hyperbolic_Federated_Learning_for_Source-Free_Domain_WACV_2025_paper.html,https://openaccess.thecvf.com/content/WACV2025/papers/Rizzoli_When_Cars_Meet_Drones_Hyperbolic_Federated_Learning_for_Source-Free_Domain_WACV_2025_paper.pdf,http://arxiv.org/abs/2403.13762
91,Dataset,I3D-AE-LSTM: A 2-Stream Autoencoder for Action Quality Assessment using a Newly Created Cricket Batsman Video Dataset,"Tevin Moodley, Dustin Terence van der Haar",Main,https://openaccess.thecvf.com/content/WACV2025/html/Moodley_I3D-AE-LSTM_A_2-Stream_Autoencoder_for_Action_Quality_Assessment_using_a_WACV_2025_paper.html,https://openaccess.thecvf.com/content/WACV2025/papers/Moodley_I3D-AE-LSTM_A_2-Stream_Autoencoder_for_Action_Quality_Assessment_using_a_WACV_2025_paper.pdf,
92,Dataset,Multi-Level Feature Distillation of Joint Teachers Trained on Distinct Image Datasets,"Adrian Iordache, Bogdan Alexe, Radu Tudor Ionescu",Main,https://openaccess.thecvf.com/content/WACV2025/html/Iordache_Multi-Level_Feature_Distillation_of_Joint_Teachers_Trained_on_Distinct_Image_WACV_2025_paper.html,https://openaccess.thecvf.com/content/WACV2025/papers/Iordache_Multi-Level_Feature_Distillation_of_Joint_Teachers_Trained_on_Distinct_Image_WACV_2025_paper.pdf,http://arxiv.org/abs/2410.22184
93,Dataset,Learning Multiple Object States from Actions via Large Language Models,"Masatoshi Tateno, Takuma Yagi, Ryosuke Furuta, Yoichi Sato",Main,https://openaccess.thecvf.com/content/WACV2025/html/Tateno_Learning_Multiple_Object_States_from_Actions_via_Large_Language_Models_WACV_2025_paper.html,https://openaccess.thecvf.com/content/WACV2025/papers/Tateno_Learning_Multiple_Object_States_from_Actions_via_Large_Language_Models_WACV_2025_paper.pdf,http://arxiv.org/abs/2405.01090
94,Dataset,Exploiting VLM Localizability and Semantics for Open Vocabulary Action Detection,"Wentao Bao, Kai Li, Yuxiao Chen, Deep A Patel, Martin Renqiang Min, Yu Kong",Main,https://openaccess.thecvf.com/content/WACV2025/html/Bao_Exploiting_VLM_Localizability_and_Semantics_for_Open_Vocabulary_Action_Detection_WACV_2025_paper.html,https://openaccess.thecvf.com/content/WACV2025/papers/Bao_Exploiting_VLM_Localizability_and_Semantics_for_Open_Vocabulary_Action_Detection_WACV_2025_paper.pdf,http://arxiv.org/abs/2411.10922
95,Dataset,Context-Aware Optimal Transport Learning for Retinal Fundus Image Enhancement,"Vamsi Krishna S Vasa, Peijie Qiu, Wenhui Zhu, Yujian Xiong, Oana Dumitrascu, Yalin Wang",Main,https://openaccess.thecvf.com/content/WACV2025/html/Vasa_Context-Aware_Optimal_Transport_Learning_for_Retinal_Fundus_Image_Enhancement_WACV_2025_paper.html,https://openaccess.thecvf.com/content/WACV2025/papers/Vasa_Context-Aware_Optimal_Transport_Learning_for_Retinal_Fundus_Image_Enhancement_WACV_2025_paper.pdf,http://arxiv.org/abs/2409.07862
96,Dataset,Guess Future Anomalies from Normalcy: Forecasting Abnormal Behavior in Real-World Videos,"Snehashis Majhi, Mohammed Guermal, Antitza Dantcheva, Quan Kong, Lorenzo Garattoni, Gianpiero Francesca, François Brémond",Main,https://openaccess.thecvf.com/content/WACV2025/html/Majhi_Guess_Future_Anomalies_from_Normalcy_Forecasting_Abnormal_Behavior_in_Real-World_WACV_2025_paper.html,https://openaccess.thecvf.com/content/WACV2025/papers/Majhi_Guess_Future_Anomalies_from_Normalcy_Forecasting_Abnormal_Behavior_in_Real-World_WACV_2025_paper.pdf,
97,Dataset,VG-SSL: Benchmarking Self-Supervised Representation Learning Approaches for Visual Geo-Localization,"Jiuhong Xiao, Gao Zhu, Giuseppe Loianno",Main,https://openaccess.thecvf.com/content/WACV2025/html/Xiao_VG-SSL_Benchmarking_Self-Supervised_Representation_Learning_Approaches_for_Visual_Geo-Localization_WACV_2025_paper.html,https://openaccess.thecvf.com/content/WACV2025/papers/Xiao_VG-SSL_Benchmarking_Self-Supervised_Representation_Learning_Approaches_for_Visual_Geo-Localization_WACV_2025_paper.pdf,
98,Dataset,Multi-Label Continual Learning for the Medical Domain: A Novel Benchmark,"Marina Ceccon, Davide Dalle Pezze, Alessandro Fabris, Gian Antonio Susto",Main,https://openaccess.thecvf.com/content/WACV2025/html/Ceccon_Multi-Label_Continual_Learning_for_the_Medical_Domain_A_Novel_Benchmark_WACV_2025_paper.html,https://openaccess.thecvf.com/content/WACV2025/papers/Ceccon_Multi-Label_Continual_Learning_for_the_Medical_Domain_A_Novel_Benchmark_WACV_2025_paper.pdf,http://arxiv.org/abs/2404.06859
99,Dataset,CACE: Sim-to-Real Indoor 3D Semantic Segmentation via Context-Aware Augmentation and Consistency Enforcement,"Tsung-Yu Chen, Luyu Yang, Tzu-Yu Chuang, Shang-Hong Lai",Main,https://openaccess.thecvf.com/content/WACV2025/html/Chen_CACE_Sim-to-Real_Indoor_3D_Semantic_Segmentation_via_Context-Aware_Augmentation_and_WACV_2025_paper.html,https://openaccess.thecvf.com/content/WACV2025/papers/Chen_CACE_Sim-to-Real_Indoor_3D_Semantic_Segmentation_via_Context-Aware_Augmentation_and_WACV_2025_paper.pdf,
100,Dataset,A Video is Worth 10000 Words: Training and Benchmarking with Diverse Captions for Better Long Video Retrieval,"Matthew Gwilliam, Michael Cogswell, Meng Ye, Karan Sikka, Abhinav Shrivastava, Ajay Divakaran",Main,https://openaccess.thecvf.com/content/WACV2025/html/Gwilliam_A_Video_is_Worth_10000_Words_Training_and_Benchmarking_with_WACV_2025_paper.html,https://openaccess.thecvf.com/content/WACV2025/papers/Gwilliam_A_Video_is_Worth_10000_Words_Training_and_Benchmarking_with_WACV_2025_paper.pdf,
101,Dataset,WeedsGalore: A Multispectral and Multitemporal UAV-Based Dataset for Crop and Weed Segmentation in Agricultural Maize Fields,"Ekin Celikkan, Timo Kunzmann, Yertay Yeskaliyev, Sibylle Itzerott, Nadja Klein, Martin Herold",Main,https://openaccess.thecvf.com/content/WACV2025/html/Celikkan_WeedsGalore_A_Multispectral_and_Multitemporal_UAV-Based_Dataset_for_Crop_and_WACV_2025_paper.html,https://openaccess.thecvf.com/content/WACV2025/papers/Celikkan_WeedsGalore_A_Multispectral_and_Multitemporal_UAV-Based_Dataset_for_Crop_and_WACV_2025_paper.pdf,http://arxiv.org/abs/2502.13103
102,Dataset,CL-Cross VQA: A Continual Learning Benchmark for Cross-Domain Visual Question Answering,"Yao Zhang, Haokun Chen, Ahmed Frikha, Denis Krompass, Gengyuan Zhang, Jindong Gu, Volker Tresp",Main,https://openaccess.thecvf.com/content/WACV2025/html/Zhang_CL-Cross_VQA_A_Continual_Learning_Benchmark_for_Cross-Domain_Visual_Question_WACV_2025_paper.html,https://openaccess.thecvf.com/content/WACV2025/papers/Zhang_CL-Cross_VQA_A_Continual_Learning_Benchmark_for_Cross-Domain_Visual_Question_WACV_2025_paper.pdf,
103,Dataset,EgoPoints: Advancing Point Tracking for Egocentric Videos,"Ahmad Darkhalil, Rhodri Guerrier, Adam W. Harley, Dima Damen",Main,https://openaccess.thecvf.com/content/WACV2025/html/Darkhalil_EgoPoints_Advancing_Point_Tracking_for_Egocentric_Videos_WACV_2025_paper.html,https://openaccess.thecvf.com/content/WACV2025/papers/Darkhalil_EgoPoints_Advancing_Point_Tracking_for_Egocentric_Videos_WACV_2025_paper.pdf,http://arxiv.org/abs/2412.04592
104,Dataset,AdQuestA: Knowledge-Guided Visual Question Answer Framework for Advertisements,"Neha Choudhary, Poonam Goyal, Devashish Siwatch, Atharva Chandak, Harsh Mahajan, Varun Khurana, Yaman Kumar",Main,https://openaccess.thecvf.com/content/WACV2025/html/Choudhary_AdQuestA_Knowledge-Guided_Visual_Question_Answer_Framework_for_Advertisements_WACV_2025_paper.html,https://openaccess.thecvf.com/content/WACV2025/papers/Choudhary_AdQuestA_Knowledge-Guided_Visual_Question_Answer_Framework_for_Advertisements_WACV_2025_paper.pdf,
105,Dataset,RGB-D Video Mirror Detection,"Mingchen Xu, Peter Herbert, Yu-Kun Lai, Ze Ji, Jing Wu",Main,https://openaccess.thecvf.com/content/WACV2025/html/Xu_RGB-D_Video_Mirror_Detection_WACV_2025_paper.html,https://openaccess.thecvf.com/content/WACV2025/papers/Xu_RGB-D_Video_Mirror_Detection_WACV_2025_paper.pdf,
106,Dataset,Reframing Image Difference Captioning with BLIP2IDC and Synthetic Augmentation,"Gautier Evennou, Antoine Chaffin, Vivien Chappelier, Ewa Kijak",Main,https://openaccess.thecvf.com/content/WACV2025/html/Evennou_Reframing_Image_Difference_Captioning_with_BLIP2IDC_and_Synthetic_Augmentation_WACV_2025_paper.html,https://openaccess.thecvf.com/content/WACV2025/papers/Evennou_Reframing_Image_Difference_Captioning_with_BLIP2IDC_and_Synthetic_Augmentation_WACV_2025_paper.pdf,http://arxiv.org/abs/2412.15939
107,Dataset,EfficientMorph: Parameter-Efficient Transformer-Based Architecture for 3D Image Registration,"Abu Zahid Bin Aziz, Mokshagna Sai Teja Karanam, Tushar Kataria, Shireen Y. Elhabian",Main,https://openaccess.thecvf.com/content/WACV2025/html/Bin_Aziz_EfficientMorph_Parameter-Efficient_Transformer-Based_Architecture_for_3D_Image_Registration_WACV_2025_paper.html,https://openaccess.thecvf.com/content/WACV2025/papers/Bin_Aziz_EfficientMorph_Parameter-Efficient_Transformer-Based_Architecture_for_3D_Image_Registration_WACV_2025_paper.pdf,http://arxiv.org/abs/2403.11026
108,Dataset,MIP-GAF: A MLLM-Annotated Benchmark for Most Important Person Localization and Group Context Understanding,"S. Madan, S. Ghosh, L. R. Sookha, M.A. Ganaie, R. Subramanian, A. Dhall, T. Gedeon",Main,https://openaccess.thecvf.com/content/WACV2025/html/Madan_MIP-GAF_A_MLLM-Annotated_Benchmark_for_Most_Important_Person_Localization_and_WACV_2025_paper.html,https://openaccess.thecvf.com/content/WACV2025/papers/Madan_MIP-GAF_A_MLLM-Annotated_Benchmark_for_Most_Important_Person_Localization_and_WACV_2025_paper.pdf,
109,Dataset,BIV-Priv-Seg: Locating Private Content in Images Taken by People with Visual Impairments,"Yu-Yun Tseng, Tanusree Sharma, Lotus Zhang, Abigale Stangl, Leah Findlater, Yang Wang, Danna Gurari",Main,https://openaccess.thecvf.com/content/WACV2025/html/Tseng_BIV-Priv-Seg_Locating_Private_Content_in_Images_Taken_by_People_with_WACV_2025_paper.html,https://openaccess.thecvf.com/content/WACV2025/papers/Tseng_BIV-Priv-Seg_Locating_Private_Content_in_Images_Taken_by_People_with_WACV_2025_paper.pdf,
110,Dataset,SEED4D: A Synthetic Ego-Exo Dynamic 4D Data Generator Driving Dataset and Benchmark,"Marius Kästingschäfer, Théo Gieruc, Sebastian Bernhard, Dylan Campbell, Eldar Insafutdinov, Eyvaz Najafli, Thomas Brox",Main,https://openaccess.thecvf.com/content/WACV2025/html/Kastingschafer_SEED4D_A_Synthetic_Ego-Exo_Dynamic_4D_Data_Generator_Driving_Dataset_WACV_2025_paper.html,https://openaccess.thecvf.com/content/WACV2025/papers/Kastingschafer_SEED4D_A_Synthetic_Ego-Exo_Dynamic_4D_Data_Generator_Driving_Dataset_WACV_2025_paper.pdf,
111,Dataset,The FineView Dataset:A 3D Scanned Multi-View Object Dataset of Fine-Grained Category Instances,"Suguru Onda, Ryan Farrell",Main,https://openaccess.thecvf.com/content/WACV2025/html/Onda_The_FineView_DatasetA_3D_Scanned_Multi-View_Object_Dataset_of_Fine-Grained_WACV_2025_paper.html,https://openaccess.thecvf.com/content/WACV2025/papers/Onda_The_FineView_DatasetA_3D_Scanned_Multi-View_Object_Dataset_of_Fine-Grained_WACV_2025_paper.pdf,
112,Dataset,RefVSR++: Exploiting Reference Inputs for Reference-Based Video Super-Resolution,"Han Zou, Masanori Suganuma, Takayuki Okatani",Main,https://openaccess.thecvf.com/content/WACV2025/html/Zou_RefVSR_Exploiting_Reference_Inputs_for_Reference-Based_Video_Super-Resolution_WACV_2025_paper.html,https://openaccess.thecvf.com/content/WACV2025/papers/Zou_RefVSR_Exploiting_Reference_Inputs_for_Reference-Based_Video_Super-Resolution_WACV_2025_paper.pdf,
113,Dataset,MLLM-Tool: A Multimodal Large Language Model for Tool Agent Learning,"Chenyu Wang, Weixin Luo, Sixun Dong, Xiaohua Xuan, Zhengxin Li, Lin Ma, Shenghua Gao",Main,https://openaccess.thecvf.com/content/WACV2025/html/Wang_MLLM-Tool_A_Multimodal_Large_Language_Model_for_Tool_Agent_Learning_WACV_2025_paper.html,https://openaccess.thecvf.com/content/WACV2025/papers/Wang_MLLM-Tool_A_Multimodal_Large_Language_Model_for_Tool_Agent_Learning_WACV_2025_paper.pdf,
114,Dataset,Skyeyes: Ground Roaming using Aerial View Images,"Zhiyuan Gao, Wenbin Teng, Gonglin Chen, Jinsen Wu, Ningli Xu, Rongjun Qin, Andrew Feng, Yajie Zhao",Main,https://openaccess.thecvf.com/content/WACV2025/html/Gao_Skyeyes_Ground_Roaming_using_Aerial_View_Images_WACV_2025_paper.html,https://openaccess.thecvf.com/content/WACV2025/papers/Gao_Skyeyes_Ground_Roaming_using_Aerial_View_Images_WACV_2025_paper.pdf,http://arxiv.org/abs/2409.16685
115,Dataset,Closing the Domain Gap in Manga Colorization via Aligned Paired Dataset,"Maksim Golyadkin, Ianis Plevokas, Ilya Makarov",Main,https://openaccess.thecvf.com/content/WACV2025/html/Golyadkin_Closing_the_Domain_Gap_in_Manga_Colorization_via_Aligned_Paired_WACV_2025_paper.html,https://openaccess.thecvf.com/content/WACV2025/papers/Golyadkin_Closing_the_Domain_Gap_in_Manga_Colorization_via_Aligned_Paired_WACV_2025_paper.pdf,
116,Dataset,Benchmarking VLMs' Reasoning About Persuasive Atypical Images,"Sina Malakouti, Aysan Aghazadeh, Ashmit Khandelwal, Adriana Kovashka",Main,https://openaccess.thecvf.com/content/WACV2025/html/Malakouti_Benchmarking_VLMs_Reasoning_About_Persuasive_Atypical_Images_WACV_2025_paper.html,https://openaccess.thecvf.com/content/WACV2025/papers/Malakouti_Benchmarking_VLMs_Reasoning_About_Persuasive_Atypical_Images_WACV_2025_paper.pdf,http://arxiv.org/abs/2409.10719
117,Dataset,TimberVision: A Multi-Task Dataset and Framework for Log-Component Segmentation and Tracking in Autonomous Forestry Operations,"Daniel Steininger, Julia Simon, Andreas Trondl, Markus Murschitz",Main,https://openaccess.thecvf.com/content/WACV2025/html/Steininger_TimberVision_A_Multi-Task_Dataset_and_Framework_for_Log-Component_Segmentation_and_WACV_2025_paper.html,https://openaccess.thecvf.com/content/WACV2025/papers/Steininger_TimberVision_A_Multi-Task_Dataset_and_Framework_for_Log-Component_Segmentation_and_WACV_2025_paper.pdf,http://arxiv.org/abs/2501.07360
118,Dataset,PoolAtnRes: Towards Generalisable Differential Morphing Attack Detection,"Raghavendra Ramachandra, Sushma Krupa Venkatesh, Guoqiang Li",Main,https://openaccess.thecvf.com/content/WACV2025/html/Ramachandra_PoolAtnRes_Towards_Generalisable_Differential_Morphing_Attack_Detection_WACV_2025_paper.html,https://openaccess.thecvf.com/content/WACV2025/papers/Ramachandra_PoolAtnRes_Towards_Generalisable_Differential_Morphing_Attack_Detection_WACV_2025_paper.pdf,
119,Dataset,A Generic Vehicle-to-Sensor Calibration Framework,"Sumin Hu, Youngmin Yoo, Jeeseong Kim, Changsoo Lim, Doohyun Cho, Bongnam Kang",Main,https://openaccess.thecvf.com/content/WACV2025/html/Hu_A_Generic_Vehicle-to-Sensor_Calibration_Framework_WACV_2025_paper.html,https://openaccess.thecvf.com/content/WACV2025/papers/Hu_A_Generic_Vehicle-to-Sensor_Calibration_Framework_WACV_2025_paper.pdf,
120,Dataset,Label Augmented Dataset Distillation,"Seoungyoon Kang, Youngsun Lim, Hyunjung Shim",Main,https://openaccess.thecvf.com/content/WACV2025/html/Kang_Label_Augmented_Dataset_Distillation_WACV_2025_paper.html,https://openaccess.thecvf.com/content/WACV2025/papers/Kang_Label_Augmented_Dataset_Distillation_WACV_2025_paper.pdf,http://arxiv.org/abs/2409.16239
121,Dataset,Local Masked Reconstruction for Efficient Self-Supervised Learning on High-Resolution Images,"Jun Chen, Faizan Farooq Khan, Ming Hu, Ammar Sherif, Zongyuan Ge, Boyang Li, Mohamed Elhoseiny",Main,https://openaccess.thecvf.com/content/WACV2025/html/Chen_Local_Masked_Reconstruction_for_Efficient_Self-Supervised_Learning_on_High-Resolution_Images_WACV_2025_paper.html,https://openaccess.thecvf.com/content/WACV2025/papers/Chen_Local_Masked_Reconstruction_for_Efficient_Self-Supervised_Learning_on_High-Resolution_Images_WACV_2025_paper.pdf,
122,Dataset,PureForest: A Large-Scale Aerial Lidar and Aerial Imagery Dataset for Tree Species Classification in Monospecific Forests,"Charles Gaydon, Floryne Roche",Main,https://openaccess.thecvf.com/content/WACV2025/html/Gaydon_PureForest_A_Large-Scale_Aerial_Lidar_and_Aerial_Imagery_Dataset_for_WACV_2025_paper.html,https://openaccess.thecvf.com/content/WACV2025/papers/Gaydon_PureForest_A_Large-Scale_Aerial_Lidar_and_Aerial_Imagery_Dataset_for_WACV_2025_paper.pdf,http://arxiv.org/abs/2404.12064
123,Dataset,Q-TempFusion: Quantization-Aware Temporal Multi-Sensor Fusion on Bird's-Eye View Representation,"Pinrui Yu, Zhenglun Kong, Pu Zhao, Peiyan Dong, Hao Tang, Fei Sun, Xue Lin, Yanzhi Wang",Main,https://openaccess.thecvf.com/content/WACV2025/html/Yu_Q-TempFusion_Quantization-Aware_Temporal_Multi-Sensor_Fusion_on_Birds-Eye_View_Representation_WACV_2025_paper.html,https://openaccess.thecvf.com/content/WACV2025/papers/Yu_Q-TempFusion_Quantization-Aware_Temporal_Multi-Sensor_Fusion_on_Birds-Eye_View_Representation_WACV_2025_paper.pdf,
124,Dataset,Self-Aligning Depth-Regularized Radiance Fields for Asynchronous RGB-D Sequences,"Yuxin Huang, Andong Yang, Yuantao Chen, Runyi Yang, Zhenxin Zhu, Chao Hou, Hao Zhao, Guyue Zhou",Main,https://openaccess.thecvf.com/content/WACV2025/html/Huang_Self-Aligning_Depth-Regularized_Radiance_Fields_for_Asynchronous_RGB-D_Sequences_WACV_2025_paper.html,https://openaccess.thecvf.com/content/WACV2025/papers/Huang_Self-Aligning_Depth-Regularized_Radiance_Fields_for_Asynchronous_RGB-D_Sequences_WACV_2025_paper.pdf,
125,Dataset,Investigating Imaging Annotation and Self-Supervision for the Classification of Continuously Developing Cells in Histological Whole Slide Images,"Sebastian Thiele, Jacqueline Kockwelp, Joachim Wistuba, Sabine Kliesch, Jörg Gromoll, Benjamin Risse",Main,https://openaccess.thecvf.com/content/WACV2025/html/Thiele_Investigating_Imaging_Annotation_and_Self-Supervision_for_the_Classification_of_Continuously_WACV_2025_paper.html,https://openaccess.thecvf.com/content/WACV2025/papers/Thiele_Investigating_Imaging_Annotation_and_Self-Supervision_for_the_Classification_of_Continuously_WACV_2025_paper.pdf,
126,Dataset,Spatio-Temporal Context Prompting for Zero-Shot Action Detection,"Wei-Jhe Huang, Min-Hung Chen, Shang-Hong Lai",Main,https://openaccess.thecvf.com/content/WACV2025/html/Huang_Spatio-Temporal_Context_Prompting_for_Zero-Shot_Action_Detection_WACV_2025_paper.html,https://openaccess.thecvf.com/content/WACV2025/papers/Huang_Spatio-Temporal_Context_Prompting_for_Zero-Shot_Action_Detection_WACV_2025_paper.pdf,http://arxiv.org/abs/2408.15996
127,Dataset,Heterogeneous Datasets for Unsupervised Image Anomaly Detection,"Juan Lagos, Haider Ali, Adnan Faroque, Esa Rahtu",Main,https://openaccess.thecvf.com/content/WACV2025/html/Lagos_Heterogeneous_Datasets_for_Unsupervised_Image_Anomaly_Detection_WACV_2025_paper.html,https://openaccess.thecvf.com/content/WACV2025/papers/Lagos_Heterogeneous_Datasets_for_Unsupervised_Image_Anomaly_Detection_WACV_2025_paper.pdf,
128,Dataset,Visual Robustness Benchmark for Visual Question Answering (VQA),"Farhan Ishmam, Ishmam Tashdeed, Talukder Asir Saadat, Hamjajul Ashmafee, Abu Raihan Mostofa Kamal, Azam Hossain",Main,https://openaccess.thecvf.com/content/WACV2025/html/Ishmam_Visual_Robustness_Benchmark_for_Visual_Question_Answering_VQA_WACV_2025_paper.html,https://openaccess.thecvf.com/content/WACV2025/papers/Ishmam_Visual_Robustness_Benchmark_for_Visual_Question_Answering_VQA_WACV_2025_paper.pdf,http://arxiv.org/abs/2407.03386
129,Dataset,A Data Perspective on Enhanced Identity Preservation for Diffusion Personalization,"Xingzhe He, Zhiwen Cao, Nick Kolkin, Lantao Yu, Kun Wan, Helge Rhodin, Ratheesh Kalarot",Main,https://openaccess.thecvf.com/content/WACV2025/html/He_A_Data_Perspective_on_Enhanced_Identity_Preservation_for_Diffusion_Personalization_WACV_2025_paper.html,https://openaccess.thecvf.com/content/WACV2025/papers/He_A_Data_Perspective_on_Enhanced_Identity_Preservation_for_Diffusion_Personalization_WACV_2025_paper.pdf,http://arxiv.org/abs/2311.04315
130,Dataset,Dataset Augmentation by Mixing Visual Concepts,"Md Abdullah Al Rahat Kutubi, Hemanth Venkateswara",Main,https://openaccess.thecvf.com/content/WACV2025/html/Al_Rahat_Kutubi_Dataset_Augmentation_by_Mixing_Visual_Concepts_WACV_2025_paper.html,https://openaccess.thecvf.com/content/WACV2025/papers/Al_Rahat_Kutubi_Dataset_Augmentation_by_Mixing_Visual_Concepts_WACV_2025_paper.pdf,
131,Dataset,Automated Patient Positioning with Learned 3D Hand Gestures,"Zhongpai Gao, Abhishek Sharma, Meng Zheng, Benjamin Planche, Terrence Chen, Ziyan Wu",Main,https://openaccess.thecvf.com/content/WACV2025/html/Gao_Automated_Patient_Positioning_with_Learned_3D_Hand_Gestures_WACV_2025_paper.html,https://openaccess.thecvf.com/content/WACV2025/papers/Gao_Automated_Patient_Positioning_with_Learned_3D_Hand_Gestures_WACV_2025_paper.pdf,http://arxiv.org/abs/2407.14903
132,Dataset,Class-Conditioned Transformation for Enhanced Robust Image Classification,"Tsachi Blau, Roy Ganz, Chaim Baskin, Michael Elad, Alex Bronstein",Main,https://openaccess.thecvf.com/content/WACV2025/html/Blau_Class-Conditioned_Transformation_for_Enhanced_Robust_Image_Classification_WACV_2025_paper.html,https://openaccess.thecvf.com/content/WACV2025/papers/Blau_Class-Conditioned_Transformation_for_Enhanced_Robust_Image_Classification_WACV_2025_paper.pdf,http://arxiv.org/abs/2303.15409
133,Dataset,ARTeFACT: Benchmarking Segmentation Models on Diverse Analogue Media Damage,"Daniela Ivanova, Marco Aversa, Paul Henderson, John Williamson",Main,https://openaccess.thecvf.com/content/WACV2025/html/Ivanova_ARTeFACT_Benchmarking_Segmentation_Models_on_Diverse_Analogue_Media_Damage_WACV_2025_paper.html,https://openaccess.thecvf.com/content/WACV2025/papers/Ivanova_ARTeFACT_Benchmarking_Segmentation_Models_on_Diverse_Analogue_Media_Damage_WACV_2025_paper.pdf,http://arxiv.org/abs/2412.04580
134,Dataset,Semiotic-Based Construction of a Large Emotional Image Dataset with Neutral Samples,"Marco Blanchini, Giovanna Dimitri, Lydia Abady, Benedetta Tondi, Tarcisio Lancioni, Mauro Barni",Main,https://openaccess.thecvf.com/content/WACV2025/html/Blanchini_Semiotic-Based_Construction_of_a_Large_Emotional_Image_Dataset_with_Neutral_WACV_2025_paper.html,https://openaccess.thecvf.com/content/WACV2025/papers/Blanchini_Semiotic-Based_Construction_of_a_Large_Emotional_Image_Dataset_with_Neutral_WACV_2025_paper.pdf,
135,Dataset,A Rapid Test for Accuracy and Bias of Face Recognition Technology,"Manuel Knott, Ignacio Serna, Ethan Mann, Pietro Perona",Main,https://openaccess.thecvf.com/content/WACV2025/html/Knott_A_Rapid_Test_for_Accuracy_and_Bias_of_Face_Recognition_WACV_2025_paper.html,https://openaccess.thecvf.com/content/WACV2025/papers/Knott_A_Rapid_Test_for_Accuracy_and_Bias_of_Face_Recognition_WACV_2025_paper.pdf,
136,Dataset,F2FLDM: Latent Diffusion Models with Histopathology Pre-Trained Embeddings for Unpaired Frozen Section to FFPE Translation,"Man M. Ho, Shikha Dubey, Yosep Chong, Beatrice Knudsen, Tolga Tasdizen",Main,https://openaccess.thecvf.com/content/WACV2025/html/Ho_F2FLDM_Latent_Diffusion_Models_with_Histopathology_Pre-Trained_Embeddings_for_Unpaired_WACV_2025_paper.html,https://openaccess.thecvf.com/content/WACV2025/papers/Ho_F2FLDM_Latent_Diffusion_Models_with_Histopathology_Pre-Trained_Embeddings_for_Unpaired_WACV_2025_paper.pdf,http://arxiv.org/abs/2404.12650
137,Dataset,Assessing the Quality of 3D Reconstruction in the Absence of Ground Truth: Application to a Multimodal Archaeological Dataset,"Benjamin Coupry, Baptiste Brument, Antoine Laurent, Jean Mélou, Yvain Quéau, Jean-Denis Durou",Main,https://openaccess.thecvf.com/content/WACV2025/html/Coupry_Assessing_the_Quality_of_3D_Reconstruction_in_the_Absence_of_WACV_2025_paper.html,https://openaccess.thecvf.com/content/WACV2025/papers/Coupry_Assessing_the_Quality_of_3D_Reconstruction_in_the_Absence_of_WACV_2025_paper.pdf,
138,Dataset,Sign Language Recognition: A Large-Scale Multi-View Dataset and Comprehensive Evaluation,"Nguyen Son Dinh, Tuan Dung Nguyen, Duc Tri Tran, Nguyen Dang Huy Pham, Thuan Hieu Tran, Ngoc Anh Tong, Quang Huy Hoang, Phi Le Nguyen",Main,https://openaccess.thecvf.com/content/WACV2025/html/Dinh_Sign_Language_Recognition_A_Large-Scale_Multi-View_Dataset_and_Comprehensive_Evaluation_WACV_2025_paper.html,https://openaccess.thecvf.com/content/WACV2025/papers/Dinh_Sign_Language_Recognition_A_Large-Scale_Multi-View_Dataset_and_Comprehensive_Evaluation_WACV_2025_paper.pdf,
139,Dataset,CoVLA: Comprehensive Vision-Language-Action Dataset for Autonomous Driving,"Hidehisa Arai, Keita Miwa, Kento Sasaki, Kohei Watanabe, Yu Yamaguchi, Shunsuke Aoki, Issei Yamamoto",Main,https://openaccess.thecvf.com/content/WACV2025/html/Arai_CoVLA_Comprehensive_Vision-Language-Action_Dataset_for_Autonomous_Driving_WACV_2025_paper.html,https://openaccess.thecvf.com/content/WACV2025/papers/Arai_CoVLA_Comprehensive_Vision-Language-Action_Dataset_for_Autonomous_Driving_WACV_2025_paper.pdf,http://arxiv.org/abs/2408.10845
140,Dataset,Reducing the Content Bias for AI-Generated Image Detection,"Seoyeon Gye, Junwon Ko, Hyounguk Shon, Minchan Kwon, Junmo Kim",Main,https://openaccess.thecvf.com/content/WACV2025/html/Gye_Reducing_the_Content_Bias_for_AI-Generated_Image_Detection_WACV_2025_paper.html,https://openaccess.thecvf.com/content/WACV2025/papers/Gye_Reducing_the_Content_Bias_for_AI-Generated_Image_Detection_WACV_2025_paper.pdf,
141,Dataset,UW-GS: Distractor-Aware 3D Gaussian Splatting for Enhanced Underwater Scene Reconstruction,"Haoran Wang, Nantheera Anantrasirichai, Fan Zhang, David Bull",Main,https://openaccess.thecvf.com/content/WACV2025/html/Wang_UW-GS_Distractor-Aware_3D_Gaussian_Splatting_for_Enhanced_Underwater_Scene_Reconstruction_WACV_2025_paper.html,https://openaccess.thecvf.com/content/WACV2025/papers/Wang_UW-GS_Distractor-Aware_3D_Gaussian_Splatting_for_Enhanced_Underwater_Scene_Reconstruction_WACV_2025_paper.pdf,
142,Dataset,CM3T: Framework for Efficient Multimodal Learning for Inhomogeneous Interaction Datasets,"Tanay Agrawal, Mohammed Guermal, Michal Balazia, Francois Bremond",Main,https://openaccess.thecvf.com/content/WACV2025/html/Agrawal_CM3T_Framework_for_Efficient_Multimodal_Learning_for_Inhomogeneous_Interaction_Datasets_WACV_2025_paper.html,https://openaccess.thecvf.com/content/WACV2025/papers/Agrawal_CM3T_Framework_for_Efficient_Multimodal_Learning_for_Inhomogeneous_Interaction_Datasets_WACV_2025_paper.pdf,http://arxiv.org/abs/2501.03332
143,Dataset,Dense Scene Reconstruction from Light-Field Images Affected by Rolling Shutter,"Hermes McGriff, Renato Martins, Nicolas Andreff, Cedric Demonceaux",Main,https://openaccess.thecvf.com/content/WACV2025/html/McGriff_Dense_Scene_Reconstruction_from_Light-Field_Images_Affected_by_Rolling_Shutter_WACV_2025_paper.html,https://openaccess.thecvf.com/content/WACV2025/papers/McGriff_Dense_Scene_Reconstruction_from_Light-Field_Images_Affected_by_Rolling_Shutter_WACV_2025_paper.pdf,http://arxiv.org/abs/2412.03518
144,Dataset,ORID: Organ-Regional Information Driven Framework for Radiology Report Generation,"Tiancheng Gu, Kaicheng Yang, Xiang An, Ziyong Feng, Dongnan Liu, Weidong Cai",Main,https://openaccess.thecvf.com/content/WACV2025/html/Gu_ORID_Organ-Regional_Information_Driven_Framework_for_Radiology_Report_Generation_WACV_2025_paper.html,https://openaccess.thecvf.com/content/WACV2025/papers/Gu_ORID_Organ-Regional_Information_Driven_Framework_for_Radiology_Report_Generation_WACV_2025_paper.pdf,http://arxiv.org/abs/2411.13025
145,Dataset,Deciphering the Complaint Aspects: Towards an Aspect-Based Complaint Identification Model with Video Complaint Dataset in Finance,"Sarmistha Das, Basha Mujavarsheik, R E Zera Lyngkhoi, Sriparna Saha, Alka Maurya",Main,https://openaccess.thecvf.com/content/WACV2025/html/Das_Deciphering_the_Complaint_Aspects_Towards_an_Aspect-Based_Complaint_Identification_Model_WACV_2025_paper.html,https://openaccess.thecvf.com/content/WACV2025/papers/Das_Deciphering_the_Complaint_Aspects_Towards_an_Aspect-Based_Complaint_Identification_Model_WACV_2025_paper.pdf,
146,Dataset,DiffuPT: Class Imbalance Mitigation for Glaucoma Detection via Diffusion Based Generation and Model Pretraining,"Youssof Nawar, Nouran Soliman, Moustafa Wassel, Mohamed ElHabebe, Noha Adly, Marwan Torki, Ahmed Elmassry, Islam Ahmed",Main,https://openaccess.thecvf.com/content/WACV2025/html/Nawar_DiffuPT_Class_Imbalance_Mitigation_for_Glaucoma_Detection_via_Diffusion_Based_WACV_2025_paper.html,https://openaccess.thecvf.com/content/WACV2025/papers/Nawar_DiffuPT_Class_Imbalance_Mitigation_for_Glaucoma_Detection_via_Diffusion_Based_WACV_2025_paper.pdf,http://arxiv.org/abs/2412.03629
147,Dataset,CUNSB-RFIE: Context-Aware Unpaired Neural Schrodinger Bridge in Retinal Fundus Image Enhancement,"Xuanzhao Dong, Vamsi Krishna Vasa, Wenhui Zhu, Peijie Qiu, Xiwen Chen, Yi Su, Yujian Xiong, Zhangsihao Yang, Yanxi Chen, Yalin Wang",Main,https://openaccess.thecvf.com/content/WACV2025/html/Dong_CUNSB-RFIE_Context-Aware_Unpaired_Neural_Schrodinger_Bridge_in_Retinal_Fundus_Image_WACV_2025_paper.html,https://openaccess.thecvf.com/content/WACV2025/papers/Dong_CUNSB-RFIE_Context-Aware_Unpaired_Neural_Schrodinger_Bridge_in_Retinal_Fundus_Image_WACV_2025_paper.pdf,
148,Dataset,ECF-YOLOv7-Tiny: Improving Feature Fusion and the Receptive Field for Lightweight Object Detectors,"Dan-Sebastian Bacea, Florin Oniga",Main,https://openaccess.thecvf.com/content/WACV2025/html/Bacea_ECF-YOLOv7-Tiny_Improving_Feature_Fusion_and_the_Receptive_Field_for_Lightweight_WACV_2025_paper.html,https://openaccess.thecvf.com/content/WACV2025/papers/Bacea_ECF-YOLOv7-Tiny_Improving_Feature_Fusion_and_the_Receptive_Field_for_Lightweight_WACV_2025_paper.pdf,
149,Method,Feature Augmentation Based Test-Time Adaptation,"Younggeol Cho, Youngrae Kim, Junho Yoon, Seunghoon Hong, Dongman Lee",Main,https://openaccess.thecvf.com/content/WACV2025/html/Cho_Feature_Augmentation_Based_Test-Time_Adaptation_WACV_2025_paper.html,https://openaccess.thecvf.com/content/WACV2025/papers/Cho_Feature_Augmentation_Based_Test-Time_Adaptation_WACV_2025_paper.pdf,http://arxiv.org/abs/2410.14178
150,Method,Agtech Framework for Cranberry-Ripening Analysis using Vision Foundation Models,"Faith Johnson, Ryan Meegan, Jack Lowry, Peter Oudemans, Kristin Dana",Main,https://openaccess.thecvf.com/content/WACV2025/html/Johnson_Agtech_Framework_for_Cranberry-Ripening_Analysis_using_Vision_Foundation_Models_WACV_2025_paper.html,https://openaccess.thecvf.com/content/WACV2025/papers/Johnson_Agtech_Framework_for_Cranberry-Ripening_Analysis_using_Vision_Foundation_Models_WACV_2025_paper.pdf,http://arxiv.org/abs/2412.09739
151,Method,Test-Time Adaptation in Point Clouds: Leveraging Sampling Variation with Weight Averaging,"Ali Bahri, Moslem Yazdanpanah, Mehrdad Noori, Sahar Dastani Oghani, Milad Cheraghalikhani, David Osowiechi, Farzad Beizaee, Gustavo A. Vargas Hakim, Ismail Ben Ayed, Christian Desrosiers",Main,https://openaccess.thecvf.com/content/WACV2025/html/Bahri_Test-Time_Adaptation_in_Point_Clouds_Leveraging_Sampling_Variation_with_Weight_WACV_2025_paper.html,https://openaccess.thecvf.com/content/WACV2025/papers/Bahri_Test-Time_Adaptation_in_Point_Clouds_Leveraging_Sampling_Variation_with_Weight_WACV_2025_paper.pdf,http://arxiv.org/abs/2411.01116
152,Method,Self-Supervised Anomaly Segmentation via Diffusion Models with Dynamic Transformer UNet,"Komal Kumar, Snehashis Chakraborty, Dwarikanath Mahapatra, Behzad Bozorgtabar, Sudipta Roy",Main,https://openaccess.thecvf.com/content/WACV2025/html/Kumar_Self-Supervised_Anomaly_Segmentation_via_Diffusion_Models_with_Dynamic_Transformer_UNet_WACV_2025_paper.html,https://openaccess.thecvf.com/content/WACV2025/papers/Kumar_Self-Supervised_Anomaly_Segmentation_via_Diffusion_Models_with_Dynamic_Transformer_UNet_WACV_2025_paper.pdf,
153,Method,RGB2Point: 3D Point Cloud Generation from Single RGB Images,"Jae Joong Lee, Bedrich Benes",Main,https://openaccess.thecvf.com/content/WACV2025/html/Lee_RGB2Point_3D_Point_Cloud_Generation_from_Single_RGB_Images_WACV_2025_paper.html,https://openaccess.thecvf.com/content/WACV2025/papers/Lee_RGB2Point_3D_Point_Cloud_Generation_from_Single_RGB_Images_WACV_2025_paper.pdf,http://arxiv.org/abs/2407.14979
154,Method,ChromaDistill : Colorizing Monochrome Radiance Fields with Knowledge Distillation,"Ankit Dhiman, Srinath R, Srinjay Sarkar, Lokesh Boregowda, Venkatesh Babu Radhakrishnan",Main,https://openaccess.thecvf.com/content/WACV2025/html/Dhiman_ChromaDistill__Colorizing_Monochrome_Radiance_Fields_with_Knowledge_Distillation_WACV_2025_paper.html,https://openaccess.thecvf.com/content/WACV2025/papers/Dhiman_ChromaDistill__Colorizing_Monochrome_Radiance_Fields_with_Knowledge_Distillation_WACV_2025_paper.pdf,http://arxiv.org/abs/2309.07668
155,Method,HOPE: A Memory-Based and Composition-Aware Framework for Zero-Shot Learning with Hopfield Network and Soft Mixture of Experts,"Do Huu Dat, Po-Yuan Mao, Tien Hoang Nguyen, Wray Buntine, Mohammed Bennamoun",Main,https://openaccess.thecvf.com/content/WACV2025/html/Dat_HOPE_A_Memory-Based_and_Composition-Aware_Framework_for_Zero-Shot_Learning_with_WACV_2025_paper.html,https://openaccess.thecvf.com/content/WACV2025/papers/Dat_HOPE_A_Memory-Based_and_Composition-Aware_Framework_for_Zero-Shot_Learning_with_WACV_2025_paper.pdf,
156,Method,PivotAlign: Improve Semi-Supervised Learning by Learning Intra-Class Heterogeneity and Aligning with Pivots,"Lingjie Yi, Tao Sun, Yikai Zhang, Songzhu Zheng, Weimin Lyu, Haibin Ling, Chao Chen",Main,https://openaccess.thecvf.com/content/WACV2025/html/Yi_PivotAlign_Improve_Semi-Supervised_Learning_by_Learning_Intra-Class_Heterogeneity_and_Aligning_WACV_2025_paper.html,https://openaccess.thecvf.com/content/WACV2025/papers/Yi_PivotAlign_Improve_Semi-Supervised_Learning_by_Learning_Intra-Class_Heterogeneity_and_Aligning_WACV_2025_paper.pdf,
157,Method,SpectFormer: Frequency and Attention is What You Need in a Vision Transformer,"Badri N. Patro, Vinay P. Namboodiri, Vijay S. Agneeswaran",Main,https://openaccess.thecvf.com/content/WACV2025/html/Patro_SpectFormer_Frequency_and_Attention_is_What_You_Need_in_a_WACV_2025_paper.html,https://openaccess.thecvf.com/content/WACV2025/papers/Patro_SpectFormer_Frequency_and_Attention_is_What_You_Need_in_a_WACV_2025_paper.pdf,http://arxiv.org/abs/2304.06446
158,Method,EgoCast: Forecasting Egocentric Human Pose in the Wild,"Maria Escobar, Juanita Puentes, Cristhian Forigua, Jordi Pont-Tuset, Kevis-Kokitsi Maninis, Pablo Arbelaez",Main,https://openaccess.thecvf.com/content/WACV2025/html/Escobar_EgoCast_Forecasting_Egocentric_Human_Pose_in_the_Wild_WACV_2025_paper.html,https://openaccess.thecvf.com/content/WACV2025/papers/Escobar_EgoCast_Forecasting_Egocentric_Human_Pose_in_the_Wild_WACV_2025_paper.pdf,http://arxiv.org/abs/2412.02903
159,Method,ReEdit: Multimodal Exemplar-Based Image Editing,"Ashutosh Srivastava, Tarun Ram Menta, Abhinav Java, Avadhoot Gorakh Jadhav, Silky Singh, Surgan Jandial, Balaji Krishnamurthy",Main,https://openaccess.thecvf.com/content/WACV2025/html/Srivastava_ReEdit_Multimodal_Exemplar-Based_Image_Editing_WACV_2025_paper.html,https://openaccess.thecvf.com/content/WACV2025/papers/Srivastava_ReEdit_Multimodal_Exemplar-Based_Image_Editing_WACV_2025_paper.pdf,http://arxiv.org/abs/2411.03982
160,Method,PGRID: Power Grid Reconstruction in Informal Developments using High-Resolution Aerial Imagery,"Simone Fobi Nsutezo, Amrita Gupta, Duncan Kebut, Seema Iyer, Luana Marotti, Rahul Dodhia, Juan M. Lavista Ferres, Anthony Ortiz",Main,https://openaccess.thecvf.com/content/WACV2025/html/Nsutezo_PGRID_Power_Grid_Reconstruction_in_Informal_Developments_using_High-Resolution_Aerial_WACV_2025_paper.html,https://openaccess.thecvf.com/content/WACV2025/papers/Nsutezo_PGRID_Power_Grid_Reconstruction_in_Informal_Developments_using_High-Resolution_Aerial_WACV_2025_paper.pdf,http://arxiv.org/abs/2412.07944
161,Method,Enhancing Predictive Imaging Biomarker Discovery through Treatment Effect Analysis,"Shuhan Xiao, Lukas Klein, Jens Petersen, Philipp Vollmuth, Paul F. Jaeger, Klaus H. Maier-Hein",Main,https://openaccess.thecvf.com/content/WACV2025/html/Xiao_Enhancing_Predictive_Imaging_Biomarker_Discovery_through_Treatment_Effect_Analysis_WACV_2025_paper.html,https://openaccess.thecvf.com/content/WACV2025/papers/Xiao_Enhancing_Predictive_Imaging_Biomarker_Discovery_through_Treatment_Effect_Analysis_WACV_2025_paper.pdf,http://arxiv.org/abs/2406.02534
162,Method,DeepCA: Deep Learning-Based 3D Coronary Artery Tree Reconstruction from Two 2D Non-Simultaneous X-ray Angiography Projections,"Yiying Wang, Abhirup Banerjee, Robin P. Choudhury, Vicente Grau",Main,https://openaccess.thecvf.com/content/WACV2025/html/Wang_DeepCA_Deep_Learning-Based_3D_Coronary_Artery_Tree_Reconstruction_from_Two_WACV_2025_paper.html,https://openaccess.thecvf.com/content/WACV2025/papers/Wang_DeepCA_Deep_Learning-Based_3D_Coronary_Artery_Tree_Reconstruction_from_Two_WACV_2025_paper.pdf,
163,Method,Precise Integral in NeRFs: Overcoming the Approximation Errors of Numerical Quadrature,"Boyuan Zhang, Zhenliang He, Meina Kan, Shiguang Shan",Main,https://openaccess.thecvf.com/content/WACV2025/html/Zhang_Precise_Integral_in_NeRFs_Overcoming_the_Approximation_Errors_of_Numerical_WACV_2025_paper.html,https://openaccess.thecvf.com/content/WACV2025/papers/Zhang_Precise_Integral_in_NeRFs_Overcoming_the_Approximation_Errors_of_Numerical_WACV_2025_paper.pdf,
164,Method,FitDiff: Robust Monocular 3D Facial Shape and Reflectance Estimation using Diffusion Models,"Stathis Galanakis, Alexandros Lattas, Stylianos Moschoglou, Stefanos Zafeiriou",Main,https://openaccess.thecvf.com/content/WACV2025/html/Galanakis_FitDiff_Robust_Monocular_3D_Facial_Shape_and_Reflectance_Estimation_using_WACV_2025_paper.html,https://openaccess.thecvf.com/content/WACV2025/papers/Galanakis_FitDiff_Robust_Monocular_3D_Facial_Shape_and_Reflectance_Estimation_using_WACV_2025_paper.pdf,http://arxiv.org/abs/2312.04465
165,Method,Differential Privacy Mechanisms in Neural Tangent Kernel Regression,"Jiuxiang Gu, Yingyu Liang, Zhizhou Sha, Zhenmei Shi, Zhao Song",Main,https://openaccess.thecvf.com/content/WACV2025/html/Gu_Differential_Privacy_Mechanisms_in_Neural_Tangent_Kernel_Regression_WACV_2025_paper.html,https://openaccess.thecvf.com/content/WACV2025/papers/Gu_Differential_Privacy_Mechanisms_in_Neural_Tangent_Kernel_Regression_WACV_2025_paper.pdf,http://arxiv.org/abs/2407.13621
166,Method,Enhancing Monocular Depth Estimation with Multi-Source Auxiliary Tasks,"Alessio Quercia, Erenus Yildiz, Zhuo Cao, Kai Krajsek, Abigail Morrison, Ira Assent, Hanno Scharr",Main,https://openaccess.thecvf.com/content/WACV2025/html/Quercia_Enhancing_Monocular_Depth_Estimation_with_Multi-Source_Auxiliary_Tasks_WACV_2025_paper.html,https://openaccess.thecvf.com/content/WACV2025/papers/Quercia_Enhancing_Monocular_Depth_Estimation_with_Multi-Source_Auxiliary_Tasks_WACV_2025_paper.pdf,http://arxiv.org/abs/2501.12824
167,Method,Neural SDF for Shadow-Aware Unsupervised Structured Light,"Kazuto Ichimaru, Diego Thomas, Takafumi Iwaguchi, Hiroshi Kawasaki",Main,https://openaccess.thecvf.com/content/WACV2025/html/Ichimaru_Neural_SDF_for_Shadow-Aware_Unsupervised_Structured_Light_WACV_2025_paper.html,https://openaccess.thecvf.com/content/WACV2025/papers/Ichimaru_Neural_SDF_for_Shadow-Aware_Unsupervised_Structured_Light_WACV_2025_paper.pdf,
168,Method,Can Multimodal Large Language Models Truly Perform Multimodal In-Context Learning?,"Shuo Chen, Zhen Han, Bailan He, Jianzhe Liu, Mark Buckley, Yao Qin, Philip Torr, Volker Tresp, Jindong Gu",Main,https://openaccess.thecvf.com/content/WACV2025/html/Chen_Can_Multimodal_Large_Language_Models_Truly_Perform_Multimodal_In-Context_Learning_WACV_2025_paper.html,https://openaccess.thecvf.com/content/WACV2025/papers/Chen_Can_Multimodal_Large_Language_Models_Truly_Perform_Multimodal_In-Context_Learning_WACV_2025_paper.pdf,http://arxiv.org/abs/2311.18021
169,Method,MixDiff: Mixing Natural and Synthetic Images for Robust Self-Supervised Representations,"Reza Akbarian Bafghi, Nidhin Harilal, Maziar Raissi, Claire Monteleoni",Main,https://openaccess.thecvf.com/content/WACV2025/html/Bafghi_MixDiff_Mixing_Natural_and_Synthetic_Images_for_Robust_Self-Supervised_Representations_WACV_2025_paper.html,https://openaccess.thecvf.com/content/WACV2025/papers/Bafghi_MixDiff_Mixing_Natural_and_Synthetic_Images_for_Robust_Self-Supervised_Representations_WACV_2025_paper.pdf,http://arxiv.org/abs/2406.12368
170,Method,Covariance-Based Space Regularization for Few-Shot Class Incremental Learning,"Yijie Hu, Guanyu Yang, Zhaorui Tan, Xiaowei Wang, Kaizhu Huang, Qiu-Feng Wang",Main,https://openaccess.thecvf.com/content/WACV2025/html/Hu_Covariance-Based_Space_Regularization_for_Few-Shot_Class_Incremental_Learning_WACV_2025_paper.html,https://openaccess.thecvf.com/content/WACV2025/papers/Hu_Covariance-Based_Space_Regularization_for_Few-Shot_Class_Incremental_Learning_WACV_2025_paper.pdf,http://arxiv.org/abs/2411.01172
171,Method,Structured Human Assessment of Text-to-Image Generative Models,"Ciprian A. Corneanu, Qianli Feng, Aleix M. Martinez",Main,https://openaccess.thecvf.com/content/WACV2025/html/Corneanu_Structured_Human_Assessment_of_Text-to-Image_Generative_Models_WACV_2025_paper.html,https://openaccess.thecvf.com/content/WACV2025/papers/Corneanu_Structured_Human_Assessment_of_Text-to-Image_Generative_Models_WACV_2025_paper.pdf,
172,Method,Unsupervised Single-Image Intrinsic Image Decomposition with LiDAR Intensity Enhanced Training,"Shogo Sato, Takuhiro Kaneko, Kazuhiko Murasaki, Taiga Yoshida, Ryuichi Tanida, Akisato Kimura",Main,https://openaccess.thecvf.com/content/WACV2025/html/Sato_Unsupervised_Single-Image_Intrinsic_Image_Decomposition_with_LiDAR_Intensity_Enhanced_Training_WACV_2025_paper.html,https://openaccess.thecvf.com/content/WACV2025/papers/Sato_Unsupervised_Single-Image_Intrinsic_Image_Decomposition_with_LiDAR_Intensity_Enhanced_Training_WACV_2025_paper.pdf,
173,Method,3D Synthesis for Architectural Design,"I-Ting Tsai, Bharath Hariharan",Main,https://openaccess.thecvf.com/content/WACV2025/html/Tsai_3D_Synthesis_for_Architectural_Design_WACV_2025_paper.html,https://openaccess.thecvf.com/content/WACV2025/papers/Tsai_3D_Synthesis_for_Architectural_Design_WACV_2025_paper.pdf,
174,Method,Assessing Visually-Continuous Corruption Robustness of Neural Networks Relative to Human Performance,"Huakun Shen, Boyue Hu, Krzysztof Czarnecki, Lina Marsso, Marsha Chechik",Main,https://openaccess.thecvf.com/content/WACV2025/html/Shen_Assessing_Visually-Continuous_Corruption_Robustness_of_Neural_Networks_Relative_to_Human_WACV_2025_paper.html,https://openaccess.thecvf.com/content/WACV2025/papers/Shen_Assessing_Visually-Continuous_Corruption_Robustness_of_Neural_Networks_Relative_to_Human_WACV_2025_paper.pdf,http://arxiv.org/abs/2402.19401
175,Method,Epipolar Attention Field Transformers for Bird's Eye View Semantic Segmentation,"Christian Witte, Jens Behley, Cyrill Stachniss, Marvin Raaijmakers",Main,https://openaccess.thecvf.com/content/WACV2025/html/Witte_Epipolar_Attention_Field_Transformers_for_Birds_Eye_View_Semantic_Segmentation_WACV_2025_paper.html,https://openaccess.thecvf.com/content/WACV2025/papers/Witte_Epipolar_Attention_Field_Transformers_for_Birds_Eye_View_Semantic_Segmentation_WACV_2025_paper.pdf,
176,Method,Segment Anything Meets Point Tracking,"Frano Rajič, Lei Ke, Yu-Wing Tai, Chi-Keung Tang, Martin Danelljan, Fisher Yu",Main,https://openaccess.thecvf.com/content/WACV2025/html/Rajic_Segment_Anything_Meets_Point_Tracking_WACV_2025_paper.html,https://openaccess.thecvf.com/content/WACV2025/papers/Rajic_Segment_Anything_Meets_Point_Tracking_WACV_2025_paper.pdf,
177,Method,Cross-Domain and Cross-Dimension Learning for Image-to-Graph Transformers,"Alexander H. Berger, Laurin Lux, Suprosanna Shit, Ivan Ezhof, Georgios Kaissis, Martin J. Menten, Daniel Rueckert, Johannes C. Paetzold",Main,https://openaccess.thecvf.com/content/WACV2025/html/Berger_Cross-Domain_and_Cross-Dimension_Learning_for_Image-to-Graph_Transformers_WACV_2025_paper.html,https://openaccess.thecvf.com/content/WACV2025/papers/Berger_Cross-Domain_and_Cross-Dimension_Learning_for_Image-to-Graph_Transformers_WACV_2025_paper.pdf,http://arxiv.org/abs/2403.06601
178,Method,SpiralMLP: A Lightweight Vision MLP Architecture,"Haojie Mu, Burhan Ul Tayyab, Nicholas Chua",Main,https://openaccess.thecvf.com/content/WACV2025/html/Mu_SpiralMLP_A_Lightweight_Vision_MLP_Architecture_WACV_2025_paper.html,https://openaccess.thecvf.com/content/WACV2025/papers/Mu_SpiralMLP_A_Lightweight_Vision_MLP_Architecture_WACV_2025_paper.pdf,http://arxiv.org/abs/2404.00648
179,Method,On-the-Fly Object-aware Representative Point Selection in Point Cloud,"Xiaoyu Zhang, Ziwei Wang, Hai Dong, Zhifeng Bao, Jiajun Liu",Main,https://openaccess.thecvf.com/content/WACV2025/html/Zhang_On-the-Fly_Object-aware_Representative_Point_Selection_in_Point_Cloud_WACV_2025_paper.html,https://openaccess.thecvf.com/content/WACV2025/papers/Zhang_On-the-Fly_Object-aware_Representative_Point_Selection_in_Point_Cloud_WACV_2025_paper.pdf,
180,Method,Socially-Informed Reconstruction for Pedestrian Trajectory Forecasting,"Haleh Damirchi, Ali Etemad, Michael Greenspan",Main,https://openaccess.thecvf.com/content/WACV2025/html/Damirchi_Socially-Informed_Reconstruction_for_Pedestrian_Trajectory_Forecasting_WACV_2025_paper.html,https://openaccess.thecvf.com/content/WACV2025/papers/Damirchi_Socially-Informed_Reconstruction_for_Pedestrian_Trajectory_Forecasting_WACV_2025_paper.pdf,http://arxiv.org/abs/2412.04673
181,Method,Continuous Spatio-Temporal Memory Networks for 4D Cardiac Cine MRI Segmentation,"Meng Ye, Bingyu Xin, Leon Axel, Dimitris Metaxas",Main,https://openaccess.thecvf.com/content/WACV2025/html/Ye_Continuous_Spatio-Temporal_Memory_Networks_for_4D_Cardiac_Cine_MRI_Segmentation_WACV_2025_paper.html,https://openaccess.thecvf.com/content/WACV2025/papers/Ye_Continuous_Spatio-Temporal_Memory_Networks_for_4D_Cardiac_Cine_MRI_Segmentation_WACV_2025_paper.pdf,http://arxiv.org/abs/2410.23191
182,Method,Foundation X: Integrating Classification Localization and Segmentation through Lock-Release Pretraining Strategy for Chest X-ray Analysis,"Nahid Ul Islam, DongAo Ma, Jiaxuan Pang, Shivasakthi Senthil Velan, Michael Gotway, Jianming Liang",Main,https://openaccess.thecvf.com/content/WACV2025/html/Islam_Foundation_X_Integrating_Classification_Localization_and_Segmentation_through_Lock-Release_Pretraining_WACV_2025_paper.html,https://openaccess.thecvf.com/content/WACV2025/papers/Islam_Foundation_X_Integrating_Classification_Localization_and_Segmentation_through_Lock-Release_Pretraining_WACV_2025_paper.pdf,
183,Method,MVMD: A Multi-View Approach for Enhanced Mirror Detection,"Yidan Shen, Yu Wen, Chen Zhang, Xin Fu, Renjie Hu",Main,https://openaccess.thecvf.com/content/WACV2025/html/Shen_MVMD_A_Multi-View_Approach_for_Enhanced_Mirror_Detection_WACV_2025_paper.html,https://openaccess.thecvf.com/content/WACV2025/papers/Shen_MVMD_A_Multi-View_Approach_for_Enhanced_Mirror_Detection_WACV_2025_paper.pdf,
184,Method,Mind the Map! Accounting for Existing Maps When Estimating Online HDMaps from Sensors,"Rémy Sun, Li Yang, Diane Lingrand, Frederic Precioso",Main,https://openaccess.thecvf.com/content/WACV2025/html/Sun_Mind_the_Map_Accounting_for_Existing_Maps_When_Estimating_Online_WACV_2025_paper.html,https://openaccess.thecvf.com/content/WACV2025/papers/Sun_Mind_the_Map_Accounting_for_Existing_Maps_When_Estimating_Online_WACV_2025_paper.pdf,
185,Method,TreeFormer: Single-View Plant Skeleton Estimation via Tree-Constrained Graph Generation,"Xinpeng Liu, Hiroaki Santo, Yosuke Toda, Fumio Okura",Main,https://openaccess.thecvf.com/content/WACV2025/html/Liu_TreeFormer_Single-View_Plant_Skeleton_Estimation_via_Tree-Constrained_Graph_Generation_WACV_2025_paper.html,https://openaccess.thecvf.com/content/WACV2025/papers/Liu_TreeFormer_Single-View_Plant_Skeleton_Estimation_via_Tree-Constrained_Graph_Generation_WACV_2025_paper.pdf,http://arxiv.org/abs/2411.16132
186,Method,Rethinking Cluster-Conditioned Diffusion Models for Label-Free Image Synthesis,"Nikolaos Adaloglou, Tim Kaiser, Felix Michels, Markus Kollmann",Main,https://openaccess.thecvf.com/content/WACV2025/html/Adaloglou_Rethinking_Cluster-Conditioned_Diffusion_Models_for_Label-Free_Image_Synthesis_WACV_2025_paper.html,https://openaccess.thecvf.com/content/WACV2025/papers/Adaloglou_Rethinking_Cluster-Conditioned_Diffusion_Models_for_Label-Free_Image_Synthesis_WACV_2025_paper.pdf,http://arxiv.org/abs/2403.00570
187,Method,Robust Portrait Image Matting and Depth-of-Field Synthesis via Multiplane Images,"Zhefan Rao, Tianjia Zhang, Yuen Fui Lau, Qifeng Chen",Main,https://openaccess.thecvf.com/content/WACV2025/html/Rao_Robust_Portrait_Image_Matting_and_Depth-of-Field_Synthesis_via_Multiplane_Images_WACV_2025_paper.html,https://openaccess.thecvf.com/content/WACV2025/papers/Rao_Robust_Portrait_Image_Matting_and_Depth-of-Field_Synthesis_via_Multiplane_Images_WACV_2025_paper.pdf,
188,Method,Context-Aware Outlier Rejection for Robust Multi-View 3D Tracking of Similar Small Birds in An Outdoor Aviary,"Keon Moradi, Ethan Haque, Jasmeen Kaur, Alexandra B. Bentz, Eli S. Bridge, Golnaz Habibi",Main,https://openaccess.thecvf.com/content/WACV2025/html/Moradi_Context-Aware_Outlier_Rejection_for_Robust_Multi-View_3D_Tracking_of_Similar_WACV_2025_paper.html,https://openaccess.thecvf.com/content/WACV2025/papers/Moradi_Context-Aware_Outlier_Rejection_for_Robust_Multi-View_3D_Tracking_of_Similar_WACV_2025_paper.pdf,http://arxiv.org/abs/2412.16511
189,Method,MLLM-LLaVA-FL: Multimodal Large Language Model Assisted Federated Learning,"Jianyi Zhang, Hao Yang, Ang Li, Xin Guo, Pu Wang, Haiming Wang, Yiran Chen, Hai Li",Main,https://openaccess.thecvf.com/content/WACV2025/html/Zhang_MLLM-LLaVA-FL_Multimodal_Large_Language_Model_Assisted_Federated_Learning_WACV_2025_paper.html,https://openaccess.thecvf.com/content/WACV2025/papers/Zhang_MLLM-LLaVA-FL_Multimodal_Large_Language_Model_Assisted_Federated_Learning_WACV_2025_paper.pdf,
190,Method,Face Anonymization Made Simple,"Han-Wei Kung, Tuomas Varanka, Sanjay Saha, Terence Sim, Nicu Sebe",Main,https://openaccess.thecvf.com/content/WACV2025/html/Kung_Face_Anonymization_Made_Simple_WACV_2025_paper.html,https://openaccess.thecvf.com/content/WACV2025/papers/Kung_Face_Anonymization_Made_Simple_WACV_2025_paper.pdf,http://arxiv.org/abs/2411.00762
191,Method,Diffusion Model Guided Sampling with Pixel-Wise Aleatoric Uncertainty Estimation,"Michele De Vita, Vasileios Belagiannis",Main,https://openaccess.thecvf.com/content/WACV2025/html/De_Vita_Diffusion_Model_Guided_Sampling_with_Pixel-Wise_Aleatoric_Uncertainty_Estimation_WACV_2025_paper.html,https://openaccess.thecvf.com/content/WACV2025/papers/De_Vita_Diffusion_Model_Guided_Sampling_with_Pixel-Wise_Aleatoric_Uncertainty_Estimation_WACV_2025_paper.pdf,http://arxiv.org/abs/2412.00205
192,Method,SIGNN - Star Identification using Graph Neural Networks,"Floyd Hepburn-Dickins, Mark W. Jones, Mike Edwards, Jay Paul Morgan, Steve Bell",Main,https://openaccess.thecvf.com/content/WACV2025/html/Hepburn-Dickins_SIGNN_-_Star_Identification_using_Graph_Neural_Networks_WACV_2025_paper.html,https://openaccess.thecvf.com/content/WACV2025/papers/Hepburn-Dickins_SIGNN_-_Star_Identification_using_Graph_Neural_Networks_WACV_2025_paper.pdf,
193,Method,Controlling Human Shape and Pose in Text-to-Image Diffusion Models via Domain Adaptation,"Benito Buchheim, Max Reimann, Jürgen Döllner",Main,https://openaccess.thecvf.com/content/WACV2025/html/Buchheim_Controlling_Human_Shape_and_Pose_in_Text-to-Image_Diffusion_Models_via_WACV_2025_paper.html,https://openaccess.thecvf.com/content/WACV2025/papers/Buchheim_Controlling_Human_Shape_and_Pose_in_Text-to-Image_Diffusion_Models_via_WACV_2025_paper.pdf,
194,Method,Zero-Shot Class Unlearning in CLIP with Synthetic Samples,"Alexey Kravets, Vinay Namboodiri",Main,https://openaccess.thecvf.com/content/WACV2025/html/Kravets_Zero-Shot_Class_Unlearning_in_CLIP_with_Synthetic_Samples_WACV_2025_paper.html,https://openaccess.thecvf.com/content/WACV2025/papers/Kravets_Zero-Shot_Class_Unlearning_in_CLIP_with_Synthetic_Samples_WACV_2025_paper.pdf,http://arxiv.org/abs/2407.07485
195,Method,HDPNet: Hourglass Vision Transformer with Dual-Path Feature Pyramid for Camouflaged Object Detection,"Jinpeng He, Biyuan Liu, Huaixin Chen",Main,https://openaccess.thecvf.com/content/WACV2025/html/He_HDPNet_Hourglass_Vision_Transformer_with_Dual-Path_Feature_Pyramid_for_Camouflaged_WACV_2025_paper.html,https://openaccess.thecvf.com/content/WACV2025/papers/He_HDPNet_Hourglass_Vision_Transformer_with_Dual-Path_Feature_Pyramid_for_Camouflaged_WACV_2025_paper.pdf,
196,Method,SEM-Net: Efficient Pixel Modelling for Image Inpainting with Spatially Enhanced SSM,"Shuang Chen, Haozheng Zhang, Amir Atapour-Abarghouei, Hubert P. H. Shum",Main,https://openaccess.thecvf.com/content/WACV2025/html/Chen_SEM-Net_Efficient_Pixel_Modelling_for_Image_Inpainting_with_Spatially_Enhanced_WACV_2025_paper.html,https://openaccess.thecvf.com/content/WACV2025/papers/Chen_SEM-Net_Efficient_Pixel_Modelling_for_Image_Inpainting_with_Spatially_Enhanced_WACV_2025_paper.pdf,
197,Method,LLS: Local Learning Rule for Deep Neural Networks Inspired by Neural Activity Synchronization,"Marco P. E. Apolinario, Arani Roy, Kaushik Roy",Main,https://openaccess.thecvf.com/content/WACV2025/html/Apolinario_LLS_Local_Learning_Rule_for_Deep_Neural_Networks_Inspired_by_WACV_2025_paper.html,https://openaccess.thecvf.com/content/WACV2025/papers/Apolinario_LLS_Local_Learning_Rule_for_Deep_Neural_Networks_Inspired_by_WACV_2025_paper.pdf,http://arxiv.org/abs/2405.15868
198,Method,A Multi-Task Supervised Compression Model for Split Computing,"Yoshitomo Matsubara, Matteo Mendula, Marco Levorato",Main,https://openaccess.thecvf.com/content/WACV2025/html/Matsubara_A_Multi-Task_Supervised_Compression_Model_for_Split_Computing_WACV_2025_paper.html,https://openaccess.thecvf.com/content/WACV2025/papers/Matsubara_A_Multi-Task_Supervised_Compression_Model_for_Split_Computing_WACV_2025_paper.pdf,http://arxiv.org/abs/2501.01420
199,Method,Advancing Chart Question Answering with Robust Chart Component Recognition,"Hanwen Zheng, Sijia Wang, Chris Thomas, Lifu Huang",Main,https://openaccess.thecvf.com/content/WACV2025/html/Zheng_Advancing_Chart_Question_Answering_with_Robust_Chart_Component_Recognition_WACV_2025_paper.html,https://openaccess.thecvf.com/content/WACV2025/papers/Zheng_Advancing_Chart_Question_Answering_with_Robust_Chart_Component_Recognition_WACV_2025_paper.pdf,http://arxiv.org/abs/2407.21038
200,Method,Towards Accurate Unified Anomaly Segmentation,"Wenxin Ma, Qingsong Yao, Xiang Zhang, Zhelong Huang, Zihang Jiang, S.Kevin Zhou",Main,https://openaccess.thecvf.com/content/WACV2025/html/Ma_Towards_Accurate_Unified_Anomaly_Segmentation_WACV_2025_paper.html,https://openaccess.thecvf.com/content/WACV2025/papers/Ma_Towards_Accurate_Unified_Anomaly_Segmentation_WACV_2025_paper.pdf,http://arxiv.org/abs/2501.12295
201,Method,TRUST: Time-Domain Residual Unsupervised Stability Technique for Improved Heart Rate Estimation,"Shahzad Ahmad, Sania Bano, Sukalpa Chanda, Santosh Kumar Vipparthi, Subrahmanyam Murala",Main,https://openaccess.thecvf.com/content/WACV2025/html/Ahmad_TRUST_Time-Domain_Residual_Unsupervised_Stability_Technique_for_Improved_Heart_Rate_WACV_2025_paper.html,https://openaccess.thecvf.com/content/WACV2025/papers/Ahmad_TRUST_Time-Domain_Residual_Unsupervised_Stability_Technique_for_Improved_Heart_Rate_WACV_2025_paper.pdf,
202,Method,Attention-Guided Masked Autoencoders for Learning Image Representations,"Leon Sick, Dominik Engel, Pedro Hermosilla, Timo Ropinski",Main,https://openaccess.thecvf.com/content/WACV2025/html/Sick_Attention-Guided_Masked_Autoencoders_for_Learning_Image_Representations_WACV_2025_paper.html,https://openaccess.thecvf.com/content/WACV2025/papers/Sick_Attention-Guided_Masked_Autoencoders_for_Learning_Image_Representations_WACV_2025_paper.pdf,http://arxiv.org/abs/2402.15172
203,Method,Enhancing Vision-Language Few-Shot Adaptation with Negative Learning,"Ce Zhang, Simon Stepputtis, Katia Sycara, Yaqi Xie",Main,https://openaccess.thecvf.com/content/WACV2025/html/Zhang_Enhancing_Vision-Language_Few-Shot_Adaptation_with_Negative_Learning_WACV_2025_paper.html,https://openaccess.thecvf.com/content/WACV2025/papers/Zhang_Enhancing_Vision-Language_Few-Shot_Adaptation_with_Negative_Learning_WACV_2025_paper.pdf,http://arxiv.org/abs/2403.12964
204,Method,MVAD: A Multiple Visual Artifact Detector for Video Streaming,"Chen Feng, Duolikun Danier, Fan Zhang, Alex Mackin, Andrew Collins, David Bull",Main,https://openaccess.thecvf.com/content/WACV2025/html/Feng_MVAD_A_Multiple_Visual_Artifact_Detector_for_Video_Streaming_WACV_2025_paper.html,https://openaccess.thecvf.com/content/WACV2025/papers/Feng_MVAD_A_Multiple_Visual_Artifact_Detector_for_Video_Streaming_WACV_2025_paper.pdf,http://arxiv.org/abs/2406.00212
205,Method,Physiology-Aware PolySnake for Coronary Vessel Segmentation,"Yizhe Ruan, Lin Gu, Yusuke Kurose, Junichi Iho, Youji Tokunaga, Makoto Horie, Yusaku Hayashi, Keisuke Nishizawa, Yasushi Koyama, Tatsuya Harada",Main,https://openaccess.thecvf.com/content/WACV2025/html/Ruan_Physiology-Aware_PolySnake_for_Coronary_Vessel_Segmentation_WACV_2025_paper.html,https://openaccess.thecvf.com/content/WACV2025/papers/Ruan_Physiology-Aware_PolySnake_for_Coronary_Vessel_Segmentation_WACV_2025_paper.pdf,
206,Method,MOOSS: Mask-Enhanced Temporal Contrastive Learning for Smooth State Evolution in Visual Reinforcement Learning,"Jiarui Sun, M. Ugur Akcal, Girish Chowdhary, Wei Zhang",Main,https://openaccess.thecvf.com/content/WACV2025/html/Sun_MOOSS_Mask-Enhanced_Temporal_Contrastive_Learning_for_Smooth_State_Evolution_in_WACV_2025_paper.html,https://openaccess.thecvf.com/content/WACV2025/papers/Sun_MOOSS_Mask-Enhanced_Temporal_Contrastive_Learning_for_Smooth_State_Evolution_in_WACV_2025_paper.pdf,http://arxiv.org/abs/2409.02714
207,Method,Removing Geometric Bias in One-Class Anomaly Detection with Adaptive Feature Perturbation,"Romain Hermary, Vincent Gaudilliere, Abd El Rahman Shabayek, Djamila Aouada",Main,https://openaccess.thecvf.com/content/WACV2025/html/Hermary_Removing_Geometric_Bias_in_One-Class_Anomaly_Detection_with_Adaptive_Feature_WACV_2025_paper.html,https://openaccess.thecvf.com/content/WACV2025/papers/Hermary_Removing_Geometric_Bias_in_One-Class_Anomaly_Detection_with_Adaptive_Feature_WACV_2025_paper.pdf,
208,Method,CryoMAE: Few-Shot Cryo-EM Particle Picking with Masked Autoencoders,"Chentianye Xu, Xueying Zhan, Min Xu",Main,https://openaccess.thecvf.com/content/WACV2025/html/Xu_CryoMAE_Few-Shot_Cryo-EM_Particle_Picking_with_Masked_Autoencoders_WACV_2025_paper.html,https://openaccess.thecvf.com/content/WACV2025/papers/Xu_CryoMAE_Few-Shot_Cryo-EM_Particle_Picking_with_Masked_Autoencoders_WACV_2025_paper.pdf,http://arxiv.org/abs/2404.10178
209,Method,BroadTrack: Broadcast Camera Tracking for Soccer,"Floriane Magera, Thomas Hoyoux, Olivier Barnich, Marc Van Droogenbroeck",Main,https://openaccess.thecvf.com/content/WACV2025/html/Magera_BroadTrack_Broadcast_Camera_Tracking_for_Soccer_WACV_2025_paper.html,https://openaccess.thecvf.com/content/WACV2025/papers/Magera_BroadTrack_Broadcast_Camera_Tracking_for_Soccer_WACV_2025_paper.pdf,http://arxiv.org/abs/2412.01721
210,Method,Negative-Prompt Inversion: Fast Image Inversion for Editing with Text-Guided Diffusion Models,"Daiki Miyake, Akihiro Iohara, Yu Saito, Toshiyuki Tanaka",Main,https://openaccess.thecvf.com/content/WACV2025/html/Miyake_Negative-Prompt_Inversion_Fast_Image_Inversion_for_Editing_with_Text-Guided_Diffusion_WACV_2025_paper.html,https://openaccess.thecvf.com/content/WACV2025/papers/Miyake_Negative-Prompt_Inversion_Fast_Image_Inversion_for_Editing_with_Text-Guided_Diffusion_WACV_2025_paper.pdf,http://arxiv.org/abs/2305.16807
211,Method,EvoCL: Continual Learning over Evolving Domains,"Vishnuprasadh Kumaravelu, P.K. Srijith, Sunil Gupta",Main,https://openaccess.thecvf.com/content/WACV2025/html/Kumaravelu_EvoCL_Continual_Learning_over_Evolving_Domains_WACV_2025_paper.html,https://openaccess.thecvf.com/content/WACV2025/papers/Kumaravelu_EvoCL_Continual_Learning_over_Evolving_Domains_WACV_2025_paper.pdf,
212,Method,Adaptive and Temporally Consistent Gaussian Surfels for Multi-View Dynamic Reconstruction,"Decai Chen, Brianne Oberson, Ingo Feldmann, Oliver Schreer, Anna Hilsmann, Peter Eisert",Main,https://openaccess.thecvf.com/content/WACV2025/html/Chen_Adaptive_and_Temporally_Consistent_Gaussian_Surfels_for_Multi-View_Dynamic_Reconstruction_WACV_2025_paper.html,https://openaccess.thecvf.com/content/WACV2025/papers/Chen_Adaptive_and_Temporally_Consistent_Gaussian_Surfels_for_Multi-View_Dynamic_Reconstruction_WACV_2025_paper.pdf,http://arxiv.org/abs/2411.06602
213,Method,ZeroComp: Zero-Shot Object Compositing from Image Intrinsics via Diffusion,"Zitian Zhang, Frédéric Fortier-Chouinard, Mathieu Garon, Anand Bhattad, Jean-François Lalonde",Main,https://openaccess.thecvf.com/content/WACV2025/html/Zhang_ZeroComp_Zero-Shot_Object_Compositing_from_Image_Intrinsics_via_Diffusion_WACV_2025_paper.html,https://openaccess.thecvf.com/content/WACV2025/papers/Zhang_ZeroComp_Zero-Shot_Object_Compositing_from_Image_Intrinsics_via_Diffusion_WACV_2025_paper.pdf,http://arxiv.org/abs/2410.08168
214,Method,Retrieval Augmented Recipe Generation,"Guoshan Liu, Hailong Yin, Bin Zhu, Jingjing Chen, Chong-Wah Ngo, Yu-Gang Jiang",Main,https://openaccess.thecvf.com/content/WACV2025/html/Liu_Retrieval_Augmented_Recipe_Generation_WACV_2025_paper.html,https://openaccess.thecvf.com/content/WACV2025/papers/Liu_Retrieval_Augmented_Recipe_Generation_WACV_2025_paper.pdf,http://arxiv.org/abs/2411.08715
215,Method,Enriching Local Patterns with Multi-Token Attention for Broad-Sight Neural Networks,"Hankyul Kang, Jongbin Ryu",Main,https://openaccess.thecvf.com/content/WACV2025/html/Kang_Enriching_Local_Patterns_with_Multi-Token_Attention_for_Broad-Sight_Neural_Networks_WACV_2025_paper.html,https://openaccess.thecvf.com/content/WACV2025/papers/Kang_Enriching_Local_Patterns_with_Multi-Token_Attention_for_Broad-Sight_Neural_Networks_WACV_2025_paper.pdf,
216,Method,Data-Efficient 3D Visual Grounding via Order-Aware Referring,"Tung-Yu Wu, Sheng-Yu Huang, Yu-Chiang Frank Wang",Main,https://openaccess.thecvf.com/content/WACV2025/html/Wu_Data-Efficient_3D_Visual_Grounding_via_Order-Aware_Referring_WACV_2025_paper.html,https://openaccess.thecvf.com/content/WACV2025/papers/Wu_Data-Efficient_3D_Visual_Grounding_via_Order-Aware_Referring_WACV_2025_paper.pdf,http://arxiv.org/abs/2403.16539
217,Method,Boosting Semi-Supervised Video Action Detection with Temporal Context,"Donghyeon Kwon, Inho Kim, Suha Kwak",Main,https://openaccess.thecvf.com/content/WACV2025/html/Kwon_Boosting_Semi-Supervised_Video_Action_Detection_with_Temporal_Context_WACV_2025_paper.html,https://openaccess.thecvf.com/content/WACV2025/papers/Kwon_Boosting_Semi-Supervised_Video_Action_Detection_with_Temporal_Context_WACV_2025_paper.pdf,
218,Method,CCASeg: Decoding Multi-Scale Context with Convolutional Cross-Attention for Semantic Segmentation,"Jiwon Yoo, Dami Ko, Gyeonghwan Kim",Main,https://openaccess.thecvf.com/content/WACV2025/html/Yoo_CCASeg_Decoding_Multi-Scale_Context_with_Convolutional_Cross-Attention_for_Semantic_Segmentation_WACV_2025_paper.html,https://openaccess.thecvf.com/content/WACV2025/papers/Yoo_CCASeg_Decoding_Multi-Scale_Context_with_Convolutional_Cross-Attention_for_Semantic_Segmentation_WACV_2025_paper.pdf,
219,Method,STLight: A Fully Convolutional Approach for Efficient Predictive Learning by Spatio-Temporal Joint Processing,"Andrea Alfarano, Alberto Alfarano, Linda Friso, Andrea Bacciu, Irene Amerini, Fabrizio Silvestri",Main,https://openaccess.thecvf.com/content/WACV2025/html/Alfarano_STLight_A_Fully_Convolutional_Approach_for_Efficient_Predictive_Learning_by_WACV_2025_paper.html,https://openaccess.thecvf.com/content/WACV2025/papers/Alfarano_STLight_A_Fully_Convolutional_Approach_for_Efficient_Predictive_Learning_by_WACV_2025_paper.pdf,http://arxiv.org/abs/2411.10198
220,Method,Active Learning for Image Segmentation with Binary User Feedback,"Debanjan Goswami, Shayok Chakraborty",Main,https://openaccess.thecvf.com/content/WACV2025/html/Goswami_Active_Learning_for_Image_Segmentation_with_Binary_User_Feedback_WACV_2025_paper.html,https://openaccess.thecvf.com/content/WACV2025/papers/Goswami_Active_Learning_for_Image_Segmentation_with_Binary_User_Feedback_WACV_2025_paper.pdf,
221,Method,FlashVTG: Feature Layering and Adaptive Score Handling Network for Video Temporal Grounding,"Zhuo Cao, Bingqing Zhang, Heming Du, Xin Yu, Xue Li, Sen Wang",Main,https://openaccess.thecvf.com/content/WACV2025/html/Cao_FlashVTG_Feature_Layering_and_Adaptive_Score_Handling_Network_for_Video_WACV_2025_paper.html,https://openaccess.thecvf.com/content/WACV2025/papers/Cao_FlashVTG_Feature_Layering_and_Adaptive_Score_Handling_Network_for_Video_WACV_2025_paper.pdf,http://arxiv.org/abs/2412.13441
222,Method,Fine-Grained Spatial and Verbal Losses for 3D Visual Grounding,"Sombit Dey, Ozan Unal, Christos Sakaridis, Luc Van Gool",Main,https://openaccess.thecvf.com/content/WACV2025/html/Dey_Fine-Grained_Spatial_and_Verbal_Losses_for_3D_Visual_Grounding_WACV_2025_paper.html,https://openaccess.thecvf.com/content/WACV2025/papers/Dey_Fine-Grained_Spatial_and_Verbal_Losses_for_3D_Visual_Grounding_WACV_2025_paper.pdf,http://arxiv.org/abs/2411.03405
223,Method,Survival Prediction in Lung Cancer through Multi-Modal Representation Learning,"Aiman Farooq, Deepak Mishra, Santanu Chaudhury",Main,https://openaccess.thecvf.com/content/WACV2025/html/Farooq_Survival_Prediction_in_Lung_Cancer_through_Multi-Modal_Representation_Learning_WACV_2025_paper.html,https://openaccess.thecvf.com/content/WACV2025/papers/Farooq_Survival_Prediction_in_Lung_Cancer_through_Multi-Modal_Representation_Learning_WACV_2025_paper.pdf,http://arxiv.org/abs/2409.20179
224,Method,Uncertainty-Aware Regularization for Image-to-Image Translation,"Anuja Vats, Ivar Farup, Marius Pedersen, Kiran Raja",Main,https://openaccess.thecvf.com/content/WACV2025/html/Vats_Uncertainty-Aware_Regularization_for_Image-to-Image_Translation_WACV_2025_paper.html,https://openaccess.thecvf.com/content/WACV2025/papers/Vats_Uncertainty-Aware_Regularization_for_Image-to-Image_Translation_WACV_2025_paper.pdf,http://arxiv.org/abs/2412.01705
225,Method,Revisiting Deep Archetypal Analysis for Phenotype Discovery in High Content Imaging,"Mario Wieser, Daniel Siegismund, Stephan Steigele",Main,https://openaccess.thecvf.com/content/WACV2025/html/Wieser_Revisiting_Deep_Archetypal_Analysis_for_Phenotype_Discovery_in_High_Content_WACV_2025_paper.html,https://openaccess.thecvf.com/content/WACV2025/papers/Wieser_Revisiting_Deep_Archetypal_Analysis_for_Phenotype_Discovery_in_High_Content_WACV_2025_paper.pdf,
226,Method,GaussianBeV : 3D Gaussian Representation Meets Perception Models for BeV Segmentation,"Florian Chabot, Nicolas Granger, Guillaume Lapouge",Main,https://openaccess.thecvf.com/content/WACV2025/html/Chabot_GaussianBeV__3D_Gaussian_Representation_Meets_Perception_Models_for_BeV_WACV_2025_paper.html,https://openaccess.thecvf.com/content/WACV2025/papers/Chabot_GaussianBeV__3D_Gaussian_Representation_Meets_Perception_Models_for_BeV_WACV_2025_paper.pdf,http://arxiv.org/abs/2407.14108
227,Method,PC-GZSL: Prior Correction for Generalized Zero Shot Learning,"S Divakar Bhat, Amit More, Mudit Soni, Bhuvan Aggarwal",Main,https://openaccess.thecvf.com/content/WACV2025/html/Bhat_PC-GZSL_Prior_Correction_for_Generalized_Zero_Shot_Learning_WACV_2025_paper.html,https://openaccess.thecvf.com/content/WACV2025/papers/Bhat_PC-GZSL_Prior_Correction_for_Generalized_Zero_Shot_Learning_WACV_2025_paper.pdf,
228,Method,Multi-Scale Grouped Prototypes for Interpretable Semantic Segmentation,"Hugo Porta, Emanuele Dalsasso, Diego Marcos, Devis Tuia",Main,https://openaccess.thecvf.com/content/WACV2025/html/Porta_Multi-Scale_Grouped_Prototypes_for_Interpretable_Semantic_Segmentation_WACV_2025_paper.html,https://openaccess.thecvf.com/content/WACV2025/papers/Porta_Multi-Scale_Grouped_Prototypes_for_Interpretable_Semantic_Segmentation_WACV_2025_paper.pdf,http://arxiv.org/abs/2409.09497
229,Method,Effective and Efficient Medical Image Segmentation with Hierarchical Context Interaction,"Zehua Cheng, Di Yuan, Wenhu Zhang, Thomas Lukasiewicz",Main,https://openaccess.thecvf.com/content/WACV2025/html/Cheng_Effective_and_Efficient_Medical_Image_Segmentation_with_Hierarchical_Context_Interaction_WACV_2025_paper.html,https://openaccess.thecvf.com/content/WACV2025/papers/Cheng_Effective_and_Efficient_Medical_Image_Segmentation_with_Hierarchical_Context_Interaction_WACV_2025_paper.pdf,
230,Method,A 0-Shot Self-Attention Mechanism for Accelerated Diagonal Attention,"Mario Viti, Nadiya Shvai, Arcadi Llanza, Amir Nakib",Main,https://openaccess.thecvf.com/content/WACV2025/html/Viti_A_0-Shot_Self-Attention_Mechanism_for_Accelerated_Diagonal_Attention_WACV_2025_paper.html,https://openaccess.thecvf.com/content/WACV2025/papers/Viti_A_0-Shot_Self-Attention_Mechanism_for_Accelerated_Diagonal_Attention_WACV_2025_paper.pdf,
231,Method,Bidirectional Multi-Step Domain Generalization for Visible-Infrared Person Re-Identification,"Mahdi Alehdaghi, Pourya Shamsolmoali, Rafael M. O. Cruz, Eric Granger",Main,https://openaccess.thecvf.com/content/WACV2025/html/Alehdaghi_Bidirectional_Multi-Step_Domain_Generalization_for_Visible-Infrared_Person_Re-Identification_WACV_2025_paper.html,https://openaccess.thecvf.com/content/WACV2025/papers/Alehdaghi_Bidirectional_Multi-Step_Domain_Generalization_for_Visible-Infrared_Person_Re-Identification_WACV_2025_paper.pdf,http://arxiv.org/abs/2403.10782
232,Method,Pre-Trained Multiple Latent Variable Generative Models are Good Defenders Against Adversarial Attacks,"Dario Serez, Marco Cristani, Alessio Del Bue, Vittorio Murino, Pietro Morerio",Main,https://openaccess.thecvf.com/content/WACV2025/html/Serez_Pre-Trained_Multiple_Latent_Variable_Generative_Models_are_Good_Defenders_Against_WACV_2025_paper.html,https://openaccess.thecvf.com/content/WACV2025/papers/Serez_Pre-Trained_Multiple_Latent_Variable_Generative_Models_are_Good_Defenders_Against_WACV_2025_paper.pdf,http://arxiv.org/abs/2412.03453
233,Method,TPP-Gaze: Modelling Gaze Dynamics in Space and Time with Neural Temporal Point Processes,"Alessandro D'Amelio, Giuseppe Cartella, Vittorio Cuculo, Manuele Lucchi, Marcella Cornia, Rita Cucchiara, Giuseppe Boccignone",Main,https://openaccess.thecvf.com/content/WACV2025/html/DAmelio_TPP-Gaze_Modelling_Gaze_Dynamics_in_Space_and_Time_with_Neural_WACV_2025_paper.html,https://openaccess.thecvf.com/content/WACV2025/papers/DAmelio_TPP-Gaze_Modelling_Gaze_Dynamics_in_Space_and_Time_with_Neural_WACV_2025_paper.pdf,
234,Method,Towards Unsupervised Blind Face Restoration using Diffusion Prior,"Tianshu Kuai, Sina Honari, Igor Gilitschenski, Alex Levinshtein",Main,https://openaccess.thecvf.com/content/WACV2025/html/Kuai_Towards_Unsupervised_Blind_Face_Restoration_using_Diffusion_Prior_WACV_2025_paper.html,https://openaccess.thecvf.com/content/WACV2025/papers/Kuai_Towards_Unsupervised_Blind_Face_Restoration_using_Diffusion_Prior_WACV_2025_paper.pdf,http://arxiv.org/abs/2410.04618
235,Method,Mamba-ST: State Space Model for Efficient Style Transfer,"Filippo Botti, Alex Ergasti, Leonardo Rossi, Tomaso Fontanini, Claudio Ferrari, Massimo Bertozzi, Andrea Prati",Main,https://openaccess.thecvf.com/content/WACV2025/html/Botti_Mamba-ST_State_Space_Model_for_Efficient_Style_Transfer_WACV_2025_paper.html,https://openaccess.thecvf.com/content/WACV2025/papers/Botti_Mamba-ST_State_Space_Model_for_Efficient_Style_Transfer_WACV_2025_paper.pdf,
236,Method,Through the Curved Cover: Synthesizing Cover Aberrated Scenes with Refractive Field,"Liuyue Xie, Jiancong Guo, László A. Jeni, Zhiheng Jia, Mingyang Li, Yunwen Zhou, Chao Guo",Main,https://openaccess.thecvf.com/content/WACV2025/html/Xie_Through_the_Curved_Cover_Synthesizing_Cover_Aberrated_Scenes_with_Refractive_WACV_2025_paper.html,https://openaccess.thecvf.com/content/WACV2025/papers/Xie_Through_the_Curved_Cover_Synthesizing_Cover_Aberrated_Scenes_with_Refractive_WACV_2025_paper.pdf,http://arxiv.org/abs/2411.06365
237,Method,SoundSil-DS: Deep Denoising and Segmentation of Sound-Field Images with Silhouettes,"Risako Tanigawa, Kenji Ishikawa, Noboru Harada, Yasuhiro Oikawa",Main,https://openaccess.thecvf.com/content/WACV2025/html/Tanigawa_SoundSil-DS_Deep_Denoising_and_Segmentation_of_Sound-Field_Images_with_Silhouettes_WACV_2025_paper.html,https://openaccess.thecvf.com/content/WACV2025/papers/Tanigawa_SoundSil-DS_Deep_Denoising_and_Segmentation_of_Sound-Field_Images_with_Silhouettes_WACV_2025_paper.pdf,
238,Method,Neural Graph Map: Dense Mapping with Efficient Loop Closure Integration,"Leonard Bruns, Jun Zhang, Patric Jensfelt",Main,https://openaccess.thecvf.com/content/WACV2025/html/Bruns_Neural_Graph_Map_Dense_Mapping_with_Efficient_Loop_Closure_Integration_WACV_2025_paper.html,https://openaccess.thecvf.com/content/WACV2025/papers/Bruns_Neural_Graph_Map_Dense_Mapping_with_Efficient_Loop_Closure_Integration_WACV_2025_paper.pdf,
239,Method,Label Convergence: Defining an Upper Performance Bound in Object Recognition through Contradictory Annotations,"David Eike Tschirschwitz, Volker Rodehorst",Main,https://openaccess.thecvf.com/content/WACV2025/html/Tschirschwitz_Label_Convergence_Defining_an_Upper_Performance_Bound_in_Object_Recognition_WACV_2025_paper.html,https://openaccess.thecvf.com/content/WACV2025/papers/Tschirschwitz_Label_Convergence_Defining_an_Upper_Performance_Bound_in_Object_Recognition_WACV_2025_paper.pdf,http://arxiv.org/abs/2409.09412
240,Method,A Two-Head Loss Function for Deep Average-K Classification,"Camille Garcin, Maximilien Servajean, Alexis Joly, Joseph Salmon",Main,https://openaccess.thecvf.com/content/WACV2025/html/Garcin_A_Two-Head_Loss_Function_for_Deep_Average-K_Classification_WACV_2025_paper.html,https://openaccess.thecvf.com/content/WACV2025/papers/Garcin_A_Two-Head_Loss_Function_for_Deep_Average-K_Classification_WACV_2025_paper.pdf,
241,Method,PrivateEye: In-Sensor Privacy Preservation Through Optical Feature Separation,"Adith Boloor, Weikai Lin, Tianrui Ma, Yu Feng, Yuhao Zhu, Xuan Zhang",Main,https://openaccess.thecvf.com/content/WACV2025/html/Boloor_PrivateEye_In-Sensor_Privacy_Preservation_Through_Optical_Feature_Separation_WACV_2025_paper.html,https://openaccess.thecvf.com/content/WACV2025/papers/Boloor_PrivateEye_In-Sensor_Privacy_Preservation_Through_Optical_Feature_Separation_WACV_2025_paper.pdf,
242,Method,DT-LSD: Deformable Transformer-Based Line Segment Detection,"Sebastian Janampa, Marios Pattichis",Main,https://openaccess.thecvf.com/content/WACV2025/html/Janampa_DT-LSD_Deformable_Transformer-Based_Line_Segment_Detection_WACV_2025_paper.html,https://openaccess.thecvf.com/content/WACV2025/papers/Janampa_DT-LSD_Deformable_Transformer-Based_Line_Segment_Detection_WACV_2025_paper.pdf,
243,Method,RapidNet: Multi-Level Dilated Convolution Based Mobile Backbone,"Mustafa Munir, Md Mostafijur Rahman, Radu Marculescu",Main,https://openaccess.thecvf.com/content/WACV2025/html/Munir_RapidNet_Multi-Level_Dilated_Convolution_Based_Mobile_Backbone_WACV_2025_paper.html,https://openaccess.thecvf.com/content/WACV2025/papers/Munir_RapidNet_Multi-Level_Dilated_Convolution_Based_Mobile_Backbone_WACV_2025_paper.pdf,http://arxiv.org/abs/2412.10995
244,Method,Uncertainty-Based Data-Wise Label Smoothing for Calibrating Multiple Instance Learning in Histopathology Image Classification,"Hyeongmin Park, Sungrae Hong, Chanjae Song, Jongwoo Kim, Mun Yong Yi",Main,https://openaccess.thecvf.com/content/WACV2025/html/Park_Uncertainty-Based_Data-Wise_Label_Smoothing_for_Calibrating_Multiple_Instance_Learning_in_WACV_2025_paper.html,https://openaccess.thecvf.com/content/WACV2025/papers/Park_Uncertainty-Based_Data-Wise_Label_Smoothing_for_Calibrating_Multiple_Instance_Learning_in_WACV_2025_paper.pdf,
245,Method,Active Event Alignment for Monocular Distance Estimation,"Nan Cai, Pia Bideau",Main,https://openaccess.thecvf.com/content/WACV2025/html/Cai_Active_Event_Alignment_for_Monocular_Distance_Estimation_WACV_2025_paper.html,https://openaccess.thecvf.com/content/WACV2025/papers/Cai_Active_Event_Alignment_for_Monocular_Distance_Estimation_WACV_2025_paper.pdf,http://arxiv.org/abs/2410.22280
246,Method,ACE: Action Concept Enhancement of Video-Language Models in Procedural Videos,"Reza Ghoddoosian, Nakul Agarwal, Isht Dwivedi, Behzad Dariush",Main,https://openaccess.thecvf.com/content/WACV2025/html/Ghoddoosian_ACE_Action_Concept_Enhancement_of_Video-Language_Models_in_Procedural_Videos_WACV_2025_paper.html,https://openaccess.thecvf.com/content/WACV2025/papers/Ghoddoosian_ACE_Action_Concept_Enhancement_of_Video-Language_Models_in_Procedural_Videos_WACV_2025_paper.pdf,http://arxiv.org/abs/2411.15628
247,Method,Psych-Occlusion: using Visual Psychophysics for Aerial Detection of Occluded Persons during Search and Rescue,"Arturo Miguel Russell Bernal, Jane Cleland-Huang, Walter Scheirer",Main,https://openaccess.thecvf.com/content/WACV2025/html/Bernal_Psych-Occlusion_using_Visual_Psychophysics_for_Aerial_Detection_of_Occluded_Persons_WACV_2025_paper.html,https://openaccess.thecvf.com/content/WACV2025/papers/Bernal_Psych-Occlusion_using_Visual_Psychophysics_for_Aerial_Detection_of_Occluded_Persons_WACV_2025_paper.pdf,
248,Method,Ordinal Multiple-Instance Learning for Ulcerative Colitis Severity Estimation with Selective Aggregated Transformer,"Kaito Shiku, Kazuya Nishimura, Daiki Suehiro, Kiyohito Tanaka, Ryoma Bise",Main,https://openaccess.thecvf.com/content/WACV2025/html/Shiku_Ordinal_Multiple-Instance_Learning_for_Ulcerative_Colitis_Severity_Estimation_with_Selective_WACV_2025_paper.html,https://openaccess.thecvf.com/content/WACV2025/papers/Shiku_Ordinal_Multiple-Instance_Learning_for_Ulcerative_Colitis_Severity_Estimation_with_Selective_WACV_2025_paper.pdf,http://arxiv.org/abs/2411.14750
249,Method,ConDiSR: Contrastive Disentanglement and Style Regularization for Single Domain Generalizatio,"Aleksandr Matsun, Numan Saeed, Fadillah Adamsyah Maani, Mohammad Yaqub",Main,https://openaccess.thecvf.com/content/WACV2025/html/Matsun_ConDiSR_Contrastive_Disentanglement_and_Style_Regularization_for_Single_Domain_Generalizatio_WACV_2025_paper.html,https://openaccess.thecvf.com/content/WACV2025/papers/Matsun_ConDiSR_Contrastive_Disentanglement_and_Style_Regularization_for_Single_Domain_Generalizatio_WACV_2025_paper.pdf,
250,Method,MRI Reconstruction with Regularized 3D Diffusion Model (R3DM),"Arya Bangun, Zhuo Cao, Alessio Quercia, Hanno Scharr, Elisabeth Pfaehler",Main,https://openaccess.thecvf.com/content/WACV2025/html/Bangun_MRI_Reconstruction_with_Regularized_3D_Diffusion_Model_R3DM_WACV_2025_paper.html,https://openaccess.thecvf.com/content/WACV2025/papers/Bangun_MRI_Reconstruction_with_Regularized_3D_Diffusion_Model_R3DM_WACV_2025_paper.pdf,http://arxiv.org/abs/2412.18723
251,Method,DreaMo: Articulated 3D Reconstruction from a Single Casual Video,"Tao Tu, Ming-Feng Li, Chieh Hubert Lin, Yen-Chi Cheng, Min Sun, Ming-Hsuan Yang",Main,https://openaccess.thecvf.com/content/WACV2025/html/Tu_DreaMo_Articulated_3D_Reconstruction_from_a_Single_Casual_Video_WACV_2025_paper.html,https://openaccess.thecvf.com/content/WACV2025/papers/Tu_DreaMo_Articulated_3D_Reconstruction_from_a_Single_Casual_Video_WACV_2025_paper.pdf,http://arxiv.org/abs/2312.02617
252,Method,A Regional-Level Resource-Saving Model for Winter Road Surface Snow Detection in Extreme Weathers,"Xinhao Zhou, Tong Wang, Zhaodong Liu, Hao Wei, Guangyuan Pan",Main,https://openaccess.thecvf.com/content/WACV2025/html/Zhou_A_Regional-Level_Resource-Saving_Model_for_Winter_Road_Surface_Snow_Detection_WACV_2025_paper.html,https://openaccess.thecvf.com/content/WACV2025/papers/Zhou_A_Regional-Level_Resource-Saving_Model_for_Winter_Road_Surface_Snow_Detection_WACV_2025_paper.pdf,
253,Method,EDMB: Edge Detector with Mamba,"Yachuan Li, Xavier Soria Poma, Yun Bai, Qian Xiao, Chaozhi Yang, Guanlin Li, Zongmin Li",Main,https://openaccess.thecvf.com/content/WACV2025/html/Li_EDMB_Edge_Detector_with_Mamba_WACV_2025_paper.html,https://openaccess.thecvf.com/content/WACV2025/papers/Li_EDMB_Edge_Detector_with_Mamba_WACV_2025_paper.pdf,http://arxiv.org/abs/2501.04846
254,Method,USWformer: Efficient Sparse Wavelet Transformer for Underwater Image Enhancement,"Priyanka Mishra, Nancy Mehta, Santosh Kumar Vipparthi, Subrahmanyam Murala",Main,https://openaccess.thecvf.com/content/WACV2025/html/Mishra_USWformer_Efficient_Sparse_Wavelet_Transformer_for_Underwater_Image_Enhancement_WACV_2025_paper.html,https://openaccess.thecvf.com/content/WACV2025/papers/Mishra_USWformer_Efficient_Sparse_Wavelet_Transformer_for_Underwater_Image_Enhancement_WACV_2025_paper.pdf,
255,Method,Data Augmentation for Surgical Scene Segmentation with Anatomy-Aware Diffusion Models,"Danush Kumar Venkatesh, Dominik Rivoir, Micha Pfeiffer, Fiona Kolbinger, Stefanie Speidel",Main,https://openaccess.thecvf.com/content/WACV2025/html/Venkatesh_Data_Augmentation_for_Surgical_Scene_Segmentation_with_Anatomy-Aware_Diffusion_Models_WACV_2025_paper.html,https://openaccess.thecvf.com/content/WACV2025/papers/Venkatesh_Data_Augmentation_for_Surgical_Scene_Segmentation_with_Anatomy-Aware_Diffusion_Models_WACV_2025_paper.pdf,http://arxiv.org/abs/2410.07753
256,Method,Identity Curvature Laplace Approximation for Improved Out-of-Distribution Detection,"Maksim Zhdanov, Stanislav Dereka, Sergey Kolesnikov",Main,https://openaccess.thecvf.com/content/WACV2025/html/Zhdanov_Identity_Curvature_Laplace_Approximation_for_Improved_Out-of-Distribution_Detection_WACV_2025_paper.html,https://openaccess.thecvf.com/content/WACV2025/papers/Zhdanov_Identity_Curvature_Laplace_Approximation_for_Improved_Out-of-Distribution_Detection_WACV_2025_paper.pdf,http://arxiv.org/abs/2312.10464
257,Method,CLIPScope: Enhancing Zero-Shot OOD Detection with Bayesian Scoring,"Hao Fu, Naman Patel, Prashanth Krishnamurthy, Farshad khorrami",Main,https://openaccess.thecvf.com/content/WACV2025/html/Fu_CLIPScope_Enhancing_Zero-Shot_OOD_Detection_with_Bayesian_Scoring_WACV_2025_paper.html,https://openaccess.thecvf.com/content/WACV2025/papers/Fu_CLIPScope_Enhancing_Zero-Shot_OOD_Detection_with_Bayesian_Scoring_WACV_2025_paper.pdf,http://arxiv.org/abs/2405.14737
258,Method,Graph-Jigsaw Conditioned Diffusion Model for Skeleton-Based Video Anomaly Detection,"Ali Karami, Thi Kieu Khanh Ho, Narges Armanfard",Main,https://openaccess.thecvf.com/content/WACV2025/html/Karami_Graph-Jigsaw_Conditioned_Diffusion_Model_for_Skeleton-Based_Video_Anomaly_Detection_WACV_2025_paper.html,https://openaccess.thecvf.com/content/WACV2025/papers/Karami_Graph-Jigsaw_Conditioned_Diffusion_Model_for_Skeleton-Based_Video_Anomaly_Detection_WACV_2025_paper.pdf,http://arxiv.org/abs/2403.12172
259,Method,Federated Source-Free Domain Adaptation for Classification: Weighted Cluster Aggregation for Unlabeled Data,"Junki Mori, Kosuke Kihara, Taiki Miyagawa, Akinori F. Ebihara, Isamu Teranishi, Hisashi Kashima",Main,https://openaccess.thecvf.com/content/WACV2025/html/Mori_Federated_Source-Free_Domain_Adaptation_for_Classification_Weighted_Cluster_Aggregation_for_WACV_2025_paper.html,https://openaccess.thecvf.com/content/WACV2025/papers/Mori_Federated_Source-Free_Domain_Adaptation_for_Classification_Weighted_Cluster_Aggregation_for_WACV_2025_paper.pdf,http://arxiv.org/abs/2412.13757
260,Method,Active Learning for Vision Language Models,"Bardia Safaei, Vishal M. Patel",Main,https://openaccess.thecvf.com/content/WACV2025/html/Safaei_Active_Learning_for_Vision_Language_Models_WACV_2025_paper.html,https://openaccess.thecvf.com/content/WACV2025/papers/Safaei_Active_Learning_for_Vision_Language_Models_WACV_2025_paper.pdf,http://arxiv.org/abs/2410.22187
261,Method,Metric Compatible Training for Online Backfilling in Large-Scale Retrieval,"Seonguk Seo, Mustafa Gokhan Uzunbas, Bohyung Han, Sara Cao, Ser-Nam Lim",Main,https://openaccess.thecvf.com/content/WACV2025/html/Seo_Metric_Compatible_Training_for_Online_Backfilling_in_Large-Scale_Retrieval_WACV_2025_paper.html,https://openaccess.thecvf.com/content/WACV2025/papers/Seo_Metric_Compatible_Training_for_Online_Backfilling_in_Large-Scale_Retrieval_WACV_2025_paper.pdf,http://arxiv.org/abs/2301.03767
262,Method,GaitCloud: Leveraging Spatial-Temporal Information for LiDAR-Base Gait Recognition with A True-3D Gait Representation,"Shaoxiong Zhang, Hiromitsu Awano, Takashi Sato",Main,https://openaccess.thecvf.com/content/WACV2025/html/Zhang_GaitCloud_Leveraging_Spatial-Temporal_Information_for_LiDAR-Base_Gait_Recognition_with_A_WACV_2025_paper.html,https://openaccess.thecvf.com/content/WACV2025/papers/Zhang_GaitCloud_Leveraging_Spatial-Temporal_Information_for_LiDAR-Base_Gait_Recognition_with_A_WACV_2025_paper.pdf,
263,Method,Dequantization and Color Transfer with Diffusion Models,"Vaibhav Vavilala, Faaris Shaik, David Forsyth",Main,https://openaccess.thecvf.com/content/WACV2025/html/Vavilala_Dequantization_and_Color_Transfer_with_Diffusion_Models_WACV_2025_paper.html,https://openaccess.thecvf.com/content/WACV2025/papers/Vavilala_Dequantization_and_Color_Transfer_with_Diffusion_Models_WACV_2025_paper.pdf,http://arxiv.org/abs/2307.02698
264,Method,Partial Filter-Sharing: Improved Parameter-Sharing Method for Single Image Super-Resolution Networks,"Karam Park, Nam Ik Cho",Main,https://openaccess.thecvf.com/content/WACV2025/html/Park_Partial_Filter-Sharing_Improved_Parameter-Sharing_Method_for_Single_Image_Super-Resolution_Networks_WACV_2025_paper.html,https://openaccess.thecvf.com/content/WACV2025/papers/Park_Partial_Filter-Sharing_Improved_Parameter-Sharing_Method_for_Single_Image_Super-Resolution_Networks_WACV_2025_paper.pdf,
265,Method,Identify Backdoored Model in Federated Learning via Individual Unlearning,"Jiahao Xu, Zikai Zhang, Rui Hu",Main,https://openaccess.thecvf.com/content/WACV2025/html/Xu_Identify_Backdoored_Model_in_Federated_Learning_via_Individual_Unlearning_WACV_2025_paper.html,https://openaccess.thecvf.com/content/WACV2025/papers/Xu_Identify_Backdoored_Model_in_Federated_Learning_via_Individual_Unlearning_WACV_2025_paper.pdf,http://arxiv.org/abs/2411.01040
266,Method,Multispectral Object Detection Enhanced by Cross-Modal Information Complementary and Cosine Similarity Channel Resampling Modules,"Junbo Jang, Chanyeong Park, Heegwang Kim, Jiyoon Lee, Joonki Paik",Main,https://openaccess.thecvf.com/content/WACV2025/html/Jang_Multispectral_Object_Detection_Enhanced_by_Cross-Modal_Information_Complementary_and_Cosine_WACV_2025_paper.html,https://openaccess.thecvf.com/content/WACV2025/papers/Jang_Multispectral_Object_Detection_Enhanced_by_Cross-Modal_Information_Complementary_and_Cosine_WACV_2025_paper.pdf,
267,Method,Robust Long-Range Perception Against Sensor Misalignment in Autonomous Vehicles,"Zi-Xiang Xia, Sudeep Fadadu, Yi Shi, Louis Foucard",Main,https://openaccess.thecvf.com/content/WACV2025/html/Xia_Robust_Long-Range_Perception_Against_Sensor_Misalignment_in_Autonomous_Vehicles_WACV_2025_paper.html,https://openaccess.thecvf.com/content/WACV2025/papers/Xia_Robust_Long-Range_Perception_Against_Sensor_Misalignment_in_Autonomous_Vehicles_WACV_2025_paper.pdf,http://arxiv.org/abs/2408.11196
268,Method,Unsupervised Domain Adaptive Visual Question Answering in the Era of Multi-Modal Large Language Models,"Weixi Weng, Rui Zhang, Xiaojun Meng, Jieming Zhu, Qun Liu, Chun Yuan",Main,https://openaccess.thecvf.com/content/WACV2025/html/Weng_Unsupervised_Domain_Adaptive_Visual_Question_Answering_in_the_Era_of_WACV_2025_paper.html,https://openaccess.thecvf.com/content/WACV2025/papers/Weng_Unsupervised_Domain_Adaptive_Visual_Question_Answering_in_the_Era_of_WACV_2025_paper.pdf,
269,Method,PULSE: Physiological Understanding with Liquid Signal Extraction,"Shahzad Ahmad, Sania Bano, Sachin Verma, Yogesh Singh Rawat, Sukalpa Chanda, Santosh Kumar Vipparthi, Subrahmanyam Murala",Main,https://openaccess.thecvf.com/content/WACV2025/html/Ahmad_PULSE_Physiological_Understanding_with_Liquid_Signal_Extraction_WACV_2025_paper.html,https://openaccess.thecvf.com/content/WACV2025/papers/Ahmad_PULSE_Physiological_Understanding_with_Liquid_Signal_Extraction_WACV_2025_paper.pdf,
270,Method,On Which Data Distribution (Synthetic or Real) We Should Rely for Soft Biometric Classification,"Manju R. A, Atul Kumar, Akshay Agarwal",Main,https://openaccess.thecvf.com/content/WACV2025/html/A_On_Which_Data_Distribution_Synthetic_or_Real_We_Should_Rely_WACV_2025_paper.html,https://openaccess.thecvf.com/content/WACV2025/papers/A_On_Which_Data_Distribution_Synthetic_or_Real_We_Should_Rely_WACV_2025_paper.pdf,
271,Method,CAMEL: Confidence-Aware Multi-Task Ensemble Learning with Spatial Information for Retina OCT Image Classification and Segmentation,"Juho Jung, Migyeong Yang, Hyunseon Won, Jiwon Kim, Jeong Mo Han, Joon Seo Hwang, Daniel Duck-Jin Hwang, Jinyoung Han",Main,https://openaccess.thecvf.com/content/WACV2025/html/Jung_CAMEL_Confidence-Aware_Multi-Task_Ensemble_Learning_with_Spatial_Information_for_Retina_WACV_2025_paper.html,https://openaccess.thecvf.com/content/WACV2025/papers/Jung_CAMEL_Confidence-Aware_Multi-Task_Ensemble_Learning_with_Spatial_Information_for_Retina_WACV_2025_paper.pdf,
272,Method,ERM++: An Improved Baseline for Domain Generalization,"Piotr Teterwak, Kuniaki Saito, Theodoros Tsiligkaridis, Kate Saenko, Bryan Plummer",Main,https://openaccess.thecvf.com/content/WACV2025/html/Teterwak_ERM_An_Improved_Baseline_for_Domain_Generalization_WACV_2025_paper.html,https://openaccess.thecvf.com/content/WACV2025/papers/Teterwak_ERM_An_Improved_Baseline_for_Domain_Generalization_WACV_2025_paper.pdf,
273,Method,Test-Time Low Rank Adaptation via Confidence Maximization for Zero-Shot Generalization of Vision-Language Models,"Raza Imam, Hanan Gani, Muhammad Huzaifa, Karthik Nandakumar",Main,https://openaccess.thecvf.com/content/WACV2025/html/Imam_Test-Time_Low_Rank_Adaptation_via_Confidence_Maximization_for_Zero-Shot_Generalization_WACV_2025_paper.html,https://openaccess.thecvf.com/content/WACV2025/papers/Imam_Test-Time_Low_Rank_Adaptation_via_Confidence_Maximization_for_Zero-Shot_Generalization_WACV_2025_paper.pdf,http://arxiv.org/abs/2407.15913
274,Method,HybridDepth: Robust Metric Depth Fusion by Leveraging Depth from Focus and Single-Image Priors,"Ashkan Ganj, Hang Su, Tian Guo",Main,https://openaccess.thecvf.com/content/WACV2025/html/Ganj_HybridDepth_Robust_Metric_Depth_Fusion_by_Leveraging_Depth_from_Focus_WACV_2025_paper.html,https://openaccess.thecvf.com/content/WACV2025/papers/Ganj_HybridDepth_Robust_Metric_Depth_Fusion_by_Leveraging_Depth_from_Focus_WACV_2025_paper.pdf,http://arxiv.org/abs/2407.18443
275,Method,MFTIQ: Multi-Flow Tracker with Independent Matching Quality Estimation,"Jonas Serych, Michal Neoral, Jiri Matas",Main,https://openaccess.thecvf.com/content/WACV2025/html/Serych_MFTIQ_Multi-Flow_Tracker_with_Independent_Matching_Quality_Estimation_WACV_2025_paper.html,https://openaccess.thecvf.com/content/WACV2025/papers/Serych_MFTIQ_Multi-Flow_Tracker_with_Independent_Matching_Quality_Estimation_WACV_2025_paper.pdf,http://arxiv.org/abs/2411.09551
276,Method,VHS: High-Resolution Iterative Stereo Matching with Visual Hull Priors,"Markus Plack, Hannah Dröge, Leif Van Holland, Matthias B. Hullin",Main,https://openaccess.thecvf.com/content/WACV2025/html/Plack_VHS_High-Resolution_Iterative_Stereo_Matching_with_Visual_Hull_Priors_WACV_2025_paper.html,https://openaccess.thecvf.com/content/WACV2025/papers/Plack_VHS_High-Resolution_Iterative_Stereo_Matching_with_Visual_Hull_Priors_WACV_2025_paper.pdf,
277,Method,A Mamba-Based Siamese Network for Remote Sensing Change Detection,"Jay N. Paranjape, Celso de Melo, Vishal M. Patel",Main,https://openaccess.thecvf.com/content/WACV2025/html/Paranjape_A_Mamba-Based_Siamese_Network_for_Remote_Sensing_Change_Detection_WACV_2025_paper.html,https://openaccess.thecvf.com/content/WACV2025/papers/Paranjape_A_Mamba-Based_Siamese_Network_for_Remote_Sensing_Change_Detection_WACV_2025_paper.pdf,http://arxiv.org/abs/2407.06839
278,Method,Language-Guided Instance-Aware Domain-Adaptive Panoptic Segmentation,"Elham Amin Mansour, Ozan Unal, Suman Saha, Benjamin Bejar, Luc Van Gool",Main,https://openaccess.thecvf.com/content/WACV2025/html/Mansour_Language-Guided_Instance-Aware_Domain-Adaptive_Panoptic_Segmentation_WACV_2025_paper.html,https://openaccess.thecvf.com/content/WACV2025/papers/Mansour_Language-Guided_Instance-Aware_Domain-Adaptive_Panoptic_Segmentation_WACV_2025_paper.pdf,http://arxiv.org/abs/2404.03799
279,Method,Bit-Flip Induced Latency Attacks in Object Detection,"Manojna Sistla, Yu Wen, Aamir Bader Shah, Chenpei Huang, Lening Wang, Xuqing Wu, Jiefu Chen, Miao Pan, Xin Fu",Main,https://openaccess.thecvf.com/content/WACV2025/html/Sistla_Bit-Flip_Induced_Latency_Attacks_in_Object_Detection_WACV_2025_paper.html,https://openaccess.thecvf.com/content/WACV2025/papers/Sistla_Bit-Flip_Induced_Latency_Attacks_in_Object_Detection_WACV_2025_paper.pdf,
280,Method,Foundation Models and Adaptive Feature Selection: A Synergistic Approach to Video Question Answering,"Sai Bhargav Rongali, Mohamad Hassan N C, Ankit Jha, Neha Bhargava, Saurabh Prasad, Biplab Banerjee",Main,https://openaccess.thecvf.com/content/WACV2025/html/Rongali_Foundation_Models_and_Adaptive_Feature_Selection_A_Synergistic_Approach_to_WACV_2025_paper.html,https://openaccess.thecvf.com/content/WACV2025/papers/Rongali_Foundation_Models_and_Adaptive_Feature_Selection_A_Synergistic_Approach_to_WACV_2025_paper.pdf,http://arxiv.org/abs/2412.09230
281,Method,LLM-RSPF: Large Language Model-Based Robotic System Planning Framework for Domain Specific Use-Cases,"Chandan Kumar Singh, Devesh Kumar, Vipul Sanap, Rajesh Sinha",Main,https://openaccess.thecvf.com/content/WACV2025/html/Singh_LLM-RSPF_Large_Language_Model-Based_Robotic_System_Planning_Framework_for_Domain_WACV_2025_paper.html,https://openaccess.thecvf.com/content/WACV2025/papers/Singh_LLM-RSPF_Large_Language_Model-Based_Robotic_System_Planning_Framework_for_Domain_WACV_2025_paper.pdf,
282,Method,MemFusionMap: Working Memory Fusion for Online Vectorized HD Map Construction,"Jingyu Song, Xudong Chen, Liupei Lu, Jie Li, Katherine A. Skinner",Main,https://openaccess.thecvf.com/content/WACV2025/html/Song_MemFusionMap_Working_Memory_Fusion_for_Online_Vectorized_HD_Map_Construction_WACV_2025_paper.html,https://openaccess.thecvf.com/content/WACV2025/papers/Song_MemFusionMap_Working_Memory_Fusion_for_Online_Vectorized_HD_Map_Construction_WACV_2025_paper.pdf,http://arxiv.org/abs/2409.18737
283,Method,DragonTrack: Transformer-Enhanced Graphical Multi-Person Tracking in Complex Scenarios,"Bishoy Galoaa, Somaieh Amraee, Sarah Ostadabbas",Main,https://openaccess.thecvf.com/content/WACV2025/html/Galoaa_DragonTrack_Transformer-Enhanced_Graphical_Multi-Person_Tracking_in_Complex_Scenarios_WACV_2025_paper.html,https://openaccess.thecvf.com/content/WACV2025/papers/Galoaa_DragonTrack_Transformer-Enhanced_Graphical_Multi-Person_Tracking_in_Complex_Scenarios_WACV_2025_paper.pdf,
284,Method,Improving Detail in Pluralistic Image Inpainting with Feature Dequantization,"Kyungri Park, Woohwan Jung",Main,https://openaccess.thecvf.com/content/WACV2025/html/Park_Improving_Detail_in_Pluralistic_Image_Inpainting_with_Feature_Dequantization_WACV_2025_paper.html,https://openaccess.thecvf.com/content/WACV2025/papers/Park_Improving_Detail_in_Pluralistic_Image_Inpainting_with_Feature_Dequantization_WACV_2025_paper.pdf,http://arxiv.org/abs/2412.01046
285,Method,CRAFT: Class Ranking Aware Fine-Tuning for Enhanced Out-of-Distribution Detection,"Naveen Karunanayake, Suranga Seneviratne, Sanjay Chawla",Main,https://openaccess.thecvf.com/content/WACV2025/html/Karunanayake_CRAFT_Class_Ranking_Aware_Fine-Tuning_for_Enhanced_Out-of-Distribution_Detection_WACV_2025_paper.html,https://openaccess.thecvf.com/content/WACV2025/papers/Karunanayake_CRAFT_Class_Ranking_Aware_Fine-Tuning_for_Enhanced_Out-of-Distribution_Detection_WACV_2025_paper.pdf,
286,Method,Improving Faithfulness of Text-to-Image Diffusion Models through Inference Intervention,"Danfeng Guo, Sanchit Agarwal, Yu-Hsiang Lin, Jiun-Yu Kao, Tagyoung Chung, Nanyun Peng, Mohit Bansal",Main,https://openaccess.thecvf.com/content/WACV2025/html/Guo_Improving_Faithfulness_of_Text-to-Image_Diffusion_Models_through_Inference_Intervention_WACV_2025_paper.html,https://openaccess.thecvf.com/content/WACV2025/papers/Guo_Improving_Faithfulness_of_Text-to-Image_Diffusion_Models_through_Inference_Intervention_WACV_2025_paper.pdf,
287,Method,SenCLIP: Enhancing Zero-Shot Land-Use Mapping for Sentinel-2 with Ground-Level Prompting,"Pallavi Jain, Dino Ienco, Roberto Interdonato, Tristan Berchoux, Diego Marcos",Main,https://openaccess.thecvf.com/content/WACV2025/html/Jain_SenCLIP_Enhancing_Zero-Shot_Land-Use_Mapping_for_Sentinel-2_with_Ground-Level_Prompting_WACV_2025_paper.html,https://openaccess.thecvf.com/content/WACV2025/papers/Jain_SenCLIP_Enhancing_Zero-Shot_Land-Use_Mapping_for_Sentinel-2_with_Ground-Level_Prompting_WACV_2025_paper.pdf,
288,Method,ENAF: A Multi-Exit Network with an Adaptive Patch Fusion for Large Image Super Resolution,"Manh Duong Nguyen, Tuan Nghia Nguyen, Xuan Truong Nguyen",Main,https://openaccess.thecvf.com/content/WACV2025/html/Nguyen_ENAF_A_Multi-Exit_Network_with_an_Adaptive_Patch_Fusion_for_WACV_2025_paper.html,https://openaccess.thecvf.com/content/WACV2025/papers/Nguyen_ENAF_A_Multi-Exit_Network_with_an_Adaptive_Patch_Fusion_for_WACV_2025_paper.pdf,
289,Method,DiffQRCoder: Diffusion-Based Aesthetic QR Code Generation with Scanning Robustness Guided Iterative Refinement,"Jia-Wei Liao, Winston Wang, Tzu-Sian Wang, Li-Xuan Peng, Ju-Hsuan Weng, Cheng-Fu Chou, Jun-Cheng Chen",Main,https://openaccess.thecvf.com/content/WACV2025/html/Liao_DiffQRCoder_Diffusion-Based_Aesthetic_QR_Code_Generation_with_Scanning_Robustness_Guided_WACV_2025_paper.html,https://openaccess.thecvf.com/content/WACV2025/papers/Liao_DiffQRCoder_Diffusion-Based_Aesthetic_QR_Code_Generation_with_Scanning_Robustness_Guided_WACV_2025_paper.pdf,http://arxiv.org/abs/2409.06355
290,Method,SeCo-INR: Semantically Conditioned Implicit Neural Representations for Improved Medical Image Super-Resolution,"Mevan Ekanayake, Zhifeng Chen, Gary Egan, Mehrtash Harandi, Zhaolin Chen",Main,https://openaccess.thecvf.com/content/WACV2025/html/Ekanayake_SeCo-INR_Semantically_Conditioned_Implicit_Neural_Representations_for_Improved_Medical_Image_WACV_2025_paper.html,https://openaccess.thecvf.com/content/WACV2025/papers/Ekanayake_SeCo-INR_Semantically_Conditioned_Implicit_Neural_Representations_for_Improved_Medical_Image_WACV_2025_paper.pdf,
291,Method,Disentangle Source and Target Knowledge for Continual Test-Time Adaptation,"Tianyi Ma, Maoying Qiao",Main,https://openaccess.thecvf.com/content/WACV2025/html/Ma_Disentangle_Source_and_Target_Knowledge_for_Continual_Test-Time_Adaptation_WACV_2025_paper.html,https://openaccess.thecvf.com/content/WACV2025/papers/Ma_Disentangle_Source_and_Target_Knowledge_for_Continual_Test-Time_Adaptation_WACV_2025_paper.pdf,
292,Method,LiLMaps: Learnable Implicit Language Maps,"Evgenii Kruzhkov, Sven Behnke",Main,https://openaccess.thecvf.com/content/WACV2025/html/Kruzhkov_LiLMaps_Learnable_Implicit_Language_Maps_WACV_2025_paper.html,https://openaccess.thecvf.com/content/WACV2025/papers/Kruzhkov_LiLMaps_Learnable_Implicit_Language_Maps_WACV_2025_paper.pdf,http://arxiv.org/abs/2501.03304
293,Method,Boosting Diffusion Guidance via Learning Degradation-Aware Models for Blind Super Resolution,"Shao-Hao Lu, Ren Wang, Ching-Chun Huang, Wei-Chen Chiu",Main,https://openaccess.thecvf.com/content/WACV2025/html/Lu_Boosting_Diffusion_Guidance_via_Learning_Degradation-Aware_Models_for_Blind_Super_WACV_2025_paper.html,https://openaccess.thecvf.com/content/WACV2025/papers/Lu_Boosting_Diffusion_Guidance_via_Learning_Degradation-Aware_Models_for_Blind_Super_WACV_2025_paper.pdf,http://arxiv.org/abs/2501.08819
294,Method,AdaPrefix++: Integrating Adapters Prefixes and Hypernetwork for Continual Learning,"Sayanta Adhikari, Dupati Srikar Chandra, P. K. Srijith, Pankaj Wasnik, Naoyuki Oneo",Main,https://openaccess.thecvf.com/content/WACV2025/html/Adhikari_AdaPrefix_Integrating_Adapters_Prefixes_and_Hypernetwork_for_Continual_Learning_WACV_2025_paper.html,https://openaccess.thecvf.com/content/WACV2025/papers/Adhikari_AdaPrefix_Integrating_Adapters_Prefixes_and_Hypernetwork_for_Continual_Learning_WACV_2025_paper.pdf,
295,Method,Enhancing Novel Object Detection via Cooperative Foundational Models,"Rohit Bharadwaj, Muzammal Naseer, Salman Khan, Fahad Shahbaz Khan",Main,https://openaccess.thecvf.com/content/WACV2025/html/Bharadwaj_Enhancing_Novel_Object_Detection_via_Cooperative_Foundational_Models_WACV_2025_paper.html,https://openaccess.thecvf.com/content/WACV2025/papers/Bharadwaj_Enhancing_Novel_Object_Detection_via_Cooperative_Foundational_Models_WACV_2025_paper.pdf,http://arxiv.org/abs/2311.12068
296,Method,SADA: Semantic Adversarial Unsupervised Domain Adaptation for Temporal Action Localization,"David Pujol-Perich, Albert Clapés, Sergio Escalera",Main,https://openaccess.thecvf.com/content/WACV2025/html/Pujol-Perich_SADA_Semantic_Adversarial_Unsupervised_Domain_Adaptation_for_Temporal_Action_Localization_WACV_2025_paper.html,https://openaccess.thecvf.com/content/WACV2025/papers/Pujol-Perich_SADA_Semantic_Adversarial_Unsupervised_Domain_Adaptation_for_Temporal_Action_Localization_WACV_2025_paper.pdf,
297,Method,Autoregressive Adaptive Hypergraph Transformer for Skeleton-Based Activity Recognition,"Abhisek Ray, Ayush Raj, Maheshkumar H. Kolekar",Main,https://openaccess.thecvf.com/content/WACV2025/html/Ray_Autoregressive_Adaptive_Hypergraph_Transformer_for_Skeleton-Based_Activity_Recognition_WACV_2025_paper.html,https://openaccess.thecvf.com/content/WACV2025/papers/Ray_Autoregressive_Adaptive_Hypergraph_Transformer_for_Skeleton-Based_Activity_Recognition_WACV_2025_paper.pdf,http://arxiv.org/abs/2411.05692
298,Method,Stratified Domain Adaptation: A Progressive Self-Training Approach for Scene Text Recognition,"Kha Nhat Le, Hoang-Tuan Nguyen, Hung Tien Tran, Thanh Duc Ngo",Main,https://openaccess.thecvf.com/content/WACV2025/html/Le_Stratified_Domain_Adaptation_A_Progressive_Self-Training_Approach_for_Scene_Text_WACV_2025_paper.html,https://openaccess.thecvf.com/content/WACV2025/papers/Le_Stratified_Domain_Adaptation_A_Progressive_Self-Training_Approach_for_Scene_Text_WACV_2025_paper.pdf,http://arxiv.org/abs/2410.09913
299,Method,Contrastive Sequential-Diffusion Learning: Non-Linear and Multi-Scene Instructional Video Synthesis,"Vasco Ramos, Yonatan Bitton, Michal Yarom, Idan Szpektor, Joao Magalhaes",Main,https://openaccess.thecvf.com/content/WACV2025/html/Ramos_Contrastive_Sequential-Diffusion_Learning_Non-Linear_and_Multi-Scene_Instructional_Video_Synthesis_WACV_2025_paper.html,https://openaccess.thecvf.com/content/WACV2025/papers/Ramos_Contrastive_Sequential-Diffusion_Learning_Non-Linear_and_Multi-Scene_Instructional_Video_Synthesis_WACV_2025_paper.pdf,http://arxiv.org/abs/2407.11814
300,Method,HeightLane: BEV Heightmap Guided 3D Lane Detection,"Chaesong Park, Eunbin Seo, Jongwoo Lim",Main,https://openaccess.thecvf.com/content/WACV2025/html/Park_HeightLane_BEV_Heightmap_Guided_3D_Lane_Detection_WACV_2025_paper.html,https://openaccess.thecvf.com/content/WACV2025/papers/Park_HeightLane_BEV_Heightmap_Guided_3D_Lane_Detection_WACV_2025_paper.pdf,http://arxiv.org/abs/2408.08270
301,Method,DASC-SPT: Towards Self-Supervised Panoramic Semantic Segmentation,"Tianlong Tan, Bin Chen, Hongliang Cao, Chenggang Yan, Yike Ma, Feng Dai",Main,https://openaccess.thecvf.com/content/WACV2025/html/Tan_DASC-SPT_Towards_Self-Supervised_Panoramic_Semantic_Segmentation_WACV_2025_paper.html,https://openaccess.thecvf.com/content/WACV2025/papers/Tan_DASC-SPT_Towards_Self-Supervised_Panoramic_Semantic_Segmentation_WACV_2025_paper.pdf,
302,Method,Point Cloud Color Upsampling with Attention-Based Coarse Colorization and Refinement,"Kohei Matsuzaki, Keisuke Nonaka",Main,https://openaccess.thecvf.com/content/WACV2025/html/Matsuzaki_Point_Cloud_Color_Upsampling_with_Attention-Based_Coarse_Colorization_and_Refinement_WACV_2025_paper.html,https://openaccess.thecvf.com/content/WACV2025/papers/Matsuzaki_Point_Cloud_Color_Upsampling_with_Attention-Based_Coarse_Colorization_and_Refinement_WACV_2025_paper.pdf,
303,Method,U-MixFormer: UNet-Like Transformer with Mix-Attention for Efficient Semantic Segmentation,"Seul-Ki Yeom, Julian von Klitzing",Main,https://openaccess.thecvf.com/content/WACV2025/html/Yeom_U-MixFormer_UNet-Like_Transformer_with_Mix-Attention_for_Efficient_Semantic_Segmentation_WACV_2025_paper.html,https://openaccess.thecvf.com/content/WACV2025/papers/Yeom_U-MixFormer_UNet-Like_Transformer_with_Mix-Attention_for_Efficient_Semantic_Segmentation_WACV_2025_paper.pdf,
304,Method,Efficient Progressive Image Compression with Variance-Aware Masking,"Alberto Presta, Enzo Tartaglione, Attilio Fiandrotti, Marco Grangetto, Pamela Cosman",Main,https://openaccess.thecvf.com/content/WACV2025/html/Presta_Efficient_Progressive_Image_Compression_with_Variance-Aware_Masking_WACV_2025_paper.html,https://openaccess.thecvf.com/content/WACV2025/papers/Presta_Efficient_Progressive_Image_Compression_with_Variance-Aware_Masking_WACV_2025_paper.pdf,http://arxiv.org/abs/2411.10185
305,Method,Multi-View Factorizing and Disentangling: A Novel Framework for Incomplete Multi-View Multi-Label Classification,"Wulin Xie, Lian Zhao, Jiang Long, Xiaohuan Lu, Bingyan Nie",Main,https://openaccess.thecvf.com/content/WACV2025/html/Xie_Multi-View_Factorizing_and_Disentangling_A_Novel_Framework_for_Incomplete_Multi-View_WACV_2025_paper.html,https://openaccess.thecvf.com/content/WACV2025/papers/Xie_Multi-View_Factorizing_and_Disentangling_A_Novel_Framework_for_Incomplete_Multi-View_WACV_2025_paper.pdf,http://arxiv.org/abs/2501.06524
306,Method,UCDR-Adapter: Exploring Adaptation of Pre-Trained Vision-Language Models for Universal Cross-Domain Retrieval,"Haoyu Jiang, Zhi-Qi Cheng, Gabriel Moreira, Jiawen Zhu, Jingdong Sun, Bukun Ren, Jun-Yan He, Qi Dai, Xian-Sheng Hua",Main,https://openaccess.thecvf.com/content/WACV2025/html/Jiang_UCDR-Adapter_Exploring_Adaptation_of_Pre-Trained_Vision-Language_Models_for_Universal_Cross-Domain_WACV_2025_paper.html,https://openaccess.thecvf.com/content/WACV2025/papers/Jiang_UCDR-Adapter_Exploring_Adaptation_of_Pre-Trained_Vision-Language_Models_for_Universal_Cross-Domain_WACV_2025_paper.pdf,
307,Method,User-in-the-Loop Evaluation of Multimodal LLMs for Activity Assistance,"Mrinal Verghese, Brian Chen, Hamid Eghbalzadeh, Tushar Nagarajan, Ruta P Desai",Main,https://openaccess.thecvf.com/content/WACV2025/html/Verghese_User-in-the-Loop_Evaluation_of_Multimodal_LLMs_for_Activity_Assistance_WACV_2025_paper.html,https://openaccess.thecvf.com/content/WACV2025/papers/Verghese_User-in-the-Loop_Evaluation_of_Multimodal_LLMs_for_Activity_Assistance_WACV_2025_paper.pdf,http://arxiv.org/abs/2408.03160
308,Method,3D Edge Sketch from Multiview Images,"Yilin Zheng, Chiang-Heng Chien, Ricardo Fabbri, Benjamin Kimia",Main,https://openaccess.thecvf.com/content/WACV2025/html/Zheng_3D_Edge_Sketch_from_Multiview_Images_WACV_2025_paper.html,https://openaccess.thecvf.com/content/WACV2025/papers/Zheng_3D_Edge_Sketch_from_Multiview_Images_WACV_2025_paper.pdf,
309,Method,DTA: Dual Temporal-Channel-Wise Attention for Spiking Neural Networks,"Minje Kim, Minjun Kim, Xu Yang",Main,https://openaccess.thecvf.com/content/WACV2025/html/Kim_DTA_Dual_Temporal-Channel-Wise_Attention_for_Spiking_Neural_Networks_WACV_2025_paper.html,https://openaccess.thecvf.com/content/WACV2025/papers/Kim_DTA_Dual_Temporal-Channel-Wise_Attention_for_Spiking_Neural_Networks_WACV_2025_paper.pdf,
310,Method,Comparative Knowledge Distillation,"Alex Tianyi Xu, Alex Wilf, Paul Pu Liang, Alexander Obolenskiy, Daniel Fried, Louis-Philippe Morency",Main,https://openaccess.thecvf.com/content/WACV2025/html/Xu_Comparative_Knowledge_Distillation_WACV_2025_paper.html,https://openaccess.thecvf.com/content/WACV2025/papers/Xu_Comparative_Knowledge_Distillation_WACV_2025_paper.pdf,http://arxiv.org/abs/2311.02253
311,Method,Noise-Aware Evaluation of Object Detectors,"Jeffri Murrugarra Llerena, Claudio R. Jung",Main,https://openaccess.thecvf.com/content/WACV2025/html/Llerena_Noise-Aware_Evaluation_of_Object_Detectors_WACV_2025_paper.html,https://openaccess.thecvf.com/content/WACV2025/papers/Llerena_Noise-Aware_Evaluation_of_Object_Detectors_WACV_2025_paper.pdf,
312,Method,On the Importance of Dual-Space Augmentation for Domain Generalized Object Detection,"Hayoung Park, Choongsang Cho, Guisik Kim",Main,https://openaccess.thecvf.com/content/WACV2025/html/Park_On_the_Importance_of_Dual-Space_Augmentation_for_Domain_Generalized_Object_WACV_2025_paper.html,https://openaccess.thecvf.com/content/WACV2025/papers/Park_On_the_Importance_of_Dual-Space_Augmentation_for_Domain_Generalized_Object_WACV_2025_paper.pdf,
313,Method,Sigma: Siamese Mamba Network for Multi-Modal Semantic Segmentation,"Zifu Wan, Pingping Zhang, Yuhao Wang, Silong Yong, Simon Stepputtis, Katia Sycara, Yaqi Xie",Main,https://openaccess.thecvf.com/content/WACV2025/html/Wan_Sigma_Siamese_Mamba_Network_for_Multi-Modal_Semantic_Segmentation_WACV_2025_paper.html,https://openaccess.thecvf.com/content/WACV2025/papers/Wan_Sigma_Siamese_Mamba_Network_for_Multi-Modal_Semantic_Segmentation_WACV_2025_paper.pdf,http://arxiv.org/abs/2404.04256
314,Method,DocMatcher: Document Image Dewarping via Structural and Textual Line Matching,"Felix Hertlein, Alexander Naumann, York Sure-Vetter",Main,https://openaccess.thecvf.com/content/WACV2025/html/Hertlein_DocMatcher_Document_Image_Dewarping_via_Structural_and_Textual_Line_Matching_WACV_2025_paper.html,https://openaccess.thecvf.com/content/WACV2025/papers/Hertlein_DocMatcher_Document_Image_Dewarping_via_Structural_and_Textual_Line_Matching_WACV_2025_paper.pdf,
315,Method,Design-o-Meter: Towards Evaluating and Refining Graphic Designs,"Sahil Goyal, Abhinav Mahajan, Swasti Mishra, Prateksha Udhayanan, Tripti Shukla, KJ Joseph, Balaji Vasan Srinivasan",Main,https://openaccess.thecvf.com/content/WACV2025/html/Goyal_Design-o-Meter_Towards_Evaluating_and_Refining_Graphic_Designs_WACV_2025_paper.html,https://openaccess.thecvf.com/content/WACV2025/papers/Goyal_Design-o-Meter_Towards_Evaluating_and_Refining_Graphic_Designs_WACV_2025_paper.pdf,
316,Method,LumiGauss: Relightable Gaussian Splatting in the Wild,"Joanna Kaleta, Kacper Kania, Tomasz Trzcinski, Marek Kowalski",Main,https://openaccess.thecvf.com/content/WACV2025/html/Kaleta_LumiGauss_Relightable_Gaussian_Splatting_in_the_Wild_WACV_2025_paper.html,https://openaccess.thecvf.com/content/WACV2025/papers/Kaleta_LumiGauss_Relightable_Gaussian_Splatting_in_the_Wild_WACV_2025_paper.pdf,http://arxiv.org/abs/2408.04474
317,Method,On Explaining Knowledge Distillation: Measuring and Visualising the Knowledge Transfer Process,"Gereziher Adhane, Mohammad Mahdi Dehshibi, Dennis Vetter, David Masip, Gemma Roig",Main,https://openaccess.thecvf.com/content/WACV2025/html/Adhane_On_Explaining_Knowledge_Distillation_Measuring_and_Visualising_the_Knowledge_Transfer_WACV_2025_paper.html,https://openaccess.thecvf.com/content/WACV2025/papers/Adhane_On_Explaining_Knowledge_Distillation_Measuring_and_Visualising_the_Knowledge_Transfer_WACV_2025_paper.pdf,http://arxiv.org/abs/2412.13943
318,Method,FLAIR: A Conditional Diffusion Framework with Applications to Face Video Restoration,"Zihao Zou, Jiaming Liu, Shirin Shoushtari, Yubo Wang, Ulugbek S. Kamilov",Main,https://openaccess.thecvf.com/content/WACV2025/html/Zou_FLAIR_A_Conditional_Diffusion_Framework_with_Applications_to_Face_Video_WACV_2025_paper.html,https://openaccess.thecvf.com/content/WACV2025/papers/Zou_FLAIR_A_Conditional_Diffusion_Framework_with_Applications_to_Face_Video_WACV_2025_paper.pdf,http://arxiv.org/abs/2311.15445
319,Method,Texture Shape and Order Matter: A New Transformer Design for Sequential DeepFake Detection,"Yunfei Li, Yuezun Li, Xin Wang, Baoyuan Wu, Jiaran Zhou, Junyu Dong",Main,https://openaccess.thecvf.com/content/WACV2025/html/Li_Texture_Shape_and_Order_Matter_A_New_Transformer_Design_for_WACV_2025_paper.html,https://openaccess.thecvf.com/content/WACV2025/papers/Li_Texture_Shape_and_Order_Matter_A_New_Transformer_Design_for_WACV_2025_paper.pdf,http://arxiv.org/abs/2404.13873
320,Method,Self-Supervised Pre-Training with Diffusion Model for Few-Shot Landmark Detection in X-Ray Images,"Roberto Di Via, Francesca Odone, Vito Paolo Pastore",Main,https://openaccess.thecvf.com/content/WACV2025/html/Di_Via_Self-Supervised_Pre-Training_with_Diffusion_Model_for_Few-Shot_Landmark_Detection_in_WACV_2025_paper.html,https://openaccess.thecvf.com/content/WACV2025/papers/Di_Via_Self-Supervised_Pre-Training_with_Diffusion_Model_for_Few-Shot_Landmark_Detection_in_WACV_2025_paper.pdf,
321,Method,A Recipe for Geometry-Aware 3D Mesh Transformers,"Mohammad Farazi, Yalin Wang",Main,https://openaccess.thecvf.com/content/WACV2025/html/Farazi_A_Recipe_for_Geometry-Aware_3D_Mesh_Transformers_WACV_2025_paper.html,https://openaccess.thecvf.com/content/WACV2025/papers/Farazi_A_Recipe_for_Geometry-Aware_3D_Mesh_Transformers_WACV_2025_paper.pdf,http://arxiv.org/abs/2411.00164
322,Method,Improving Shift Invariance in Convolutional Neural Networks with Translation Invariant Polyphase Sampling,"Sourajit Saha, Tejas Gokhale",Main,https://openaccess.thecvf.com/content/WACV2025/html/Saha_Improving_Shift_Invariance_in_Convolutional_Neural_Networks_with_Translation_Invariant_WACV_2025_paper.html,https://openaccess.thecvf.com/content/WACV2025/papers/Saha_Improving_Shift_Invariance_in_Convolutional_Neural_Networks_with_Translation_Invariant_WACV_2025_paper.pdf,http://arxiv.org/abs/2404.07410
323,Method,ELMGS: Enhancing Memory and Computation Scalability through Compression for 3D Gaussian Splatting,"Muhammad Salman Ali, Sung-Ho Bae, Enzo Tartaglione",Main,https://openaccess.thecvf.com/content/WACV2025/html/Ali_ELMGS_Enhancing_Memory_and_Computation_Scalability_through_Compression_for_3D_WACV_2025_paper.html,https://openaccess.thecvf.com/content/WACV2025/papers/Ali_ELMGS_Enhancing_Memory_and_Computation_Scalability_through_Compression_for_3D_WACV_2025_paper.pdf,http://arxiv.org/abs/2410.23213
324,Method,Revisiting Disparity from Dual-Pixel Images: Physics-Informed Lightweight Depth Estimation,"Teppei Kurita, Yuhi Kondo, Legong Sun, Takayuki Sasaki, Sho Nitta, Yasuhiro Hashimoto, Yoshinori Muramatsu, Yusuke Moriuchi",Main,https://openaccess.thecvf.com/content/WACV2025/html/Kurita_Revisiting_Disparity_from_Dual-Pixel_Images_Physics-Informed_Lightweight_Depth_Estimation_WACV_2025_paper.html,https://openaccess.thecvf.com/content/WACV2025/papers/Kurita_Revisiting_Disparity_from_Dual-Pixel_Images_Physics-Informed_Lightweight_Depth_Estimation_WACV_2025_paper.pdf,http://arxiv.org/abs/2411.04714
325,Method,Optimizing Dense Visual Predictions Through Multi-Task Coherence and Prioritization,"Maxime Fontana, Michael Spratling, Miaojing Shi",Main,https://openaccess.thecvf.com/content/WACV2025/html/Fontana_Optimizing_Dense_Visual_Predictions_Through_Multi-Task_Coherence_and_Prioritization_WACV_2025_paper.html,https://openaccess.thecvf.com/content/WACV2025/papers/Fontana_Optimizing_Dense_Visual_Predictions_Through_Multi-Task_Coherence_and_Prioritization_WACV_2025_paper.pdf,http://arxiv.org/abs/2412.03179
326,Method,InvisMark: Invisible and Robust Watermarking for AI-Generated Image Provenance,"Rui Xu, Mengya Hu, Deren Lei, Yaxi Li, David Lowe, Alex Gorevski, Mingyu Wang, Emily Ching, Alex Deng",Main,https://openaccess.thecvf.com/content/WACV2025/html/Xu_InvisMark_Invisible_and_Robust_Watermarking_for_AI-Generated_Image_Provenance_WACV_2025_paper.html,https://openaccess.thecvf.com/content/WACV2025/papers/Xu_InvisMark_Invisible_and_Robust_Watermarking_for_AI-Generated_Image_Provenance_WACV_2025_paper.pdf,http://arxiv.org/abs/2411.07795
327,Method,NeuManifold: Neural Watertight Manifold Reconstruction with Efficient and High-Quality Rendering Support,"Xinyue Wei, Fanbo Xiang, Sai Bi, Anpei Chen, Kalyan Sunkavalli, Zexiang Xu, Hao Su",Main,https://openaccess.thecvf.com/content/WACV2025/html/Wei_NeuManifold_Neural_Watertight_Manifold_Reconstruction_with_Efficient_and_High-Quality_Rendering_WACV_2025_paper.html,https://openaccess.thecvf.com/content/WACV2025/papers/Wei_NeuManifold_Neural_Watertight_Manifold_Reconstruction_with_Efficient_and_High-Quality_Rendering_WACV_2025_paper.pdf,http://arxiv.org/abs/2305.17134
328,Method,Learning Visual-Semantic Hierarchical Attribute Space for Interpretable Open-Set Recognition,"Zhuo Xu, Xiang Xiang",Main,https://openaccess.thecvf.com/content/WACV2025/html/Xu_Learning_Visual-Semantic_Hierarchical_Attribute_Space_for_Interpretable_Open-Set_Recognition_WACV_2025_paper.html,https://openaccess.thecvf.com/content/WACV2025/papers/Xu_Learning_Visual-Semantic_Hierarchical_Attribute_Space_for_Interpretable_Open-Set_Recognition_WACV_2025_paper.pdf,
329,Method,Channel Propagation Networks for Refreshable Vision Transformer,"Junhyeong Go, Jongbin Ryu",Main,https://openaccess.thecvf.com/content/WACV2025/html/Go_Channel_Propagation_Networks_for_Refreshable_Vision_Transformer_WACV_2025_paper.html,https://openaccess.thecvf.com/content/WACV2025/papers/Go_Channel_Propagation_Networks_for_Refreshable_Vision_Transformer_WACV_2025_paper.pdf,
330,Method,Swin-: Gradient-Based Image Restoration from Image Sequences using Video Swin-Transformers,"Monika Kwiatkowski, Simon Matern, Olaf Hellwich",Main,https://openaccess.thecvf.com/content/WACV2025/html/Kwiatkowski_Swin-_Gradient-Based_Image_Restoration_from_Image_Sequences_using_Video_Swin-Transformers_WACV_2025_paper.html,https://openaccess.thecvf.com/content/WACV2025/papers/Kwiatkowski_Swin-_Gradient-Based_Image_Restoration_from_Image_Sequences_using_Video_Swin-Transformers_WACV_2025_paper.pdf,
331,Method,Knockoff Branch: Model Stealing Attack via Adding Neurons in the Pre-Trained Model,"Li-Ying Hung, Cooper Cheng-Yuan Ku",Main,https://openaccess.thecvf.com/content/WACV2025/html/Hung_Knockoff_Branch_Model_Stealing_Attack_via_Adding_Neurons_in_the_WACV_2025_paper.html,https://openaccess.thecvf.com/content/WACV2025/papers/Hung_Knockoff_Branch_Model_Stealing_Attack_via_Adding_Neurons_in_the_WACV_2025_paper.pdf,
332,Method,CLFace: A Scalable and Resource-Efficient Continual Learning Framework for Lifelong Face Recognition,"Mahedi Hasan, Shoaib Meraj Sami, Nasser Nasrabadi",Main,https://openaccess.thecvf.com/content/WACV2025/html/Hasan_CLFace_A_Scalable_and_Resource-Efficient_Continual_Learning_Framework_for_Lifelong_WACV_2025_paper.html,https://openaccess.thecvf.com/content/WACV2025/papers/Hasan_CLFace_A_Scalable_and_Resource-Efficient_Continual_Learning_Framework_for_Lifelong_WACV_2025_paper.pdf,http://arxiv.org/abs/2411.13886
333,Method,GroundingMate: Aiding Object Grounding for Goal-Oriented Vision-and-Language Navigation,"Qianyi Liu, Siqi Zhang, Yanyuan Qiao, Junyou Zhu, Xiang Li, Longteng Guo, Qunbo Wang, Xingjian He, Qi Wu, Jing Liu",Main,https://openaccess.thecvf.com/content/WACV2025/html/Liu_GroundingMate_Aiding_Object_Grounding_for_Goal-Oriented_Vision-and-Language_Navigation_WACV_2025_paper.html,https://openaccess.thecvf.com/content/WACV2025/papers/Liu_GroundingMate_Aiding_Object_Grounding_for_Goal-Oriented_Vision-and-Language_Navigation_WACV_2025_paper.pdf,
334,Method,AH-OCDA: Amplitude-Based Curriculum Learning and Hopfield Segmentation Model for Open Compound Domain Adaptation,"Jaehyun Choi, Junwon Ko, Dong-Jae Lee, Junmo Kim",Main,https://openaccess.thecvf.com/content/WACV2025/html/Choi_AH-OCDA_Amplitude-Based_Curriculum_Learning_and_Hopfield_Segmentation_Model_for_Open_WACV_2025_paper.html,https://openaccess.thecvf.com/content/WACV2025/papers/Choi_AH-OCDA_Amplitude-Based_Curriculum_Learning_and_Hopfield_Segmentation_Model_for_Open_WACV_2025_paper.pdf,
335,Method,Image Adaptation for Colour Vision Deficient Viewers using Vision Transformers,"Thomas Gillooly, Jean-Baptiste Thomas, Jon Y. Hardeberg, Giuseppe Claudio Guarnera",Main,https://openaccess.thecvf.com/content/WACV2025/html/Gillooly_Image_Adaptation_for_Colour_Vision_Deficient_Viewers_using_Vision_Transformers_WACV_2025_paper.html,https://openaccess.thecvf.com/content/WACV2025/papers/Gillooly_Image_Adaptation_for_Colour_Vision_Deficient_Viewers_using_Vision_Transformers_WACV_2025_paper.pdf,
336,Method,Pixel-Wise Shuffling with Collaborative Sparsity for Melanoma Hyperspectral Image Classification,"Favour Ekong, Jun Zhou, Kwabena Sarpong, Yongsheng Gao",Main,https://openaccess.thecvf.com/content/WACV2025/html/Ekong_Pixel-Wise_Shuffling_with_Collaborative_Sparsity_for_Melanoma_Hyperspectral_Image_Classification_WACV_2025_paper.html,https://openaccess.thecvf.com/content/WACV2025/papers/Ekong_Pixel-Wise_Shuffling_with_Collaborative_Sparsity_for_Melanoma_Hyperspectral_Image_Classification_WACV_2025_paper.pdf,
337,Method,WINE : Wavelet-Guided GAN Inversion and Editing for High-Fidelity Refinement,"Chaewon Kim, Seung Jun Moon, Gyeong-Moon Park",Main,https://openaccess.thecvf.com/content/WACV2025/html/Kim_WINE__Wavelet-Guided_GAN_Inversion_and_Editing_for_High-Fidelity_Refinement_WACV_2025_paper.html,https://openaccess.thecvf.com/content/WACV2025/papers/Kim_WINE__Wavelet-Guided_GAN_Inversion_and_Editing_for_High-Fidelity_Refinement_WACV_2025_paper.pdf,http://arxiv.org/abs/2210.09655
338,Method,Multi-Spectral Image Color Reproduction,"Jiacheng Li, Chang Chen, Xue Hu, Fenglong Song, Youliang Yan, Zhiwei Xiong",Main,https://openaccess.thecvf.com/content/WACV2025/html/Li_Multi-Spectral_Image_Color_Reproduction_WACV_2025_paper.html,https://openaccess.thecvf.com/content/WACV2025/papers/Li_Multi-Spectral_Image_Color_Reproduction_WACV_2025_paper.pdf,
339,Method,Low-Frequency Black-Box Backdoor Attack via Evolutionary Algorithm,"Yanqi Qiao, Dazhuang Liu, Rui Wang, Kaitai Liang",Main,https://openaccess.thecvf.com/content/WACV2025/html/Qiao_Low-Frequency_Black-Box_Backdoor_Attack_via_Evolutionary_Algorithm_WACV_2025_paper.html,https://openaccess.thecvf.com/content/WACV2025/papers/Qiao_Low-Frequency_Black-Box_Backdoor_Attack_via_Evolutionary_Algorithm_WACV_2025_paper.pdf,http://arxiv.org/abs/2402.15653
340,Method,DepthSSC: Monocular 3D Semantic Scene Completion via Depth-Spatial Alignment and Voxel Adaptation,"Jiawei Yao, Jusheng Zhang, Xiaochao Pan, Tong Wu, Canran Xiao",Main,https://openaccess.thecvf.com/content/WACV2025/html/Yao_DepthSSC_Monocular_3D_Semantic_Scene_Completion_via_Depth-Spatial_Alignment_and_WACV_2025_paper.html,https://openaccess.thecvf.com/content/WACV2025/papers/Yao_DepthSSC_Monocular_3D_Semantic_Scene_Completion_via_Depth-Spatial_Alignment_and_WACV_2025_paper.pdf,http://arxiv.org/abs/2311.17084
341,Method,MDCN-PS: Monocular-Depth-Guided Coarse Normal Attention for Robust Photometric Stereo,"Masahiro Yamaguchi, Takashi Shibata, Shoji Yachida, Keiko Yokoyama, Toshinori Hosoi",Main,https://openaccess.thecvf.com/content/WACV2025/html/Yamaguchi_MDCN-PS_Monocular-Depth-Guided_Coarse_Normal_Attention_for_Robust_Photometric_Stereo_WACV_2025_paper.html,https://openaccess.thecvf.com/content/WACV2025/papers/Yamaguchi_MDCN-PS_Monocular-Depth-Guided_Coarse_Normal_Attention_for_Robust_Photometric_Stereo_WACV_2025_paper.pdf,
342,Method,MONAS-ESNN: Multi-Objective Neural Architecture Search for Efficient Spiking Neural Networks,"Esmat Ghasemi Saghand, Susana K. Lai-Yuen",Main,https://openaccess.thecvf.com/content/WACV2025/html/Saghand_MONAS-ESNN_Multi-Objective_Neural_Architecture_Search_for_Efficient_Spiking_Neural_Networks_WACV_2025_paper.html,https://openaccess.thecvf.com/content/WACV2025/papers/Saghand_MONAS-ESNN_Multi-Objective_Neural_Architecture_Search_for_Efficient_Spiking_Neural_Networks_WACV_2025_paper.pdf,
343,Method,SPACE: SPAtial-Aware Consistency rEgularization for Anomaly Detection in Industrial Applications,"Daehwan Kim, Hyungmin Kim, Daun Jeong, Sungho Suh, Hansang Cho",Main,https://openaccess.thecvf.com/content/WACV2025/html/Kim_SPACE_SPAtial-Aware_Consistency_rEgularization_for_Anomaly_Detection_in_Industrial_Applications_WACV_2025_paper.html,https://openaccess.thecvf.com/content/WACV2025/papers/Kim_SPACE_SPAtial-Aware_Consistency_rEgularization_for_Anomaly_Detection_in_Industrial_Applications_WACV_2025_paper.pdf,http://arxiv.org/abs/2411.05822
344,Method,NestedMorph: Enhancing Deformable Medical Image Registration with Nested Attention Mechanisms,"Gurucharan Marthi Krishna Kumar, Janine Mendola, Amir Shmuel",Main,https://openaccess.thecvf.com/content/WACV2025/html/Kumar_NestedMorph_Enhancing_Deformable_Medical_Image_Registration_with_Nested_Attention_Mechanisms_WACV_2025_paper.html,https://openaccess.thecvf.com/content/WACV2025/papers/Kumar_NestedMorph_Enhancing_Deformable_Medical_Image_Registration_with_Nested_Attention_Mechanisms_WACV_2025_paper.pdf,http://arxiv.org/abs/2410.02550
345,Method,Now You See Me: Context-Aware Automatic Audio Description,"Seon-Ho Lee, Jue Wang, David Fan, Zhikang Zhang, Linda Liu, Xiang Hao, Vimal Bhat, Xinyu Li",Main,https://openaccess.thecvf.com/content/WACV2025/html/Lee_Now_You_See_Me_Context-Aware_Automatic_Audio_Description_WACV_2025_paper.html,https://openaccess.thecvf.com/content/WACV2025/papers/Lee_Now_You_See_Me_Context-Aware_Automatic_Audio_Description_WACV_2025_paper.pdf,
346,Method,Geometry-Aware Deep Learning for 3D Skeleton-Based Motion Prediction,"Mayssa Zaier, Hazem Wannous, Hassen Drira",Main,https://openaccess.thecvf.com/content/WACV2025/html/Zaier_Geometry-Aware_Deep_Learning_for_3D_Skeleton-Based_Motion_Prediction_WACV_2025_paper.html,https://openaccess.thecvf.com/content/WACV2025/papers/Zaier_Geometry-Aware_Deep_Learning_for_3D_Skeleton-Based_Motion_Prediction_WACV_2025_paper.pdf,
347,Method,Feature Space Perturbation: A Panacea to Enhanced Transferability Estimation,"Prafful Kumar Khoba, Zijian Wang, Chetan Arora, Mahsa Baktashmotlagh",Main,https://openaccess.thecvf.com/content/WACV2025/html/Khoba_Feature_Space_Perturbation_A_Panacea_to_Enhanced_Transferability_Estimation_WACV_2025_paper.html,https://openaccess.thecvf.com/content/WACV2025/papers/Khoba_Feature_Space_Perturbation_A_Panacea_to_Enhanced_Transferability_Estimation_WACV_2025_paper.pdf,
348,Method,Radiance Field-Based Pose Estimation via Decoupled Optimization Under Challenging Initial Conditions,"Si-Yu Lu, Yung-Yao Chen, Yi-Tong Wu, Hsin-Chun Lin, Sin-Ye Jhong, Wen-Huang Cheng",Main,https://openaccess.thecvf.com/content/WACV2025/html/Lu_Radiance_Field-Based_Pose_Estimation_via_Decoupled_Optimization_Under_Challenging_Initial_WACV_2025_paper.html,https://openaccess.thecvf.com/content/WACV2025/papers/Lu_Radiance_Field-Based_Pose_Estimation_via_Decoupled_Optimization_Under_Challenging_Initial_WACV_2025_paper.pdf,
349,Method,DN-Splatter: Depth and Normal Priors for Gaussian Splatting and Meshing,"Matias Turkulainen, Xuqian Ren, Iaroslav Melekhov, Otto Seiskari, Esa Rahtu, Juho Kannala",Main,https://openaccess.thecvf.com/content/WACV2025/html/Turkulainen_DN-Splatter_Depth_and_Normal_Priors_for_Gaussian_Splatting_and_Meshing_WACV_2025_paper.html,https://openaccess.thecvf.com/content/WACV2025/papers/Turkulainen_DN-Splatter_Depth_and_Normal_Priors_for_Gaussian_Splatting_and_Meshing_WACV_2025_paper.pdf,
350,Method,Sli2Vol+: Segmenting 3D Medical Images Based on an Object Estimation Guided Correspondence Flow Network,"Delin An, Pengfei Gu, Milan Sonka, Chaoli Wang, Danny Z. Chen",Main,https://openaccess.thecvf.com/content/WACV2025/html/An_Sli2Vol_Segmenting_3D_Medical_Images_Based_on_an_Object_Estimation_WACV_2025_paper.html,https://openaccess.thecvf.com/content/WACV2025/papers/An_Sli2Vol_Segmenting_3D_Medical_Images_Based_on_an_Object_Estimation_WACV_2025_paper.pdf,
351,Method,LIME: Localized Image Editing via Attention Regularization in Diffusion Models,"Enis Simsar, Alessio Tonioni, Yongqin Xian, Thomas Hofmann, Federico Tombari",Main,https://openaccess.thecvf.com/content/WACV2025/html/Simsar_LIME_Localized_Image_Editing_via_Attention_Regularization_in_Diffusion_Models_WACV_2025_paper.html,https://openaccess.thecvf.com/content/WACV2025/papers/Simsar_LIME_Localized_Image_Editing_via_Attention_Regularization_in_Diffusion_Models_WACV_2025_paper.pdf,http://arxiv.org/abs/2312.09256
352,Method,DualCIR: Enhancing Training-Free Composed Image Retrieval via Dual-Directional Descriptions,"Jingjiao Zhao, Jiaju Li, Dongze Lian, Liguo Sun, Pin Lv",Main,https://openaccess.thecvf.com/content/WACV2025/html/Zhao_DualCIR_Enhancing_Training-Free_Composed_Image_Retrieval_via_Dual-Directional_Descriptions_WACV_2025_paper.html,https://openaccess.thecvf.com/content/WACV2025/papers/Zhao_DualCIR_Enhancing_Training-Free_Composed_Image_Retrieval_via_Dual-Directional_Descriptions_WACV_2025_paper.pdf,
353,Method,ReMP: Reusable Motion Prior for Multi-Domain 3D Human Pose Estimation and Motion Inbetweening,"Hojun Jang, Young Min Kim",Main,https://openaccess.thecvf.com/content/WACV2025/html/Jang_ReMP_Reusable_Motion_Prior_for_Multi-Domain_3D_Human_Pose_Estimation_WACV_2025_paper.html,https://openaccess.thecvf.com/content/WACV2025/papers/Jang_ReMP_Reusable_Motion_Prior_for_Multi-Domain_3D_Human_Pose_Estimation_WACV_2025_paper.pdf,http://arxiv.org/abs/2411.09435
354,Method,Reviving Poor Object Segmentations in OOD Medical Images using Variational-Deep-PCA Modeling on Segmentation Maps with Sampling-Free Learning,"Jimut B. Pal, Shantanu Welling, Himali Saini, Suyash P. Awate",Main,https://openaccess.thecvf.com/content/WACV2025/html/Pal_Reviving_Poor_Object_Segmentations_in_OOD_Medical_Images_using_Variational-Deep-PCA_WACV_2025_paper.html,https://openaccess.thecvf.com/content/WACV2025/papers/Pal_Reviving_Poor_Object_Segmentations_in_OOD_Medical_Images_using_Variational-Deep-PCA_WACV_2025_paper.pdf,
355,Method,Training-Free Medical Image Inverses via Bi-Level Guided Diffusion Models,"Hossein Askari, Fred Roosta, Hongfu Sun",Main,https://openaccess.thecvf.com/content/WACV2025/html/Askari_Training-Free_Medical_Image_Inverses_via_Bi-Level_Guided_Diffusion_Models_WACV_2025_paper.html,https://openaccess.thecvf.com/content/WACV2025/papers/Askari_Training-Free_Medical_Image_Inverses_via_Bi-Level_Guided_Diffusion_Models_WACV_2025_paper.pdf,
356,Method,Fine-Tuning Image-Conditional Diffusion Models is Easier than You Think,"Gonzalo Martin Garcia, Karim Abou Zeid, Christian Schmidt, Daan de Geus, Alexander Hermans, Bastian Leibe",Main,https://openaccess.thecvf.com/content/WACV2025/html/Garcia_Fine-Tuning_Image-Conditional_Diffusion_Models_is_Easier_than_You_Think_WACV_2025_paper.html,https://openaccess.thecvf.com/content/WACV2025/papers/Garcia_Fine-Tuning_Image-Conditional_Diffusion_Models_is_Easier_than_You_Think_WACV_2025_paper.pdf,http://arxiv.org/abs/2409.11355
357,Method,Feature Fusion Transferability Aware Transformer for Unsupervised Domain Adaptation,"Xiaowei Yu, Zhe Huang, Zao Zhang",Main,https://openaccess.thecvf.com/content/WACV2025/html/Yu_Feature_Fusion_Transferability_Aware_Transformer_for_Unsupervised_Domain_Adaptation_WACV_2025_paper.html,https://openaccess.thecvf.com/content/WACV2025/papers/Yu_Feature_Fusion_Transferability_Aware_Transformer_for_Unsupervised_Domain_Adaptation_WACV_2025_paper.pdf,http://arxiv.org/abs/2411.07794
358,Method,Secrets of Edge-Informed Contrast Maximization for Event-Based Vision,"Pritam P. Karmokar, Quan H. Nguyen, William J. Beksi",Main,https://openaccess.thecvf.com/content/WACV2025/html/Karmokar_Secrets_of_Edge-Informed_Contrast_Maximization_for_Event-Based_Vision_WACV_2025_paper.html,https://openaccess.thecvf.com/content/WACV2025/papers/Karmokar_Secrets_of_Edge-Informed_Contrast_Maximization_for_Event-Based_Vision_WACV_2025_paper.pdf,http://arxiv.org/abs/2409.14611
359,Method,Explicit Guidance for Robust Video Frame Interpolation against Discontinuous Motions,"JaeHyun Park, Nam Ik Cho",Main,https://openaccess.thecvf.com/content/WACV2025/html/Park_Explicit_Guidance_for_Robust_Video_Frame_Interpolation_against_Discontinuous_Motions_WACV_2025_paper.html,https://openaccess.thecvf.com/content/WACV2025/papers/Park_Explicit_Guidance_for_Robust_Video_Frame_Interpolation_against_Discontinuous_Motions_WACV_2025_paper.pdf,
360,Method,Towards Secure and Usable 3D Assets: A Novel Framework for Automatic Visible Watermarking,"Gursimran Singh, Tianxi Hu, Mohammad Akbari, Qiang Tang, Yong Zhang",Main,https://openaccess.thecvf.com/content/WACV2025/html/Singh_Towards_Secure_and_Usable_3D_Assets_A_Novel_Framework_for_WACV_2025_paper.html,https://openaccess.thecvf.com/content/WACV2025/papers/Singh_Towards_Secure_and_Usable_3D_Assets_A_Novel_Framework_for_WACV_2025_paper.pdf,http://arxiv.org/abs/2409.00314
361,Method,SensorFlow: Sensor and Image Fused Video Stabilization,"Jiyang Yu, Tianhao Zhang, Fuhao Shi, Lei He, Chia-Kai Liang",Main,https://openaccess.thecvf.com/content/WACV2025/html/Yu_SensorFlow_Sensor_and_Image_Fused_Video_Stabilization_WACV_2025_paper.html,https://openaccess.thecvf.com/content/WACV2025/papers/Yu_SensorFlow_Sensor_and_Image_Fused_Video_Stabilization_WACV_2025_paper.pdf,
362,Method,TrackDiffusion: Tracklet-Conditioned Video Generation via Diffusion Models,"Pengxiang Li, Kai Chen, Zhili Liu, Ruiyuan Gao, Lanqing Hong, Dit-Yan Yeung, Huchuan Lu, Xu Jia",Main,https://openaccess.thecvf.com/content/WACV2025/html/Li_TrackDiffusion_Tracklet-Conditioned_Video_Generation_via_Diffusion_Models_WACV_2025_paper.html,https://openaccess.thecvf.com/content/WACV2025/papers/Li_TrackDiffusion_Tracklet-Conditioned_Video_Generation_via_Diffusion_Models_WACV_2025_paper.pdf,http://arxiv.org/abs/2312.00651
363,Method,Can Adversarial Examples Be Parsed to Reveal Victim Model Information?,"Yuguang Yao, Jiancheng Liu, Yifan Gong, Xiaoming Liu, Yanzhi Wang, Xue Lin, Sijia Liu",Main,https://openaccess.thecvf.com/content/WACV2025/html/Yao_Can_Adversarial_Examples_Be_Parsed_to_Reveal_Victim_Model_Information_WACV_2025_paper.html,https://openaccess.thecvf.com/content/WACV2025/papers/Yao_Can_Adversarial_Examples_Be_Parsed_to_Reveal_Victim_Model_Information_WACV_2025_paper.pdf,http://arxiv.org/abs/2303.07474
364,Method,Global-Guided Focal Neural Radiance Field for Large-Scale Scene Rendering,"Mingqi Shao, Feng Xiong, Hang Zhang, Shuang Yang, Mu Xu, Wei Bian, Xueqian Wang",Main,https://openaccess.thecvf.com/content/WACV2025/html/Shao_Global-Guided_Focal_Neural_Radiance_Field_for_Large-Scale_Scene_Rendering_WACV_2025_paper.html,https://openaccess.thecvf.com/content/WACV2025/papers/Shao_Global-Guided_Focal_Neural_Radiance_Field_for_Large-Scale_Scene_Rendering_WACV_2025_paper.pdf,http://arxiv.org/abs/2403.12839
365,Method,SAND: Enhancing Open-Set Neuron Descriptions through Spatial Awareness,"Anvita Agarwal Srinivas, Tuomas Oikarinen, Divyansh Srivastava, Wei-Hung Weng, Tsui-Wei Weng",Main,https://openaccess.thecvf.com/content/WACV2025/html/Srinivas_SAND_Enhancing_Open-Set_Neuron_Descriptions_through_Spatial_Awareness_WACV_2025_paper.html,https://openaccess.thecvf.com/content/WACV2025/papers/Srinivas_SAND_Enhancing_Open-Set_Neuron_Descriptions_through_Spatial_Awareness_WACV_2025_paper.pdf,
366,Method,When Visual State Space Model Meets Backdoor Attacks,"Sankalp Nagaonkar, Achyut Mani Tripathi, Ashish Mishra",Main,https://openaccess.thecvf.com/content/WACV2025/html/Nagaonkar_When_Visual_State_Space_Model_Meets_Backdoor_Attacks_WACV_2025_paper.html,https://openaccess.thecvf.com/content/WACV2025/papers/Nagaonkar_When_Visual_State_Space_Model_Meets_Backdoor_Attacks_WACV_2025_paper.pdf,
367,Method,ARF-Plus: Controlling Perceptual Factors in Artistic Radiance Fields for 3D Scene Stylization,"Wenzhao Li, Tianhao Wu, Fangcheng Zhong, A. Cengiz Oztireli",Main,https://openaccess.thecvf.com/content/WACV2025/html/Li_ARF-Plus_Controlling_Perceptual_Factors_in_Artistic_Radiance_Fields_for_3D_WACV_2025_paper.html,https://openaccess.thecvf.com/content/WACV2025/papers/Li_ARF-Plus_Controlling_Perceptual_Factors_in_Artistic_Radiance_Fields_for_3D_WACV_2025_paper.pdf,
368,Method,Token Turing Machines are Efficient Vision Models,"Purvish Jajal, Nick Eliopoulous, Benjamin Shiue-Hal Chou, George K. Thiravathukal, James C. Davis, Yung-Hsiang Lu",Main,https://openaccess.thecvf.com/content/WACV2025/html/Jajal_Token_Turing_Machines_are_Efficient_Vision_Models_WACV_2025_paper.html,https://openaccess.thecvf.com/content/WACV2025/papers/Jajal_Token_Turing_Machines_are_Efficient_Vision_Models_WACV_2025_paper.pdf,
369,Method,ReBotNet: Fast Real-Time Video Enhancement,"Jeya Maria Jose Valanarasu, Rahul Garg, Andeep Toor, Xin Tong, Weijuan Xi, Andreas Lugmayr, Vishal M. Patel, Anne Menini",Main,https://openaccess.thecvf.com/content/WACV2025/html/Valanarasu_ReBotNet_Fast_Real-Time_Video_Enhancement_WACV_2025_paper.html,https://openaccess.thecvf.com/content/WACV2025/papers/Valanarasu_ReBotNet_Fast_Real-Time_Video_Enhancement_WACV_2025_paper.pdf,http://arxiv.org/abs/2303.13504
370,Method,UniTMGE: Uniform Text-Motion Generation and Editing Model via Diffusion,"Ruoyu Wang, Yangfan He, Tengjiao Sun, Xiang Li, Tianyu Shi",Main,https://openaccess.thecvf.com/content/WACV2025/html/Wang_UniTMGE_Uniform_Text-Motion_Generation_and_Editing_Model_via_Diffusion_WACV_2025_paper.html,https://openaccess.thecvf.com/content/WACV2025/papers/Wang_UniTMGE_Uniform_Text-Motion_Generation_and_Editing_Model_via_Diffusion_WACV_2025_paper.pdf,
371,Method,Uncertainty-Aware Online Extrinsic Calibration: A Conformal Prediction Approach,"Mathieu Cocheteux, Julien Moreau, Franck Davoine",Main,https://openaccess.thecvf.com/content/WACV2025/html/Cocheteux_Uncertainty-Aware_Online_Extrinsic_Calibration_A_Conformal_Prediction_Approach_WACV_2025_paper.html,https://openaccess.thecvf.com/content/WACV2025/papers/Cocheteux_Uncertainty-Aware_Online_Extrinsic_Calibration_A_Conformal_Prediction_Approach_WACV_2025_paper.pdf,http://arxiv.org/abs/2501.06878
372,Method,Pay Attention to Your Neighbours: Training-Free Open-Vocabulary Semantic Segmentation,"Sina Hajimiri, Ismail Ben Ayed, Jose Dolz",Main,https://openaccess.thecvf.com/content/WACV2025/html/Hajimiri_Pay_Attention_to_Your_Neighbours_Training-Free_Open-Vocabulary_Semantic_Segmentation_WACV_2025_paper.html,https://openaccess.thecvf.com/content/WACV2025/papers/Hajimiri_Pay_Attention_to_Your_Neighbours_Training-Free_Open-Vocabulary_Semantic_Segmentation_WACV_2025_paper.pdf,http://arxiv.org/abs/2404.08181
373,Method,Facial Expression Recognition with Controlled Privacy Preservation and Feature Compensation,"Feng Xu, David Ahmedt-Aristizabal, Lars Petersson, Dadong Wang, Xun Li",Main,https://openaccess.thecvf.com/content/WACV2025/html/Xu_Facial_Expression_Recognition_with_Controlled_Privacy_Preservation_and_Feature_Compensation_WACV_2025_paper.html,https://openaccess.thecvf.com/content/WACV2025/papers/Xu_Facial_Expression_Recognition_with_Controlled_Privacy_Preservation_and_Feature_Compensation_WACV_2025_paper.pdf,http://arxiv.org/abs/2412.00277
374,Method,Learning to Identify Seen Unseen and Unknown in the Open World: A Practical Setting for Zero-Shot Learning,"Sethupathy Parameswaran, Yuan Fang, Chandan Gautam, Savitha Ramasamy, Xiaoli Li",Main,https://openaccess.thecvf.com/content/WACV2025/html/Parameswaran_Learning_to_Identify_Seen_Unseen_and_Unknown_in_the_Open_WACV_2025_paper.html,https://openaccess.thecvf.com/content/WACV2025/papers/Parameswaran_Learning_to_Identify_Seen_Unseen_and_Unknown_in_the_Open_WACV_2025_paper.pdf,
375,Method,Multi-Aperture Transformers for 3D (MAT3D) Segmentation of Clinical and Microscopic Images,"Muhammad Sohaib, Siyavash Shabani, Sahar A. Mohammed, Garrett Winkelmaier, Bahram Parvin",Main,https://openaccess.thecvf.com/content/WACV2025/html/Sohaib_Multi-Aperture_Transformers_for_3D_MAT3D_Segmentation_of_Clinical_and_Microscopic_WACV_2025_paper.html,https://openaccess.thecvf.com/content/WACV2025/papers/Sohaib_Multi-Aperture_Transformers_for_3D_MAT3D_Segmentation_of_Clinical_and_Microscopic_WACV_2025_paper.pdf,
376,Method,Harmonizing Attention: Training-Free Texture-Aware Geometry Transfer,"Eito Ikuta, Yohan Lee, Akihiro Iohara, Yu Saito, Toshiyuki Tanaka",Main,https://openaccess.thecvf.com/content/WACV2025/html/Ikuta_Harmonizing_Attention_Training-Free_Texture-Aware_Geometry_Transfer_WACV_2025_paper.html,https://openaccess.thecvf.com/content/WACV2025/papers/Ikuta_Harmonizing_Attention_Training-Free_Texture-Aware_Geometry_Transfer_WACV_2025_paper.pdf,http://arxiv.org/abs/2408.10846
377,Method,Towards Generalized Face Anti-Spoofing from a Frequency Shortcut View,"Junyi Cao, Chao Ma",Main,https://openaccess.thecvf.com/content/WACV2025/html/Cao_Towards_Generalized_Face_Anti-Spoofing_from_a_Frequency_Shortcut_View_WACV_2025_paper.html,https://openaccess.thecvf.com/content/WACV2025/papers/Cao_Towards_Generalized_Face_Anti-Spoofing_from_a_Frequency_Shortcut_View_WACV_2025_paper.pdf,
378,Method,PatchFinder: Leveraging Visual Language Models for Accurate Information Retrieval using Model Uncertainty,"Roman Colman, Minh Vu, Manish Bhattarai, Martin Ma, Hari Viswanathan, Daniel O'Malley, Javier Santos",Main,https://openaccess.thecvf.com/content/WACV2025/html/Colman_PatchFinder_Leveraging_Visual_Language_Models_for_Accurate_Information_Retrieval_using_WACV_2025_paper.html,https://openaccess.thecvf.com/content/WACV2025/papers/Colman_PatchFinder_Leveraging_Visual_Language_Models_for_Accurate_Information_Retrieval_using_WACV_2025_paper.pdf,http://arxiv.org/abs/2412.02886
379,Method,DiTAS: Quantizing Diffusion Transformers via Enhanced Activation Smoothing,"Zhenyuan Dong, Sai Qian Zhang",Main,https://openaccess.thecvf.com/content/WACV2025/html/Dong_DiTAS_Quantizing_Diffusion_Transformers_via_Enhanced_Activation_Smoothing_WACV_2025_paper.html,https://openaccess.thecvf.com/content/WACV2025/papers/Dong_DiTAS_Quantizing_Diffusion_Transformers_via_Enhanced_Activation_Smoothing_WACV_2025_paper.pdf,http://arxiv.org/abs/2409.07756
380,Method,Improving Conditional Diffusion Models through Re-Noising from Unconditional Diffusion Priors,"Kangfu Mei, Nithin Gopalakrishnan Nair, Vishal Patel",Main,https://openaccess.thecvf.com/content/WACV2025/html/Mei_Improving_Conditional_Diffusion_Models_through_Re-Noising_from_Unconditional_Diffusion_Priors_WACV_2025_paper.html,https://openaccess.thecvf.com/content/WACV2025/papers/Mei_Improving_Conditional_Diffusion_Models_through_Re-Noising_from_Unconditional_Diffusion_Priors_WACV_2025_paper.pdf,
381,Method,SmartKC++: Improving Performance of Smartphone-Based Corneal Topographers,"Vaibhav Ganatra, Siddhartha Gairola, Pallavi Joshi, Anand Balasubramaniam, Kaushik Murali, Arivunithi Varadharajan, Bellamkonda Mallikarjuna, Nipun Kwatra, Mohit Jain",Main,https://openaccess.thecvf.com/content/WACV2025/html/Ganatra_SmartKC_Improving_Performance_of_Smartphone-Based_Corneal_Topographers_WACV_2025_paper.html,https://openaccess.thecvf.com/content/WACV2025/papers/Ganatra_SmartKC_Improving_Performance_of_Smartphone-Based_Corneal_Topographers_WACV_2025_paper.pdf,
382,Method,Partial Texture VAE: Color and Texture Encoder for Rock Particle Images,"Tetsushi Yamada, Simone Di Santo",Main,https://openaccess.thecvf.com/content/WACV2025/html/Yamada_Partial_Texture_VAE_Color_and_Texture_Encoder_for_Rock_Particle_WACV_2025_paper.html,https://openaccess.thecvf.com/content/WACV2025/papers/Yamada_Partial_Texture_VAE_Color_and_Texture_Encoder_for_Rock_Particle_WACV_2025_paper.pdf,
383,Method,Learning Keypoints for Multi-Agent Behavior Analysis using Self-Supervision,"Daniel Khalil, Christina Liu, Pietro Perona, Jennifer Sun, Markus Marks",Main,https://openaccess.thecvf.com/content/WACV2025/html/Khalil_Learning_Keypoints_for_Multi-Agent_Behavior_Analysis_using_Self-Supervision_WACV_2025_paper.html,https://openaccess.thecvf.com/content/WACV2025/papers/Khalil_Learning_Keypoints_for_Multi-Agent_Behavior_Analysis_using_Self-Supervision_WACV_2025_paper.pdf,http://arxiv.org/abs/2409.09455
384,Method,GaitContour: Efficient Gait Recognition Based on a Contour-Pose Representation,"Yuxiang Guo, Anshul Shah, Jiang Liu, Ayush Gupta, Rama Chellappa, Cheng Peng",Main,https://openaccess.thecvf.com/content/WACV2025/html/Guo_GaitContour_Efficient_Gait_Recognition_Based_on_a_Contour-Pose_Representation_WACV_2025_paper.html,https://openaccess.thecvf.com/content/WACV2025/papers/Guo_GaitContour_Efficient_Gait_Recognition_Based_on_a_Contour-Pose_Representation_WACV_2025_paper.pdf,http://arxiv.org/abs/2311.16497
385,Method,LIPIDS: Learning-Based Illumination Planning in Discretized (Light) Space for Photometric Stereo,"Ashish Tiwari, Mihirkumar Sutariya, Shanmuganathan Raman",Main,https://openaccess.thecvf.com/content/WACV2025/html/Tiwari_LIPIDS_Learning-Based_Illumination_Planning_in_Discretized_Light_Space_for_Photometric_WACV_2025_paper.html,https://openaccess.thecvf.com/content/WACV2025/papers/Tiwari_LIPIDS_Learning-Based_Illumination_Planning_in_Discretized_Light_Space_for_Photometric_WACV_2025_paper.pdf,http://arxiv.org/abs/2409.02716
386,Method,Multi-View Image Diffusion via Coordinate Noise and Fourier Attention,"Justin Theiss, Norman Müller, Daeil Kim, Aayush Prakash",Main,https://openaccess.thecvf.com/content/WACV2025/html/Theiss_Multi-View_Image_Diffusion_via_Coordinate_Noise_and_Fourier_Attention_WACV_2025_paper.html,https://openaccess.thecvf.com/content/WACV2025/papers/Theiss_Multi-View_Image_Diffusion_via_Coordinate_Noise_and_Fourier_Attention_WACV_2025_paper.pdf,
387,Method,Tumor Synthesis Conditioned on Radiomics,"Jonghun Kim, Inye Na, Eun Sook Ko, Hyunjin Park",Main,https://openaccess.thecvf.com/content/WACV2025/html/Kim_Tumor_Synthesis_Conditioned_on_Radiomics_WACV_2025_paper.html,https://openaccess.thecvf.com/content/WACV2025/papers/Kim_Tumor_Synthesis_Conditioned_on_Radiomics_WACV_2025_paper.pdf,
388,Method,PTQ4VM: Post-Training Quantization for Visual Mamba,"Younghyun Cho, Changhun Lee, Seonggon Kim, Eunhyeok Park",Main,https://openaccess.thecvf.com/content/WACV2025/html/Cho_PTQ4VM_Post-Training_Quantization_for_Visual_Mamba_WACV_2025_paper.html,https://openaccess.thecvf.com/content/WACV2025/papers/Cho_PTQ4VM_Post-Training_Quantization_for_Visual_Mamba_WACV_2025_paper.pdf,http://arxiv.org/abs/2412.20386
389,Method,AIDE: Improving 3D Open-Vocabulary Semantic Segmentation by Aligned Vision-Language Learning,"Yimu Wang, Krzysztof Czarnecki",Main,https://openaccess.thecvf.com/content/WACV2025/html/Wang_AIDE_Improving_3D_Open-Vocabulary_Semantic_Segmentation_by_Aligned_Vision-Language_Learning_WACV_2025_paper.html,https://openaccess.thecvf.com/content/WACV2025/papers/Wang_AIDE_Improving_3D_Open-Vocabulary_Semantic_Segmentation_by_Aligned_Vision-Language_Learning_WACV_2025_paper.pdf,
390,Method,AMP-ViT: Optimizing Vision Transformer Efficiency with Adaptive Mixed-Precision Post-Training Quantization,"Yu-Shan Tai, An-Yeu Wu",Main,https://openaccess.thecvf.com/content/WACV2025/html/Tai_AMP-ViT_Optimizing_Vision_Transformer_Efficiency_with_Adaptive_Mixed-Precision_Post-Training_Quantization_WACV_2025_paper.html,https://openaccess.thecvf.com/content/WACV2025/papers/Tai_AMP-ViT_Optimizing_Vision_Transformer_Efficiency_with_Adaptive_Mixed-Precision_Post-Training_Quantization_WACV_2025_paper.pdf,
391,Method,Delta-NAS: Difference of Architecture Encoding for Predictor-Based Evolutionary Neural Architecture Search,"Arjun Sridhar, Yiran Chen",Main,https://openaccess.thecvf.com/content/WACV2025/html/Sridhar_Delta-NAS_Difference_of_Architecture_Encoding_for_Predictor-Based_Evolutionary_Neural_Architecture_WACV_2025_paper.html,https://openaccess.thecvf.com/content/WACV2025/papers/Sridhar_Delta-NAS_Difference_of_Architecture_Encoding_for_Predictor-Based_Evolutionary_Neural_Architecture_WACV_2025_paper.pdf,
392,Method,VLTP: Vision-Language Guided Token Pruning for Task-Oriented Segmentation,"Hanning Chen, Yang Ni, Wenjun Huang, Yezi Liu, SungHeon Jeong, Fei Wen, Nathaniel Bastian, Hugo Latapie, Mohsen Imani",Main,https://openaccess.thecvf.com/content/WACV2025/html/Chen_VLTP_Vision-Language_Guided_Token_Pruning_for_Task-Oriented_Segmentation_WACV_2025_paper.html,https://openaccess.thecvf.com/content/WACV2025/papers/Chen_VLTP_Vision-Language_Guided_Token_Pruning_for_Task-Oriented_Segmentation_WACV_2025_paper.pdf,http://arxiv.org/abs/2409.08464
393,Method,Achieving Byzantine-Resilient Federated Learning via Layer-Adaptive Sparsified Model Aggregation,"Jiahao Xu, Zikai Zhang, Rui Hu",Main,https://openaccess.thecvf.com/content/WACV2025/html/Xu_Achieving_Byzantine-Resilient_Federated_Learning_via_Layer-Adaptive_Sparsified_Model_Aggregation_WACV_2025_paper.html,https://openaccess.thecvf.com/content/WACV2025/papers/Xu_Achieving_Byzantine-Resilient_Federated_Learning_via_Layer-Adaptive_Sparsified_Model_Aggregation_WACV_2025_paper.pdf,http://arxiv.org/abs/2409.01435
394,Method,Disentangling Spatio-Temporal Knowledge for Weakly Supervised Object Detection and Segmentation in Surgical Video,"Guiqiu Liao, Matjaz Jogan, Sai Koushik, Eric Eaton, Daniel A. Hashimoto",Main,https://openaccess.thecvf.com/content/WACV2025/html/Liao_Disentangling_Spatio-Temporal_Knowledge_for_Weakly_Supervised_Object_Detection_and_Segmentation_WACV_2025_paper.html,https://openaccess.thecvf.com/content/WACV2025/papers/Liao_Disentangling_Spatio-Temporal_Knowledge_for_Weakly_Supervised_Object_Detection_and_Segmentation_WACV_2025_paper.pdf,http://arxiv.org/abs/2407.15794
395,Method,Calib3D: Calibrating Model Preferences for Reliable 3D Scene Understanding,"Lingdong Kong, Xiang Xu, Jun Cen, Wenwei Zhang, Liang Pan, Kai Chen, Ziwei Liu",Main,https://openaccess.thecvf.com/content/WACV2025/html/Kong_Calib3D_Calibrating_Model_Preferences_for_Reliable_3D_Scene_Understanding_WACV_2025_paper.html,https://openaccess.thecvf.com/content/WACV2025/papers/Kong_Calib3D_Calibrating_Model_Preferences_for_Reliable_3D_Scene_Understanding_WACV_2025_paper.pdf,http://arxiv.org/abs/2403.17010
396,Method,TACLE: Task and Class-Aware Exemplar-Free Semi-Supervised Class Incremental Learning,"Jayateja Kalla, Rohit Kumar, Soma Biswas",Main,https://openaccess.thecvf.com/content/WACV2025/html/Kalla_TACLE_Task_and_Class-Aware_Exemplar-Free_Semi-Supervised_Class_Incremental_Learning_WACV_2025_paper.html,https://openaccess.thecvf.com/content/WACV2025/papers/Kalla_TACLE_Task_and_Class-Aware_Exemplar-Free_Semi-Supervised_Class_Incremental_Learning_WACV_2025_paper.pdf,http://arxiv.org/abs/2407.08041
397,Method,Background-Aware Moment Detection for Video Moment Retrieval,"Minjoon Jung, Youwon Jang, Seongho Choi, Joochan Kim, Jin-Hwa Kim, Byoung-Tak Zhang",Main,https://openaccess.thecvf.com/content/WACV2025/html/Jung_Background-Aware_Moment_Detection_for_Video_Moment_Retrieval_WACV_2025_paper.html,https://openaccess.thecvf.com/content/WACV2025/papers/Jung_Background-Aware_Moment_Detection_for_Video_Moment_Retrieval_WACV_2025_paper.pdf,http://arxiv.org/abs/2306.02728
398,Method,MFNeRF: Memory Efficient NeRF with Mixed-Feature Hash Table,"Yongjae Lee, Li Yang, Deliang Fan",Main,https://openaccess.thecvf.com/content/WACV2025/html/Lee_MFNeRF_Memory_Efficient_NeRF_with_Mixed-Feature_Hash_Table_WACV_2025_paper.html,https://openaccess.thecvf.com/content/WACV2025/papers/Lee_MFNeRF_Memory_Efficient_NeRF_with_Mixed-Feature_Hash_Table_WACV_2025_paper.pdf,
399,Method,PETALface: Parameter Efficient Transfer Learning for Low-Resolution Face Recognition,"Kartik Narayan, Nithin Gopalakrishnan Nair, Jennifer Xu, Rama Chellappa, Vishal M. Patel",Main,https://openaccess.thecvf.com/content/WACV2025/html/Narayan_PETALface_Parameter_Efficient_Transfer_Learning_for_Low-Resolution_Face_Recognition_WACV_2025_paper.html,https://openaccess.thecvf.com/content/WACV2025/papers/Narayan_PETALface_Parameter_Efficient_Transfer_Learning_for_Low-Resolution_Face_Recognition_WACV_2025_paper.pdf,http://arxiv.org/abs/2412.07771
400,Method,MissionGNN: Hierarchical Multimodal GNN-Based Weakly Supervised Video Anomaly Recognition with Mission-Specific Knowledge Graph Generation,"Sanggeon Yun, Ryozo Masukawa, Minhyoung Na, Mohsen Imani",Main,https://openaccess.thecvf.com/content/WACV2025/html/Yun_MissionGNN_Hierarchical_Multimodal_GNN-Based_Weakly_Supervised_Video_Anomaly_Recognition_with_WACV_2025_paper.html,https://openaccess.thecvf.com/content/WACV2025/papers/Yun_MissionGNN_Hierarchical_Multimodal_GNN-Based_Weakly_Supervised_Video_Anomaly_Recognition_with_WACV_2025_paper.pdf,http://arxiv.org/abs/2406.18815
401,Method,Cascaded Dual Vision Transformer for Accurate Facial Landmark Detection,"Ziqiang Dang, Jianfang Li, Lin Liu",Main,https://openaccess.thecvf.com/content/WACV2025/html/Dang_Cascaded_Dual_Vision_Transformer_for_Accurate_Facial_Landmark_Detection_WACV_2025_paper.html,https://openaccess.thecvf.com/content/WACV2025/papers/Dang_Cascaded_Dual_Vision_Transformer_for_Accurate_Facial_Landmark_Detection_WACV_2025_paper.pdf,http://arxiv.org/abs/2411.07167
402,Method,QuantAttack: Exploiting Quantization Techniques to Attack Vision Transformers,"Amit Baras, Alon Zolfi, Yuval Elovici, Asaf Shabtai",Main,https://openaccess.thecvf.com/content/WACV2025/html/Baras_QuantAttack_Exploiting_Quantization_Techniques_to_Attack_Vision_Transformers_WACV_2025_paper.html,https://openaccess.thecvf.com/content/WACV2025/papers/Baras_QuantAttack_Exploiting_Quantization_Techniques_to_Attack_Vision_Transformers_WACV_2025_paper.pdf,
403,Method,RendBEV: Semantic Novel View Synthesis for Self-Supervised Bird's Eye View Segmentation,"Henrique Piñeiro Monteagudo, Leonardo Taccari, Aurel Pjetri, Francesco Sambo, Samuele Salti",Main,https://openaccess.thecvf.com/content/WACV2025/html/Monteagudo_RendBEV_Semantic_Novel_View_Synthesis_for_Self-Supervised_Birds_Eye_View_WACV_2025_paper.html,https://openaccess.thecvf.com/content/WACV2025/papers/Monteagudo_RendBEV_Semantic_Novel_View_Synthesis_for_Self-Supervised_Birds_Eye_View_WACV_2025_paper.pdf,
404,Method,NeuroViG - Integrating Event Cameras for Resource-Efficient Video Grounding,"Dulanga Weerakoon, Vigneshwaran Subbaraju, Joo Hwee Lim, Archan Misra",Main,https://openaccess.thecvf.com/content/WACV2025/html/Weerakoon_NeuroViG_-_Integrating_Event_Cameras_for_Resource-Efficient_Video_Grounding_WACV_2025_paper.html,https://openaccess.thecvf.com/content/WACV2025/papers/Weerakoon_NeuroViG_-_Integrating_Event_Cameras_for_Resource-Efficient_Video_Grounding_WACV_2025_paper.pdf,
405,Method,Aggregated Attributions for Explanatory Analysis of 3D Segmentation Models,"Maciej Chrabaszcz, Hubert Baniecki, Piotr Komorowski, Szymon Plotka, Przemyslaw Biecek",Main,https://openaccess.thecvf.com/content/WACV2025/html/Chrabaszcz_Aggregated_Attributions_for_Explanatory_Analysis_of_3D_Segmentation_Models_WACV_2025_paper.html,https://openaccess.thecvf.com/content/WACV2025/papers/Chrabaszcz_Aggregated_Attributions_for_Explanatory_Analysis_of_3D_Segmentation_Models_WACV_2025_paper.pdf,http://arxiv.org/abs/2407.16653
406,Method,Looking at Model Debiasing through the Lens of Anomaly Detection,"Vito Paolo Pastore, Massimiliano Ciranni, Davide Marinelli, Francesca Odone, Vittorio Murino",Main,https://openaccess.thecvf.com/content/WACV2025/html/Pastore_Looking_at_Model_Debiasing_through_the_Lens_of_Anomaly_Detection_WACV_2025_paper.html,https://openaccess.thecvf.com/content/WACV2025/papers/Pastore_Looking_at_Model_Debiasing_through_the_Lens_of_Anomaly_Detection_WACV_2025_paper.pdf,http://arxiv.org/abs/2407.17449
407,Method,On Neural BRDFs: A Thorough Comparison of State-of-the-Art Approaches,"Florian Hofherr, Bjoern Haefner, Daniel Cremers",Main,https://openaccess.thecvf.com/content/WACV2025/html/Hofherr_On_Neural_BRDFs_A_Thorough_Comparison_of_State-of-the-Art_Approaches_WACV_2025_paper.html,https://openaccess.thecvf.com/content/WACV2025/papers/Hofherr_On_Neural_BRDFs_A_Thorough_Comparison_of_State-of-the-Art_Approaches_WACV_2025_paper.pdf,
408,Method,Focusing on What to Decode and What to Train: SOV Decoding with Specific Target Guided DeNoising and Vision Language Advisor,"Junwen Chen, Yingcheng Wang, Keiji Yanai",Main,https://openaccess.thecvf.com/content/WACV2025/html/Chen_Focusing_on_What_to_Decode_and_What_to_Train_SOV_WACV_2025_paper.html,https://openaccess.thecvf.com/content/WACV2025/papers/Chen_Focusing_on_What_to_Decode_and_What_to_Train_SOV_WACV_2025_paper.pdf,http://arxiv.org/abs/2307.02291
409,Method,Efficient Video Object Segmentation via Modulated Cross-Attention Memory,"Abdelrahman Shaker, Syed Talal Wasim, Martin Danelljan, Salman Khan, Ming-Hsuan Yang, Fahad Shahbaz Khan",Main,https://openaccess.thecvf.com/content/WACV2025/html/Shaker_Efficient_Video_Object_Segmentation_via_Modulated_Cross-Attention_Memory_WACV_2025_paper.html,https://openaccess.thecvf.com/content/WACV2025/papers/Shaker_Efficient_Video_Object_Segmentation_via_Modulated_Cross-Attention_Memory_WACV_2025_paper.pdf,http://arxiv.org/abs/2403.17937
410,Method,OpenCity3D: What do Vision-Language Models Know About Urban Environments?,"Valentin Bieri, Marco Zamboni, Nicolas Samuel Blumer, Qingxuan Chen, Francis Engelmann",Main,https://openaccess.thecvf.com/content/WACV2025/html/Bieri_OpenCity3D_What_do_Vision-Language_Models_Know_About_Urban_Environments_WACV_2025_paper.html,https://openaccess.thecvf.com/content/WACV2025/papers/Bieri_OpenCity3D_What_do_Vision-Language_Models_Know_About_Urban_Environments_WACV_2025_paper.pdf,
411,Method,NPL-MVPS: Neural Point-Light Multi-View Photometric Stereo,"Fotios Logothetis, Ignas Budvytis, Roberto Cipolla",Main,https://openaccess.thecvf.com/content/WACV2025/html/Logothetis_NPL-MVPS_Neural_Point-Light_Multi-View_Photometric_Stereo_WACV_2025_paper.html,https://openaccess.thecvf.com/content/WACV2025/papers/Logothetis_NPL-MVPS_Neural_Point-Light_Multi-View_Photometric_Stereo_WACV_2025_paper.pdf,
412,Method,RAW-Diffusion: RGB-Guided Diffusion Models for High-Fidelity RAW Image Generation,"Christoph Reinders, Radu Berdan, Beril Besbinar, Junji Otsuka, Daisuke Iso",Main,https://openaccess.thecvf.com/content/WACV2025/html/Reinders_RAW-Diffusion_RGB-Guided_Diffusion_Models_for_High-Fidelity_RAW_Image_Generation_WACV_2025_paper.html,https://openaccess.thecvf.com/content/WACV2025/papers/Reinders_RAW-Diffusion_RGB-Guided_Diffusion_Models_for_High-Fidelity_RAW_Image_Generation_WACV_2025_paper.pdf,
413,Method,Uncertainty-Guided Metric Learning without Labels,"Dhanunjaya Varma Devalraju, C Chandra Sekhar",Main,https://openaccess.thecvf.com/content/WACV2025/html/Devalraju_Uncertainty-Guided_Metric_Learning_without_Labels_WACV_2025_paper.html,https://openaccess.thecvf.com/content/WACV2025/papers/Devalraju_Uncertainty-Guided_Metric_Learning_without_Labels_WACV_2025_paper.pdf,
414,Method,MetaVIn: Meteorological and Visual Integration for Atmospheric Turbulence Strength Estimation,"Ripon Kumar Saha, Scott McCloskey, Suren Jayasuriya",Main,https://openaccess.thecvf.com/content/WACV2025/html/Saha_MetaVIn_Meteorological_and_Visual_Integration_for_Atmospheric_Turbulence_Strength_Estimation_WACV_2025_paper.html,https://openaccess.thecvf.com/content/WACV2025/papers/Saha_MetaVIn_Meteorological_and_Visual_Integration_for_Atmospheric_Turbulence_Strength_Estimation_WACV_2025_paper.pdf,
415,Method,A Versatile and Differentiable Hand-Object Interaction Representation,"Théo Morales, Omid Taheri, Gerard Lacey",Main,https://openaccess.thecvf.com/content/WACV2025/html/Morales_A_Versatile_and_Differentiable_Hand-Object_Interaction_Representation_WACV_2025_paper.html,https://openaccess.thecvf.com/content/WACV2025/papers/Morales_A_Versatile_and_Differentiable_Hand-Object_Interaction_Representation_WACV_2025_paper.pdf,http://arxiv.org/abs/2409.16855
416,Method,Data Augmentation for Image Classification using Generative AI,"Fazle Rahat, M Shifat Hossain, Md Rubel Ahmed, Sumit Kumar Jha, Rickard Ewetz",Main,https://openaccess.thecvf.com/content/WACV2025/html/Rahat_Data_Augmentation_for_Image_Classification_using_Generative_AI_WACV_2025_paper.html,https://openaccess.thecvf.com/content/WACV2025/papers/Rahat_Data_Augmentation_for_Image_Classification_using_Generative_AI_WACV_2025_paper.pdf,http://arxiv.org/abs/2409.00547
417,Method,EchoDFKD: Data-Free Knowledge Distillation for Cardiac Ultrasound Segmentation using Synthetic Data,"Grégoire Petit, Nathan Palluau, Axel Bauer, Clemens Dlaska",Main,https://openaccess.thecvf.com/content/WACV2025/html/Petit_EchoDFKD_Data-Free_Knowledge_Distillation_for_Cardiac_Ultrasound_Segmentation_using_Synthetic_WACV_2025_paper.html,https://openaccess.thecvf.com/content/WACV2025/papers/Petit_EchoDFKD_Data-Free_Knowledge_Distillation_for_Cardiac_Ultrasound_Segmentation_using_Synthetic_WACV_2025_paper.pdf,http://arxiv.org/abs/2409.07566
418,Method,Latency Robust Cooperative Perception using Asynchronous Feature Fusion,"Junjie Wang, Tomas Nordström",Main,https://openaccess.thecvf.com/content/WACV2025/html/Wang_Latency_Robust_Cooperative_Perception_using_Asynchronous_Feature_Fusion_WACV_2025_paper.html,https://openaccess.thecvf.com/content/WACV2025/papers/Wang_Latency_Robust_Cooperative_Perception_using_Asynchronous_Feature_Fusion_WACV_2025_paper.pdf,
419,Method,DSTR: Dual Scenes Transformer for Cross-Modal Fusion in 3D Object Detection,"Haojie Cai, Dongfu Yin, Fei Richard Yu, Siting Xiong",Main,https://openaccess.thecvf.com/content/WACV2025/html/Cai_DSTR_Dual_Scenes_Transformer_for_Cross-Modal_Fusion_in_3D_Object_WACV_2025_paper.html,https://openaccess.thecvf.com/content/WACV2025/papers/Cai_DSTR_Dual_Scenes_Transformer_for_Cross-Modal_Fusion_in_3D_Object_WACV_2025_paper.pdf,
420,Method,SAM-DA: Decoder Adapter for Efficient Medical Domain Adaptation,"Javier Gamazo Tejero, Moritz J Schmid, Pablo Márquez Neila, Martin Zinkernagel, Sebastian Wolf, Raphael Sznitman",Main,https://openaccess.thecvf.com/content/WACV2025/html/Tejero_SAM-DA_Decoder_Adapter_for_Efficient_Medical_Domain_Adaptation_WACV_2025_paper.html,https://openaccess.thecvf.com/content/WACV2025/papers/Tejero_SAM-DA_Decoder_Adapter_for_Efficient_Medical_Domain_Adaptation_WACV_2025_paper.pdf,
421,Method,Social EgoMesh Estimation,"Luca Scofano, Alessio Sampieri, Edoardo De Matteis, Indro Spinelli, Fabio Galasso",Main,https://openaccess.thecvf.com/content/WACV2025/html/Scofano_Social_EgoMesh_Estimation_WACV_2025_paper.html,https://openaccess.thecvf.com/content/WACV2025/papers/Scofano_Social_EgoMesh_Estimation_WACV_2025_paper.pdf,http://arxiv.org/abs/2411.04598
422,Method,Localized Gaussian Splatting Editing with Contextual Awareness,"Hanyuan Xiao, Yingshu Chen, Huajian Huang, Haolin Xiong, Jing Yang, Pratusha Prasad, Yajie Zhao",Main,https://openaccess.thecvf.com/content/WACV2025/html/Xiao_Localized_Gaussian_Splatting_Editing_with_Contextual_Awareness_WACV_2025_paper.html,https://openaccess.thecvf.com/content/WACV2025/papers/Xiao_Localized_Gaussian_Splatting_Editing_with_Contextual_Awareness_WACV_2025_paper.pdf,http://arxiv.org/abs/2408.00083
423,Method,S3PT: Scene Semantics and Structure Guided Clustering to Boost Self-Supervised Pre-Training for Autonomous Driving,"Maciej K. Wozniak, Hariprasath Govindarajan, Marvin Klingner, Camille Maurice, B Ravi Kiran, Senthil Yogamani",Main,https://openaccess.thecvf.com/content/WACV2025/html/Wozniak_S3PT_Scene_Semantics_and_Structure_Guided_Clustering_to_Boost_Self-Supervised_WACV_2025_paper.html,https://openaccess.thecvf.com/content/WACV2025/papers/Wozniak_S3PT_Scene_Semantics_and_Structure_Guided_Clustering_to_Boost_Self-Supervised_WACV_2025_paper.pdf,http://arxiv.org/abs/2410.23085
424,Method,Shapley Consensus Deep Learning for Ensemble Pruning,"Youcef Djenouri, Ahmed Nabil Belbachir, Asma Belhadi, Nassim Belmecheri, Tomasz Michalak",Main,https://openaccess.thecvf.com/content/WACV2025/html/Djenouri_Shapley_Consensus_Deep_Learning_for_Ensemble_Pruning_WACV_2025_paper.html,https://openaccess.thecvf.com/content/WACV2025/papers/Djenouri_Shapley_Consensus_Deep_Learning_for_Ensemble_Pruning_WACV_2025_paper.pdf,
425,Method,Personalized Mixture of Experts for Multi-Site Medical Image Segmentation,"Md Motiur Rahman, Mohamed Trabelsi, Huseyin Uzunalioglu, Aidan Boyd",Main,https://openaccess.thecvf.com/content/WACV2025/html/Rahman_Personalized_Mixture_of_Experts_for_Multi-Site_Medical_Image_Segmentation_WACV_2025_paper.html,https://openaccess.thecvf.com/content/WACV2025/papers/Rahman_Personalized_Mixture_of_Experts_for_Multi-Site_Medical_Image_Segmentation_WACV_2025_paper.pdf,
426,Method,Learning Semantic Part-Based Graph Structure for 3D Point Cloud Domain Generalization,"G Ujwal Sai, Arkadipta De, Vartika Sengar, Anuj Rathore, Daksh Thapar, Manohar Kaul",Main,https://openaccess.thecvf.com/content/WACV2025/html/Sai_Learning_Semantic_Part-Based_Graph_Structure_for_3D_Point_Cloud_Domain_WACV_2025_paper.html,https://openaccess.thecvf.com/content/WACV2025/papers/Sai_Learning_Semantic_Part-Based_Graph_Structure_for_3D_Point_Cloud_Domain_WACV_2025_paper.pdf,
427,Method,MENTOR: Human Perception-Guided Pretraining for Increased Generalization,"Colton R. Crum, Adam Czajka",Main,https://openaccess.thecvf.com/content/WACV2025/html/Crum_MENTOR_Human_Perception-Guided_Pretraining_for_Increased_Generalization_WACV_2025_paper.html,https://openaccess.thecvf.com/content/WACV2025/papers/Crum_MENTOR_Human_Perception-Guided_Pretraining_for_Increased_Generalization_WACV_2025_paper.pdf,http://arxiv.org/abs/2310.19545
428,Method,Multi-Modal Large Language Model with RAG Strategies in Soccer Commentary Generation,"Xiang Li, Yangfan He, Shuaishuai Zu, Zhengyang Li, Tianyu Shi, Yiting Xie, Kevin Zhang",Main,https://openaccess.thecvf.com/content/WACV2025/html/Li_Multi-Modal_Large_Language_Model_with_RAG_Strategies_in_Soccer_Commentary_WACV_2025_paper.html,https://openaccess.thecvf.com/content/WACV2025/papers/Li_Multi-Modal_Large_Language_Model_with_RAG_Strategies_in_Soccer_Commentary_WACV_2025_paper.pdf,
429,Method,FOR: Finetuning for Object Level Open Vocabulary Image Retrieval,"Hila Levi, Guy Heller, Dan Levi",Main,https://openaccess.thecvf.com/content/WACV2025/html/Levi_FOR_Finetuning_for_Object_Level_Open_Vocabulary_Image_Retrieval_WACV_2025_paper.html,https://openaccess.thecvf.com/content/WACV2025/papers/Levi_FOR_Finetuning_for_Object_Level_Open_Vocabulary_Image_Retrieval_WACV_2025_paper.pdf,http://arxiv.org/abs/2412.18806
430,Method,All-in-One Image Compression and Restoration,"Huimin Zeng, Jiacheng Li, Ziqiang Zheng, Zhiwei Xiong",Main,https://openaccess.thecvf.com/content/WACV2025/html/Zeng_All-in-One_Image_Compression_and_Restoration_WACV_2025_paper.html,https://openaccess.thecvf.com/content/WACV2025/papers/Zeng_All-in-One_Image_Compression_and_Restoration_WACV_2025_paper.pdf,http://arxiv.org/abs/2502.03649
431,Method,PLReMix: Combating Noisy Labels with Pseudo-Label Relaxed Contrastive Representation Learning,"Xiaoyu Liu, Beitong Zhou, Zuogong Yue, Cheng Cheng",Main,https://openaccess.thecvf.com/content/WACV2025/html/Liu_PLReMix_Combating_Noisy_Labels_with_Pseudo-Label_Relaxed_Contrastive_Representation_Learning_WACV_2025_paper.html,https://openaccess.thecvf.com/content/WACV2025/papers/Liu_PLReMix_Combating_Noisy_Labels_with_Pseudo-Label_Relaxed_Contrastive_Representation_Learning_WACV_2025_paper.pdf,http://arxiv.org/abs/2402.17589
432,Method,Data Generation for Hardware-Friendly Post-Training Quantization,"Lior Dikstein, Ariel Lapid, Arnon Netzer, Hai Victor Habi",Main,https://openaccess.thecvf.com/content/WACV2025/html/Dikstein_Data_Generation_for_Hardware-Friendly_Post-Training_Quantization_WACV_2025_paper.html,https://openaccess.thecvf.com/content/WACV2025/papers/Dikstein_Data_Generation_for_Hardware-Friendly_Post-Training_Quantization_WACV_2025_paper.pdf,http://arxiv.org/abs/2410.22110
433,Method,An Investigation on LLMs' Visual Understanding Ability using SVG for Image-Text Bridging,"Mu Cai, Zeyi Huang, Yuheng Li, Utkarsh Ojha, Haohan Wang, Yong Jae Lee",Main,https://openaccess.thecvf.com/content/WACV2025/html/Cai_An_Investigation_on_LLMs_Visual_Understanding_Ability_using_SVG_for_WACV_2025_paper.html,https://openaccess.thecvf.com/content/WACV2025/papers/Cai_An_Investigation_on_LLMs_Visual_Understanding_Ability_using_SVG_for_WACV_2025_paper.pdf,
434,Method,RiemStega: Covariance-Based Loss for Print-Proof Transmission of Data in Images,"Aniana Cruz, Guilherme Schardong, Luiz Schirmer, João Marcos, Farhad Shadmand, Nuno Gonçalves",Main,https://openaccess.thecvf.com/content/WACV2025/html/Cruz_RiemStega_Covariance-Based_Loss_for_Print-Proof_Transmission_of_Data_in_Images_WACV_2025_paper.html,https://openaccess.thecvf.com/content/WACV2025/papers/Cruz_RiemStega_Covariance-Based_Loss_for_Print-Proof_Transmission_of_Data_in_Images_WACV_2025_paper.pdf,
435,Method,Rethinking Low-Rank Adaptation in Vision: Exploring Head-Level Responsiveness Across Diverse Tasks,"Yibo Zhong, Yao Zhou",Main,https://openaccess.thecvf.com/content/WACV2025/html/Zhong_Rethinking_Low-Rank_Adaptation_in_Vision_Exploring_Head-Level_Responsiveness_Across_Diverse_WACV_2025_paper.html,https://openaccess.thecvf.com/content/WACV2025/papers/Zhong_Rethinking_Low-Rank_Adaptation_in_Vision_Exploring_Head-Level_Responsiveness_Across_Diverse_WACV_2025_paper.pdf,http://arxiv.org/abs/2404.08894
436,Method,Dynamic Adapter Tuning for Long-Tailed Class-Incremental Learning,"Yanan Gu, Muli Yang, Xu Yang, Kun Wei, Hongyuan Zhu, Gabriel James Goenawan, Cheng Deng",Main,https://openaccess.thecvf.com/content/WACV2025/html/Gu_Dynamic_Adapter_Tuning_for_Long-Tailed_Class-Incremental_Learning_WACV_2025_paper.html,https://openaccess.thecvf.com/content/WACV2025/papers/Gu_Dynamic_Adapter_Tuning_for_Long-Tailed_Class-Incremental_Learning_WACV_2025_paper.pdf,
437,Method,Distilling Aggregated Knowledge for Weakly-Supervised Video Anomaly Detection,"Jash Dalvi, Ali Dabouei, Gunjan Dhanuka, Min Xu",Main,https://openaccess.thecvf.com/content/WACV2025/html/Dalvi_Distilling_Aggregated_Knowledge_for_Weakly-Supervised_Video_Anomaly_Detection_WACV_2025_paper.html,https://openaccess.thecvf.com/content/WACV2025/papers/Dalvi_Distilling_Aggregated_Knowledge_for_Weakly-Supervised_Video_Anomaly_Detection_WACV_2025_paper.pdf,http://arxiv.org/abs/2406.02831
438,Method,WiGNet: Windowed Vision Graph Neural Network,"Gabriele Spadaro, Marco Grangetto, Attilio Fiandrotti, Enzo Tartaglione, Jhony H. Giraldo",Main,https://openaccess.thecvf.com/content/WACV2025/html/Spadaro_WiGNet_Windowed_Vision_Graph_Neural_Network_WACV_2025_paper.html,https://openaccess.thecvf.com/content/WACV2025/papers/Spadaro_WiGNet_Windowed_Vision_Graph_Neural_Network_WACV_2025_paper.pdf,http://arxiv.org/abs/2410.00807
439,Method,Transferring Foundation Models for Generalizable Robotic Manipulation,"Jiange Yang, Wenhui Tan, Chuhao Jin, Keling Yao, Bei Liu, Jianlong Fu, Ruihua Song, Gangshan Wu, Limin Wang",Main,https://openaccess.thecvf.com/content/WACV2025/html/Yang_Transferring_Foundation_Models_for_Generalizable_Robotic_Manipulation_WACV_2025_paper.html,https://openaccess.thecvf.com/content/WACV2025/papers/Yang_Transferring_Foundation_Models_for_Generalizable_Robotic_Manipulation_WACV_2025_paper.pdf,http://arxiv.org/abs/2306.05716
440,Method,Robust Novelty Detection through Style-Conscious Feature Ranking,"Stefan Smeu, Elena Burceanu, Emanuela Haller, Andrei Liviu Nicolicioiu",Main,https://openaccess.thecvf.com/content/WACV2025/html/Smeu_Robust_Novelty_Detection_through_Style-Conscious_Feature_Ranking_WACV_2025_paper.html,https://openaccess.thecvf.com/content/WACV2025/papers/Smeu_Robust_Novelty_Detection_through_Style-Conscious_Feature_Ranking_WACV_2025_paper.pdf,http://arxiv.org/abs/2310.03738
441,Method,LowFormer: Hardware Efficient Design for Convolutional Transformer Backbones,"Moritz Nottebaum, Matteo Dunnhofer, Christian Micheloni",Main,https://openaccess.thecvf.com/content/WACV2025/html/Nottebaum_LowFormer_Hardware_Efficient_Design_for_Convolutional_Transformer_Backbones_WACV_2025_paper.html,https://openaccess.thecvf.com/content/WACV2025/papers/Nottebaum_LowFormer_Hardware_Efficient_Design_for_Convolutional_Transformer_Backbones_WACV_2025_paper.pdf,http://arxiv.org/abs/2409.03460
442,Method,Towards Unbiased Continual Learning: Avoiding Forgetting in the Presence of Spurious Correlations,"Giacomo Capitani, Lorenzo Bonicelli, Angelo Porrello, Federico Bolelli, Simone Calderara, Elisa Ficarra",Main,https://openaccess.thecvf.com/content/WACV2025/html/Capitani_Towards_Unbiased_Continual_Learning_Avoiding_Forgetting_in_the_Presence_of_WACV_2025_paper.html,https://openaccess.thecvf.com/content/WACV2025/papers/Capitani_Towards_Unbiased_Continual_Learning_Avoiding_Forgetting_in_the_Presence_of_WACV_2025_paper.pdf,
443,Method,Denoising Diffusion Models for High-Resolution Microscopy Image Restoration,"Pamela Osuna-Vargas, Maren H. Wehrheim, Lucas Zinz, Johanna Rahm, Ashwin Balakrishnan, Alexandra Kaminer, Mike Heilemann, Matthias Kaschube",Main,https://openaccess.thecvf.com/content/WACV2025/html/Osuna-Vargas_Denoising_Diffusion_Models_for_High-Resolution_Microscopy_Image_Restoration_WACV_2025_paper.html,https://openaccess.thecvf.com/content/WACV2025/papers/Osuna-Vargas_Denoising_Diffusion_Models_for_High-Resolution_Microscopy_Image_Restoration_WACV_2025_paper.pdf,http://arxiv.org/abs/2409.12078
444,Method,Domain Generalization using Large Pretrained Models with Mixture-of-Adapters,"Gyuseong Lee, Wooseok Jang, Jinhyeon Kim, Jaewoo Jung, Seungryong Kim",Main,https://openaccess.thecvf.com/content/WACV2025/html/Lee_Domain_Generalization_using_Large_Pretrained_Models_with_Mixture-of-Adapters_WACV_2025_paper.html,https://openaccess.thecvf.com/content/WACV2025/papers/Lee_Domain_Generalization_using_Large_Pretrained_Models_with_Mixture-of-Adapters_WACV_2025_paper.pdf,http://arxiv.org/abs/2310.11031
445,Method,From Visual Explanations to Counterfactual Explanations with Latent Diffusion,"Tung Luu, Nam Le, Duc Le, Bac Le",Main,https://openaccess.thecvf.com/content/WACV2025/html/Luu_From_Visual_Explanations_to_Counterfactual_Explanations_with_Latent_Diffusion_WACV_2025_paper.html,https://openaccess.thecvf.com/content/WACV2025/papers/Luu_From_Visual_Explanations_to_Counterfactual_Explanations_with_Latent_Diffusion_WACV_2025_paper.pdf,
446,Method,Active Learning with Context Sampling and One-vs-Rest Entropy for Semantic Segmentation,"Fei Wu, Pablo Márquez Neila, Hedyeh Rafii-Tari, Raphael Sznitman",Main,https://openaccess.thecvf.com/content/WACV2025/html/Wu_Active_Learning_with_Context_Sampling_and_One-vs-Rest_Entropy_for_Semantic_WACV_2025_paper.html,https://openaccess.thecvf.com/content/WACV2025/papers/Wu_Active_Learning_with_Context_Sampling_and_One-vs-Rest_Entropy_for_Semantic_WACV_2025_paper.pdf,
447,Method,VisualFusion: Enhancing Blog Content with Advanced Infographic Pipeline,"Anurag Deo, Savita Bhat, Shirish Karande",Main,https://openaccess.thecvf.com/content/WACV2025/html/Deo_VisualFusion_Enhancing_Blog_Content_with_Advanced_Infographic_Pipeline_WACV_2025_paper.html,https://openaccess.thecvf.com/content/WACV2025/papers/Deo_VisualFusion_Enhancing_Blog_Content_with_Advanced_Infographic_Pipeline_WACV_2025_paper.pdf,
448,Method,Can Out-of-Domain Data Help to Learn Domain-Specific Prompts for Multimodal Misinformation Detection?,"Amartya Bhattacharya, Debarshi Brahma, Suraj Nagaje, Anmol Asati, Vikas Verma, Soma Biswas",Main,https://openaccess.thecvf.com/content/WACV2025/html/Bhattacharya_Can_Out-of-Domain_Data_Help_to_Learn_Domain-Specific_Prompts_for_Multimodal_WACV_2025_paper.html,https://openaccess.thecvf.com/content/WACV2025/papers/Bhattacharya_Can_Out-of-Domain_Data_Help_to_Learn_Domain-Specific_Prompts_for_Multimodal_WACV_2025_paper.pdf,http://arxiv.org/abs/2311.16496
449,Method,Scene-LLM: Extending Language Model for 3D Visual Reasoning,"Rao Fu, Jingyu Liu, Xilun Chen, Yixin Nie, Wenhan Xiong",Main,https://openaccess.thecvf.com/content/WACV2025/html/Fu_Scene-LLM_Extending_Language_Model_for_3D_Visual_Reasoning_WACV_2025_paper.html,https://openaccess.thecvf.com/content/WACV2025/papers/Fu_Scene-LLM_Extending_Language_Model_for_3D_Visual_Reasoning_WACV_2025_paper.pdf,
450,Method,DivAvatar: Diverse 3D Avatar Generation with a Single Prompt,"Weijing Tao, Biwen Lei, Kunhao Liu, Shijian Lu, Miaomiao Cui, Xuansong Xie",Main,https://openaccess.thecvf.com/content/WACV2025/html/Tao_DivAvatar_Diverse_3D_Avatar_Generation_with_a_Single_Prompt_WACV_2025_paper.html,https://openaccess.thecvf.com/content/WACV2025/papers/Tao_DivAvatar_Diverse_3D_Avatar_Generation_with_a_Single_Prompt_WACV_2025_paper.pdf,http://arxiv.org/abs/2402.17292
451,Method,Information Extraction from Heterogeneous Documents without Ground Truth Labels using Synthetic Label Generation and Knowledge Distillation,"Aniket Bhattacharyya, Anurag Tripathi",Main,https://openaccess.thecvf.com/content/WACV2025/html/Bhattacharyya_Information_Extraction_from_Heterogeneous_Documents_without_Ground_Truth_Labels_using_WACV_2025_paper.html,https://openaccess.thecvf.com/content/WACV2025/papers/Bhattacharyya_Information_Extraction_from_Heterogeneous_Documents_without_Ground_Truth_Labels_using_WACV_2025_paper.pdf,http://arxiv.org/abs/2411.14957
452,Method,Street TryOn: Learning In-the-Wild Virtual Try-On from Unpaired Person Images,"Aiyu Cui, Jay Mahajan, Viraj Shah, Preeti Gomathinayagam, Chang Liu, Svetlana Lazebnik",Main,https://openaccess.thecvf.com/content/WACV2025/html/Cui_Street_TryOn_Learning_In-the-Wild_Virtual_Try-On_from_Unpaired_Person_Images_WACV_2025_paper.html,https://openaccess.thecvf.com/content/WACV2025/papers/Cui_Street_TryOn_Learning_In-the-Wild_Virtual_Try-On_from_Unpaired_Person_Images_WACV_2025_paper.pdf,http://arxiv.org/abs/2311.16094
453,Method,Elemental Composite Prototypical Network: Few-Shot Object Detection on Outdoor 3D Point Cloud Scenes,"Arkadipta De, Vartika Sengar, Daksh Thapar, Mahesh Chandran, Manohar Kaul",Main,https://openaccess.thecvf.com/content/WACV2025/html/De_Elemental_Composite_Prototypical_Network_Few-Shot_Object_Detection_on_Outdoor_3D_WACV_2025_paper.html,https://openaccess.thecvf.com/content/WACV2025/papers/De_Elemental_Composite_Prototypical_Network_Few-Shot_Object_Detection_on_Outdoor_3D_WACV_2025_paper.pdf,
454,Method,DiffMesh: A Motion-Aware Diffusion Framework for Human Mesh Recovery from Videos,"Ce Zheng, Xianpeng Liu, Qucheng Peng, Tianfu Wu, Pu Wang, Chen Chen",Main,https://openaccess.thecvf.com/content/WACV2025/html/Zheng_DiffMesh_A_Motion-Aware_Diffusion_Framework_for_Human_Mesh_Recovery_from_WACV_2025_paper.html,https://openaccess.thecvf.com/content/WACV2025/papers/Zheng_DiffMesh_A_Motion-Aware_Diffusion_Framework_for_Human_Mesh_Recovery_from_WACV_2025_paper.pdf,http://arxiv.org/abs/2303.13397
455,Method,SplatFace: Gaussian Splat Face Reconstruction Leveraging an Optimizable Surface,"Jiahao Luo, Jing Liu, James Davis",Main,https://openaccess.thecvf.com/content/WACV2025/html/Luo_SplatFace_Gaussian_Splat_Face_Reconstruction_Leveraging_an_Optimizable_Surface_WACV_2025_paper.html,https://openaccess.thecvf.com/content/WACV2025/papers/Luo_SplatFace_Gaussian_Splat_Face_Reconstruction_Leveraging_an_Optimizable_Surface_WACV_2025_paper.pdf,http://arxiv.org/abs/2403.18784
456,Method,Pix2Poly: A Sequence Prediction Method for End-to-End Polygonal Building Footprint Extraction from Remote Sensing Imagery,"Yeshwanth Kumar Adimoolam, Charalambos Poullis, Melinos Averkiou",Main,https://openaccess.thecvf.com/content/WACV2025/html/Adimoolam_Pix2Poly_A_Sequence_Prediction_Method_for_End-to-End_Polygonal_Building_Footprint_WACV_2025_paper.html,https://openaccess.thecvf.com/content/WACV2025/papers/Adimoolam_Pix2Poly_A_Sequence_Prediction_Method_for_End-to-End_Polygonal_Building_Footprint_WACV_2025_paper.pdf,http://arxiv.org/abs/2412.07899
457,Method,Flatness Improves Backbone Generalisation in Few-Shot Classification,"Rui Li, Martin Trapp, Marcus Klasson, Arno Solin",Main,https://openaccess.thecvf.com/content/WACV2025/html/Li_Flatness_Improves_Backbone_Generalisation_in_Few-Shot_Classification_WACV_2025_paper.html,https://openaccess.thecvf.com/content/WACV2025/papers/Li_Flatness_Improves_Backbone_Generalisation_in_Few-Shot_Classification_WACV_2025_paper.pdf,http://arxiv.org/abs/2404.07696
458,Method,ORFormer: Occlusion-Robust Transformer for Accurate Facial Landmark Detection,"Jui-Che Chiang, Hou-Ning Hu, Bo-Syuan Hou, Chia-Yu Tseng, Yu-Lun Liu, Min-Hung Chen, Yen-Yu Lin",Main,https://openaccess.thecvf.com/content/WACV2025/html/Chiang_ORFormer_Occlusion-Robust_Transformer_for_Accurate_Facial_Landmark_Detection_WACV_2025_paper.html,https://openaccess.thecvf.com/content/WACV2025/papers/Chiang_ORFormer_Occlusion-Robust_Transformer_for_Accurate_Facial_Landmark_Detection_WACV_2025_paper.pdf,http://arxiv.org/abs/2412.13174
459,Method,Unleashing Potentials of Vision-Language Models for Zero-Shot HOI Detection,"Moyuru Yamada, Nimish Dharamshi, Ayushi Kohli, Prasad Kasu, Ainulla Khan, Manu Ghulyani",Main,https://openaccess.thecvf.com/content/WACV2025/html/Yamada_Unleashing_Potentials_of_Vision-Language_Models_for_Zero-Shot_HOI_Detection_WACV_2025_paper.html,https://openaccess.thecvf.com/content/WACV2025/papers/Yamada_Unleashing_Potentials_of_Vision-Language_Models_for_Zero-Shot_HOI_Detection_WACV_2025_paper.pdf,
460,Method,SyncViolinist: Music-Oriented Violin Motion Generation Based on Bowing and Fingering,"Hiroki Nishizawa, Keitaro Tanaka, Asuka Hirata, Shugo Yamaguchi, Qi Feng, Masatoshi Hamanaka, Shigeo Morishima",Main,https://openaccess.thecvf.com/content/WACV2025/html/Nishizawa_SyncViolinist_Music-Oriented_Violin_Motion_Generation_Based_on_Bowing_and_Fingering_WACV_2025_paper.html,https://openaccess.thecvf.com/content/WACV2025/papers/Nishizawa_SyncViolinist_Music-Oriented_Violin_Motion_Generation_Based_on_Bowing_and_Fingering_WACV_2025_paper.pdf,http://arxiv.org/abs/2412.08343
461,Method,Deduce and Select Evidences with Language Models for Training-Free Video Goal Inference,"Yeo Keat Ee, Hao Zhang, Alexander Matyasko, Basura Fernando",Main,https://openaccess.thecvf.com/content/WACV2025/html/Ee_Deduce_and_Select_Evidences_with_Language_Models_for_Training-Free_Video_WACV_2025_paper.html,https://openaccess.thecvf.com/content/WACV2025/papers/Ee_Deduce_and_Select_Evidences_with_Language_Models_for_Training-Free_Video_WACV_2025_paper.pdf,
462,Method,Hijacking Vision-and-Language Navigation Agents with Adversarial Environmental Attacks,"Zijiao Yang, Xiangxi Shi, Eric Slyman, Stefan Lee",Main,https://openaccess.thecvf.com/content/WACV2025/html/Yang_Hijacking_Vision-and-Language_Navigation_Agents_with_Adversarial_Environmental_Attacks_WACV_2025_paper.html,https://openaccess.thecvf.com/content/WACV2025/papers/Yang_Hijacking_Vision-and-Language_Navigation_Agents_with_Adversarial_Environmental_Attacks_WACV_2025_paper.pdf,http://arxiv.org/abs/2412.02795
463,Method,TORE: Token Recycling in Vision Transformers for Efficient Active Visual Exploration,"Jan Olszewski, Dawid Damian Rymarczyk, Piotr Wojcik, Mateusz Pach, Bartosz Zielinski",Main,https://openaccess.thecvf.com/content/WACV2025/html/Olszewski_TORE_Token_Recycling_in_Vision_Transformers_for_Efficient_Active_Visual_WACV_2025_paper.html,https://openaccess.thecvf.com/content/WACV2025/papers/Olszewski_TORE_Token_Recycling_in_Vision_Transformers_for_Efficient_Active_Visual_WACV_2025_paper.pdf,http://arxiv.org/abs/2311.15335
464,Method,CharDiff: Improving Sampling Convergence via Characteristic Function Consistency in Diffusion Models,"Abhishek Kumar Sinha, S. Manthira Moorthi",Main,https://openaccess.thecvf.com/content/WACV2025/html/Sinha_CharDiff_Improving_Sampling_Convergence_via_Characteristic_Function_Consistency_in_Diffusion_WACV_2025_paper.html,https://openaccess.thecvf.com/content/WACV2025/papers/Sinha_CharDiff_Improving_Sampling_Convergence_via_Characteristic_Function_Consistency_in_Diffusion_WACV_2025_paper.pdf,
465,Method,eLIR-Net: An Efficient AI Solution for Image Retouching,"Tingting Zhao, Chenguang Liu, Kamal Jnawali, Chang Su",Main,https://openaccess.thecvf.com/content/WACV2025/html/Zhao_eLIR-Net_An_Efficient_AI_Solution_for_Image_Retouching_WACV_2025_paper.html,https://openaccess.thecvf.com/content/WACV2025/papers/Zhao_eLIR-Net_An_Efficient_AI_Solution_for_Image_Retouching_WACV_2025_paper.pdf,
466,Method,Bandwidth-Efficient Communication Modelling for Autonomous Vehicle Collaborative Perception,"Dinghao Jin, Yuan Zeng, Yi Gong",Main,https://openaccess.thecvf.com/content/WACV2025/html/Jin_Bandwidth-Efficient_Communication_Modelling_for_Autonomous_Vehicle_Collaborative_Perception_WACV_2025_paper.html,https://openaccess.thecvf.com/content/WACV2025/papers/Jin_Bandwidth-Efficient_Communication_Modelling_for_Autonomous_Vehicle_Collaborative_Perception_WACV_2025_paper.pdf,
467,Method,Guardian of the Ensembles: Introducing Pairwise Adversarially Robust Loss for Resisting Adversarial Attacks in DNN Ensembles,"Shubhi Shukla, Subhadeep Dalui, Manaar Alam, Shubhajit Datta, Arijit Mondal, Debdeep Mukhopadhyay, Partha Pratim Chakrabarti",Main,https://openaccess.thecvf.com/content/WACV2025/html/Shukla_Guardian_of_the_Ensembles_Introducing_Pairwise_Adversarially_Robust_Loss_for_WACV_2025_paper.html,https://openaccess.thecvf.com/content/WACV2025/papers/Shukla_Guardian_of_the_Ensembles_Introducing_Pairwise_Adversarially_Robust_Loss_for_WACV_2025_paper.pdf,http://arxiv.org/abs/2112.04948
468,Method,A Conic Transformation Approach for Solving the Perspective-Three-Point Problem,"Haidong Wu, Snehal Bhayani, Janne Heikkilä",Main,https://openaccess.thecvf.com/content/WACV2025/html/Wu_A_Conic_Transformation_Approach_for_Solving_the_Perspective-Three-Point_Problem_WACV_2025_paper.html,https://openaccess.thecvf.com/content/WACV2025/papers/Wu_A_Conic_Transformation_Approach_for_Solving_the_Perspective-Three-Point_Problem_WACV_2025_paper.pdf,
469,Method,Robot Instance Segmentation with Few Annotations for Grasping,"Moshe Kimhi, David Vainshtein, Chaim Baskin, Dotan Di Castro",Main,https://openaccess.thecvf.com/content/WACV2025/html/Kimhi_Robot_Instance_Segmentation_with_Few_Annotations_for_Grasping_WACV_2025_paper.html,https://openaccess.thecvf.com/content/WACV2025/papers/Kimhi_Robot_Instance_Segmentation_with_Few_Annotations_for_Grasping_WACV_2025_paper.pdf,http://arxiv.org/abs/2407.01302
470,Method,Volumetric Conditioning Module to Control Pretrained Diffusion Models for 3D Medical Images,"Suhyun Ahn, Wonjung Park, Jihoon Cho, Jinah Park",Main,https://openaccess.thecvf.com/content/WACV2025/html/Ahn_Volumetric_Conditioning_Module_to_Control_Pretrained_Diffusion_Models_for_3D_WACV_2025_paper.html,https://openaccess.thecvf.com/content/WACV2025/papers/Ahn_Volumetric_Conditioning_Module_to_Control_Pretrained_Diffusion_Models_for_3D_WACV_2025_paper.pdf,http://arxiv.org/abs/2410.21826
471,Method,Revisiting Machine Unlearning with Dimensional Alignment,"Seonguk Seo, Dongwan Kim, Bohyung Han",Main,https://openaccess.thecvf.com/content/WACV2025/html/Seo_Revisiting_Machine_Unlearning_with_Dimensional_Alignment_WACV_2025_paper.html,https://openaccess.thecvf.com/content/WACV2025/papers/Seo_Revisiting_Machine_Unlearning_with_Dimensional_Alignment_WACV_2025_paper.pdf,http://arxiv.org/abs/2407.17710
472,Method,OT-VP: Optimal Transport-Guided Visual Prompting for Test-Time Adaptation,"Yunbei Zhang, Akshay Mehra, Jihun Hamm",Main,https://openaccess.thecvf.com/content/WACV2025/html/Zhang_OT-VP_Optimal_Transport-Guided_Visual_Prompting_for_Test-Time_Adaptation_WACV_2025_paper.html,https://openaccess.thecvf.com/content/WACV2025/papers/Zhang_OT-VP_Optimal_Transport-Guided_Visual_Prompting_for_Test-Time_Adaptation_WACV_2025_paper.pdf,
473,Method,Towards Zero-Shot 3D Anomaly Localization,"Yizhou Wang, Kuan-Chuan Peng, Yun Fu",Main,https://openaccess.thecvf.com/content/WACV2025/html/Wang_Towards_Zero-Shot_3D_Anomaly_Localization_WACV_2025_paper.html,https://openaccess.thecvf.com/content/WACV2025/papers/Wang_Towards_Zero-Shot_3D_Anomaly_Localization_WACV_2025_paper.pdf,http://arxiv.org/abs/2412.04304
474,Method,SegDesicNet: Lightweight Semantic Segmentation in Remote Sensing with Geo-Coordinate Embeddings for Domain Adaptation,"Sachin Verma, Frank Lindseth, Gabriel Kiss",Main,https://openaccess.thecvf.com/content/WACV2025/html/Verma_SegDesicNet_Lightweight_Semantic_Segmentation_in_Remote_Sensing_with_Geo-Coordinate_Embeddings_WACV_2025_paper.html,https://openaccess.thecvf.com/content/WACV2025/papers/Verma_SegDesicNet_Lightweight_Semantic_Segmentation_in_Remote_Sensing_with_Geo-Coordinate_Embeddings_WACV_2025_paper.pdf,
475,Method,HexaGen3D: StableDiffusion is One Step Away from Fast and Diverse Text-to-3D Generation,"Antoine Mercier, Ramin Nakhli, Mahesh Reddy, Rajeev Yasarla, Hong Cai, Fatih Porikli, Guillaume Berger",Main,https://openaccess.thecvf.com/content/WACV2025/html/Mercier_HexaGen3D_StableDiffusion_is_One_Step_Away_from_Fast_and_Diverse_WACV_2025_paper.html,https://openaccess.thecvf.com/content/WACV2025/papers/Mercier_HexaGen3D_StableDiffusion_is_One_Step_Away_from_Fast_and_Diverse_WACV_2025_paper.pdf,
476,Method,Situational Scene Graph for Structured Human-Centric Situation Understanding,"Chinthani Sugandhika, Chen Li, Deepu Rajan, Basura Fernando",Main,https://openaccess.thecvf.com/content/WACV2025/html/Sugandhika_Situational_Scene_Graph_for_Structured_Human-Centric_Situation_Understanding_WACV_2025_paper.html,https://openaccess.thecvf.com/content/WACV2025/papers/Sugandhika_Situational_Scene_Graph_for_Structured_Human-Centric_Situation_Understanding_WACV_2025_paper.pdf,http://arxiv.org/abs/2410.22829
477,Method,Continual Learning in 3D Point Clouds: Employing Spectral Techniques for Exemplar Selection,"Hossein Resani, Behrooz Nasihatkon, Mohammadreza Alimoradi Jazi",Main,https://openaccess.thecvf.com/content/WACV2025/html/Resani_Continual_Learning_in_3D_Point_Clouds_Employing_Spectral_Techniques_for_WACV_2025_paper.html,https://openaccess.thecvf.com/content/WACV2025/papers/Resani_Continual_Learning_in_3D_Point_Clouds_Employing_Spectral_Techniques_for_WACV_2025_paper.pdf,http://arxiv.org/abs/2409.08388
478,Method,Good Seed Makes a Good Crop: Discovering Secret Seeds in Text-to-Image Diffusion Models,"Katherine Xu, Lingzhi Zhang, Jianbo Shi",Main,https://openaccess.thecvf.com/content/WACV2025/html/Xu_Good_Seed_Makes_a_Good_Crop_Discovering_Secret_Seeds_in_WACV_2025_paper.html,https://openaccess.thecvf.com/content/WACV2025/papers/Xu_Good_Seed_Makes_a_Good_Crop_Discovering_Secret_Seeds_in_WACV_2025_paper.pdf,http://arxiv.org/abs/2405.14828
479,Method,OmniGS: Fast Radiance Field Reconstruction using Omnidirectional Gaussian Splatting,"Longwei Li, Huajian Huang, Sai-Kit Yeung, Hui Cheng",Main,https://openaccess.thecvf.com/content/WACV2025/html/Li_OmniGS_Fast_Radiance_Field_Reconstruction_using_Omnidirectional_Gaussian_Splatting_WACV_2025_paper.html,https://openaccess.thecvf.com/content/WACV2025/papers/Li_OmniGS_Fast_Radiance_Field_Reconstruction_using_Omnidirectional_Gaussian_Splatting_WACV_2025_paper.pdf,http://arxiv.org/abs/2404.03202
480,Method,CusConcept: Customized Visual Concept Decomposition with Diffusion Models,"Zhi Xu, Shaozhe Hao, Kai Han",Main,https://openaccess.thecvf.com/content/WACV2025/html/Xu_CusConcept_Customized_Visual_Concept_Decomposition_with_Diffusion_Models_WACV_2025_paper.html,https://openaccess.thecvf.com/content/WACV2025/papers/Xu_CusConcept_Customized_Visual_Concept_Decomposition_with_Diffusion_Models_WACV_2025_paper.pdf,http://arxiv.org/abs/2410.00398
481,Method,One VLM to Keep it Learning: Generation and Balancing for Data-Free Continual Visual Question Answering,"Deepayan Das, Davide Talon, Massimiliano Mancini, Yiming Wang, Elisa Ricci",Main,https://openaccess.thecvf.com/content/WACV2025/html/Das_One_VLM_to_Keep_it_Learning_Generation_and_Balancing_for_WACV_2025_paper.html,https://openaccess.thecvf.com/content/WACV2025/papers/Das_One_VLM_to_Keep_it_Learning_Generation_and_Balancing_for_WACV_2025_paper.pdf,http://arxiv.org/abs/2411.02210
482,Method,Improving Accuracy and Generalization for Efficient Visual Tracking,"Ram Zaveri, Shivang Patel, Yu Gu, Gianfranco Doretto",Main,https://openaccess.thecvf.com/content/WACV2025/html/Zaveri_Improving_Accuracy_and_Generalization_for_Efficient_Visual_Tracking_WACV_2025_paper.html,https://openaccess.thecvf.com/content/WACV2025/papers/Zaveri_Improving_Accuracy_and_Generalization_for_Efficient_Visual_Tracking_WACV_2025_paper.pdf,http://arxiv.org/abs/2411.18855
483,Method,Diffusion-Based Generative Regularization for Supervised Discriminative Learning,"Takuya Asakura, Nakamasa Inoue, Koichi Shinoda",Main,https://openaccess.thecvf.com/content/WACV2025/html/Asakura_Diffusion-Based_Generative_Regularization_for_Supervised_Discriminative_Learning_WACV_2025_paper.html,https://openaccess.thecvf.com/content/WACV2025/papers/Asakura_Diffusion-Based_Generative_Regularization_for_Supervised_Discriminative_Learning_WACV_2025_paper.pdf,
484,Method,DDS: Decoupled Dynamic Scene-Graph Generation Network,"A S M Iftekhar, Raphael Ruschel, Satish Kumar, Suya You, B. S. Manjunath",Main,https://openaccess.thecvf.com/content/WACV2025/html/Iftekhar_DDS_Decoupled_Dynamic_Scene-Graph_Generation_Network_WACV_2025_paper.html,https://openaccess.thecvf.com/content/WACV2025/papers/Iftekhar_DDS_Decoupled_Dynamic_Scene-Graph_Generation_Network_WACV_2025_paper.pdf,http://arxiv.org/abs/2301.07666
485,Method,Generalizable Single-View Object Pose Estimation by Two-Side Generating and Matching,"Yujing Sun, Caiyi Sun, Yuan Liu, Yuexin Ma, Siu Ming Yiu",Main,https://openaccess.thecvf.com/content/WACV2025/html/Sun_Generalizable_Single-View_Object_Pose_Estimation_by_Two-Side_Generating_and_Matching_WACV_2025_paper.html,https://openaccess.thecvf.com/content/WACV2025/papers/Sun_Generalizable_Single-View_Object_Pose_Estimation_by_Two-Side_Generating_and_Matching_WACV_2025_paper.pdf,http://arxiv.org/abs/2411.15860
486,Method,Per-Pixel Solution of Multispectral Photometric Stereo,"Shin Ishihara, Imari Sato",Main,https://openaccess.thecvf.com/content/WACV2025/html/Ishihara_Per-Pixel_Solution_of_Multispectral_Photometric_Stereo_WACV_2025_paper.html,https://openaccess.thecvf.com/content/WACV2025/papers/Ishihara_Per-Pixel_Solution_of_Multispectral_Photometric_Stereo_WACV_2025_paper.pdf,
487,Method,RopeTP: Global Human Motion Recovery via Integrating Robust Pose Estimation with Diffusion Trajectory Prior,"Mingjiang Liang, Yongkang Cheng, Hualin Liang, Shaoli Huang, Wei Liu",Main,https://openaccess.thecvf.com/content/WACV2025/html/Liang_RopeTP_Global_Human_Motion_Recovery_via_Integrating_Robust_Pose_Estimation_WACV_2025_paper.html,https://openaccess.thecvf.com/content/WACV2025/papers/Liang_RopeTP_Global_Human_Motion_Recovery_via_Integrating_Robust_Pose_Estimation_WACV_2025_paper.pdf,http://arxiv.org/abs/2410.20358
488,Method,GeoDiffuser: Geometry-Based Image Editing with Diffusion Models,"Rahul Sajnani, Jeroen Vanbaar, Jie Min, Kapil D Katyal, Srinath Sridhar",Main,https://openaccess.thecvf.com/content/WACV2025/html/Sajnani_GeoDiffuser_Geometry-Based_Image_Editing_with_Diffusion_Models_WACV_2025_paper.html,https://openaccess.thecvf.com/content/WACV2025/papers/Sajnani_GeoDiffuser_Geometry-Based_Image_Editing_with_Diffusion_Models_WACV_2025_paper.pdf,http://arxiv.org/abs/2404.14403
489,Method,BioNet and NeFF: Crop Biomass Prediction from Point Clouds to Drone Imagery,"Xuesong Li, Zeeshan Hayder, Ali Zia, Connor Cassidy, Shiming Liu, Warwick Stiller, Eric Stone, Warren Conaty, Lars Petersson, Vivien Rolland",Main,https://openaccess.thecvf.com/content/WACV2025/html/Li_BioNet_and_NeFF_Crop_Biomass_Prediction_from_Point_Clouds_to_WACV_2025_paper.html,https://openaccess.thecvf.com/content/WACV2025/papers/Li_BioNet_and_NeFF_Crop_Biomass_Prediction_from_Point_Clouds_to_WACV_2025_paper.pdf,
490,Method,AutoProSAM: Automated Prompting SAM for 3D Multi-Organ Segmentation,"Chengyin Li, Rafi Ibn Sultan, Prashant Khanduri, Yao Qiang, Chetty Indrin, Dongxiao Zhu",Main,https://openaccess.thecvf.com/content/WACV2025/html/Li_AutoProSAM_Automated_Prompting_SAM_for_3D_Multi-Organ_Segmentation_WACV_2025_paper.html,https://openaccess.thecvf.com/content/WACV2025/papers/Li_AutoProSAM_Automated_Prompting_SAM_for_3D_Multi-Organ_Segmentation_WACV_2025_paper.pdf,http://arxiv.org/abs/2308.14936
491,Method,ShapeMorph: 3D Shape Completion via Blockwise Discrete Diffusion,"Jiahui Li, Pourya Shamsolmoali, Yue Lu, Masoumeh Zareapoor",Main,https://openaccess.thecvf.com/content/WACV2025/html/Li_ShapeMorph_3D_Shape_Completion_via_Blockwise_Discrete_Diffusion_WACV_2025_paper.html,https://openaccess.thecvf.com/content/WACV2025/papers/Li_ShapeMorph_3D_Shape_Completion_via_Blockwise_Discrete_Diffusion_WACV_2025_paper.pdf,
492,Method,NAT: Learning to Attack Neurons for Enhanced Adversarial Transferability,"Krishna Kanth Nakka, Alexandre Alahi",Main,https://openaccess.thecvf.com/content/WACV2025/html/Nakka_NAT_Learning_to_Attack_Neurons_for_Enhanced_Adversarial_Transferability_WACV_2025_paper.html,https://openaccess.thecvf.com/content/WACV2025/papers/Nakka_NAT_Learning_to_Attack_Neurons_for_Enhanced_Adversarial_Transferability_WACV_2025_paper.pdf,
493,Method,GEXIA: Granularity Expansion and Iterative Approximation for Scalable Multi-Grained Video-Language Learning,"Yicheng Wang, Zhikang Zhang, Jue Wang, David Fan, Zhenlin Xu, Linda Liu, Xiang Hao, Vimal Bhat, Xinyu Li",Main,https://openaccess.thecvf.com/content/WACV2025/html/Wang_GEXIA_Granularity_Expansion_and_Iterative_Approximation_for_Scalable_Multi-Grained_Video-Language_WACV_2025_paper.html,https://openaccess.thecvf.com/content/WACV2025/papers/Wang_GEXIA_Granularity_Expansion_and_Iterative_Approximation_for_Scalable_Multi-Grained_Video-Language_WACV_2025_paper.pdf,http://arxiv.org/abs/2412.07704
494,Method,MoRAG - Multi-Fusion Retrieval Augmented Generation for Human Motion,"Sai Shashank Kalakonda, Shubh Maheshwari, Ravi Kiran Sarvadevabhatla",Main,https://openaccess.thecvf.com/content/WACV2025/html/Kalakonda_MoRAG_-_Multi-Fusion_Retrieval_Augmented_Generation_for_Human_Motion_WACV_2025_paper.html,https://openaccess.thecvf.com/content/WACV2025/papers/Kalakonda_MoRAG_-_Multi-Fusion_Retrieval_Augmented_Generation_for_Human_Motion_WACV_2025_paper.pdf,
495,Method,PositiveCoOp: Rethinking Prompting Strategies for Multi-Label Recognition with Partial Annotations,"Samyak Rawlekar, Shubhang Bhatnagar, Narendra Ahuja",Main,https://openaccess.thecvf.com/content/WACV2025/html/Rawlekar_PositiveCoOp_Rethinking_Prompting_Strategies_for_Multi-Label_Recognition_with_Partial_Annotations_WACV_2025_paper.html,https://openaccess.thecvf.com/content/WACV2025/papers/Rawlekar_PositiveCoOp_Rethinking_Prompting_Strategies_for_Multi-Label_Recognition_with_Partial_Annotations_WACV_2025_paper.pdf,
496,Method,AIC3DOD: Advancing Indoor Class-Incremental 3D Object Detection with Point Transformer Architecture and Room Layout Constraints,"Zhongyao Cheng, Fang Wu, Peisheng Qian, Ziyuan Zhao, Xulei Yang",Main,https://openaccess.thecvf.com/content/WACV2025/html/Cheng_AIC3DOD_Advancing_Indoor_Class-Incremental_3D_Object_Detection_with_Point_Transformer_WACV_2025_paper.html,https://openaccess.thecvf.com/content/WACV2025/papers/Cheng_AIC3DOD_Advancing_Indoor_Class-Incremental_3D_Object_Detection_with_Point_Transformer_WACV_2025_paper.pdf,
497,Method,PACA: Prespective-Aware Cross-Attention Representation for Zero-Shot Scene Rearrangement,"Shutong Jin, Ruiyu Wang, Kuangyi Chen, Florian T. Pokorny",Main,https://openaccess.thecvf.com/content/WACV2025/html/Jin_PACA_Prespective-Aware_Cross-Attention_Representation_for_Zero-Shot_Scene_Rearrangement_WACV_2025_paper.html,https://openaccess.thecvf.com/content/WACV2025/papers/Jin_PACA_Prespective-Aware_Cross-Attention_Representation_for_Zero-Shot_Scene_Rearrangement_WACV_2025_paper.pdf,
498,Method,SUM: Saliency Unification through Mamba for Visual Attention Modeling,"Alireza Hosseini, Amirhossein Kazerouni, Saeed Akhavan, Michael Brudno, Babak Taati",Main,https://openaccess.thecvf.com/content/WACV2025/html/Hosseini_SUM_Saliency_Unification_through_Mamba_for_Visual_Attention_Modeling_WACV_2025_paper.html,https://openaccess.thecvf.com/content/WACV2025/papers/Hosseini_SUM_Saliency_Unification_through_Mamba_for_Visual_Attention_Modeling_WACV_2025_paper.pdf,http://arxiv.org/abs/2406.17815
499,Method,Adversarial Learning Based Knowledge Distillation on 3D Point Clouds,"Sanjay S J, Akash J, Sreehari Rajan, Dimple A Shajahan, Charu Sharma",Main,https://openaccess.thecvf.com/content/WACV2025/html/J_Adversarial_Learning_Based_Knowledge_Distillation_on_3D_Point_Clouds_WACV_2025_paper.html,https://openaccess.thecvf.com/content/WACV2025/papers/J_Adversarial_Learning_Based_Knowledge_Distillation_on_3D_Point_Clouds_WACV_2025_paper.pdf,
500,Method,Shift Equivariant Pose Network,"Pengxiao Wang, Tzu-Heng Lin, Chunyu Wang, Yizhou Wang",Main,https://openaccess.thecvf.com/content/WACV2025/html/Wang_Shift_Equivariant_Pose_Network_WACV_2025_paper.html,https://openaccess.thecvf.com/content/WACV2025/papers/Wang_Shift_Equivariant_Pose_Network_WACV_2025_paper.pdf,
501,Method,Relaxing Binary Constraints in Contrastive Vision-Language Medical Representation Learning,"Xiaoyang Wei, Camille Kurtz, Florence Cloppet",Main,https://openaccess.thecvf.com/content/WACV2025/html/Wei_Relaxing_Binary_Constraints_in_Contrastive_Vision-Language_Medical_Representation_Learning_WACV_2025_paper.html,https://openaccess.thecvf.com/content/WACV2025/papers/Wei_Relaxing_Binary_Constraints_in_Contrastive_Vision-Language_Medical_Representation_Learning_WACV_2025_paper.pdf,
502,Method,Few-Shot Structure-Informed Machinery Part Segmentation with Foundation Models and Graph Neural Networks,"Michael Schwingshackl, Fabio F. Oberweger, Markus Murschitz",Main,https://openaccess.thecvf.com/content/WACV2025/html/Schwingshackl_Few-Shot_Structure-Informed_Machinery_Part_Segmentation_with_Foundation_Models_and_Graph_WACV_2025_paper.html,https://openaccess.thecvf.com/content/WACV2025/papers/Schwingshackl_Few-Shot_Structure-Informed_Machinery_Part_Segmentation_with_Foundation_Models_and_Graph_WACV_2025_paper.pdf,http://arxiv.org/abs/2501.10080
503,Method,EasyRet3D: Uncalibrated Multi-View Multi-Human 3D Reconstruction and Tracking,"Junjie Oscar Yin, Ting Li, Jiahao Wang, Yi Zhang, Alan Yuille",Main,https://openaccess.thecvf.com/content/WACV2025/html/Yin_EasyRet3D_Uncalibrated_Multi-View_Multi-Human_3D_Reconstruction_and_Tracking_WACV_2025_paper.html,https://openaccess.thecvf.com/content/WACV2025/papers/Yin_EasyRet3D_Uncalibrated_Multi-View_Multi-Human_3D_Reconstruction_and_Tracking_WACV_2025_paper.pdf,
504,Method,Spatially-Adaptive Hash Encodings for Neural Surface Reconstruction,"Thomas Walker, Octave Mariotti, Amir Vaxman, Hakan Bilen",Main,https://openaccess.thecvf.com/content/WACV2025/html/Walker_Spatially-Adaptive_Hash_Encodings_for_Neural_Surface_Reconstruction_WACV_2025_paper.html,https://openaccess.thecvf.com/content/WACV2025/papers/Walker_Spatially-Adaptive_Hash_Encodings_for_Neural_Surface_Reconstruction_WACV_2025_paper.pdf,http://arxiv.org/abs/2412.05179
505,Method,MagicStick: Controllable Video Editing via Control Handle Transformations,"Yue Ma, Xiaodong Cun, Sen Liang, Jinbo Xing, Yingqing He, Chenyang Qi, Siran Chen, Qifeng Chen",Main,https://openaccess.thecvf.com/content/WACV2025/html/Ma_MagicStick_Controllable_Video_Editing_via_Control_Handle_Transformations_WACV_2025_paper.html,https://openaccess.thecvf.com/content/WACV2025/papers/Ma_MagicStick_Controllable_Video_Editing_via_Control_Handle_Transformations_WACV_2025_paper.pdf,http://arxiv.org/abs/2312.03047
506,Method,D-LUT: Photorealistic Style Transfer via Diffusion Process,"Mujing Li, Guanjie Wang, Xingguang Zhang, Qifeng Liao, Chenxi Xiao",Main,https://openaccess.thecvf.com/content/WACV2025/html/Li_D-LUT_Photorealistic_Style_Transfer_via_Diffusion_Process_WACV_2025_paper.html,https://openaccess.thecvf.com/content/WACV2025/papers/Li_D-LUT_Photorealistic_Style_Transfer_via_Diffusion_Process_WACV_2025_paper.pdf,
507,Method,OTCXR: Rethinking Self-Supervised Alignment using Optimal Transport for Chest X-ray Analysis,"Vandan Gorade, Azad Singh, Deepak Mishra",Main,https://openaccess.thecvf.com/content/WACV2025/html/Gorade_OTCXR_Rethinking_Self-Supervised_Alignment_using_Optimal_Transport_for_Chest_X-ray_WACV_2025_paper.html,https://openaccess.thecvf.com/content/WACV2025/papers/Gorade_OTCXR_Rethinking_Self-Supervised_Alignment_using_Optimal_Transport_for_Chest_X-ray_WACV_2025_paper.pdf,
508,Method,Adversarial Attention Deficit: Fooling Deformable Vision Transformers with Collaborative Adversarial Patches,"Quazi Mishkatul Alam, Bilel Tarchoun, Ihsen Alouani, Nael Abu-Ghazaleh",Main,https://openaccess.thecvf.com/content/WACV2025/html/Alam_Adversarial_Attention_Deficit_Fooling_Deformable_Vision_Transformers_with_Collaborative_Adversarial_WACV_2025_paper.html,https://openaccess.thecvf.com/content/WACV2025/papers/Alam_Adversarial_Attention_Deficit_Fooling_Deformable_Vision_Transformers_with_Collaborative_Adversarial_WACV_2025_paper.pdf,
509,Method,Reflective Teacher: Semi-Supervised Multimodal 3D Object Detection in Bird's-Eye-View via Uncertainty Measure,"Saheli Hazra, Sudip Das, Rohit Choudhary, Arindam Das, Ganesh Sistu, Ciarán Eising, Ujjwal Bhattacharya",Main,https://openaccess.thecvf.com/content/WACV2025/html/Hazra_Reflective_Teacher_Semi-Supervised_Multimodal_3D_Object_Detection_in_Birds-Eye-View_via_WACV_2025_paper.html,https://openaccess.thecvf.com/content/WACV2025/papers/Hazra_Reflective_Teacher_Semi-Supervised_Multimodal_3D_Object_Detection_in_Birds-Eye-View_via_WACV_2025_paper.pdf,
510,Method,MaskVD: Region Masking for Efficient Video Object Detection,"Sreetama Sarkar, Gourav Datta, Souvik Kundu, Kai Zheng, Chirayata Bhattacharyya, Peter A. Beerel",Main,https://openaccess.thecvf.com/content/WACV2025/html/Sarkar_MaskVD_Region_Masking_for_Efficient_Video_Object_Detection_WACV_2025_paper.html,https://openaccess.thecvf.com/content/WACV2025/papers/Sarkar_MaskVD_Region_Masking_for_Efficient_Video_Object_Detection_WACV_2025_paper.pdf,http://arxiv.org/abs/2407.12067
511,Method,Vision-Aware Text Features in Referring Image Segmentation: From Object Understanding to Context Understanding,"Hai Nguyen-Truong, E-Ro Nguyen, Tuan-Anh Vu, Minh-Triet Tran, Binh-Son Hua, Sai-Kit Yeung",Main,https://openaccess.thecvf.com/content/WACV2025/html/Nguyen-Truong_Vision-Aware_Text_Features_in_Referring_Image_Segmentation_From_Object_Understanding_WACV_2025_paper.html,https://openaccess.thecvf.com/content/WACV2025/papers/Nguyen-Truong_Vision-Aware_Text_Features_in_Referring_Image_Segmentation_From_Object_Understanding_WACV_2025_paper.pdf,http://arxiv.org/abs/2404.08590
512,Method,Forensic Iris Image-Based Post-Mortem Interval Estimation,"Rasel Ahmed Bhuiyan, Adam Czajka",Main,https://openaccess.thecvf.com/content/WACV2025/html/Bhuiyan_Forensic_Iris_Image-Based_Post-Mortem_Interval_Estimation_WACV_2025_paper.html,https://openaccess.thecvf.com/content/WACV2025/papers/Bhuiyan_Forensic_Iris_Image-Based_Post-Mortem_Interval_Estimation_WACV_2025_paper.pdf,http://arxiv.org/abs/2404.10172
513,Method,MFTrans: A Multi-Resolution Fusion Transformer for Robust Tumor Segmentation in Whole Slide Images,"Sungkyu Yang, Woohyun Park, Kwangil Yim, Mansu Kim",Main,https://openaccess.thecvf.com/content/WACV2025/html/Yang_MFTrans_A_Multi-Resolution_Fusion_Transformer_for_Robust_Tumor_Segmentation_in_WACV_2025_paper.html,https://openaccess.thecvf.com/content/WACV2025/papers/Yang_MFTrans_A_Multi-Resolution_Fusion_Transformer_for_Robust_Tumor_Segmentation_in_WACV_2025_paper.pdf,
514,Method,360PanT: Training-Free Text-Driven 360-Degree Panorama-to-Panorama Translation,"Hai Wang, Jing-Hao Xue",Main,https://openaccess.thecvf.com/content/WACV2025/html/Wang_360PanT_Training-Free_Text-Driven_360-Degree_Panorama-to-Panorama_Translation_WACV_2025_paper.html,https://openaccess.thecvf.com/content/WACV2025/papers/Wang_360PanT_Training-Free_Text-Driven_360-Degree_Panorama-to-Panorama_Translation_WACV_2025_paper.pdf,http://arxiv.org/abs/2409.08397
515,Method,Spk2ImgMamba: Spiking Camera Image Reconstruction with Multi-Scale State Space Models,"Jiaoyang Yin, Bin Fan, Chao Xu, Tiejun Huang, Boxin Shi",Main,https://openaccess.thecvf.com/content/WACV2025/html/Yin_Spk2ImgMamba_Spiking_Camera_Image_Reconstruction_with_Multi-Scale_State_Space_Models_WACV_2025_paper.html,https://openaccess.thecvf.com/content/WACV2025/papers/Yin_Spk2ImgMamba_Spiking_Camera_Image_Reconstruction_with_Multi-Scale_State_Space_Models_WACV_2025_paper.pdf,
516,Method,DARDA: Domain-Aware Real-Time Dynamic Neural Network Adaptation,"Shahriar Rifat, Jonathan Ashdown, Francesco Restuccia",Main,https://openaccess.thecvf.com/content/WACV2025/html/Rifat_DARDA_Domain-Aware_Real-Time_Dynamic_Neural_Network_Adaptation_WACV_2025_paper.html,https://openaccess.thecvf.com/content/WACV2025/papers/Rifat_DARDA_Domain-Aware_Real-Time_Dynamic_Neural_Network_Adaptation_WACV_2025_paper.pdf,http://arxiv.org/abs/2409.09753
517,Method,FastVideoEdit: Leveraging Consistency Models for Efficient Text-to-Video Editing,"Youyuan Zhang, Xuan Ju, James J. Clark",Main,https://openaccess.thecvf.com/content/WACV2025/html/Zhang_FastVideoEdit_Leveraging_Consistency_Models_for_Efficient_Text-to-Video_Editing_WACV_2025_paper.html,https://openaccess.thecvf.com/content/WACV2025/papers/Zhang_FastVideoEdit_Leveraging_Consistency_Models_for_Efficient_Text-to-Video_Editing_WACV_2025_paper.pdf,http://arxiv.org/abs/2403.06269
518,Method,InDistill: Information Flow-Preserving Knowledge Distillation for Model Compression,"Ioannis Sarridis, Christos Koutlis, Giorgos Kordopatis-Zilos, Yiannis Kompatsiaris, Symeon Papadopoulos",Main,https://openaccess.thecvf.com/content/WACV2025/html/Sarridis_InDistill_Information_Flow-Preserving_Knowledge_Distillation_for_Model_Compression_WACV_2025_paper.html,https://openaccess.thecvf.com/content/WACV2025/papers/Sarridis_InDistill_Information_Flow-Preserving_Knowledge_Distillation_for_Model_Compression_WACV_2025_paper.pdf,http://arxiv.org/abs/2205.10003
519,Method,Who Brings the Frisbee: Probing Hidden Hallucination Factors in Large Vision-Language Model via Causality Analysis,"Po-Hsuan Huang, Jeng-Lin Li, Chin-Po Chen, Ming-Ching Chang, Wei-Chao Chen",Main,https://openaccess.thecvf.com/content/WACV2025/html/Huang_Who_Brings_the_Frisbee_Probing_Hidden_Hallucination_Factors_in_Large_WACV_2025_paper.html,https://openaccess.thecvf.com/content/WACV2025/papers/Huang_Who_Brings_the_Frisbee_Probing_Hidden_Hallucination_Factors_in_Large_WACV_2025_paper.pdf,http://arxiv.org/abs/2412.02946
520,Method,SV-data2vec: Guiding Video Representation Learning with Latent Skeleton Targets,"Zorana Doždor, Tomislav Hrkac, Zoran Kalafatic",Main,https://openaccess.thecvf.com/content/WACV2025/html/Dozdor_SV-data2vec_Guiding_Video_Representation_Learning_with_Latent_Skeleton_Targets_WACV_2025_paper.html,https://openaccess.thecvf.com/content/WACV2025/papers/Dozdor_SV-data2vec_Guiding_Video_Representation_Learning_with_Latent_Skeleton_Targets_WACV_2025_paper.pdf,
521,Method,DocTTT: Test-Time Training for Handwritten Document Recognition using Meta-Auxiliary Learning,"Wenhao Gu, Li Gu, Ziqiang Wang, Ching Y Suen, Yang Wang",Main,https://openaccess.thecvf.com/content/WACV2025/html/Gu_DocTTT_Test-Time_Training_for_Handwritten_Document_Recognition_using_Meta-Auxiliary_Learning_WACV_2025_paper.html,https://openaccess.thecvf.com/content/WACV2025/papers/Gu_DocTTT_Test-Time_Training_for_Handwritten_Document_Recognition_using_Meta-Auxiliary_Learning_WACV_2025_paper.pdf,http://arxiv.org/abs/2501.12898
522,Method,BASED: Bundle-Adjusting Surgical Endoscopic Dynamic Video Reconstruction using Neural Radiance Fields,"Shreya Saha, Zekai Liang, Shan Lin, Jingpei Lu, Michael Yip, Sainan Liu",Main,https://openaccess.thecvf.com/content/WACV2025/html/Saha_BASED_Bundle-Adjusting_Surgical_Endoscopic_Dynamic_Video_Reconstruction_using_Neural_Radiance_WACV_2025_paper.html,https://openaccess.thecvf.com/content/WACV2025/papers/Saha_BASED_Bundle-Adjusting_Surgical_Endoscopic_Dynamic_Video_Reconstruction_using_Neural_Radiance_WACV_2025_paper.pdf,http://arxiv.org/abs/2309.15329
523,Method,SODA: Spectral Orthogonal Decomposition Adaptation for Diffusion Models,"Xinxi Zhang, Song Wen, Ligong Han, Felix Juefei-Xu, Akash Srivastava, Junzhou Huang, Vladimir Pavlovic, Hao Wang, Molei Tao, Dimitris Metaxas",Main,https://openaccess.thecvf.com/content/WACV2025/html/Zhang_SODA_Spectral_Orthogonal_Decomposition_Adaptation_for_Diffusion_Models_WACV_2025_paper.html,https://openaccess.thecvf.com/content/WACV2025/papers/Zhang_SODA_Spectral_Orthogonal_Decomposition_Adaptation_for_Diffusion_Models_WACV_2025_paper.pdf,
524,Method,Retaining and Enhancing Pre-Trained Knowledge in Vision-Language Models with Prompt Ensembling,"Donggeun Kim, Yujin Jo, Myungjoo Lee, Taesup Kim",Main,https://openaccess.thecvf.com/content/WACV2025/html/Kim_Retaining_and_Enhancing_Pre-Trained_Knowledge_in_Vision-Language_Models_with_Prompt_WACV_2025_paper.html,https://openaccess.thecvf.com/content/WACV2025/papers/Kim_Retaining_and_Enhancing_Pre-Trained_Knowledge_in_Vision-Language_Models_with_Prompt_WACV_2025_paper.pdf,http://arxiv.org/abs/2412.07077
525,Method,DisCo: Discovering Common Affordance from Large Models for Actionable Part Perception,"Youpeng Wen, Yi Zhu, Zhihao Zhan, Pengzhen Ren, Jianhua Han, Hang Xu, Shen Zhao, Xiaodan Liang",Main,https://openaccess.thecvf.com/content/WACV2025/html/Wen_DisCo_Discovering_Common_Affordance_from_Large_Models_for_Actionable_Part_WACV_2025_paper.html,https://openaccess.thecvf.com/content/WACV2025/papers/Wen_DisCo_Discovering_Common_Affordance_from_Large_Models_for_Actionable_Part_WACV_2025_paper.pdf,
526,Method,Just Shift It: Test-Time Prototype Shifting for Zero-Shot Generalization with Vision-Language Models,"Elaine Sui, Xiaohan Wang, Serena Yeung-Levy",Main,https://openaccess.thecvf.com/content/WACV2025/html/Sui_Just_Shift_It_Test-Time_Prototype_Shifting_for_Zero-Shot_Generalization_with_WACV_2025_paper.html,https://openaccess.thecvf.com/content/WACV2025/papers/Sui_Just_Shift_It_Test-Time_Prototype_Shifting_for_Zero-Shot_Generalization_with_WACV_2025_paper.pdf,http://arxiv.org/abs/2403.12952
527,Method,Ad^2mix: Adversarial and Adaptive Mixup for Unsupervised Domain Adaptation,"Lei Zhu, Yanyu Xu, Yong Liu, Rick Siow Mong Goh, Xinxing Xu",Main,https://openaccess.thecvf.com/content/WACV2025/html/Zhu_Ad2mix_Adversarial_and_Adaptive_Mixup_for_Unsupervised_Domain_Adaptation_WACV_2025_paper.html,https://openaccess.thecvf.com/content/WACV2025/papers/Zhu_Ad2mix_Adversarial_and_Adaptive_Mixup_for_Unsupervised_Domain_Adaptation_WACV_2025_paper.pdf,
528,Method,WARLearn: Weather-Adaptive Representation Learning,"Shubham Agarwal, Raz Birman, Ofer Hadar",Main,https://openaccess.thecvf.com/content/WACV2025/html/Agarwal_WARLearn_Weather-Adaptive_Representation_Learning_WACV_2025_paper.html,https://openaccess.thecvf.com/content/WACV2025/papers/Agarwal_WARLearn_Weather-Adaptive_Representation_Learning_WACV_2025_paper.pdf,http://arxiv.org/abs/2411.14095
529,Method,Generation of Complex 3D Human Motion by Temporal and Spatial Composition of Diffusion Models,"Lorenzo Mandelli, Stefano Berretti",Main,https://openaccess.thecvf.com/content/WACV2025/html/Mandelli_Generation_of_Complex_3D_Human_Motion_by_Temporal_and_Spatial_WACV_2025_paper.html,https://openaccess.thecvf.com/content/WACV2025/papers/Mandelli_Generation_of_Complex_3D_Human_Motion_by_Temporal_and_Spatial_WACV_2025_paper.pdf,http://arxiv.org/abs/2409.11920
530,Method,Inverting the Generation Process of Denoising Diffusion Implicit Models: Empirical Evaluation and a Novel Method,"Yan Zeng, Masanori Suganuma, Takayuki Okatani",Main,https://openaccess.thecvf.com/content/WACV2025/html/Zeng_Inverting_the_Generation_Process_of_Denoising_Diffusion_Implicit_Models_Empirical_WACV_2025_paper.html,https://openaccess.thecvf.com/content/WACV2025/papers/Zeng_Inverting_the_Generation_Process_of_Denoising_Diffusion_Implicit_Models_Empirical_WACV_2025_paper.pdf,
531,Method,HeightMapNet: Explicit Height Modeling for End-to-End HD Map Learning,"Wenzhao Qiu, Shanmin Pang, Hao Zhang, Jianwu Fang, Jianru Xue",Main,https://openaccess.thecvf.com/content/WACV2025/html/Qiu_HeightMapNet_Explicit_Height_Modeling_for_End-to-End_HD_Map_Learning_WACV_2025_paper.html,https://openaccess.thecvf.com/content/WACV2025/papers/Qiu_HeightMapNet_Explicit_Height_Modeling_for_End-to-End_HD_Map_Learning_WACV_2025_paper.pdf,http://arxiv.org/abs/2411.01408
532,Method,Invariant Shape Representation Learning for Image Classification,"Tonmoy Hossain, Jing Ma, Jundong Li, Miaomiao Zhang",Main,https://openaccess.thecvf.com/content/WACV2025/html/Hossain_Invariant_Shape_Representation_Learning_for_Image_Classification_WACV_2025_paper.html,https://openaccess.thecvf.com/content/WACV2025/papers/Hossain_Invariant_Shape_Representation_Learning_for_Image_Classification_WACV_2025_paper.pdf,http://arxiv.org/abs/2411.12201
533,Method,Multi-Resolution Guided 3D GANs for Medical Image Translation,"Juhyung Ha, Jong Sung Park, David Crandall, Eleftherios Garyfallidis, Xuhong Zhang",Main,https://openaccess.thecvf.com/content/WACV2025/html/Ha_Multi-Resolution_Guided_3D_GANs_for_Medical_Image_Translation_WACV_2025_paper.html,https://openaccess.thecvf.com/content/WACV2025/papers/Ha_Multi-Resolution_Guided_3D_GANs_for_Medical_Image_Translation_WACV_2025_paper.pdf,http://arxiv.org/abs/2412.00575
534,Method,Ada-VE: Training-Free Consistent Video Editing using Adaptive Motion Prior,"Tanvir Mahmud, Mustafa Munir, Radu Marculescu, Diana Marculescu",Main,https://openaccess.thecvf.com/content/WACV2025/html/Mahmud_Ada-VE_Training-Free_Consistent_Video_Editing_using_Adaptive_Motion_Prior_WACV_2025_paper.html,https://openaccess.thecvf.com/content/WACV2025/papers/Mahmud_Ada-VE_Training-Free_Consistent_Video_Editing_using_Adaptive_Motion_Prior_WACV_2025_paper.pdf,
535,Method,Cross-Modal Feature Alignment and MMD Improve Robustness of Prompt Tuning,"Jingchen Sun, Rohan Sharma, Vishnu Lokhande, Changyou Chen",Main,https://openaccess.thecvf.com/content/WACV2025/html/Sun_Cross-Modal_Feature_Alignment_and_MMD_Improve_Robustness_of_Prompt_Tuning_WACV_2025_paper.html,https://openaccess.thecvf.com/content/WACV2025/papers/Sun_Cross-Modal_Feature_Alignment_and_MMD_Improve_Robustness_of_Prompt_Tuning_WACV_2025_paper.pdf,
536,Method,ReinDiffuse: Crafting Physically Plausible Motions with Reinforced Diffusion Model,"Gaoge Han, Mingjiang Liang, Jinglei Tang, Yongkang Cheng, Wei Liu, Shaoli Huang",Main,https://openaccess.thecvf.com/content/WACV2025/html/Han_ReinDiffuse_Crafting_Physically_Plausible_Motions_with_Reinforced_Diffusion_Model_WACV_2025_paper.html,https://openaccess.thecvf.com/content/WACV2025/papers/Han_ReinDiffuse_Crafting_Physically_Plausible_Motions_with_Reinforced_Diffusion_Model_WACV_2025_paper.pdf,http://arxiv.org/abs/2410.07296
537,Method,VerA: Versatile Anonymization Applicable to Clinical Facial Photographs,"Majed El Helou, Doruk Cetin, Petar Stamenkovic, Niko Benjamin Huber, Fabio Zünd",Main,https://openaccess.thecvf.com/content/WACV2025/html/Helou_VerA_Versatile_Anonymization_Applicable_to_Clinical_Facial_Photographs_WACV_2025_paper.html,https://openaccess.thecvf.com/content/WACV2025/papers/Helou_VerA_Versatile_Anonymization_Applicable_to_Clinical_Facial_Photographs_WACV_2025_paper.pdf,http://arxiv.org/abs/2312.02124
538,Method,Event-Guided Fusion-Mamba for Context-Aware 3D Human Pose Estimation,"Bo Lang, Mooi Choo Chuah",Main,https://openaccess.thecvf.com/content/WACV2025/html/Lang_Event-Guided_Fusion-Mamba_for_Context-Aware_3D_Human_Pose_Estimation_WACV_2025_paper.html,https://openaccess.thecvf.com/content/WACV2025/papers/Lang_Event-Guided_Fusion-Mamba_for_Context-Aware_3D_Human_Pose_Estimation_WACV_2025_paper.pdf,
539,Method,MegaFusion: Extend Diffusion Models towards Higher-Resolution Image Generation without Further Tuning,"Haoning Wu, Shaocheng Shen, Qiang Hu, Xiaoyun Zhang, Ya Zhang, Yanfeng Wang",Main,https://openaccess.thecvf.com/content/WACV2025/html/Wu_MegaFusion_Extend_Diffusion_Models_towards_Higher-Resolution_Image_Generation_without_Further_WACV_2025_paper.html,https://openaccess.thecvf.com/content/WACV2025/papers/Wu_MegaFusion_Extend_Diffusion_Models_towards_Higher-Resolution_Image_Generation_without_Further_WACV_2025_paper.pdf,http://arxiv.org/abs/2408.11001
540,Method,Defending Against Repetitive Backdoor Attacks on Semi-Supervised Learning through Lens of Rate-Distortion-Perception Trade-Off,"Cheng-Yi Lee, Ching-Chia Kao, Cheng-Han Yeh, Chun-Shien Lu, Chia-Mu Yu, Chu-Song Chen",Main,https://openaccess.thecvf.com/content/WACV2025/html/Lee_Defending_Against_Repetitive_Backdoor_Attacks_on_Semi-Supervised_Learning_through_Lens_WACV_2025_paper.html,https://openaccess.thecvf.com/content/WACV2025/papers/Lee_Defending_Against_Repetitive_Backdoor_Attacks_on_Semi-Supervised_Learning_through_Lens_WACV_2025_paper.pdf,http://arxiv.org/abs/2407.10180
541,Method,MVFNet: Multipurpose Video Forensics Network using Multiple Forms of Forensic Evidence,"Tai D Nguyen, Matthew C Stamm",Main,https://openaccess.thecvf.com/content/WACV2025/html/Nguyen_MVFNet_Multipurpose_Video_Forensics_Network_using_Multiple_Forms_of_Forensic_WACV_2025_paper.html,https://openaccess.thecvf.com/content/WACV2025/papers/Nguyen_MVFNet_Multipurpose_Video_Forensics_Network_using_Multiple_Forms_of_Forensic_WACV_2025_paper.pdf,
542,Method,MulModSeg: Enhancing Unpaired Multi-Modal Medical Image Segmentation with Modality-Conditioned Text Embedding and Alternating Training,"Chengyin Li, Hui Zhu, Rafi Ibn Sultan, Hassan Bagher Ebadian, Prashant Khanduri, Chetty Indrin, Kundan Thind, Dongxiao Zhu",Main,https://openaccess.thecvf.com/content/WACV2025/html/Li_MulModSeg_Enhancing_Unpaired_Multi-Modal_Medical_Image_Segmentation_with_Modality-Conditioned_Text_WACV_2025_paper.html,https://openaccess.thecvf.com/content/WACV2025/papers/Li_MulModSeg_Enhancing_Unpaired_Multi-Modal_Medical_Image_Segmentation_with_Modality-Conditioned_Text_WACV_2025_paper.pdf,http://arxiv.org/abs/2411.15576
543,Method,TokenBinder: Text-Video Retrieval with One-to-Many Alignment Paradigm,"Bingqing Zhang, Zhuo Cao, Heming Du, Xin Yu, Xue Li, Jiajun Liu, Sen Wang",Main,https://openaccess.thecvf.com/content/WACV2025/html/Zhang_TokenBinder_Text-Video_Retrieval_with_One-to-Many_Alignment_Paradigm_WACV_2025_paper.html,https://openaccess.thecvf.com/content/WACV2025/papers/Zhang_TokenBinder_Text-Video_Retrieval_with_One-to-Many_Alignment_Paradigm_WACV_2025_paper.pdf,http://arxiv.org/abs/2409.19865
544,Method,Event-Guided Video Transformer for End-to-End 3D Human Pose Estimation,"Bo Lang, Mooi Choo Chuah",Main,https://openaccess.thecvf.com/content/WACV2025/html/Lang_Event-Guided_Video_Transformer_for_End-to-End_3D_Human_Pose_Estimation_WACV_2025_paper.html,https://openaccess.thecvf.com/content/WACV2025/papers/Lang_Event-Guided_Video_Transformer_for_End-to-End_3D_Human_Pose_Estimation_WACV_2025_paper.pdf,
545,Method,GlobalDoc: A Cross-Modal Vision-Language Framework for Real-World Document Image Retrieval and Classification,"Souhail Bakkali, Sanket Biswas, Zuheng Ming, Mickaël Coustaty, Marçal Rusiñol, Oriol Ramos Terrades, Josep Lladós",Main,https://openaccess.thecvf.com/content/WACV2025/html/Bakkali_GlobalDoc_A_Cross-Modal_Vision-Language_Framework_for_Real-World_Document_Image_Retrieval_WACV_2025_paper.html,https://openaccess.thecvf.com/content/WACV2025/papers/Bakkali_GlobalDoc_A_Cross-Modal_Vision-Language_Framework_for_Real-World_Document_Image_Retrieval_WACV_2025_paper.pdf,http://arxiv.org/abs/2309.05756
546,Method,TRH2TQA: Table Recognition with Hierarchical Relationships to Table Question-Answering on Business Table Images,"Pongsakorn Jirachanchaisiri, Nam Tuan Ly, Atsuhiro Takasu",Main,https://openaccess.thecvf.com/content/WACV2025/html/Jirachanchaisiri_TRH2TQA_Table_Recognition_with_Hierarchical_Relationships_to_Table_Question-Answering_on_WACV_2025_paper.html,https://openaccess.thecvf.com/content/WACV2025/papers/Jirachanchaisiri_TRH2TQA_Table_Recognition_with_Hierarchical_Relationships_to_Table_Question-Answering_on_WACV_2025_paper.pdf,
547,Method,Beta Sampling is All You Need: Efficient Image Generation Strategy for Diffusion Models using Stepwise Spectral Analysis,"Haeil Lee, Hansang Lee, Seoyeon Gye, Junmo Kim",Main,https://openaccess.thecvf.com/content/WACV2025/html/Lee_Beta_Sampling_is_All_You_Need_Efficient_Image_Generation_Strategy_WACV_2025_paper.html,https://openaccess.thecvf.com/content/WACV2025/papers/Lee_Beta_Sampling_is_All_You_Need_Efficient_Image_Generation_Strategy_WACV_2025_paper.pdf,http://arxiv.org/abs/2407.12173
548,Method,GAUDA: Generative Adaptive Uncertainty-Guided Diffusion-Based Augmentation for Surgical Segmentation,"Yannik Frisch, Christina Bornberg, Moritz Fuchs, Anirban Mukhopadhyay",Main,https://openaccess.thecvf.com/content/WACV2025/html/Frisch_GAUDA_Generative_Adaptive_Uncertainty-Guided_Diffusion-Based_Augmentation_for_Surgical_Segmentation_WACV_2025_paper.html,https://openaccess.thecvf.com/content/WACV2025/papers/Frisch_GAUDA_Generative_Adaptive_Uncertainty-Guided_Diffusion-Based_Augmentation_for_Surgical_Segmentation_WACV_2025_paper.pdf,http://arxiv.org/abs/2501.10819
549,Method,Multi-Task Learning of Classification and Generation for Set-Structured Data,"Fumioki Sato, Hideaki Hayashi, Hajime Nagahara",Main,https://openaccess.thecvf.com/content/WACV2025/html/Sato_Multi-Task_Learning_of_Classification_and_Generation_for_Set-Structured_Data_WACV_2025_paper.html,https://openaccess.thecvf.com/content/WACV2025/papers/Sato_Multi-Task_Learning_of_Classification_and_Generation_for_Set-Structured_Data_WACV_2025_paper.pdf,
550,Method,TaCOS: Task-Specific Camera Optimization with Simulation,"Chengyang Yan, Donald G. Dansereau",Main,https://openaccess.thecvf.com/content/WACV2025/html/Yan_TaCOS_Task-Specific_Camera_Optimization_with_Simulation_WACV_2025_paper.html,https://openaccess.thecvf.com/content/WACV2025/papers/Yan_TaCOS_Task-Specific_Camera_Optimization_with_Simulation_WACV_2025_paper.pdf,http://arxiv.org/abs/2404.11031
551,Method,SAM-Mamba: Mamba Guided SAM Architecture for Generalized Zero-Shot Polyp Segmentation,"Tapas Kumar Dutta, Snehashis Majhi, Deepak Ranjan Nayak, Debesh Jha",Main,https://openaccess.thecvf.com/content/WACV2025/html/Dutta_SAM-Mamba_Mamba_Guided_SAM_Architecture_for_Generalized_Zero-Shot_Polyp_Segmentation_WACV_2025_paper.html,https://openaccess.thecvf.com/content/WACV2025/papers/Dutta_SAM-Mamba_Mamba_Guided_SAM_Architecture_for_Generalized_Zero-Shot_Polyp_Segmentation_WACV_2025_paper.pdf,
552,Method,KDC-MAE: Knowledge Distilled Contrastive Mask Auto-Encoder,"Maheswar Bora, Saurabh Atreya, Aritra Mukherjee, Abhijit Das",Main,https://openaccess.thecvf.com/content/WACV2025/html/Bora_KDC-MAE_Knowledge_Distilled_Contrastive_Mask_Auto-Encoder_WACV_2025_paper.html,https://openaccess.thecvf.com/content/WACV2025/papers/Bora_KDC-MAE_Knowledge_Distilled_Contrastive_Mask_Auto-Encoder_WACV_2025_paper.pdf,
553,Method,Corgi: Cached Memory Guided Video Generation,"Xindi Wu, Uriel Singer, Zhaojiang Lin, Andrea Madotto, Xide Xia, Yifan Xu, Paul Crook, Xin Luna Dong, Seungwhan Moon",Main,https://openaccess.thecvf.com/content/WACV2025/html/Wu_Corgi_Cached_Memory_Guided_Video_Generation_WACV_2025_paper.html,https://openaccess.thecvf.com/content/WACV2025/papers/Wu_Corgi_Cached_Memory_Guided_Video_Generation_WACV_2025_paper.pdf,
554,Method,I Dream My Painting: Connecting MLLMs and Diffusion Models via Prompt Generation for Text-Guided Multi-Mask Inpainting,"Nicola Fanelli, Gennaro Vessio, Giovanna Castellano",Main,https://openaccess.thecvf.com/content/WACV2025/html/Fanelli_I_Dream_My_Painting_Connecting_MLLMs_and_Diffusion_Models_via_WACV_2025_paper.html,https://openaccess.thecvf.com/content/WACV2025/papers/Fanelli_I_Dream_My_Painting_Connecting_MLLMs_and_Diffusion_Models_via_WACV_2025_paper.pdf,http://arxiv.org/abs/2411.19050
555,Method,CATALOG: A Camera Trap Language-Guided Contrastive Learning Model,"Julian D. Santamaria, Claudia Isaza, Jhony H. Giraldo",Main,https://openaccess.thecvf.com/content/WACV2025/html/Santamaria_CATALOG_A_Camera_Trap_Language-Guided_Contrastive_Learning_Model_WACV_2025_paper.html,https://openaccess.thecvf.com/content/WACV2025/papers/Santamaria_CATALOG_A_Camera_Trap_Language-Guided_Contrastive_Learning_Model_WACV_2025_paper.pdf,http://arxiv.org/abs/2412.10624
556,Method,Patch Ranking: Token Pruning as Ranking Prediction for Efficient CLIP,"Cheng-En Wu, Jinhong Lin, Yu Hen Hu, Pedro Morgado",Main,https://openaccess.thecvf.com/content/WACV2025/html/Wu_Patch_Ranking_Token_Pruning_as_Ranking_Prediction_for_Efficient_CLIP_WACV_2025_paper.html,https://openaccess.thecvf.com/content/WACV2025/papers/Wu_Patch_Ranking_Token_Pruning_as_Ranking_Prediction_for_Efficient_CLIP_WACV_2025_paper.pdf,
557,Method,CLIPArTT: Adaptation of CLIP to New Domains at Test Time,"Gustavo A Vargas Hakim, David Osowiechi, Mehrdad Noori, Milad Cheraghalikhani, Ali Bahri, Moslem Yazdanpanah, Ismail Ben Ayed, Christian Desrosiers",Main,https://openaccess.thecvf.com/content/WACV2025/html/Hakim_CLIPArTT_Adaptation_of_CLIP_to_New_Domains_at_Test_Time_WACV_2025_paper.html,https://openaccess.thecvf.com/content/WACV2025/papers/Hakim_CLIPArTT_Adaptation_of_CLIP_to_New_Domains_at_Test_Time_WACV_2025_paper.pdf,http://arxiv.org/abs/2405.00754
558,Method,Crafting Distribution Shifts for Validation and Training in Single Source Domain Generalization,"Nikos Efthymiadis, Giorgos Tolias, Ondřej Chum",Main,https://openaccess.thecvf.com/content/WACV2025/html/Efthymiadis_Crafting_Distribution_Shifts_for_Validation_and_Training_in_Single_Source_WACV_2025_paper.html,https://openaccess.thecvf.com/content/WACV2025/papers/Efthymiadis_Crafting_Distribution_Shifts_for_Validation_and_Training_in_Single_Source_WACV_2025_paper.pdf,http://arxiv.org/abs/2409.19774
559,Method,Distillation of Diffusion Features for Semantic Correspondence,"Frank Fundel, Johannes Schusterbauer, Vincent Tao Hu, Björn Ommer",Main,https://openaccess.thecvf.com/content/WACV2025/html/Fundel_Distillation_of_Diffusion_Features_for_Semantic_Correspondence_WACV_2025_paper.html,https://openaccess.thecvf.com/content/WACV2025/papers/Fundel_Distillation_of_Diffusion_Features_for_Semantic_Correspondence_WACV_2025_paper.pdf,http://arxiv.org/abs/2412.03512
560,Method,Clarity Amidst Blur: A Deterministic Method for Synthetic Generation of Water Droplets on Camera Lenses,"Tim Dieter Eberhardt, Tim Brühl, Robin Schwager, Tin Stribor Sohn, Wilhelm Stork",Main,https://openaccess.thecvf.com/content/WACV2025/html/Eberhardt_Clarity_Amidst_Blur_A_Deterministic_Method_for_Synthetic_Generation_of_WACV_2025_paper.html,https://openaccess.thecvf.com/content/WACV2025/papers/Eberhardt_Clarity_Amidst_Blur_A_Deterministic_Method_for_Synthetic_Generation_of_WACV_2025_paper.pdf,
561,Method,A Realistic Protocol for Evaluation of Weakly Supervised Object Localization,"Shakeeb Murtaza, Soufiane Belharbi, Marco Pedersoli, Eric Granger",Main,https://openaccess.thecvf.com/content/WACV2025/html/Murtaza_A_Realistic_Protocol_for_Evaluation_of_Weakly_Supervised_Object_Localization_WACV_2025_paper.html,https://openaccess.thecvf.com/content/WACV2025/papers/Murtaza_A_Realistic_Protocol_for_Evaluation_of_Weakly_Supervised_Object_Localization_WACV_2025_paper.pdf,http://arxiv.org/abs/2404.10034
562,Method,AlignIT: Enhancing Prompt Alignment in Customization of Text-to-Image Models,"Aishwarya Agarwal, Srikrishna Karanam, Balaji Vasan Srinivasan",Main,https://openaccess.thecvf.com/content/WACV2025/html/Agarwal_AlignIT_Enhancing_Prompt_Alignment_in_Customization_of_Text-to-Image_Models_WACV_2025_paper.html,https://openaccess.thecvf.com/content/WACV2025/papers/Agarwal_AlignIT_Enhancing_Prompt_Alignment_in_Customization_of_Text-to-Image_Models_WACV_2025_paper.pdf,http://arxiv.org/abs/2406.18893
563,Method,DiffuseKronA: A Parameter Efficient Fine-Tuning Method for Personalized Diffusion Models,"Shyam Marjit, Harshit Singh, Nityanand Mathur, Sayak Paul, Chia-Mu Yu, Pin-Yu Chen",Main,https://openaccess.thecvf.com/content/WACV2025/html/Marjit_DiffuseKronA_A_Parameter_Efficient_Fine-Tuning_Method_for_Personalized_Diffusion_Models_WACV_2025_paper.html,https://openaccess.thecvf.com/content/WACV2025/papers/Marjit_DiffuseKronA_A_Parameter_Efficient_Fine-Tuning_Method_for_Personalized_Diffusion_Models_WACV_2025_paper.pdf,http://arxiv.org/abs/2402.17412
564,Method,Effective Backdoor Learning on Open-Set Face Recognition Systems,"Diana Voth, Leonidas Dane, Jonas Grebe, Sebastian Peitz, Philipp Terhörst",Main,https://openaccess.thecvf.com/content/WACV2025/html/Voth_Effective_Backdoor_Learning_on_Open-Set_Face_Recognition_Systems_WACV_2025_paper.html,https://openaccess.thecvf.com/content/WACV2025/papers/Voth_Effective_Backdoor_Learning_on_Open-Set_Face_Recognition_Systems_WACV_2025_paper.pdf,
565,Method,Uncertainty Aware Interest Point Detection and Description,"Jingbo Zeng, Zaiwang Gu, Weide Liu, Lile Cai, Jun Cheng",Main,https://openaccess.thecvf.com/content/WACV2025/html/Zeng_Uncertainty_Aware_Interest_Point_Detection_and_Description_WACV_2025_paper.html,https://openaccess.thecvf.com/content/WACV2025/papers/Zeng_Uncertainty_Aware_Interest_Point_Detection_and_Description_WACV_2025_paper.pdf,
566,Method,Strategic Base Representation Learning via Feature Augmentations for Few-Shot Class Incremental Learning,"Parinita Nema, Vinod K Kurmi",Main,https://openaccess.thecvf.com/content/WACV2025/html/Nema_Strategic_Base_Representation_Learning_via_Feature_Augmentations_for_Few-Shot_Class_WACV_2025_paper.html,https://openaccess.thecvf.com/content/WACV2025/papers/Nema_Strategic_Base_Representation_Learning_via_Feature_Augmentations_for_Few-Shot_Class_WACV_2025_paper.pdf,http://arxiv.org/abs/2501.09361
567,Method,Adaptive Deviation Learning for Visual Anomaly Detection with Data Contamination,"Anindya Sundar Das, Guansong Pang, Monowar Bhuyan",Main,https://openaccess.thecvf.com/content/WACV2025/html/Das_Adaptive_Deviation_Learning_for_Visual_Anomaly_Detection_with_Data_Contamination_WACV_2025_paper.html,https://openaccess.thecvf.com/content/WACV2025/papers/Das_Adaptive_Deviation_Learning_for_Visual_Anomaly_Detection_with_Data_Contamination_WACV_2025_paper.pdf,http://arxiv.org/abs/2411.09558
568,Method,Self-Relaxed Joint Training: Sample Selection for Severity Estimation with Ordinal Noisy Labels,"Shumpei Takezaki, Kiyohito Tanaka, Seiichi Uchida",Main,https://openaccess.thecvf.com/content/WACV2025/html/Takezaki_Self-Relaxed_Joint_Training_Sample_Selection_for_Severity_Estimation_with_Ordinal_WACV_2025_paper.html,https://openaccess.thecvf.com/content/WACV2025/papers/Takezaki_Self-Relaxed_Joint_Training_Sample_Selection_for_Severity_Estimation_with_Ordinal_WACV_2025_paper.pdf,http://arxiv.org/abs/2410.21885
569,Method,Learning Anatomy-Disease Entangled Representation,"Fatemeh Haghighi, Michael B. Gotway, Jianming Liang",Main,https://openaccess.thecvf.com/content/WACV2025/html/Haghighi_Learning_Anatomy-Disease_Entangled_Representation_WACV_2025_paper.html,https://openaccess.thecvf.com/content/WACV2025/papers/Haghighi_Learning_Anatomy-Disease_Entangled_Representation_WACV_2025_paper.pdf,
570,Method,MemControl: Mitigating Memorization in Diffusion Models via Automated Parameter Selection,"Raman Dutt, Ondrej Bohdal, Pedro Sanchez, Sotirios Tsaftaris, Timothy Hospedales",Main,https://openaccess.thecvf.com/content/WACV2025/html/Dutt_MemControl_Mitigating_Memorization_in_Diffusion_Models_via_Automated_Parameter_Selection_WACV_2025_paper.html,https://openaccess.thecvf.com/content/WACV2025/papers/Dutt_MemControl_Mitigating_Memorization_in_Diffusion_Models_via_Automated_Parameter_Selection_WACV_2025_paper.pdf,http://arxiv.org/abs/2405.19458
571,Method,Recognizing Unseen States of Unknown Objects by Leveraging Knowledge Graphs,"Filippos Gouidis, Konstantinos Papoutsakis, Theodore Patkos, Antonis Argyros, Dimitris Plexousakis",Main,https://openaccess.thecvf.com/content/WACV2025/html/Gouidis_Recognizing_Unseen_States_of_Unknown_Objects_by_Leveraging_Knowledge_Graphs_WACV_2025_paper.html,https://openaccess.thecvf.com/content/WACV2025/papers/Gouidis_Recognizing_Unseen_States_of_Unknown_Objects_by_Leveraging_Knowledge_Graphs_WACV_2025_paper.pdf,
572,Method,VISIONARY: Novel Spatial-Spectral Attention Mechanism for Hyperspectral Image Denoising,"Aditya Dixit, Nischit Hosamani, Puneet Gupta, Ankur Garg",Main,https://openaccess.thecvf.com/content/WACV2025/html/Dixit_VISIONARY_Novel_Spatial-Spectral_Attention_Mechanism_for_Hyperspectral_Image_Denoising_WACV_2025_paper.html,https://openaccess.thecvf.com/content/WACV2025/papers/Dixit_VISIONARY_Novel_Spatial-Spectral_Attention_Mechanism_for_Hyperspectral_Image_Denoising_WACV_2025_paper.pdf,
573,Method,TPD-STR: Text Polygon Detection with Split Transformers,"Sangyeon Kim, Sangkuk Lee, Jeesoo Kim, Nojun Kwak",Main,https://openaccess.thecvf.com/content/WACV2025/html/Kim_TPD-STR_Text_Polygon_Detection_with_Split_Transformers_WACV_2025_paper.html,https://openaccess.thecvf.com/content/WACV2025/papers/Kim_TPD-STR_Text_Polygon_Detection_with_Split_Transformers_WACV_2025_paper.pdf,
574,Method,ReC-TTT: Contrastive Feature Reconstruction for Test-Time Training,"Marco Colussi, Sergio Mascetti, Jose Dolz, Christian Desrosiers",Main,https://openaccess.thecvf.com/content/WACV2025/html/Colussi_ReC-TTT_Contrastive_Feature_Reconstruction_for_Test-Time_Training_WACV_2025_paper.html,https://openaccess.thecvf.com/content/WACV2025/papers/Colussi_ReC-TTT_Contrastive_Feature_Reconstruction_for_Test-Time_Training_WACV_2025_paper.pdf,
575,Method,Effective Scene Graph Generation by Statistical Relation Distillation,"Thanh-Son Nguyen, Hong Yang, Basura Fernando",Main,https://openaccess.thecvf.com/content/WACV2025/html/Nguyen_Effective_Scene_Graph_Generation_by_Statistical_Relation_Distillation_WACV_2025_paper.html,https://openaccess.thecvf.com/content/WACV2025/papers/Nguyen_Effective_Scene_Graph_Generation_by_Statistical_Relation_Distillation_WACV_2025_paper.pdf,
576,Method,Cross Image Feature Perturbation with Pseudo Label Fusion for Semi-Supervised Medical Image Segmentation,"Minxia Xu, Han Yang, Bo Song, Weida Hu, Jinshui Miao, Erkang Cheng",Main,https://openaccess.thecvf.com/content/WACV2025/html/Xu_Cross_Image_Feature_Perturbation_with_Pseudo_Label_Fusion_for_Semi-Supervised_WACV_2025_paper.html,https://openaccess.thecvf.com/content/WACV2025/papers/Xu_Cross_Image_Feature_Perturbation_with_Pseudo_Label_Fusion_for_Semi-Supervised_WACV_2025_paper.pdf,
577,Method,DeCLIP: Decoding CLIP Representations for Deepfake Localization,"Stefan Smeu, Elisabeta Oneata, Dan Oneata",Main,https://openaccess.thecvf.com/content/WACV2025/html/Smeu_DeCLIP_Decoding_CLIP_Representations_for_Deepfake_Localization_WACV_2025_paper.html,https://openaccess.thecvf.com/content/WACV2025/papers/Smeu_DeCLIP_Decoding_CLIP_Representations_for_Deepfake_Localization_WACV_2025_paper.pdf,http://arxiv.org/abs/2409.08849
578,Method,Instance-Warp: Saliency Guided Image Warping for Unsupervised Domain Adaptation,"Shen Zheng, Anurag Ghosh, Srinivasa Narasimhan",Main,https://openaccess.thecvf.com/content/WACV2025/html/Zheng_Instance-Warp_Saliency_Guided_Image_Warping_for_Unsupervised_Domain_Adaptation_WACV_2025_paper.html,https://openaccess.thecvf.com/content/WACV2025/papers/Zheng_Instance-Warp_Saliency_Guided_Image_Warping_for_Unsupervised_Domain_Adaptation_WACV_2025_paper.pdf,
579,Method,Make-A-Texture: Fast Shape-Aware 3D Texture Generation in 3 Seconds,"Liat Sless Gorelik, Yuchen Fan, Omri Armstrong, Forrest N Iandola, Yilei Li, Ita Lifshitz, Rakesh Ranjan",Main,https://openaccess.thecvf.com/content/WACV2025/html/Gorelik_Make-A-Texture_Fast_Shape-Aware_3D_Texture_Generation_in_3_Seconds_WACV_2025_paper.html,https://openaccess.thecvf.com/content/WACV2025/papers/Gorelik_Make-A-Texture_Fast_Shape-Aware_3D_Texture_Generation_in_3_Seconds_WACV_2025_paper.pdf,
580,Method,PRoGS: Progressive Rendering of Gaussian Splats,"Brent Zoomers, Maarten Wijnants, Ivan Molenaers, Joni Vanherck, Jeroen Put, Lode Jorissen, Nick Michiels",Main,https://openaccess.thecvf.com/content/WACV2025/html/Zoomers_PRoGS_Progressive_Rendering_of_Gaussian_Splats_WACV_2025_paper.html,https://openaccess.thecvf.com/content/WACV2025/papers/Zoomers_PRoGS_Progressive_Rendering_of_Gaussian_Splats_WACV_2025_paper.pdf,http://arxiv.org/abs/2409.01761
581,Method,Distribution Optimization under Gaussian Hypothesis for Domain Adaptive Semantic Segmentation,"Chen Liang, Weihua Chen, Xin Zhao, Junyan Wang, Lijun Cao, Junge Zhang",Main,https://openaccess.thecvf.com/content/WACV2025/html/Liang_Distribution_Optimization_under_Gaussian_Hypothesis_for_Domain_Adaptive_Semantic_Segmentation_WACV_2025_paper.html,https://openaccess.thecvf.com/content/WACV2025/papers/Liang_Distribution_Optimization_under_Gaussian_Hypothesis_for_Domain_Adaptive_Semantic_Segmentation_WACV_2025_paper.pdf,
582,Method,Utilizing Uncertainty in 2D Pose Detectors for Probabilistic 3D Human Mesh Recovery,"Tom Wehrbein, Marco Rudolph, Bodo Rosenhahn, Bastian Wandt",Main,https://openaccess.thecvf.com/content/WACV2025/html/Wehrbein_Utilizing_Uncertainty_in_2D_Pose_Detectors_for_Probabilistic_3D_Human_WACV_2025_paper.html,https://openaccess.thecvf.com/content/WACV2025/papers/Wehrbein_Utilizing_Uncertainty_in_2D_Pose_Detectors_for_Probabilistic_3D_Human_WACV_2025_paper.pdf,http://arxiv.org/abs/2411.16289
583,Method,GET-UP: GEomeTric-Aware Depth Estimation with Radar Points UPsampling,"Huawei Sun, Zixu Wang, Hao Feng, Julius Ott, Lorenzo Servadei, Robert Wille",Main,https://openaccess.thecvf.com/content/WACV2025/html/Sun_GET-UP_GEomeTric-Aware_Depth_Estimation_with_Radar_Points_UPsampling_WACV_2025_paper.html,https://openaccess.thecvf.com/content/WACV2025/papers/Sun_GET-UP_GEomeTric-Aware_Depth_Estimation_with_Radar_Points_UPsampling_WACV_2025_paper.pdf,
584,Method,Detecting Origin Attribution for Text-to-Image Diffusion Models,"Katherine Xu, Lingzhi Zhang, Jianbo Shi",Main,https://openaccess.thecvf.com/content/WACV2025/html/Xu_Detecting_Origin_Attribution_for_Text-to-Image_Diffusion_Models_WACV_2025_paper.html,https://openaccess.thecvf.com/content/WACV2025/papers/Xu_Detecting_Origin_Attribution_for_Text-to-Image_Diffusion_Models_WACV_2025_paper.pdf,
585,Method,Hierarchical Light Transformer Ensembles for Multimodal Trajectory Forecasting,"Adrien Lafage, Mathieu Barbier, Gianni Franchi, David Filliat",Main,https://openaccess.thecvf.com/content/WACV2025/html/Lafage_Hierarchical_Light_Transformer_Ensembles_for_Multimodal_Trajectory_Forecasting_WACV_2025_paper.html,https://openaccess.thecvf.com/content/WACV2025/papers/Lafage_Hierarchical_Light_Transformer_Ensembles_for_Multimodal_Trajectory_Forecasting_WACV_2025_paper.pdf,http://arxiv.org/abs/2403.17678
586,Method,Compositional Segmentation of Cardiac Images Leveraging Metadata,"Abbas Khan, Muhammad Asad, Martin Benning, Caroline Roney, Gregory Slabaugh",Main,https://openaccess.thecvf.com/content/WACV2025/html/Khan_Compositional_Segmentation_of_Cardiac_Images_Leveraging_Metadata_WACV_2025_paper.html,https://openaccess.thecvf.com/content/WACV2025/papers/Khan_Compositional_Segmentation_of_Cardiac_Images_Leveraging_Metadata_WACV_2025_paper.pdf,http://arxiv.org/abs/2410.23130
587,Method,Instructive3D: Editing Large Reconstruction Models with Text Instructions,"Kunal Kathare, Ankit Dhiman, K Vikas Gowda, Siddharth Aravindan, Shubham Monga, Basavaraja Shanthappa Vandrotti, Lokesh R Boregowda",Main,https://openaccess.thecvf.com/content/WACV2025/html/Kathare_Instructive3D_Editing_Large_Reconstruction_Models_with_Text_Instructions_WACV_2025_paper.html,https://openaccess.thecvf.com/content/WACV2025/papers/Kathare_Instructive3D_Editing_Large_Reconstruction_Models_with_Text_Instructions_WACV_2025_paper.pdf,http://arxiv.org/abs/2501.04374
588,Method,PVP: Polar Representation Boost for 3D Semantic Occupancy Prediction,"Yujing Xue, Jiaxiang Liu, Jiawei Du, Joey Tianyi Zhou",Main,https://openaccess.thecvf.com/content/WACV2025/html/Xue_PVP_Polar_Representation_Boost_for_3D_Semantic_Occupancy_Prediction_WACV_2025_paper.html,https://openaccess.thecvf.com/content/WACV2025/papers/Xue_PVP_Polar_Representation_Boost_for_3D_Semantic_Occupancy_Prediction_WACV_2025_paper.pdf,http://arxiv.org/abs/2412.07616
589,Method,TempA-VLP: Temporal-Aware Vision-Language Pretraining for Longitudinal Exploration in Chest X-ray Image,"Zhuoyi Yang, Liyue Shen",Main,https://openaccess.thecvf.com/content/WACV2025/html/Yang_TempA-VLP_Temporal-Aware_Vision-Language_Pretraining_for_Longitudinal_Exploration_in_Chest_X-ray_WACV_2025_paper.html,https://openaccess.thecvf.com/content/WACV2025/papers/Yang_TempA-VLP_Temporal-Aware_Vision-Language_Pretraining_for_Longitudinal_Exploration_in_Chest_X-ray_WACV_2025_paper.pdf,
590,Method,SpotDiffusion: A Fast Approach for Seamless Panorama Generation Over Time,"Stanislav Frolov, Brian B. Moser, Andreas Dengel",Main,https://openaccess.thecvf.com/content/WACV2025/html/Frolov_SpotDiffusion_A_Fast_Approach_for_Seamless_Panorama_Generation_Over_Time_WACV_2025_paper.html,https://openaccess.thecvf.com/content/WACV2025/papers/Frolov_SpotDiffusion_A_Fast_Approach_for_Seamless_Panorama_Generation_Over_Time_WACV_2025_paper.pdf,http://arxiv.org/abs/2407.15507
591,Method,OccLoff: Learning Optimized Feature Fusion for 3D Occupancy Prediction,"Ji Zhang, Yiran Ding, Zixin Liu",Main,https://openaccess.thecvf.com/content/WACV2025/html/Zhang_OccLoff_Learning_Optimized_Feature_Fusion_for_3D_Occupancy_Prediction_WACV_2025_paper.html,https://openaccess.thecvf.com/content/WACV2025/papers/Zhang_OccLoff_Learning_Optimized_Feature_Fusion_for_3D_Occupancy_Prediction_WACV_2025_paper.pdf,http://arxiv.org/abs/2411.03696
592,Method,Beyond Spatial Explanations: Explainable Face Recognition in the Frequency Domain,"Marco Huber, Naser Damer",Main,https://openaccess.thecvf.com/content/WACV2025/html/Huber_Beyond_Spatial_Explanations_Explainable_Face_Recognition_in_the_Frequency_Domain_WACV_2025_paper.html,https://openaccess.thecvf.com/content/WACV2025/papers/Huber_Beyond_Spatial_Explanations_Explainable_Face_Recognition_in_the_Frequency_Domain_WACV_2025_paper.pdf,http://arxiv.org/abs/2407.11941
593,Method,A Conflict-Guided Evidential Multimodal Fusion for Semantic Segmentation,"Lucas Deregnaucourt, Hind Laghmara, Alexis Lechervy, Samia Ainouz",Main,https://openaccess.thecvf.com/content/WACV2025/html/Deregnaucourt_A_Conflict-Guided_Evidential_Multimodal_Fusion_for_Semantic_Segmentation_WACV_2025_paper.html,https://openaccess.thecvf.com/content/WACV2025/papers/Deregnaucourt_A_Conflict-Guided_Evidential_Multimodal_Fusion_for_Semantic_Segmentation_WACV_2025_paper.pdf,
594,Method,Elucidating Optimal Reward-Diversity Tradeoffs in Text-to-Image Diffusion Models,"Rohit Jena, Ali Taghibakhshi, Sahil Jain, Gerald Shen, Nima Tajbakhsh, Arash Vahdat",Main,https://openaccess.thecvf.com/content/WACV2025/html/Jena_Elucidating_Optimal_Reward-Diversity_Tradeoffs_in_Text-to-Image_Diffusion_Models_WACV_2025_paper.html,https://openaccess.thecvf.com/content/WACV2025/papers/Jena_Elucidating_Optimal_Reward-Diversity_Tradeoffs_in_Text-to-Image_Diffusion_Models_WACV_2025_paper.pdf,http://arxiv.org/abs/2409.06493
595,Method,Are Exemplar-Based Class Incremental Learning Models Victim of Black-Box Poison Attacks?,"Neeresh Kumar Perla, Md. Iqbal Hossain, Afia Sajeeda, Ming Shao",Main,https://openaccess.thecvf.com/content/WACV2025/html/Perla_Are_Exemplar-Based_Class_Incremental_Learning_Models_Victim_of_Black-Box_Poison_WACV_2025_paper.html,https://openaccess.thecvf.com/content/WACV2025/papers/Perla_Are_Exemplar-Based_Class_Incremental_Learning_Models_Victim_of_Black-Box_Poison_WACV_2025_paper.pdf,
596,Method,Exploring the Stability Gap in Continual Learning: The Role of the Classification Head,"Wojciech Łapacz, Daniel Marczak, Filip Szatkowski, Tomasz Trzciński",Main,https://openaccess.thecvf.com/content/WACV2025/html/Lapacz_Exploring_the_Stability_Gap_in_Continual_Learning_The_Role_of_WACV_2025_paper.html,https://openaccess.thecvf.com/content/WACV2025/papers/Lapacz_Exploring_the_Stability_Gap_in_Continual_Learning_The_Role_of_WACV_2025_paper.pdf,
597,Method,Bayesian Optimal Latent Projection for Noisy Image Restoration,"Ziqiang Shi, Rujie Liu, Jun Takahashi, Takuma Yamamoto",Main,https://openaccess.thecvf.com/content/WACV2025/html/Shi_Bayesian_Optimal_Latent_Projection_for_Noisy_Image_Restoration_WACV_2025_paper.html,https://openaccess.thecvf.com/content/WACV2025/papers/Shi_Bayesian_Optimal_Latent_Projection_for_Noisy_Image_Restoration_WACV_2025_paper.pdf,
598,Method,Towards a Training Free Approach for 3D Scene Editing,"Vivek Madhavaram, Shivangana Rawat, Chaitanya Devaguptapu, Charu Sharma, Manohar Kaul",Main,https://openaccess.thecvf.com/content/WACV2025/html/Madhavaram_Towards_a_Training_Free_Approach_for_3D_Scene_Editing_WACV_2025_paper.html,https://openaccess.thecvf.com/content/WACV2025/papers/Madhavaram_Towards_a_Training_Free_Approach_for_3D_Scene_Editing_WACV_2025_paper.pdf,http://arxiv.org/abs/2412.12766
599,Method,Self-Supervised Learning with Probabilistic Density Labeling for Rainfall Probability Estimation,"Junha Lee, Sojung An, Sujeong You, Namik Cho",Main,https://openaccess.thecvf.com/content/WACV2025/html/Lee_Self-Supervised_Learning_with_Probabilistic_Density_Labeling_for_Rainfall_Probability_Estimation_WACV_2025_paper.html,https://openaccess.thecvf.com/content/WACV2025/papers/Lee_Self-Supervised_Learning_with_Probabilistic_Density_Labeling_for_Rainfall_Probability_Estimation_WACV_2025_paper.pdf,http://arxiv.org/abs/2412.05825
600,Method,STAY Diffusion: Styled Layout Diffusion Model for Diverse Layout-to-Image Generation,"Ruyu Wang, Xuefeng Hou, Sabrina Schmedding, Marco Huber",Main,https://openaccess.thecvf.com/content/WACV2025/html/Wang_STAY_Diffusion_Styled_Layout_Diffusion_Model_for_Diverse_Layout-to-Image_Generation_WACV_2025_paper.html,https://openaccess.thecvf.com/content/WACV2025/papers/Wang_STAY_Diffusion_Styled_Layout_Diffusion_Model_for_Diverse_Layout-to-Image_Generation_WACV_2025_paper.pdf,
601,Method,Learning to Count from Pseudo-Labeled Segmentation,"Jingyi Xu, Hieu Le, Dimitris Samaras",Main,https://openaccess.thecvf.com/content/WACV2025/html/Xu_Learning_to_Count_from_Pseudo-Labeled_Segmentation_WACV_2025_paper.html,https://openaccess.thecvf.com/content/WACV2025/papers/Xu_Learning_to_Count_from_Pseudo-Labeled_Segmentation_WACV_2025_paper.pdf,
602,Method,Generalizable Single-Source Cross-Modality Medical Image Segmentation via Invariant Causal Mechanisms,"Boqi Chen, Yuanzhi Zhu, Yunke Ao, Sebastiano Caprara, Reto Sutter, Gunnar Rätsch, Ender Konukoglu, Anna Susmelj",Main,https://openaccess.thecvf.com/content/WACV2025/html/Chen_Generalizable_Single-Source_Cross-Modality_Medical_Image_Segmentation_via_Invariant_Causal_Mechanisms_WACV_2025_paper.html,https://openaccess.thecvf.com/content/WACV2025/papers/Chen_Generalizable_Single-Source_Cross-Modality_Medical_Image_Segmentation_via_Invariant_Causal_Mechanisms_WACV_2025_paper.pdf,http://arxiv.org/abs/2411.05223
603,Method,Combining Inherent Knowledge of Vision-Language Models with Unsupervised Domain Adaptation through Strong-Weak Guidance,"Thomas Westfechtel, Dexuan Zhang, Tatsuya Harada",Main,https://openaccess.thecvf.com/content/WACV2025/html/Westfechtel_Combining_Inherent_Knowledge_of_Vision-Language_Models_with_Unsupervised_Domain_Adaptation_WACV_2025_paper.html,https://openaccess.thecvf.com/content/WACV2025/papers/Westfechtel_Combining_Inherent_Knowledge_of_Vision-Language_Models_with_Unsupervised_Domain_Adaptation_WACV_2025_paper.pdf,http://arxiv.org/abs/2312.04066
604,Method,Text Change Detection in Multilingual Documents using Image Comparison,"Doyoung Park, Naresh Reddy Yarram, Sunjin Kim, MinKyu Kim, Seongho Joe, Taehee Lee",Main,https://openaccess.thecvf.com/content/WACV2025/html/Park_Text_Change_Detection_in_Multilingual_Documents_using_Image_Comparison_WACV_2025_paper.html,https://openaccess.thecvf.com/content/WACV2025/papers/Park_Text_Change_Detection_in_Multilingual_Documents_using_Image_Comparison_WACV_2025_paper.pdf,http://arxiv.org/abs/2412.04137
605,Method,ComFace: Facial Representation Learning with Synthetic Data for Comparing Faces,"Yusuke Akamatsu, Terumi Umematsu, Hitoshi Imaoka, Shizuko Gomi, Hideo Tsurushima",Main,https://openaccess.thecvf.com/content/WACV2025/html/Akamatsu_ComFace_Facial_Representation_Learning_with_Synthetic_Data_for_Comparing_Faces_WACV_2025_paper.html,https://openaccess.thecvf.com/content/WACV2025/papers/Akamatsu_ComFace_Facial_Representation_Learning_with_Synthetic_Data_for_Comparing_Faces_WACV_2025_paper.pdf,http://arxiv.org/abs/2405.16016
606,Method,Click&Describe: Multimodal Grounding and Tracking for Aerial Objects,"Rupanjali Kukal, Jay Patravali, Fuxun Yu, Simranjit Singh, Nikolaos Karianakis, Rishi Madhok",Main,https://openaccess.thecvf.com/content/WACV2025/html/Kukal_ClickDescribe_Multimodal_Grounding_and_Tracking_for_Aerial_Objects_WACV_2025_paper.html,https://openaccess.thecvf.com/content/WACV2025/papers/Kukal_ClickDescribe_Multimodal_Grounding_and_Tracking_for_Aerial_Objects_WACV_2025_paper.pdf,
607,Method,Disentangling Disentangled Representations: Towards Improved Latent Units via Diffusion Models,"Youngjun Jun, Jiwoo Park, Kyobin Choo, Tae Eun Choi, Seong Jae Hwang",Main,https://openaccess.thecvf.com/content/WACV2025/html/Jun_Disentangling_Disentangled_Representations_Towards_Improved_Latent_Units_via_Diffusion_Models_WACV_2025_paper.html,https://openaccess.thecvf.com/content/WACV2025/papers/Jun_Disentangling_Disentangled_Representations_Towards_Improved_Latent_Units_via_Diffusion_Models_WACV_2025_paper.pdf,http://arxiv.org/abs/2410.23820
608,Method,XR-MBT: Multi-Modal Full Body Tracking for XR through Self-Supervision with Learned Depth Point Cloud Registration,"Denys Rozumnyi, Nadine Bertsch, Othman Sbai, Filippo Arcadu, Yuhua Chen, Artsiom Sanakoyeu, Manoj Kumar, Catherine Herold, Robin Kips",Main,https://openaccess.thecvf.com/content/WACV2025/html/Rozumnyi_XR-MBT_Multi-Modal_Full_Body_Tracking_for_XR_through_Self-Supervision_with_WACV_2025_paper.html,https://openaccess.thecvf.com/content/WACV2025/papers/Rozumnyi_XR-MBT_Multi-Modal_Full_Body_Tracking_for_XR_through_Self-Supervision_with_WACV_2025_paper.pdf,
609,Method,SHIP: Structural Hierarchies for Instance-Dependent Partial Labels,"Tushar Kadam, Utkarsh Mishra, Aakarsh Malhotra",Main,https://openaccess.thecvf.com/content/WACV2025/html/Kadam_SHIP_Structural_Hierarchies_for_Instance-Dependent_Partial_Labels_WACV_2025_paper.html,https://openaccess.thecvf.com/content/WACV2025/papers/Kadam_SHIP_Structural_Hierarchies_for_Instance-Dependent_Partial_Labels_WACV_2025_paper.pdf,
610,Method,CEMIL: Contextual Attention Based Efficient Weakly Supervised Approach for Histopathology Image Classification,"Tawsifur Rahman, Alexander S. Baras, Rama Chellappa",Main,https://openaccess.thecvf.com/content/WACV2025/html/Rahman_CEMIL_Contextual_Attention_Based_Efficient_Weakly_Supervised_Approach_for_Histopathology_WACV_2025_paper.html,https://openaccess.thecvf.com/content/WACV2025/papers/Rahman_CEMIL_Contextual_Attention_Based_Efficient_Weakly_Supervised_Approach_for_Histopathology_WACV_2025_paper.pdf,
611,Method,A Novel Perspective for Multi-Modal Multi-Label Skin Lesion Classification,"Yuan Zhang, Yutong Xie, Hu Wang, Jodie C Avery, M Louise Hull, Gustavo Carneiro",Main,https://openaccess.thecvf.com/content/WACV2025/html/Zhang_A_Novel_Perspective_for_Multi-Modal_Multi-Label_Skin_Lesion_Classification_WACV_2025_paper.html,https://openaccess.thecvf.com/content/WACV2025/papers/Zhang_A_Novel_Perspective_for_Multi-Modal_Multi-Label_Skin_Lesion_Classification_WACV_2025_paper.pdf,http://arxiv.org/abs/2409.12390
612,Method,Dual-Schedule Inversion: Training- and Tuning-Free Inversion for Real Image Editing,"Jiancheng Huang, Yi Huang, Jianzhuang Liu, Donghao Zhou, Yifan Liu, Shifeng Chen",Main,https://openaccess.thecvf.com/content/WACV2025/html/Huang_Dual-Schedule_Inversion_Training-_and_Tuning-Free_Inversion_for_Real_Image_Editing_WACV_2025_paper.html,https://openaccess.thecvf.com/content/WACV2025/papers/Huang_Dual-Schedule_Inversion_Training-_and_Tuning-Free_Inversion_for_Real_Image_Editing_WACV_2025_paper.pdf,
613,Method,DLCR: A Generative Data Expansion Framework via Diffusion for Clothes-Changing Person Re-ID,"Nyle Siddiqui, Florinel Alin Croitoru, Gaurav Kumar Nayak, Radu Tudor Ionescu, Mubarak Shah",Main,https://openaccess.thecvf.com/content/WACV2025/html/Siddiqui_DLCR_A_Generative_Data_Expansion_Framework_via_Diffusion_for_Clothes-Changing_WACV_2025_paper.html,https://openaccess.thecvf.com/content/WACV2025/papers/Siddiqui_DLCR_A_Generative_Data_Expansion_Framework_via_Diffusion_for_Clothes-Changing_WACV_2025_paper.pdf,http://arxiv.org/abs/2411.07205
614,Method,Diffusion-Based Particle-DETR for BEV Perception,"Asen Nachkov, Danda Pani Paudel, Martin Danelljan, Luc Van Gool",Main,https://openaccess.thecvf.com/content/WACV2025/html/Nachkov_Diffusion-Based_Particle-DETR_for_BEV_Perception_WACV_2025_paper.html,https://openaccess.thecvf.com/content/WACV2025/papers/Nachkov_Diffusion-Based_Particle-DETR_for_BEV_Perception_WACV_2025_paper.pdf,http://arxiv.org/abs/2312.11578
615,Method,Enhancing Scene Graph Generation with Hierarchical Relationships and Commonsense Knowledge,"Bowen Jiang, Zhijun Zhuang, Shreyas S. Shivakumar, Camillo J. Taylor",Main,https://openaccess.thecvf.com/content/WACV2025/html/Jiang_Enhancing_Scene_Graph_Generation_with_Hierarchical_Relationships_and_Commonsense_Knowledge_WACV_2025_paper.html,https://openaccess.thecvf.com/content/WACV2025/papers/Jiang_Enhancing_Scene_Graph_Generation_with_Hierarchical_Relationships_and_Commonsense_Knowledge_WACV_2025_paper.pdf,http://arxiv.org/abs/2311.12889
616,Method,Domain-Generalized Object Anti-Spoofing: Bridging Gaps and Patch Selection for Robust Detection Across Domains,"Geonu Lee, Yonghyun Jeong, Haneol Jang, Youngjoon Yoo",Main,https://openaccess.thecvf.com/content/WACV2025/html/Lee_Domain-Generalized_Object_Anti-Spoofing_Bridging_Gaps_and_Patch_Selection_for_Robust_WACV_2025_paper.html,https://openaccess.thecvf.com/content/WACV2025/papers/Lee_Domain-Generalized_Object_Anti-Spoofing_Bridging_Gaps_and_Patch_Selection_for_Robust_WACV_2025_paper.pdf,
617,Method,VILLS : Video-Image Learning to Learn Semantics for Person Re-Identification,"Siyuan Huang, Ram Prabhakar Kathirvel, Yuxiang Guo, Rama Chellappa, Cheng Peng",Main,https://openaccess.thecvf.com/content/WACV2025/html/Huang_VILLS__Video-Image_Learning_to_Learn_Semantics_for_Person_Re-Identification_WACV_2025_paper.html,https://openaccess.thecvf.com/content/WACV2025/papers/Huang_VILLS__Video-Image_Learning_to_Learn_Semantics_for_Person_Re-Identification_WACV_2025_paper.pdf,
618,Method,ERUP-YOLO: Enhancing Object Detection Robustness for Adverse Weather Condition by Unified Image-Adaptive Processing,"Yuka Ogino, Yuho Shoji, Takahiro Toizumi, Atsushi Ito",Main,https://openaccess.thecvf.com/content/WACV2025/html/Ogino_ERUP-YOLO_Enhancing_Object_Detection_Robustness_for_Adverse_Weather_Condition_by_WACV_2025_paper.html,https://openaccess.thecvf.com/content/WACV2025/papers/Ogino_ERUP-YOLO_Enhancing_Object_Detection_Robustness_for_Adverse_Weather_Condition_by_WACV_2025_paper.pdf,
619,Method,Conditional GAN for Enhancing Diffusion Models in Efficient and Authentic Global Gesture Generation from Audios,"Yongkang Cheng, Mingjiang Liang, Shaoli Huang, Gaoge Han, Jifeng Ning, Wei Liu",Main,https://openaccess.thecvf.com/content/WACV2025/html/Cheng_Conditional_GAN_for_Enhancing_Diffusion_Models_in_Efficient_and_Authentic_WACV_2025_paper.html,https://openaccess.thecvf.com/content/WACV2025/papers/Cheng_Conditional_GAN_for_Enhancing_Diffusion_Models_in_Efficient_and_Authentic_WACV_2025_paper.pdf,http://arxiv.org/abs/2410.20359
620,Method,PK-YOLO: Pretrained Knowledge Guided YOLO for Brain Tumor Detection in Multiplanar MRI Slices,"Ming Kang, Fung Fung Ting, Raphael C.-W. Phan, Chee-Ming Ting",Main,https://openaccess.thecvf.com/content/WACV2025/html/Kang_PK-YOLO_Pretrained_Knowledge_Guided_YOLO_for_Brain_Tumor_Detection_in_WACV_2025_paper.html,https://openaccess.thecvf.com/content/WACV2025/papers/Kang_PK-YOLO_Pretrained_Knowledge_Guided_YOLO_for_Brain_Tumor_Detection_in_WACV_2025_paper.pdf,
621,Method,DDPM-CD: Denoising Diffusion Probabilistic Models as Feature Extractors for Remote Sensing Change Detection,"Wele Gedara Chaminda Bandara, Nithin Gopalakrishnan Nair, Vishal Patel",Main,https://openaccess.thecvf.com/content/WACV2025/html/Bandara_DDPM-CD_Denoising_Diffusion_Probabilistic_Models_as_Feature_Extractors_for_Remote_WACV_2025_paper.html,https://openaccess.thecvf.com/content/WACV2025/papers/Bandara_DDPM-CD_Denoising_Diffusion_Probabilistic_Models_as_Feature_Extractors_for_Remote_WACV_2025_paper.pdf,
622,Method,Generative Model-Based Fusion for Improved Few-Shot Semantic Segmentation of Infrared Images,"Junno Yun, Mehmet Akçakaya",Main,https://openaccess.thecvf.com/content/WACV2025/html/Yun_Generative_Model-Based_Fusion_for_Improved_Few-Shot_Semantic_Segmentation_of_Infrared_WACV_2025_paper.html,https://openaccess.thecvf.com/content/WACV2025/papers/Yun_Generative_Model-Based_Fusion_for_Improved_Few-Shot_Semantic_Segmentation_of_Infrared_WACV_2025_paper.pdf,
623,Method,Similarity over Factuality: Are we Making Progress on Multimodal Out-of-Context Misinformation Detection?,"Stefanos-Iordanis Papadopoulos, Christos Koutlis, Symeon Papadopoulos, Panagiotis C. Petrantonakis",Main,https://openaccess.thecvf.com/content/WACV2025/html/Papadopoulos_Similarity_over_Factuality_Are_we_Making_Progress_on_Multimodal_Out-of-Context_WACV_2025_paper.html,https://openaccess.thecvf.com/content/WACV2025/papers/Papadopoulos_Similarity_over_Factuality_Are_we_Making_Progress_on_Multimodal_Out-of-Context_WACV_2025_paper.pdf,http://arxiv.org/abs/2407.13488
624,Method,CRAFT: Designing Creative and Functional 3D Objects,"Michelle Guo, Mia Tang, Hannah Cha, Ruohan Zhang, C. Karen Liu, Jiajun Wu",Main,https://openaccess.thecvf.com/content/WACV2025/html/Guo_CRAFT_Designing_Creative_and_Functional_3D_Objects_WACV_2025_paper.html,https://openaccess.thecvf.com/content/WACV2025/papers/Guo_CRAFT_Designing_Creative_and_Functional_3D_Objects_WACV_2025_paper.pdf,
625,Method,EfficientCrackNet: A Lightweight Model for Crack Segmentation,"Abid Hasan Zim, Aquib Iqbal, Zaid Al-Huda, Asad Malik, Minoru Kuribayashi",Main,https://openaccess.thecvf.com/content/WACV2025/html/Zim_EfficientCrackNet_A_Lightweight_Model_for_Crack_Segmentation_WACV_2025_paper.html,https://openaccess.thecvf.com/content/WACV2025/papers/Zim_EfficientCrackNet_A_Lightweight_Model_for_Crack_Segmentation_WACV_2025_paper.pdf,http://arxiv.org/abs/2409.18099
626,Method,Balancing Shared and Task-Specific Representations: A Hybrid Approach to Depth-Aware Video Panoptic Segmentation,Kurt H.W. Stolle,Main,https://openaccess.thecvf.com/content/WACV2025/html/Stolle_Balancing_Shared_and_Task-Specific_Representations_A_Hybrid_Approach_to_Depth-Aware_WACV_2025_paper.html,https://openaccess.thecvf.com/content/WACV2025/papers/Stolle_Balancing_Shared_and_Task-Specific_Representations_A_Hybrid_Approach_to_Depth-Aware_WACV_2025_paper.pdf,http://arxiv.org/abs/2412.07966
627,Method,Cross-Aligned Fusion for Multimodal Understanding,"Abhishek Rajora, Shubham Gupta, Suman Kundu",Main,https://openaccess.thecvf.com/content/WACV2025/html/Rajora_Cross-Aligned_Fusion_for_Multimodal_Understanding_WACV_2025_paper.html,https://openaccess.thecvf.com/content/WACV2025/papers/Rajora_Cross-Aligned_Fusion_for_Multimodal_Understanding_WACV_2025_paper.pdf,
628,Method,CorrFill: Enhancing Faithfulness in Reference-Based Inpainting with Correspondence Guidance in Diffusion Models,"Kuan-Hung Liu, Cheng-Kun Yang, Min-Hung Chen, Yu-Lun Liu, Yen-Yu Lin",Main,https://openaccess.thecvf.com/content/WACV2025/html/Liu_CorrFill_Enhancing_Faithfulness_in_Reference-Based_Inpainting_with_Correspondence_Guidance_in_WACV_2025_paper.html,https://openaccess.thecvf.com/content/WACV2025/papers/Liu_CorrFill_Enhancing_Faithfulness_in_Reference-Based_Inpainting_with_Correspondence_Guidance_in_WACV_2025_paper.pdf,http://arxiv.org/abs/2501.02355
629,Method,VIIS: Visible and Infrared Information Synthesis for Severe Low-Light Image Enhancement,"Chen Zhao, Mengyuan Yu, Fan Yang, Peiguang Jing",Main,https://openaccess.thecvf.com/content/WACV2025/html/Zhao_VIIS_Visible_and_Infrared_Information_Synthesis_for_Severe_Low-Light_Image_WACV_2025_paper.html,https://openaccess.thecvf.com/content/WACV2025/papers/Zhao_VIIS_Visible_and_Infrared_Information_Synthesis_for_Severe_Low-Light_Image_WACV_2025_paper.pdf,http://arxiv.org/abs/2412.13655
630,Method,Continual Learning of Personalized Generative Face Models with Experience Replay,"Annie N. Wang, Luchao Qi, Roni Sengupta",Main,https://openaccess.thecvf.com/content/WACV2025/html/Wang_Continual_Learning_of_Personalized_Generative_Face_Models_with_Experience_Replay_WACV_2025_paper.html,https://openaccess.thecvf.com/content/WACV2025/papers/Wang_Continual_Learning_of_Personalized_Generative_Face_Models_with_Experience_Replay_WACV_2025_paper.pdf,http://arxiv.org/abs/2412.02627
631,Method,Decoupled PROB: Decoupled Query Initialization Tasks and Objectness-Class Learning for Open World Object Detection,"Riku Inoue, Masamitsu Tsuchiya, Yuji Yasui",Main,https://openaccess.thecvf.com/content/WACV2025/html/Inoue_Decoupled_PROB_Decoupled_Query_Initialization_Tasks_and_Objectness-Class_Learning_for_WACV_2025_paper.html,https://openaccess.thecvf.com/content/WACV2025/papers/Inoue_Decoupled_PROB_Decoupled_Query_Initialization_Tasks_and_Objectness-Class_Learning_for_WACV_2025_paper.pdf,
632,Method,RT-DETRv3: Real-Time End-to-End Object Detection with Hierarchical Dense Positive Supervision,"Shuo Wang, Chunlong Xia, Feng Lv, Yifeng Shi",Main,https://openaccess.thecvf.com/content/WACV2025/html/Wang_RT-DETRv3_Real-Time_End-to-End_Object_Detection_with_Hierarchical_Dense_Positive_Supervision_WACV_2025_paper.html,https://openaccess.thecvf.com/content/WACV2025/papers/Wang_RT-DETRv3_Real-Time_End-to-End_Object_Detection_with_Hierarchical_Dense_Positive_Supervision_WACV_2025_paper.pdf,
633,Method,Dance Any Beat: Blending Beats with Visuals in Dance Video Generation,"Xuanchen Wang, Heng Wang, Dongnan Liu, Weidong Cai",Main,https://openaccess.thecvf.com/content/WACV2025/html/Wang_Dance_Any_Beat_Blending_Beats_with_Visuals_in_Dance_Video_WACV_2025_paper.html,https://openaccess.thecvf.com/content/WACV2025/papers/Wang_Dance_Any_Beat_Blending_Beats_with_Visuals_in_Dance_Video_WACV_2025_paper.pdf,http://arxiv.org/abs/2405.09266
634,Method,Perceive Query & Reason: Enhancing Video QA with Question-Guided Temporal Queries,"Roberto Amoroso, Gengyuan Zhang, Rajat Koner, Lorenzo Baraldi, Rita Cucchiara, Volker Tresp",Main,https://openaccess.thecvf.com/content/WACV2025/html/Amoroso_Perceive_Query__Reason_Enhancing_Video_QA_with_Question-Guided_Temporal_WACV_2025_paper.html,https://openaccess.thecvf.com/content/WACV2025/papers/Amoroso_Perceive_Query__Reason_Enhancing_Video_QA_with_Question-Guided_Temporal_WACV_2025_paper.pdf,http://arxiv.org/abs/2412.19304
635,Method,Remote Blood Pressure Estimation from Facial Videos using Transfer Learning: Leveraging PPG to rPPG Conversion,"Chun-Hong Cheng, Jing Wei Chin, Kwan Long Wong, Tsz Tai Chan, Hau Ching Lo, Kwan Lok Pang, Richard So, Bryan Yan",Main,https://openaccess.thecvf.com/content/WACV2025/html/Cheng_Remote_Blood_Pressure_Estimation_from_Facial_Videos_using_Transfer_Learning_WACV_2025_paper.html,https://openaccess.thecvf.com/content/WACV2025/papers/Cheng_Remote_Blood_Pressure_Estimation_from_Facial_Videos_using_Transfer_Learning_WACV_2025_paper.pdf,
636,Method,GStex: Per-Primitive Texturing of 2D Gaussian Splatting for Decoupled Appearance and Geometry Modeling,"Victor Rong, Jingxiang Chen, Sherwin Bahmani, Kiriakos Kutulakos, David Lindell",Main,https://openaccess.thecvf.com/content/WACV2025/html/Rong_GStex_Per-Primitive_Texturing_of_2D_Gaussian_Splatting_for_Decoupled_Appearance_WACV_2025_paper.html,https://openaccess.thecvf.com/content/WACV2025/papers/Rong_GStex_Per-Primitive_Texturing_of_2D_Gaussian_Splatting_for_Decoupled_Appearance_WACV_2025_paper.pdf,http://arxiv.org/abs/2409.12954
637,Method,Composed Image Retrieval for Training-Free Domain Conversion,"Nikos Efthymiadis, Bill Psomas, Zakaria Laskar, Konstantinos Karantzalos, Yannis Avrithis, Ondrej Chum, Giorgos Tolias",Main,https://openaccess.thecvf.com/content/WACV2025/html/Efthymiadis_Composed_Image_Retrieval_for_Training-Free_Domain_Conversion_WACV_2025_paper.html,https://openaccess.thecvf.com/content/WACV2025/papers/Efthymiadis_Composed_Image_Retrieval_for_Training-Free_Domain_Conversion_WACV_2025_paper.pdf,http://arxiv.org/abs/2412.03297
638,Method,HSDA: High-Frequency Shuffle Data Augmentation for Bird's-Eye-View Map Segmentation,"Calvin Glisson, Qiuxiao Chen",Main,https://openaccess.thecvf.com/content/WACV2025/html/Glisson_HSDA_High-Frequency_Shuffle_Data_Augmentation_for_Birds-Eye-View_Map_Segmentation_WACV_2025_paper.html,https://openaccess.thecvf.com/content/WACV2025/papers/Glisson_HSDA_High-Frequency_Shuffle_Data_Augmentation_for_Birds-Eye-View_Map_Segmentation_WACV_2025_paper.pdf,
639,Method,Unsupervised Denoising for Signal-Dependent and Row-Correlated Imaging Noise,"Benjamin Salmon, Alexander Krull",Main,https://openaccess.thecvf.com/content/WACV2025/html/Salmon_Unsupervised_Denoising_for_Signal-Dependent_and_Row-Correlated_Imaging_Noise_WACV_2025_paper.html,https://openaccess.thecvf.com/content/WACV2025/papers/Salmon_Unsupervised_Denoising_for_Signal-Dependent_and_Row-Correlated_Imaging_Noise_WACV_2025_paper.pdf,http://arxiv.org/abs/2310.07887
640,Method,Mixed Patch Visible-Infrared Modality Agnostic Object Detection,"Heitor R. Medeiros, David Latortue, Eric Granger, Marco Pedersoli",Main,https://openaccess.thecvf.com/content/WACV2025/html/Medeiros_Mixed_Patch_Visible-Infrared_Modality_Agnostic_Object_Detection_WACV_2025_paper.html,https://openaccess.thecvf.com/content/WACV2025/papers/Medeiros_Mixed_Patch_Visible-Infrared_Modality_Agnostic_Object_Detection_WACV_2025_paper.pdf,
641,Method,Differentially Private Integrated Decision Gradients (IDG-DP) for Radar-Based Human Activity Recognition,"Idris Zakariyya, Linda Tran, Kaushik Bhargav Sivangi, Paul Henderson, Fani Deligianni",Main,https://openaccess.thecvf.com/content/WACV2025/html/Zakariyya_Differentially_Private_Integrated_Decision_Gradients_IDG-DP_for_Radar-Based_Human_Activity_WACV_2025_paper.html,https://openaccess.thecvf.com/content/WACV2025/papers/Zakariyya_Differentially_Private_Integrated_Decision_Gradients_IDG-DP_for_Radar-Based_Human_Activity_WACV_2025_paper.pdf,http://arxiv.org/abs/2411.02099
642,Method,GeneralizeFormer: Layer-Adaptive Model Generation across Test-Time Distribution Shifts,"Sameer Ambekar, Zehao Xiao, Xiantong Zhen, Cees Snoek",Main,https://openaccess.thecvf.com/content/WACV2025/html/Ambekar_GeneralizeFormer_Layer-Adaptive_Model_Generation_across_Test-Time_Distribution_Shifts_WACV_2025_paper.html,https://openaccess.thecvf.com/content/WACV2025/papers/Ambekar_GeneralizeFormer_Layer-Adaptive_Model_Generation_across_Test-Time_Distribution_Shifts_WACV_2025_paper.pdf,http://arxiv.org/abs/2502.12195
643,Method,PICASSO: A Feed-Forward Framework for Parametric Inference of CAD Sketches via Rendering Self-Supervision,"Ahmet Serdar Karadeniz, Dimitrios Mallis, Nesryne Mejri, Kseniya Cherenkova, Anis Kacem, Djamila Aouada",Main,https://openaccess.thecvf.com/content/WACV2025/html/Karadeniz_PICASSO_A_Feed-Forward_Framework_for_Parametric_Inference_of_CAD_Sketches_WACV_2025_paper.html,https://openaccess.thecvf.com/content/WACV2025/papers/Karadeniz_PICASSO_A_Feed-Forward_Framework_for_Parametric_Inference_of_CAD_Sketches_WACV_2025_paper.pdf,http://arxiv.org/abs/2407.13394
644,Method,Counting Guidance for High Fidelity Text-to-Image Synthesis,"Wonjun Kang, Kevin Galim, Hyung Il Koo, Nam Ik Cho",Main,https://openaccess.thecvf.com/content/WACV2025/html/Kang_Counting_Guidance_for_High_Fidelity_Text-to-Image_Synthesis_WACV_2025_paper.html,https://openaccess.thecvf.com/content/WACV2025/papers/Kang_Counting_Guidance_for_High_Fidelity_Text-to-Image_Synthesis_WACV_2025_paper.pdf,http://arxiv.org/abs/2306.17567
645,Method,AMNCutter: Affinity-Attention-Guided Multi-View Normalized Cutter for Unsupervised Surgical Instrument Segmentation,"Mingyu Sheng, Jianan Fan, Dongnan Liu, Ron Kikinis, Weidong Cai",Main,https://openaccess.thecvf.com/content/WACV2025/html/Sheng_AMNCutter_Affinity-Attention-Guided_Multi-View_Normalized_Cutter_for_Unsupervised_Surgical_Instrument_Segmentation_WACV_2025_paper.html,https://openaccess.thecvf.com/content/WACV2025/papers/Sheng_AMNCutter_Affinity-Attention-Guided_Multi-View_Normalized_Cutter_for_Unsupervised_Surgical_Instrument_Segmentation_WACV_2025_paper.pdf,http://arxiv.org/abs/2411.03695
646,Method,Dynamic Attention-Guided Diffusion for Image Super-Resolution,"Brian B. Moser, Stanislav Frolov, Federico Raue, Sebastian Palacio, Andreas Dengel",Main,https://openaccess.thecvf.com/content/WACV2025/html/Moser_Dynamic_Attention-Guided_Diffusion_for_Image_Super-Resolution_WACV_2025_paper.html,https://openaccess.thecvf.com/content/WACV2025/papers/Moser_Dynamic_Attention-Guided_Diffusion_for_Image_Super-Resolution_WACV_2025_paper.pdf,http://arxiv.org/abs/2308.07977
647,Method,SEMU-Net: A Segmentation-Based Corrector for Fabrication Process Variations of Nanophotonics with Microscopic Images,"Rambod Azimi, Yijian Kong, Dusan Gostimirovic, James J. Clark, Odile Liboiron-Ladouceur",Main,https://openaccess.thecvf.com/content/WACV2025/html/Azimi_SEMU-Net_A_Segmentation-Based_Corrector_for_Fabrication_Process_Variations_of_Nanophotonics_WACV_2025_paper.html,https://openaccess.thecvf.com/content/WACV2025/papers/Azimi_SEMU-Net_A_Segmentation-Based_Corrector_for_Fabrication_Process_Variations_of_Nanophotonics_WACV_2025_paper.pdf,
648,Method,Frame by Familiar Frame: Understanding Replication in Video Diffusion Models,"Aimon Rahman, Malsha V. Perera, Vishal M. Patel",Main,https://openaccess.thecvf.com/content/WACV2025/html/Rahman_Frame_by_Familiar_Frame_Understanding_Replication_in_Video_Diffusion_Models_WACV_2025_paper.html,https://openaccess.thecvf.com/content/WACV2025/papers/Rahman_Frame_by_Familiar_Frame_Understanding_Replication_in_Video_Diffusion_Models_WACV_2025_paper.pdf,http://arxiv.org/abs/2403.19593
649,Method,ReFu: Recursive Fusion for Exemplar-Free 3D Class-Incremental Learning,"Yi Yang, Lei Zhong, Huiping Zhuang",Main,https://openaccess.thecvf.com/content/WACV2025/html/Yang_ReFu_Recursive_Fusion_for_Exemplar-Free_3D_Class-Incremental_Learning_WACV_2025_paper.html,https://openaccess.thecvf.com/content/WACV2025/papers/Yang_ReFu_Recursive_Fusion_for_Exemplar-Free_3D_Class-Incremental_Learning_WACV_2025_paper.pdf,http://arxiv.org/abs/2409.12326
650,Method,Talking Head Anime 4: Distillation for Real-Time Performance,Pramook Khungurn,Main,https://openaccess.thecvf.com/content/WACV2025/html/Khungurn_Talking_Head_Anime_4_Distillation_for_Real-Time_Performance_WACV_2025_paper.html,https://openaccess.thecvf.com/content/WACV2025/papers/Khungurn_Talking_Head_Anime_4_Distillation_for_Real-Time_Performance_WACV_2025_paper.pdf,
651,Method,NeRFs are Mirror Detectors: using Structural Similarity for Multi-View Mirror Scene Reconstruction with 3D Surface Primitives,"Leif Van Holland, Michael Weinmann, Jan U. Müller, Patrick Stotko, Reinhard Klein",Main,https://openaccess.thecvf.com/content/WACV2025/html/Van_Holland_NeRFs_are_Mirror_Detectors_using_Structural_Similarity_for_Multi-View_Mirror_WACV_2025_paper.html,https://openaccess.thecvf.com/content/WACV2025/papers/Van_Holland_NeRFs_are_Mirror_Detectors_using_Structural_Similarity_for_Multi-View_Mirror_WACV_2025_paper.pdf,
652,Method,VortSDF: 3D Modeling with Centroidal Voronoi Tesselation on Signed Distance Field,"Diego Thomas, Briac Toussaint, Jean-Sebastien Franco, Edmond Boyer",Main,https://openaccess.thecvf.com/content/WACV2025/html/Thomas_VortSDF_3D_Modeling_with_Centroidal_Voronoi_Tesselation_on_Signed_Distance_WACV_2025_paper.html,https://openaccess.thecvf.com/content/WACV2025/papers/Thomas_VortSDF_3D_Modeling_with_Centroidal_Voronoi_Tesselation_on_Signed_Distance_WACV_2025_paper.pdf,http://arxiv.org/abs/2407.19837
653,Method,ARTIST: Improving the Generation of Text-Rich Images with Disentangled Diffusion Models and Large Language Models,"Jianyi Zhang, Yufan Zhou, Jiuxiang Gu, Curtis Wigington, Tong Yu, Yiran Chen, Tong Sun, Ruiyi Zhang",Main,https://openaccess.thecvf.com/content/WACV2025/html/Zhang_ARTIST_Improving_the_Generation_of_Text-Rich_Images_with_Disentangled_Diffusion_WACV_2025_paper.html,https://openaccess.thecvf.com/content/WACV2025/papers/Zhang_ARTIST_Improving_the_Generation_of_Text-Rich_Images_with_Disentangled_Diffusion_WACV_2025_paper.pdf,http://arxiv.org/abs/2406.12044
654,Method,Advancing Weight and Channel Sparsification with Enhanced Saliency,"Xinglong Sun, Maying Shen, Hongxu Yin, Lei Mao, Pavlo Molchanov, Jose M. Alvarez",Main,https://openaccess.thecvf.com/content/WACV2025/html/Sun_Advancing_Weight_and_Channel_Sparsification_with_Enhanced_Saliency_WACV_2025_paper.html,https://openaccess.thecvf.com/content/WACV2025/papers/Sun_Advancing_Weight_and_Channel_Sparsification_with_Enhanced_Saliency_WACV_2025_paper.pdf,http://arxiv.org/abs/2502.03658
655,Method,GMT: Guided Mask Transformer for Leaf Instance Segmentation,"Feng Chen, Sotirios A. Tsaftaris, Mario Valerio Giuffrida",Main,https://openaccess.thecvf.com/content/WACV2025/html/Chen_GMT_Guided_Mask_Transformer_for_Leaf_Instance_Segmentation_WACV_2025_paper.html,https://openaccess.thecvf.com/content/WACV2025/papers/Chen_GMT_Guided_Mask_Transformer_for_Leaf_Instance_Segmentation_WACV_2025_paper.pdf,http://arxiv.org/abs/2406.17109
656,Method,Realistic and Efficient Face Swapping: A Unified Approach with Diffusion Models,"Sanoojan Baliah, Qinliang Lin, Shengcai Liao, Xiaodan Liang, Muhammad Haris Khan",Main,https://openaccess.thecvf.com/content/WACV2025/html/Baliah_Realistic_and_Efficient_Face_Swapping_A_Unified_Approach_with_Diffusion_WACV_2025_paper.html,https://openaccess.thecvf.com/content/WACV2025/papers/Baliah_Realistic_and_Efficient_Face_Swapping_A_Unified_Approach_with_Diffusion_WACV_2025_paper.pdf,http://arxiv.org/abs/2409.07269
657,Method,Enhancing Visual Classification using Comparative Descriptors,"Hankyeol Lee, Gawon Seo, Wonseok Choi, Geunyoung Jung, Kyungwoo Song, Jiyoung Jung",Main,https://openaccess.thecvf.com/content/WACV2025/html/Lee_Enhancing_Visual_Classification_using_Comparative_Descriptors_WACV_2025_paper.html,https://openaccess.thecvf.com/content/WACV2025/papers/Lee_Enhancing_Visual_Classification_using_Comparative_Descriptors_WACV_2025_paper.pdf,http://arxiv.org/abs/2411.05357
658,Method,Dense Depth from Event Focal Stack,"Kenta Horikawa, Mariko Isogawa, Hideo Saito, Shohei Mori",Main,https://openaccess.thecvf.com/content/WACV2025/html/Horikawa_Dense_Depth_from_Event_Focal_Stack_WACV_2025_paper.html,https://openaccess.thecvf.com/content/WACV2025/papers/Horikawa_Dense_Depth_from_Event_Focal_Stack_WACV_2025_paper.pdf,http://arxiv.org/abs/2412.08120
659,Method,Elucidating the Solution Space of Extended Reverse-Time SDE for Diffusion Models,"Qinpeng Cui, Xinyi Zhang, Qiqi Bao, Qingmin Liao",Main,https://openaccess.thecvf.com/content/WACV2025/html/Cui_Elucidating_the_Solution_Space_of_Extended_Reverse-Time_SDE_for_Diffusion_WACV_2025_paper.html,https://openaccess.thecvf.com/content/WACV2025/papers/Cui_Elucidating_the_Solution_Space_of_Extended_Reverse-Time_SDE_for_Diffusion_WACV_2025_paper.pdf,
660,Method,AnomalyDINO: Boosting Patch-Based Few-Shot Anomaly Detection with DINOv2,"Simon Damm, Mike Laszkiewicz, Johannes Lederer, Asja Fischer",Main,https://openaccess.thecvf.com/content/WACV2025/html/Damm_AnomalyDINO_Boosting_Patch-Based_Few-Shot_Anomaly_Detection_with_DINOv2_WACV_2025_paper.html,https://openaccess.thecvf.com/content/WACV2025/papers/Damm_AnomalyDINO_Boosting_Patch-Based_Few-Shot_Anomaly_Detection_with_DINOv2_WACV_2025_paper.pdf,http://arxiv.org/abs/2405.14529
661,Method,Tuned Contrastive Learning,"Chaitanya Animesh, Manmohan Chandraker",Main,https://openaccess.thecvf.com/content/WACV2025/html/Animesh_Tuned_Contrastive_Learning_WACV_2025_paper.html,https://openaccess.thecvf.com/content/WACV2025/papers/Animesh_Tuned_Contrastive_Learning_WACV_2025_paper.pdf,http://arxiv.org/abs/2305.10675
662,Method,EdgeGaussians - 3D Edge Mapping via Gaussian Splatting,"Kunal Chelani, Assia Benbihi, Torsten Sattler, Fredrik Kahl",Main,https://openaccess.thecvf.com/content/WACV2025/html/Chelani_EdgeGaussians_-_3D_Edge_Mapping_via_Gaussian_Splatting_WACV_2025_paper.html,https://openaccess.thecvf.com/content/WACV2025/papers/Chelani_EdgeGaussians_-_3D_Edge_Mapping_via_Gaussian_Splatting_WACV_2025_paper.pdf,
663,Method,Single-Layer Distillation with Fourier Convolutions for Texture Anomaly Detection,"Simon Thomine, Hichem Snoussi",Main,https://openaccess.thecvf.com/content/WACV2025/html/Thomine_Single-Layer_Distillation_with_Fourier_Convolutions_for_Texture_Anomaly_Detection_WACV_2025_paper.html,https://openaccess.thecvf.com/content/WACV2025/papers/Thomine_Single-Layer_Distillation_with_Fourier_Convolutions_for_Texture_Anomaly_Detection_WACV_2025_paper.pdf,
664,Method,Uni-SLAM: Uncertainty-Aware Neural Implicit SLAM for Real-Time Dense Indoor Scene Reconstruction,"Shaoxiang Wang, Yaxu Xie, Chun-Peng Chang, Christen Millerdurai, Alain Pagani, Didier Stricker",Main,https://openaccess.thecvf.com/content/WACV2025/html/Wang_Uni-SLAM_Uncertainty-Aware_Neural_Implicit_SLAM_for_Real-Time_Dense_Indoor_Scene_WACV_2025_paper.html,https://openaccess.thecvf.com/content/WACV2025/papers/Wang_Uni-SLAM_Uncertainty-Aware_Neural_Implicit_SLAM_for_Real-Time_Dense_Indoor_Scene_WACV_2025_paper.pdf,
665,Method,MS-Glance: Bio-Inspired Non-Semantic Context Vectors and their Applications in Supervising Image Reconstruction,"Ziqi Gao, Wendi Yang, Yujia Li, Lei Xing, S. Kevin Zhou",Main,https://openaccess.thecvf.com/content/WACV2025/html/Gao_MS-Glance_Bio-Inspired_Non-Semantic_Context_Vectors_and_their_Applications_in_Supervising_WACV_2025_paper.html,https://openaccess.thecvf.com/content/WACV2025/papers/Gao_MS-Glance_Bio-Inspired_Non-Semantic_Context_Vectors_and_their_Applications_in_Supervising_WACV_2025_paper.pdf,
666,Method,DAM: Dynamic Adapter Merging for Continual Video QA Learning,"Feng Cheng, Ziyang Wang, Yi-Lin Sung, Yan-Bo Lin, Mohit Bansal, Gedas Bertasius",Main,https://openaccess.thecvf.com/content/WACV2025/html/Cheng_DAM_Dynamic_Adapter_Merging_for_Continual_Video_QA_Learning_WACV_2025_paper.html,https://openaccess.thecvf.com/content/WACV2025/papers/Cheng_DAM_Dynamic_Adapter_Merging_for_Continual_Video_QA_Learning_WACV_2025_paper.pdf,http://arxiv.org/abs/2403.08755
667,Method,Uniform Attention Maps: Boosting Image Fidelity in Reconstruction and Editing,"Wenyi Mo, Tianyu Zhang, Yalong Bai, Bing Su, Ji-Rong Wen",Main,https://openaccess.thecvf.com/content/WACV2025/html/Mo_Uniform_Attention_Maps_Boosting_Image_Fidelity_in_Reconstruction_and_Editing_WACV_2025_paper.html,https://openaccess.thecvf.com/content/WACV2025/papers/Mo_Uniform_Attention_Maps_Boosting_Image_Fidelity_in_Reconstruction_and_Editing_WACV_2025_paper.pdf,http://arxiv.org/abs/2411.19652
668,Method,Design Principles of Multi-Scale J-Invariant Networks for Self-Supervised Image Denoising,"Hayeong Yu, Seungjae Han, Young-Gyu Yoon",Main,https://openaccess.thecvf.com/content/WACV2025/html/Yu_Design_Principles_of_Multi-Scale_J-Invariant_Networks_for_Self-Supervised_Image_Denoising_WACV_2025_paper.html,https://openaccess.thecvf.com/content/WACV2025/papers/Yu_Design_Principles_of_Multi-Scale_J-Invariant_Networks_for_Self-Supervised_Image_Denoising_WACV_2025_paper.pdf,
669,Method,FMD: Comprehensive Data Compression in Medical Domain via Fused Matching Distillation,"Ju Heon Son, Jang-Hwan Choi",Main,https://openaccess.thecvf.com/content/WACV2025/html/Son_FMD_Comprehensive_Data_Compression_in_Medical_Domain_via_Fused_Matching_WACV_2025_paper.html,https://openaccess.thecvf.com/content/WACV2025/papers/Son_FMD_Comprehensive_Data_Compression_in_Medical_Domain_via_Fused_Matching_WACV_2025_paper.pdf,
670,Method,Inferring Past Human Actions in Homes with Abductive Reasoning,"Clement Tan, Chai Kiat Yeo, Cheston Tan, Basura Fernando",Main,https://openaccess.thecvf.com/content/WACV2025/html/Tan_Inferring_Past_Human_Actions_in_Homes_with_Abductive_Reasoning_WACV_2025_paper.html,https://openaccess.thecvf.com/content/WACV2025/papers/Tan_Inferring_Past_Human_Actions_in_Homes_with_Abductive_Reasoning_WACV_2025_paper.pdf,http://arxiv.org/abs/2210.13984
671,Method,J-Invariant Volume Shuffle for Self-Supervised Cryo-Electron Tomogram Denoising on Single Noisy Volume,"Xiwei Liu, Mohamad Kassab, Min Xu, Qirong Ho",Main,https://openaccess.thecvf.com/content/WACV2025/html/Liu_J-Invariant_Volume_Shuffle_for_Self-Supervised_Cryo-Electron_Tomogram_Denoising_on_Single_WACV_2025_paper.html,https://openaccess.thecvf.com/content/WACV2025/papers/Liu_J-Invariant_Volume_Shuffle_for_Self-Supervised_Cryo-Electron_Tomogram_Denoising_on_Single_WACV_2025_paper.pdf,
672,Method,OmniDiffusion: Reformulating 360 Monocular Depth Estimation using Semantic and Surface Normal Conditioned Diffusion,"Payal Mohadikar, Ye Duan",Main,https://openaccess.thecvf.com/content/WACV2025/html/Mohadikar_OmniDiffusion_Reformulating_360_Monocular_Depth_Estimation_using_Semantic_and_Surface_WACV_2025_paper.html,https://openaccess.thecvf.com/content/WACV2025/papers/Mohadikar_OmniDiffusion_Reformulating_360_Monocular_Depth_Estimation_using_Semantic_and_Surface_WACV_2025_paper.pdf,
673,Method,Pre-Capture Privacy via Adaptive Single-Pixel Imaging,"Yoko Sogabe, Shiori Sugimoto, Ayumi Matsumoto, Masaki Kitahara",Main,https://openaccess.thecvf.com/content/WACV2025/html/Sogabe_Pre-Capture_Privacy_via_Adaptive_Single-Pixel_Imaging_WACV_2025_paper.html,https://openaccess.thecvf.com/content/WACV2025/papers/Sogabe_Pre-Capture_Privacy_via_Adaptive_Single-Pixel_Imaging_WACV_2025_paper.pdf,http://arxiv.org/abs/2407.00991
674,Method,Fairer Analysis and Demographically Balanced Face Generation for Fairer Face Verification,"Alexandre Fournier-Montgieux, Michaël Soumm, Adrian Popescu, Bertrand Luvison, Hervé Le Borgne",Main,https://openaccess.thecvf.com/content/WACV2025/html/Fournier-Montgieux_Fairer_Analysis_and_Demographically_Balanced_Face_Generation_for_Fairer_Face_WACV_2025_paper.html,https://openaccess.thecvf.com/content/WACV2025/papers/Fournier-Montgieux_Fairer_Analysis_and_Demographically_Balanced_Face_Generation_for_Fairer_Face_WACV_2025_paper.pdf,http://arxiv.org/abs/2412.03349
675,Method,Towards Utilising a Range of Neural Activations for Comprehending Representational Associations,"Laura O'Mahony, Nikola S. Nikolov, David JP O'Sullivan",Main,https://openaccess.thecvf.com/content/WACV2025/html/OMahony_Towards_Utilising_a_Range_of_Neural_Activations_for_Comprehending_Representational_WACV_2025_paper.html,https://openaccess.thecvf.com/content/WACV2025/papers/OMahony_Towards_Utilising_a_Range_of_Neural_Activations_for_Comprehending_Representational_WACV_2025_paper.pdf,http://arxiv.org/abs/2411.10019
676,Method,Vision-Based Landing Guidance through Tracking and Orientation Estimation,"João P. K. Ferreira, João P. Pinto, Júlia Moura, Yi Li, Cristiano L. Castro, Plamen Angelov",Main,https://openaccess.thecvf.com/content/WACV2025/html/Ferreira_Vision-Based_Landing_Guidance_through_Tracking_and_Orientation_Estimation_WACV_2025_paper.html,https://openaccess.thecvf.com/content/WACV2025/papers/Ferreira_Vision-Based_Landing_Guidance_through_Tracking_and_Orientation_Estimation_WACV_2025_paper.pdf,
677,Method,Generalist YOLO: Towards Real-Time End-to-End Multi-Task Visual Language Models,"Hung-Shuo Chang, Chien-Yao Wang, Richard Robert Wang, Gene Chou, Hong-Yuan Mark Liao",Main,https://openaccess.thecvf.com/content/WACV2025/html/Chang_Generalist_YOLO_Towards_Real-Time_End-to-End_Multi-Task_Visual_Language_Models_WACV_2025_paper.html,https://openaccess.thecvf.com/content/WACV2025/papers/Chang_Generalist_YOLO_Towards_Real-Time_End-to-End_Multi-Task_Visual_Language_Models_WACV_2025_paper.pdf,
678,Method,Event-Guided Low-Light Video Semantic Segmentation,"Zhen Yao, Mooi Choo Chuah",Main,https://openaccess.thecvf.com/content/WACV2025/html/Yao_Event-Guided_Low-Light_Video_Semantic_Segmentation_WACV_2025_paper.html,https://openaccess.thecvf.com/content/WACV2025/papers/Yao_Event-Guided_Low-Light_Video_Semantic_Segmentation_WACV_2025_paper.pdf,http://arxiv.org/abs/2411.00639
679,Method,VADet: Multi-Frame LiDAR 3D Object Detection using Variable Aggregation,"Chengjie Huang, Vahdat Abdelzad, Sean Sedwards, Krzysztof Czarnecki",Main,https://openaccess.thecvf.com/content/WACV2025/html/Huang_VADet_Multi-Frame_LiDAR_3D_Object_Detection_using_Variable_Aggregation_WACV_2025_paper.html,https://openaccess.thecvf.com/content/WACV2025/papers/Huang_VADet_Multi-Frame_LiDAR_3D_Object_Detection_using_Variable_Aggregation_WACV_2025_paper.pdf,http://arxiv.org/abs/2411.13186
680,Method,LogicNet: A Logical Consistency Embedded Face Attribute Learning Network,"Haiyu Wu, Sicong Tian, Huayu Li, Kevin W. Bowyer",Main,https://openaccess.thecvf.com/content/WACV2025/html/Wu_LogicNet_A_Logical_Consistency_Embedded_Face_Attribute_Learning_Network_WACV_2025_paper.html,https://openaccess.thecvf.com/content/WACV2025/papers/Wu_LogicNet_A_Logical_Consistency_Embedded_Face_Attribute_Learning_Network_WACV_2025_paper.pdf,http://arxiv.org/abs/2311.11208
681,Method,Optimizing Vision-Language Model for Road Crossing Intention Estimation,"Roy Uziel, Oded Bialer",Main,https://openaccess.thecvf.com/content/WACV2025/html/Uziel_Optimizing_Vision-Language_Model_for_Road_Crossing_Intention_Estimation_WACV_2025_paper.html,https://openaccess.thecvf.com/content/WACV2025/papers/Uziel_Optimizing_Vision-Language_Model_for_Road_Crossing_Intention_Estimation_WACV_2025_paper.pdf,
682,Method,Loose Social-Interaction Recognition in Real-World Therapy Scenarios,"Abid Ali, Rui Dai, Ashish Marisetty, Guillaume Astruc, Monique Thonnat, Jean-Marc Odobez, Susanne Thummler, Francois Bremond",Main,https://openaccess.thecvf.com/content/WACV2025/html/Ali_Loose_Social-Interaction_Recognition_in_Real-World_Therapy_Scenarios_WACV_2025_paper.html,https://openaccess.thecvf.com/content/WACV2025/papers/Ali_Loose_Social-Interaction_Recognition_in_Real-World_Therapy_Scenarios_WACV_2025_paper.pdf,http://arxiv.org/abs/2409.20270
683,Method,Semantic Segmentation Method for Automated Indoor 3D Reconstruction Based on Architectural-Knowledge-Aware Features,"Yahan Chen, Wenzheng Liu, Xiaowei Luo",Main,https://openaccess.thecvf.com/content/WACV2025/html/Chen_Semantic_Segmentation_Method_for_Automated_Indoor_3D_Reconstruction_Based_on_WACV_2025_paper.html,https://openaccess.thecvf.com/content/WACV2025/papers/Chen_Semantic_Segmentation_Method_for_Automated_Indoor_3D_Reconstruction_Based_on_WACV_2025_paper.pdf,
684,Method,Generating Long-Take Videos via Effective Keyframes and Guidance,"Hsin-Ping Huang, Yu-Chuan Su, Ming-Hsuan Yang",Main,https://openaccess.thecvf.com/content/WACV2025/html/Huang_Generating_Long-Take_Videos_via_Effective_Keyframes_and_Guidance_WACV_2025_paper.html,https://openaccess.thecvf.com/content/WACV2025/papers/Huang_Generating_Long-Take_Videos_via_Effective_Keyframes_and_Guidance_WACV_2025_paper.pdf,
685,Method,PostoMETRO: Pose Token Enhanced Mesh Transformer for Robust 3D Human Mesh Recovery,"Wendi Yang, Zi-Hang Jiang, Shang Zhao, S. Kevin Zhou",Main,https://openaccess.thecvf.com/content/WACV2025/html/Yang_PostoMETRO_Pose_Token_Enhanced_Mesh_Transformer_for_Robust_3D_Human_WACV_2025_paper.html,https://openaccess.thecvf.com/content/WACV2025/papers/Yang_PostoMETRO_Pose_Token_Enhanced_Mesh_Transformer_for_Robust_3D_Human_WACV_2025_paper.pdf,http://arxiv.org/abs/2403.12473
686,Method,Beyond Grids: Exploring Elastic Input Sampling for Vision Transformers,"Adam Pardyl, Grzegorz Kurzejamski, Jan Olszewski, Tomasz Trzcinski, Bartosz Zielinski",Main,https://openaccess.thecvf.com/content/WACV2025/html/Pardyl_Beyond_Grids_Exploring_Elastic_Input_Sampling_for_Vision_Transformers_WACV_2025_paper.html,https://openaccess.thecvf.com/content/WACV2025/papers/Pardyl_Beyond_Grids_Exploring_Elastic_Input_Sampling_for_Vision_Transformers_WACV_2025_paper.pdf,http://arxiv.org/abs/2309.13353
687,Method,Pruning One More Token is Enough: Leveraging Latency-Workload Non-Linearities for Vision Transformers on the Edge,"Nicholas John Eliopoulos, Purvish Jajal, James C. Davis, Gaowen Liu, George K. Thiruvathukal, Yung-Hsiang Lu",Main,https://openaccess.thecvf.com/content/WACV2025/html/Eliopoulos_Pruning_One_More_Token_is_Enough_Leveraging_Latency-Workload_Non-Linearities_for_WACV_2025_paper.html,https://openaccess.thecvf.com/content/WACV2025/papers/Eliopoulos_Pruning_One_More_Token_is_Enough_Leveraging_Latency-Workload_Non-Linearities_for_WACV_2025_paper.pdf,http://arxiv.org/abs/2407.05941
688,Method,PrevPredMap: Exploring Temporal Modeling with Previous Predictions for Online Vectorized HD Map Construction,"Nan Peng, Xun Zhou, Mingming Wang, Xiaojun Yang, Songming Chen, Guisong Chen",Main,https://openaccess.thecvf.com/content/WACV2025/html/Peng_PrevPredMap_Exploring_Temporal_Modeling_with_Previous_Predictions_for_Online_Vectorized_WACV_2025_paper.html,https://openaccess.thecvf.com/content/WACV2025/papers/Peng_PrevPredMap_Exploring_Temporal_Modeling_with_Previous_Predictions_for_Online_Vectorized_WACV_2025_paper.pdf,http://arxiv.org/abs/2407.17378
689,Method,GHOST: Grounded Human Motion Generation with Open Vocabulary Scene-and-Text Contexts,"Zoltán Á. Milacski, Koichiro Niinuma, Ryosuke Kawamura, Fernando de la Torre, László A. Jeni",Main,https://openaccess.thecvf.com/content/WACV2025/html/Milacski_GHOST_Grounded_Human_Motion_Generation_with_Open_Vocabulary_Scene-and-Text_Contexts_WACV_2025_paper.html,https://openaccess.thecvf.com/content/WACV2025/papers/Milacski_GHOST_Grounded_Human_Motion_Generation_with_Open_Vocabulary_Scene-and-Text_Contexts_WACV_2025_paper.pdf,http://arxiv.org/abs/2405.18438
690,Method,Unified Framework for Open-World Compositional Zero-Shot Learning,"Hirunima Jayasekara, Khoi Pham, Nirat Saini, Abhinav Shrivastava",Main,https://openaccess.thecvf.com/content/WACV2025/html/Jayasekara_Unified_Framework_for_Open-World_Compositional_Zero-Shot_Learning_WACV_2025_paper.html,https://openaccess.thecvf.com/content/WACV2025/papers/Jayasekara_Unified_Framework_for_Open-World_Compositional_Zero-Shot_Learning_WACV_2025_paper.pdf,http://arxiv.org/abs/2412.04083
691,Method,An Image is Worth Multiple Words: Multi-Attribute Inversion for Constrained Text-to-Image Synthesis,"Aishwarya Agarwal, Srikrishna Karanam, Tripti Shukla, Balaji Vasan Srinivasan",Main,https://openaccess.thecvf.com/content/WACV2025/html/Agarwal_An_Image_is_Worth_Multiple_Words_Multi-Attribute_Inversion_for_Constrained_WACV_2025_paper.html,https://openaccess.thecvf.com/content/WACV2025/papers/Agarwal_An_Image_is_Worth_Multiple_Words_Multi-Attribute_Inversion_for_Constrained_WACV_2025_paper.pdf,http://arxiv.org/abs/2311.11919
692,Method,Learning to Visually Connect Actions and their Effects,"Paritosh Parmar, Eric Peh, Basura Fernando",Main,https://openaccess.thecvf.com/content/WACV2025/html/Parmar_Learning_to_Visually_Connect_Actions_and_their_Effects_WACV_2025_paper.html,https://openaccess.thecvf.com/content/WACV2025/papers/Parmar_Learning_to_Visually_Connect_Actions_and_their_Effects_WACV_2025_paper.pdf,http://arxiv.org/abs/2401.10805
693,Method,SwinIA: Self-Supervised Blind-Spot Image Denoising without Convolutions,"Mikhail Papkov, Pavel Chizhov, Leopold Parts",Main,https://openaccess.thecvf.com/content/WACV2025/html/Papkov_SwinIA_Self-Supervised_Blind-Spot_Image_Denoising_without_Convolutions_WACV_2025_paper.html,https://openaccess.thecvf.com/content/WACV2025/papers/Papkov_SwinIA_Self-Supervised_Blind-Spot_Image_Denoising_without_Convolutions_WACV_2025_paper.pdf,http://arxiv.org/abs/2305.05651
694,Method,NarrAD: Automatic Generation of Audio Descriptions for Movies with Rich Narrative Context,"Jaehyeong Park, Junchel Ye, Seungkook Lee, Hyun W. Ka, Dongsu Han",Main,https://openaccess.thecvf.com/content/WACV2025/html/Park_NarrAD_Automatic_Generation_of_Audio_Descriptions_for_Movies_with_Rich_WACV_2025_paper.html,https://openaccess.thecvf.com/content/WACV2025/papers/Park_NarrAD_Automatic_Generation_of_Audio_Descriptions_for_Movies_with_Rich_WACV_2025_paper.pdf,
695,Method,Anchored Diffusion for Video Face Reenactment,"Idan Kligvasser, Regev Cohen, George Leifman, Ehud Rivlin, Michael Elad",Main,https://openaccess.thecvf.com/content/WACV2025/html/Kligvasser_Anchored_Diffusion_for_Video_Face_Reenactment_WACV_2025_paper.html,https://openaccess.thecvf.com/content/WACV2025/papers/Kligvasser_Anchored_Diffusion_for_Video_Face_Reenactment_WACV_2025_paper.pdf,http://arxiv.org/abs/2407.15153
696,Method,Blind Image Deblurring with FFT-ReLU Sparsity Prior,"Abdul Mohaimen Al Radi, Prothito Shovon Majumder, Md. Mosaddek Khan",Main,https://openaccess.thecvf.com/content/WACV2025/html/Al_Radi_Blind_Image_Deblurring_with_FFT-ReLU_Sparsity_Prior_WACV_2025_paper.html,https://openaccess.thecvf.com/content/WACV2025/papers/Al_Radi_Blind_Image_Deblurring_with_FFT-ReLU_Sparsity_Prior_WACV_2025_paper.pdf,http://arxiv.org/abs/2406.08344
697,Method,Difficulty Diversity and Plausibility: Dynamic Data-Free Quantization,"Cheeun Hong, Sungyong Baik, Junghun Oh, Kyoung Mu Lee",Main,https://openaccess.thecvf.com/content/WACV2025/html/Hong_Difficulty_Diversity_and_Plausibility_Dynamic_Data-Free_Quantization_WACV_2025_paper.html,https://openaccess.thecvf.com/content/WACV2025/papers/Hong_Difficulty_Diversity_and_Plausibility_Dynamic_Data-Free_Quantization_WACV_2025_paper.pdf,
698,Method,Uncertainty and Energy Based Loss Guided Semi-Supervised Semantic Segmentation,"Rini Smita Thakur, Vinod K Kurmi",Main,https://openaccess.thecvf.com/content/WACV2025/html/Thakur_Uncertainty_and_Energy_Based_Loss_Guided_Semi-Supervised_Semantic_Segmentation_WACV_2025_paper.html,https://openaccess.thecvf.com/content/WACV2025/papers/Thakur_Uncertainty_and_Energy_Based_Loss_Guided_Semi-Supervised_Semantic_Segmentation_WACV_2025_paper.pdf,http://arxiv.org/abs/2501.01640
699,Method,CrowdMAC: Masked Crowd Density Completion for Robust Crowd Density Forecasting,"Ryo Fujii, Ryo Hachiuma, Hideo Saito",Main,https://openaccess.thecvf.com/content/WACV2025/html/Fujii_CrowdMAC_Masked_Crowd_Density_Completion_for_Robust_Crowd_Density_Forecasting_WACV_2025_paper.html,https://openaccess.thecvf.com/content/WACV2025/papers/Fujii_CrowdMAC_Masked_Crowd_Density_Completion_for_Robust_Crowd_Density_Forecasting_WACV_2025_paper.pdf,http://arxiv.org/abs/2407.14725
700,Method,Incorporating Task Progress Knowledge for Subgoal Generation in Robotic Manipulation through Image Edits,"Xuhui Kang, Yen-Ling Kuo",Main,https://openaccess.thecvf.com/content/WACV2025/html/Kang_Incorporating_Task_Progress_Knowledge_for_Subgoal_Generation_in_Robotic_Manipulation_WACV_2025_paper.html,https://openaccess.thecvf.com/content/WACV2025/papers/Kang_Incorporating_Task_Progress_Knowledge_for_Subgoal_Generation_in_Robotic_Manipulation_WACV_2025_paper.pdf,http://arxiv.org/abs/2410.11013
701,Method,Enhancing Zero-Shot Facial Expression Recognition by LLM Knowledge Transfer,"Zengqun Zhao, Yu Cao, Shaogang Gong, Ioannis Patras",Main,https://openaccess.thecvf.com/content/WACV2025/html/Zhao_Enhancing_Zero-Shot_Facial_Expression_Recognition_by_LLM_Knowledge_Transfer_WACV_2025_paper.html,https://openaccess.thecvf.com/content/WACV2025/papers/Zhao_Enhancing_Zero-Shot_Facial_Expression_Recognition_by_LLM_Knowledge_Transfer_WACV_2025_paper.pdf,http://arxiv.org/abs/2405.19100
702,Method,Non-Cross Diffusion for Semantic Consistency,"Ziyang Zheng, Ruiyuan Gao, Qiang Xu",Main,https://openaccess.thecvf.com/content/WACV2025/html/Zheng_Non-Cross_Diffusion_for_Semantic_Consistency_WACV_2025_paper.html,https://openaccess.thecvf.com/content/WACV2025/papers/Zheng_Non-Cross_Diffusion_for_Semantic_Consistency_WACV_2025_paper.pdf,http://arxiv.org/abs/2312.00820
703,Method,Semantic Clustering of Image Retrieval Databases used for Visual Localization,"Henry Hölzemann, Torsten Fiolka",Main,https://openaccess.thecvf.com/content/WACV2025/html/Holzemann_Semantic_Clustering_of_Image_Retrieval_Databases_used_for_Visual_Localization_WACV_2025_paper.html,https://openaccess.thecvf.com/content/WACV2025/papers/Holzemann_Semantic_Clustering_of_Image_Retrieval_Databases_used_for_Visual_Localization_WACV_2025_paper.pdf,
704,Method,FDS: Feedback-Guided Domain Synthesis with Multi-Source Conditional Diffusion Models for Domain Generalization,"Mehrdad Noori, Milad Cheraghalikhani, Ali Bahri, Gustavo A Vargas Hakim, David Osowiechi, Moslem Yazdanpanah, Ismail Ben Ayed, Christian Desrosiers",Main,https://openaccess.thecvf.com/content/WACV2025/html/Noori_FDS_Feedback-Guided_Domain_Synthesis_with_Multi-Source_Conditional_Diffusion_Models_for_WACV_2025_paper.html,https://openaccess.thecvf.com/content/WACV2025/papers/Noori_FDS_Feedback-Guided_Domain_Synthesis_with_Multi-Source_Conditional_Diffusion_Models_for_WACV_2025_paper.pdf,http://arxiv.org/abs/2407.03588
705,Method,LatteCLIP: Unsupervised CLIP Fine-Tuning via LMM-Synthetic Texts,"Anh-Quan Cao, Maximilian Jaritz, Matthieu Guillaumin, Raoul de Charette, Loris Bazzani",Main,https://openaccess.thecvf.com/content/WACV2025/html/Cao_LatteCLIP_Unsupervised_CLIP_Fine-Tuning_via_LMM-Synthetic_Texts_WACV_2025_paper.html,https://openaccess.thecvf.com/content/WACV2025/papers/Cao_LatteCLIP_Unsupervised_CLIP_Fine-Tuning_via_LMM-Synthetic_Texts_WACV_2025_paper.pdf,http://arxiv.org/abs/2410.08211
706,Method,GANFusion: Feed-Forward Text-to-3D with Diffusion in GAN Space,"Souhaib Attaiki, Paul Guerrero, Duygu Ceylan, Niloy Mitra, Maks Ovsjanikov",Main,https://openaccess.thecvf.com/content/WACV2025/html/Attaiki_GANFusion_Feed-Forward_Text-to-3D_with_Diffusion_in_GAN_Space_WACV_2025_paper.html,https://openaccess.thecvf.com/content/WACV2025/papers/Attaiki_GANFusion_Feed-Forward_Text-to-3D_with_Diffusion_in_GAN_Space_WACV_2025_paper.pdf,http://arxiv.org/abs/2412.16717
707,Method,Zero-Shot Detection of Out-of-Context Objects using Foundation Models,"Anirban Roy, Adam Cobb, Ramneet Kaur, Sumit Jha, Nathaniel Bastian, Alexander Berenbeim, Robert Thomson, Iain Cruickshank, Alvaro Velasquez, Susmit Jha",Main,https://openaccess.thecvf.com/content/WACV2025/html/Roy_Zero-Shot_Detection_of_Out-of-Context_Objects_using_Foundation_Models_WACV_2025_paper.html,https://openaccess.thecvf.com/content/WACV2025/papers/Roy_Zero-Shot_Detection_of_Out-of-Context_Objects_using_Foundation_Models_WACV_2025_paper.pdf,
708,Method,LLM-Generated Rewrite and Context Modulation for Enhanced Vision Language Models in Digital Pathology,"Cagla Deniz Bahadir, Gozde B. Akar, Mert R. Sabuncu",Main,https://openaccess.thecvf.com/content/WACV2025/html/Bahadir_LLM-Generated_Rewrite_and_Context_Modulation_for_Enhanced_Vision_Language_Models_WACV_2025_paper.html,https://openaccess.thecvf.com/content/WACV2025/papers/Bahadir_LLM-Generated_Rewrite_and_Context_Modulation_for_Enhanced_Vision_Language_Models_WACV_2025_paper.pdf,
709,Method,HEX: Hierarchical Emergence Exploitation in Self-Supervised Algorithms,"Kiran Kokilepersaud, Seulgi Kim, Mohit Prabhushankar, Ghassan AlRegib",Main,https://openaccess.thecvf.com/content/WACV2025/html/Kokilepersaud_HEX_Hierarchical_Emergence_Exploitation_in_Self-Supervised_Algorithms_WACV_2025_paper.html,https://openaccess.thecvf.com/content/WACV2025/papers/Kokilepersaud_HEX_Hierarchical_Emergence_Exploitation_in_Self-Supervised_Algorithms_WACV_2025_paper.pdf,http://arxiv.org/abs/2410.23200
710,Method,ElasticLaneNet: An Efficient Geometry-Flexible Lane Detection Framework,"Yaxin Feng, Yuan Lan, Luchan Zhang, Yang Xiang",Main,https://openaccess.thecvf.com/content/WACV2025/html/Feng_ElasticLaneNet_An_Efficient_Geometry-Flexible_Lane_Detection_Framework_WACV_2025_paper.html,https://openaccess.thecvf.com/content/WACV2025/papers/Feng_ElasticLaneNet_An_Efficient_Geometry-Flexible_Lane_Detection_Framework_WACV_2025_paper.pdf,
711,Method,Federated-Continual Dynamic Segmentation of Histopathology Guided by Barlow Continuity,"Niklas Babendererde, Haozhe Zhu, Moritz Fuchs, Jonathan Stieber, Anirban Mukhopadhyay",Main,https://openaccess.thecvf.com/content/WACV2025/html/Babendererde_Federated-Continual_Dynamic_Segmentation_of_Histopathology_Guided_by_Barlow_Continuity_WACV_2025_paper.html,https://openaccess.thecvf.com/content/WACV2025/papers/Babendererde_Federated-Continual_Dynamic_Segmentation_of_Histopathology_Guided_by_Barlow_Continuity_WACV_2025_paper.pdf,http://arxiv.org/abs/2501.04588
712,Method,NCAP: Scene Text Image Super-Resolution with Non-CAtegorical Prior,"Dongwoo Park, Suk Pil Ko",Main,https://openaccess.thecvf.com/content/WACV2025/html/Park_NCAP_Scene_Text_Image_Super-Resolution_with_Non-CAtegorical_Prior_WACV_2025_paper.html,https://openaccess.thecvf.com/content/WACV2025/papers/Park_NCAP_Scene_Text_Image_Super-Resolution_with_Non-CAtegorical_Prior_WACV_2025_paper.pdf,
713,Method,Image-Level Regression for Uncertainty-Aware Retinal Image Segmentation,"Trung D. Q. Dang, Huy Hoang Nguyen, Aleksei Tiulpin",Main,https://openaccess.thecvf.com/content/WACV2025/html/Dang_Image-Level_Regression_for_Uncertainty-Aware_Retinal_Image_Segmentation_WACV_2025_paper.html,https://openaccess.thecvf.com/content/WACV2025/papers/Dang_Image-Level_Regression_for_Uncertainty-Aware_Retinal_Image_Segmentation_WACV_2025_paper.pdf,http://arxiv.org/abs/2405.16815
714,Method,Test-Time Adaptation of 3D Point Clouds via Denoising Diffusion Models,"Hamidreza Dastmalchi, Aijun An, Ali Cheraghian, Shafin Rahman, Sameera Ramasinghe",Main,https://openaccess.thecvf.com/content/WACV2025/html/Dastmalchi_Test-Time_Adaptation_of_3D_Point_Clouds_via_Denoising_Diffusion_Models_WACV_2025_paper.html,https://openaccess.thecvf.com/content/WACV2025/papers/Dastmalchi_Test-Time_Adaptation_of_3D_Point_Clouds_via_Denoising_Diffusion_Models_WACV_2025_paper.pdf,http://arxiv.org/abs/2411.14495
715,Method,Task Configuration Impacts Annotation Quality and Model Training Performance in Crowdsourced Image Segmentation,"Benjamin R Bauchwitz, Mary Cummings",Main,https://openaccess.thecvf.com/content/WACV2025/html/Bauchwitz_Task_Configuration_Impacts_Annotation_Quality_and_Model_Training_Performance_in_WACV_2025_paper.html,https://openaccess.thecvf.com/content/WACV2025/papers/Bauchwitz_Task_Configuration_Impacts_Annotation_Quality_and_Model_Training_Performance_in_WACV_2025_paper.pdf,
716,Method,Hausdorff Distance Matching with Adaptive Query Denoising for Rotated Detection Transformer,"Hakjin Lee, MinKi Song, Jamyoung Koo, Junghoon Seo",Main,https://openaccess.thecvf.com/content/WACV2025/html/Lee_Hausdorff_Distance_Matching_with_Adaptive_Query_Denoising_for_Rotated_Detection_WACV_2025_paper.html,https://openaccess.thecvf.com/content/WACV2025/papers/Lee_Hausdorff_Distance_Matching_with_Adaptive_Query_Denoising_for_Rotated_Detection_WACV_2025_paper.pdf,http://arxiv.org/abs/2305.07598
717,Method,3D Shape Completion using Multi-Resolution Spectral Encoding,"Pallabjyoti Deka, Saumik Bhattacharya, Debashis Sen, Prabir Kumar Biswas",Main,https://openaccess.thecvf.com/content/WACV2025/html/Deka_3D_Shape_Completion_using_Multi-Resolution_Spectral_Encoding_WACV_2025_paper.html,https://openaccess.thecvf.com/content/WACV2025/papers/Deka_3D_Shape_Completion_using_Multi-Resolution_Spectral_Encoding_WACV_2025_paper.pdf,
718,Method,Enhancing Embodied Object Detection with Spatial Feature Memory,"Nicolas Harvey Chapman, Christopher Lehnert, Will Browne, Feras Dayoub",Main,https://openaccess.thecvf.com/content/WACV2025/html/Chapman_Enhancing_Embodied_Object_Detection_with_Spatial_Feature_Memory_WACV_2025_paper.html,https://openaccess.thecvf.com/content/WACV2025/papers/Chapman_Enhancing_Embodied_Object_Detection_with_Spatial_Feature_Memory_WACV_2025_paper.pdf,
719,Method,ROSA: Reconstructing Object Shape and Appearance Textures by Adaptive Detail Transfer,"Julian Kaltheuner, Patrick Stotko, Reinhard Klein",Main,https://openaccess.thecvf.com/content/WACV2025/html/Kaltheuner_ROSA_Reconstructing_Object_Shape_and_Appearance_Textures_by_Adaptive_Detail_WACV_2025_paper.html,https://openaccess.thecvf.com/content/WACV2025/papers/Kaltheuner_ROSA_Reconstructing_Object_Shape_and_Appearance_Textures_by_Adaptive_Detail_WACV_2025_paper.pdf,http://arxiv.org/abs/2501.18595
720,Method,Interactive Object Detection for Tiny Objects in Large Remotely Sensed Images,"Marvin Burges, Sebastian Zambanini, Robert Sablatnig",Main,https://openaccess.thecvf.com/content/WACV2025/html/Burges_Interactive_Object_Detection_for_Tiny_Objects_in_Large_Remotely_Sensed_WACV_2025_paper.html,https://openaccess.thecvf.com/content/WACV2025/papers/Burges_Interactive_Object_Detection_for_Tiny_Objects_in_Large_Remotely_Sensed_WACV_2025_paper.pdf,
721,Method,Cross-Task Affinity Learning for Multitask Dense Scene Predictions,"Dimitrios Sinodinos, Narges Armanfard",Main,https://openaccess.thecvf.com/content/WACV2025/html/Sinodinos_Cross-Task_Affinity_Learning_for_Multitask_Dense_Scene_Predictions_WACV_2025_paper.html,https://openaccess.thecvf.com/content/WACV2025/papers/Sinodinos_Cross-Task_Affinity_Learning_for_Multitask_Dense_Scene_Predictions_WACV_2025_paper.pdf,http://arxiv.org/abs/2401.11124
722,Method,LORD: Large Models Based Opposite Reward Design for Autonomous Driving,"Xin Ye, Feng Tao, Abhirup Mallik, Burhaneddin Yaman, Liu Ren",Main,https://openaccess.thecvf.com/content/WACV2025/html/Ye_LORD_Large_Models_Based_Opposite_Reward_Design_for_Autonomous_Driving_WACV_2025_paper.html,https://openaccess.thecvf.com/content/WACV2025/papers/Ye_LORD_Large_Models_Based_Opposite_Reward_Design_for_Autonomous_Driving_WACV_2025_paper.pdf,http://arxiv.org/abs/2403.18965
723,Method,Moment of Untruth: Dealing with Negative Queries in Video Moment Retrieval,"Kevin Flanagan, Dima Damen, Michael Wray",Main,https://openaccess.thecvf.com/content/WACV2025/html/Flanagan_Moment_of_Untruth_Dealing_with_Negative_Queries_in_Video_Moment_WACV_2025_paper.html,https://openaccess.thecvf.com/content/WACV2025/papers/Flanagan_Moment_of_Untruth_Dealing_with_Negative_Queries_in_Video_Moment_WACV_2025_paper.pdf,http://arxiv.org/abs/2502.08544
724,Method,Sparse-View 3D Reconstruction of Clothed Humans via Normal Maps,"Jane Wu, Diego Thomas, Ronald Fedkiw",Main,https://openaccess.thecvf.com/content/WACV2025/html/Wu_Sparse-View_3D_Reconstruction_of_Clothed_Humans_via_Normal_Maps_WACV_2025_paper.html,https://openaccess.thecvf.com/content/WACV2025/papers/Wu_Sparse-View_3D_Reconstruction_of_Clothed_Humans_via_Normal_Maps_WACV_2025_paper.pdf,
725,Method,Optimizing Neural Network Effectiveness via Non-Monotonicity Refinement,"Koushik Biswas, Amit Reza, Meghana Karri, Debesh Jha, Hongyi Pan, Nikhil Tomar, Aliza Subedi, Smriti Regmi, Ulas Bagci",Main,https://openaccess.thecvf.com/content/WACV2025/html/Biswas_Optimizing_Neural_Network_Effectiveness_via_Non-Monotonicity_Refinement_WACV_2025_paper.html,https://openaccess.thecvf.com/content/WACV2025/papers/Biswas_Optimizing_Neural_Network_Effectiveness_via_Non-Monotonicity_Refinement_WACV_2025_paper.pdf,
726,Method,STRIDE: Single-Video Based Temporally Continuous Occlusion-Robust 3D Pose Estimation,"Rohit Lal, Saketh Bachu, Yash Garg, Arindam Dutta, Calvin-Khang Ta, Hannah Dela Cruz, Dripta S. Raychaudhuri, M. Salman Asif, Amit Roy-Chowdhury",Main,https://openaccess.thecvf.com/content/WACV2025/html/Lal_STRIDE_Single-Video_Based_Temporally_Continuous_Occlusion-Robust_3D_Pose_Estimation_WACV_2025_paper.html,https://openaccess.thecvf.com/content/WACV2025/papers/Lal_STRIDE_Single-Video_Based_Temporally_Continuous_Occlusion-Robust_3D_Pose_Estimation_WACV_2025_paper.pdf,http://arxiv.org/abs/2312.16221
727,Method,Multi-HexPlanes: A Lightweight Map Representation for Rendering and 3D Reconstruction,"Jianhao Zheng, Gábor Valasek, Daniel Barath, Iro Armeni",Main,https://openaccess.thecvf.com/content/WACV2025/html/Zheng_Multi-HexPlanes_A_Lightweight_Map_Representation_for_Rendering_and_3D_Reconstruction_WACV_2025_paper.html,https://openaccess.thecvf.com/content/WACV2025/papers/Zheng_Multi-HexPlanes_A_Lightweight_Map_Representation_for_Rendering_and_3D_Reconstruction_WACV_2025_paper.pdf,
728,Method,VaLID: Variable-Length Input Diffusion for Novel View Synthesis,"Shijie Li, Farhad G. Zanjani, Haitam Ben Yahia, Yuki Asano, Juergen Gall, Amirhossein Habibian",Main,https://openaccess.thecvf.com/content/WACV2025/html/Li_VaLID_Variable-Length_Input_Diffusion_for_Novel_View_Synthesis_WACV_2025_paper.html,https://openaccess.thecvf.com/content/WACV2025/papers/Li_VaLID_Variable-Length_Input_Diffusion_for_Novel_View_Synthesis_WACV_2025_paper.pdf,http://arxiv.org/abs/2312.08892
729,Method,Divergent Domains Convergent Grading: Enhancing Generalization in Diabetic Retinopathy Grading,"Sharon Chokuwa, Muhammad Haris Khan",Main,https://openaccess.thecvf.com/content/WACV2025/html/Chokuwa_Divergent_Domains_Convergent_Grading_Enhancing_Generalization_in_Diabetic_Retinopathy_Grading_WACV_2025_paper.html,https://openaccess.thecvf.com/content/WACV2025/papers/Chokuwa_Divergent_Domains_Convergent_Grading_Enhancing_Generalization_in_Diabetic_Retinopathy_Grading_WACV_2025_paper.pdf,http://arxiv.org/abs/2411.02614
730,Method,Relational Self-Supervised Distillation with Compact Descriptors for Image Copy Detection,"Juntae Kim, Sungwon Woo, Jongho Nang",Main,https://openaccess.thecvf.com/content/WACV2025/html/Kim_Relational_Self-Supervised_Distillation_with_Compact_Descriptors_for_Image_Copy_Detection_WACV_2025_paper.html,https://openaccess.thecvf.com/content/WACV2025/papers/Kim_Relational_Self-Supervised_Distillation_with_Compact_Descriptors_for_Image_Copy_Detection_WACV_2025_paper.pdf,http://arxiv.org/abs/2405.17928
731,Method,FlashMix: Fast Map-Free LiDAR Localization via Feature Mixing and Contrastive-Constrained Accelerated Training,"Raktim Gautam Goswami, Naman Patel, Prashanth Krishnamurthy, Farshad Khorrami",Main,https://openaccess.thecvf.com/content/WACV2025/html/Goswami_FlashMix_Fast_Map-Free_LiDAR_Localization_via_Feature_Mixing_and_Contrastive-Constrained_WACV_2025_paper.html,https://openaccess.thecvf.com/content/WACV2025/papers/Goswami_FlashMix_Fast_Map-Free_LiDAR_Localization_via_Feature_Mixing_and_Contrastive-Constrained_WACV_2025_paper.pdf,http://arxiv.org/abs/2410.00702
732,Method,EI-Nexus: Towards Unmediated and Flexible Inter-Modality Local Feature Extraction and Matching for Event-Image Data,"Zhonghua Yi, Hao Shi, Qi Jiang, Kailun Yang, Ze Wang, Diyang Gu, Yufan Zhang, Kaiwei Wang",Main,https://openaccess.thecvf.com/content/WACV2025/html/Yi_EI-Nexus_Towards_Unmediated_and_Flexible_Inter-Modality_Local_Feature_Extraction_and_WACV_2025_paper.html,https://openaccess.thecvf.com/content/WACV2025/papers/Yi_EI-Nexus_Towards_Unmediated_and_Flexible_Inter-Modality_Local_Feature_Extraction_and_WACV_2025_paper.pdf,
733,Method,Towards Robust Training via Gradient-Diversified Backpropagation,"Xilin He, Cheng Luo, Qinliang Lin, Weicheng Xie, Muhammad Haris Khan, Siyang Song, Linlin Shen",Main,https://openaccess.thecvf.com/content/WACV2025/html/He_Towards_Robust_Training_via_Gradient-Diversified_Backpropagation_WACV_2025_paper.html,https://openaccess.thecvf.com/content/WACV2025/papers/He_Towards_Robust_Training_via_Gradient-Diversified_Backpropagation_WACV_2025_paper.pdf,
734,Method,A Spatio-Temporal Representation Learning as an Alternative to Traditional Glosses in Sign Language Translation and Production,"Eui Jun Hwang, Sukmin Cho, Huije Lee, Youngwoo Yoon, Jong C. Park",Main,https://openaccess.thecvf.com/content/WACV2025/html/Hwang_A_Spatio-Temporal_Representation_Learning_as_an_Alternative_to_Traditional_Glosses_WACV_2025_paper.html,https://openaccess.thecvf.com/content/WACV2025/papers/Hwang_A_Spatio-Temporal_Representation_Learning_as_an_Alternative_to_Traditional_Glosses_WACV_2025_paper.pdf,http://arxiv.org/abs/2407.02854
735,Method,Uncertainty Awareness Enables Efficient Labeling for Cancer Subtyping in Digital Pathology,"Nirhoshan Sivaroopan, Chamuditha Jayanga Galappaththige, Chalani Ekanayake, Hasindri Watawana, Ranga Rodrigo, Chamira U.S. Edussooriya, Dushan N. Wadduwage",Main,https://openaccess.thecvf.com/content/WACV2025/html/Sivaroopan_Uncertainty_Awareness_Enables_Efficient_Labeling_for_Cancer_Subtyping_in_Digital_WACV_2025_paper.html,https://openaccess.thecvf.com/content/WACV2025/papers/Sivaroopan_Uncertainty_Awareness_Enables_Efficient_Labeling_for_Cancer_Subtyping_in_Digital_WACV_2025_paper.pdf,
736,Method,3D Part Segmentation via Geometric Aggregation of 2D Visual Features,"Marco Garosi, Riccardo Tedoldi, Davide Boscaini, Massimiliano Mancini, Nicu Sebe, Fabio Poiesi",Main,https://openaccess.thecvf.com/content/WACV2025/html/Garosi_3D_Part_Segmentation_via_Geometric_Aggregation_of_2D_Visual_Features_WACV_2025_paper.html,https://openaccess.thecvf.com/content/WACV2025/papers/Garosi_3D_Part_Segmentation_via_Geometric_Aggregation_of_2D_Visual_Features_WACV_2025_paper.pdf,http://arxiv.org/abs/2412.04247
737,Method,BioPose: Biomechanically-Accurate 3D Pose Estimation from Monocular Videos,"Farnoosh Koleini, Muhammad Usama Saleem, Pu Wang, Hongfei Xue, Ahmed Helmy, Abbey Fenwick",Main,https://openaccess.thecvf.com/content/WACV2025/html/Koleini_BioPose_Biomechanically-Accurate_3D_Pose_Estimation_from_Monocular_Videos_WACV_2025_paper.html,https://openaccess.thecvf.com/content/WACV2025/papers/Koleini_BioPose_Biomechanically-Accurate_3D_Pose_Estimation_from_Monocular_Videos_WACV_2025_paper.pdf,http://arxiv.org/abs/2501.07800
738,Method,DPA: Dual Prototypes Alignment for Unsupervised Adaptation of Vision-Language Models,"Eman Ali, Sathira Silva, Muhammad Haris Khan",Main,https://openaccess.thecvf.com/content/WACV2025/html/Ali_DPA_Dual_Prototypes_Alignment_for_Unsupervised_Adaptation_of_Vision-Language_Models_WACV_2025_paper.html,https://openaccess.thecvf.com/content/WACV2025/papers/Ali_DPA_Dual_Prototypes_Alignment_for_Unsupervised_Adaptation_of_Vision-Language_Models_WACV_2025_paper.pdf,http://arxiv.org/abs/2408.08855
739,Method,Re-Evaluating Group Robustness via Adaptive Class-Specific Scaling,"Seonguk Seo, Bohyung Han",Main,https://openaccess.thecvf.com/content/WACV2025/html/Seo_Re-Evaluating_Group_Robustness_via_Adaptive_Class-Specific_Scaling_WACV_2025_paper.html,https://openaccess.thecvf.com/content/WACV2025/papers/Seo_Re-Evaluating_Group_Robustness_via_Adaptive_Class-Specific_Scaling_WACV_2025_paper.pdf,http://arxiv.org/abs/2412.15311
740,Method,Ego-VPA: Egocentric Video Understanding with Parameter-Efficient Adaptation,"Tz-Ying Wu, Kyle Min, Subarna Tripathi, Nuno Vasconcelos",Main,https://openaccess.thecvf.com/content/WACV2025/html/Wu_Ego-VPA_Egocentric_Video_Understanding_with_Parameter-Efficient_Adaptation_WACV_2025_paper.html,https://openaccess.thecvf.com/content/WACV2025/papers/Wu_Ego-VPA_Egocentric_Video_Understanding_with_Parameter-Efficient_Adaptation_WACV_2025_paper.pdf,
741,Method,Weight Copy and Low-Rank Adaptation for Few-Shot Distillation of Vision Transformers,"Diana-Nicoleta Grigore, Mariana-Iuliana Georgescu, Jon Alvarez Justo, Tor Johansen, Andreea Iuliana Ionescu, Radu Tudor Ionescu",Main,https://openaccess.thecvf.com/content/WACV2025/html/Grigore_Weight_Copy_and_Low-Rank_Adaptation_for_Few-Shot_Distillation_of_Vision_WACV_2025_paper.html,https://openaccess.thecvf.com/content/WACV2025/papers/Grigore_Weight_Copy_and_Low-Rank_Adaptation_for_Few-Shot_Distillation_of_Vision_WACV_2025_paper.pdf,http://arxiv.org/abs/2404.09326
742,Method,FAIR-TAT: Improving Model Fairness using Targeted Adversarial Training,"Tejaswini Medi, Steffen Jung, Margret Keuper",Main,https://openaccess.thecvf.com/content/WACV2025/html/Medi_FAIR-TAT_Improving_Model_Fairness_using_Targeted_Adversarial_Training_WACV_2025_paper.html,https://openaccess.thecvf.com/content/WACV2025/papers/Medi_FAIR-TAT_Improving_Model_Fairness_using_Targeted_Adversarial_Training_WACV_2025_paper.pdf,
743,Method,Semantic Prompting with Image Token for Continual Learning,"Jisu Han, Jaemin Na, Wonjun Hwang",Main,https://openaccess.thecvf.com/content/WACV2025/html/Han_Semantic_Prompting_with_Image_Token_for_Continual_Learning_WACV_2025_paper.html,https://openaccess.thecvf.com/content/WACV2025/papers/Han_Semantic_Prompting_with_Image_Token_for_Continual_Learning_WACV_2025_paper.pdf,http://arxiv.org/abs/2403.11537
744,Method,EmoVOCA: Speech-Driven Emotional 3D Talking Heads,"Federico Nocentini, Claudio Ferrari, Stefano Berretti",Main,https://openaccess.thecvf.com/content/WACV2025/html/Nocentini_EmoVOCA_Speech-Driven_Emotional_3D_Talking_Heads_WACV_2025_paper.html,https://openaccess.thecvf.com/content/WACV2025/papers/Nocentini_EmoVOCA_Speech-Driven_Emotional_3D_Talking_Heads_WACV_2025_paper.pdf,http://arxiv.org/abs/2403.12886
745,Method,Sun Off Lights On: Photorealistic Monocular Nighttime Simulation for Robust Semantic Perception,"Konstantinos Tzevelekakis, Shutong Zhang, Luc Van Gool, Christos Sakaridis",Main,https://openaccess.thecvf.com/content/WACV2025/html/Tzevelekakis_Sun_Off_Lights_On_Photorealistic_Monocular_Nighttime_Simulation_for_Robust_WACV_2025_paper.html,https://openaccess.thecvf.com/content/WACV2025/papers/Tzevelekakis_Sun_Off_Lights_On_Photorealistic_Monocular_Nighttime_Simulation_for_Robust_WACV_2025_paper.pdf,http://arxiv.org/abs/2407.20336
746,Method,Online-LoRA: Task-Free Online Continual Learning via Low Rank Adaptation,"Xiwen Wei, Guihong Li, Radu Marculescu",Main,https://openaccess.thecvf.com/content/WACV2025/html/Wei_Online-LoRA_Task-Free_Online_Continual_Learning_via_Low_Rank_Adaptation_WACV_2025_paper.html,https://openaccess.thecvf.com/content/WACV2025/papers/Wei_Online-LoRA_Task-Free_Online_Continual_Learning_via_Low_Rank_Adaptation_WACV_2025_paper.pdf,
747,Method,Improving Zero-Shot Object-Level Change Detection by Incorporating Visual Correspondence,"Hung Huy Nguyen, Pooyan Rahmanzadehgervi, Long Mai, Anh Totti Nguyen",Main,https://openaccess.thecvf.com/content/WACV2025/html/Nguyen_Improving_Zero-Shot_Object-Level_Change_Detection_by_Incorporating_Visual_Correspondence_WACV_2025_paper.html,https://openaccess.thecvf.com/content/WACV2025/papers/Nguyen_Improving_Zero-Shot_Object-Level_Change_Detection_by_Incorporating_Visual_Correspondence_WACV_2025_paper.pdf,http://arxiv.org/abs/2501.05555
748,Method,FASTER: A Font-Agnostic Scene Text Editing and Rendering Framework,"Alloy Das, Sanket Biswas, Prasun Roy, Subhankar Ghosh, Umapada Pal, Michael Blumenstein, Josep Lladós, Saumik Bhattacharya",Main,https://openaccess.thecvf.com/content/WACV2025/html/Das_FASTER_A_Font-Agnostic_Scene_Text_Editing_and_Rendering_Framework_WACV_2025_paper.html,https://openaccess.thecvf.com/content/WACV2025/papers/Das_FASTER_A_Font-Agnostic_Scene_Text_Editing_and_Rendering_Framework_WACV_2025_paper.pdf,http://arxiv.org/abs/2308.02905
749,Method,DragText: Rethinking Text Embedding in Point-Based Image Editing,"Gayoon Choi, Taejin Jeong, Sujung Hong, Seong Jae Hwang",Main,https://openaccess.thecvf.com/content/WACV2025/html/Choi_DragText_Rethinking_Text_Embedding_in_Point-Based_Image_Editing_WACV_2025_paper.html,https://openaccess.thecvf.com/content/WACV2025/papers/Choi_DragText_Rethinking_Text_Embedding_in_Point-Based_Image_Editing_WACV_2025_paper.pdf,http://arxiv.org/abs/2407.17843
750,Method,Reversing the Damage: A QP-Aware Transformer-Diffusion Approach for 8K Video Restoration under Codec Compression,"Ali Mollaahmadi Dehaghi, Reza Razavi, Mohammad Moshirpour",Main,https://openaccess.thecvf.com/content/WACV2025/html/Dehaghi_Reversing_the_Damage_A_QP-Aware_Transformer-Diffusion_Approach_for_8K_Video_WACV_2025_paper.html,https://openaccess.thecvf.com/content/WACV2025/papers/Dehaghi_Reversing_the_Damage_A_QP-Aware_Transformer-Diffusion_Approach_for_8K_Video_WACV_2025_paper.pdf,http://arxiv.org/abs/2412.08912
751,Method,Lifting by Gaussians: A Simple Fast and Flexible Method for 3D Instance Segmentation,"Rohan Chacko, Nicolai Häeni, Eldar Khaliullin, Lin Sun, Douglas Lee",Main,https://openaccess.thecvf.com/content/WACV2025/html/Chacko_Lifting_by_Gaussians_A_Simple_Fast_and_Flexible_Method_for_WACV_2025_paper.html,https://openaccess.thecvf.com/content/WACV2025/papers/Chacko_Lifting_by_Gaussians_A_Simple_Fast_and_Flexible_Method_for_WACV_2025_paper.pdf,
752,Method,MimicGait: A Model Agnostic Approach for Occluded Gait Recognition using Correlational Knowledge Distillation,"Ayush Gupta, Rama Chellappa",Main,https://openaccess.thecvf.com/content/WACV2025/html/Gupta_MimicGait_A_Model_Agnostic_Approach_for_Occluded_Gait_Recognition_using_WACV_2025_paper.html,https://openaccess.thecvf.com/content/WACV2025/papers/Gupta_MimicGait_A_Model_Agnostic_Approach_for_Occluded_Gait_Recognition_using_WACV_2025_paper.pdf,http://arxiv.org/abs/2501.15666
753,Method,DMRN: A Dynamical Multi-Order Response Network for the Robust Lung Airway Segmentation,"Sheng Zhang, Jinge Wu, Junzhi Ning, Guang Yang",Main,https://openaccess.thecvf.com/content/WACV2025/html/Zhang_DMRN_A_Dynamical_Multi-Order_Response_Network_for_the_Robust_Lung_WACV_2025_paper.html,https://openaccess.thecvf.com/content/WACV2025/papers/Zhang_DMRN_A_Dynamical_Multi-Order_Response_Network_for_the_Robust_Lung_WACV_2025_paper.pdf,
754,Method,Self-Supervised Learning with Spectral Low-Rank Prior for Hyperspectral Image Reconstruction,"Zijun He, Lishun Wang, Ziyi Meng, Xin Yuan",Main,https://openaccess.thecvf.com/content/WACV2025/html/He_Self-Supervised_Learning_with_Spectral_Low-Rank_Prior_for_Hyperspectral_Image_Reconstruction_WACV_2025_paper.html,https://openaccess.thecvf.com/content/WACV2025/papers/He_Self-Supervised_Learning_with_Spectral_Low-Rank_Prior_for_Hyperspectral_Image_Reconstruction_WACV_2025_paper.pdf,
755,Method,Improving Deep Detector Robustness via Detection-Related Discriminant Maximization and Reorganization,"Jung Im Choi, Qizhen Lan, Qing Tian",Main,https://openaccess.thecvf.com/content/WACV2025/html/Choi_Improving_Deep_Detector_Robustness_via_Detection-Related_Discriminant_Maximization_and_Reorganization_WACV_2025_paper.html,https://openaccess.thecvf.com/content/WACV2025/papers/Choi_Improving_Deep_Detector_Robustness_via_Detection-Related_Discriminant_Maximization_and_Reorganization_WACV_2025_paper.pdf,
756,Method,MAISI: Medical AI for Synthetic Imaging,"Pengfei Guo, Can Zhao, Dong Yang, Ziyue Xu, Vishwesh Nath, Yucheng Tang, Benjamin Simon, Mason Belue, Stephanie Harmon, Baris Turkbey, Daguang Xu",Main,https://openaccess.thecvf.com/content/WACV2025/html/Guo_MAISI_Medical_AI_for_Synthetic_Imaging_WACV_2025_paper.html,https://openaccess.thecvf.com/content/WACV2025/papers/Guo_MAISI_Medical_AI_for_Synthetic_Imaging_WACV_2025_paper.pdf,http://arxiv.org/abs/2409.11169
757,Method,Attribute Diffusion: Diffusion Driven Diverse Attribute Editing,"Rishubh Parihar, Prasanna Balaji, Raghav Magazine, Sarthak Vora, Varun Jampani, Venkatesh Babu Radhakrishnan",Main,https://openaccess.thecvf.com/content/WACV2025/html/Parihar_Attribute_Diffusion_Diffusion_Driven_Diverse_Attribute_Editing_WACV_2025_paper.html,https://openaccess.thecvf.com/content/WACV2025/papers/Parihar_Attribute_Diffusion_Diffusion_Driven_Diverse_Attribute_Editing_WACV_2025_paper.pdf,
758,Method,Recoverable Anonymization for Pose Estimation: A Privacy-Enhancing Approach,"Wenjun Huang, Yang Ni, Arghavan Rezvani Dehaghani, SungHeon Evan Jeong, Hanning Chen, Yezi Liu, Fei Wen, Mohsen Imani",Main,https://openaccess.thecvf.com/content/WACV2025/html/Huang_Recoverable_Anonymization_for_Pose_Estimation_A_Privacy-Enhancing_Approach_WACV_2025_paper.html,https://openaccess.thecvf.com/content/WACV2025/papers/Huang_Recoverable_Anonymization_for_Pose_Estimation_A_Privacy-Enhancing_Approach_WACV_2025_paper.pdf,
759,Method,DreamBlend: Advancing Personalized Fine-Tuning of Text-to-Image Diffusion Models,"Shwetha Ram, Tal Neiman, Qianli Feng, Andrew M Stuart, Son Tran, Trishul A Chilimbi",Main,https://openaccess.thecvf.com/content/WACV2025/html/Ram_DreamBlend_Advancing_Personalized_Fine-Tuning_of_Text-to-Image_Diffusion_Models_WACV_2025_paper.html,https://openaccess.thecvf.com/content/WACV2025/papers/Ram_DreamBlend_Advancing_Personalized_Fine-Tuning_of_Text-to-Image_Diffusion_Models_WACV_2025_paper.pdf,http://arxiv.org/abs/2411.19390
760,Method,MonoPP: Metric-Scaled Self-Supervised Monocular Depth Estimation by Planar-Parallax Geometry in Automotive Applications,"Gasser Elazab, Torben Gräber, Michael Unterreiner, Olaf Hellwich",Main,https://openaccess.thecvf.com/content/WACV2025/html/Elazab_MonoPP_Metric-Scaled_Self-Supervised_Monocular_Depth_Estimation_by_Planar-Parallax_Geometry_in_WACV_2025_paper.html,https://openaccess.thecvf.com/content/WACV2025/papers/Elazab_MonoPP_Metric-Scaled_Self-Supervised_Monocular_Depth_Estimation_by_Planar-Parallax_Geometry_in_WACV_2025_paper.pdf,
761,Method,Feasibility of Federated Learning from Client Databases with Different Brain Diseases and MRI Modalities,"Felix Wagner, Wentian Xu, Pramit Saha, Ziyun Liang, Daniel Whitehouse, David Menon, Virginia Newcombe, Natalie Voets, J. Alison Noble, Konstantinos Kamnitsas",Main,https://openaccess.thecvf.com/content/WACV2025/html/Wagner_Feasibility_of_Federated_Learning_from_Client_Databases_with_Different_Brain_WACV_2025_paper.html,https://openaccess.thecvf.com/content/WACV2025/papers/Wagner_Feasibility_of_Federated_Learning_from_Client_Databases_with_Different_Brain_WACV_2025_paper.pdf,http://arxiv.org/abs/2406.11636
762,Method,Learning Deep Illumination-Robust Features from Multispectral Filter Array Images,Anis Amziane,Main,https://openaccess.thecvf.com/content/WACV2025/html/Amziane_Learning_Deep_Illumination-Robust_Features_from_Multispectral_Filter_Array_Images_WACV_2025_paper.html,https://openaccess.thecvf.com/content/WACV2025/papers/Amziane_Learning_Deep_Illumination-Robust_Features_from_Multispectral_Filter_Array_Images_WACV_2025_paper.pdf,http://arxiv.org/abs/2407.15472
763,Method,Point-GN: A Non-Parametric Network using Gaussian Positional Encoding for Point Cloud Classification,"Marzieh Mohammadi, Amir Salarpour",Main,https://openaccess.thecvf.com/content/WACV2025/html/Mohammadi_Point-GN_A_Non-Parametric_Network_using_Gaussian_Positional_Encoding_for_Point_WACV_2025_paper.html,https://openaccess.thecvf.com/content/WACV2025/papers/Mohammadi_Point-GN_A_Non-Parametric_Network_using_Gaussian_Positional_Encoding_for_Point_WACV_2025_paper.pdf,
764,Method,Skip-and-Play: Depth-Driven Pose-Preserved Image Generation for Any Objects,"Kyungmin Jo, Jaegul Choo",Main,https://openaccess.thecvf.com/content/WACV2025/html/Jo_Skip-and-Play_Depth-Driven_Pose-Preserved_Image_Generation_for_Any_Objects_WACV_2025_paper.html,https://openaccess.thecvf.com/content/WACV2025/papers/Jo_Skip-and-Play_Depth-Driven_Pose-Preserved_Image_Generation_for_Any_Objects_WACV_2025_paper.pdf,
765,Method,Generating Visual Explanations from Deep Networks using Implicit Neural Representations,"Michal Byra, Henrik Skibbe",Main,https://openaccess.thecvf.com/content/WACV2025/html/Byra_Generating_Visual_Explanations_from_Deep_Networks_using_Implicit_Neural_Representations_WACV_2025_paper.html,https://openaccess.thecvf.com/content/WACV2025/papers/Byra_Generating_Visual_Explanations_from_Deep_Networks_using_Implicit_Neural_Representations_WACV_2025_paper.pdf,http://arxiv.org/abs/2501.11784
766,Method,Label Calibration in Source Free Domain Adaptation,"Shivangi Rai, Rini Smita Thakur, Kunal Jangid, Vinod K Kurmi",Main,https://openaccess.thecvf.com/content/WACV2025/html/Rai_Label_Calibration_in_Source_Free_Domain_Adaptation_WACV_2025_paper.html,https://openaccess.thecvf.com/content/WACV2025/papers/Rai_Label_Calibration_in_Source_Free_Domain_Adaptation_WACV_2025_paper.pdf,http://arxiv.org/abs/2501.07072
767,Method,Debiasify: Self-Distillation for Unsupervised Bias Mitigation,"Nourhan Bayasi, Jamil Fayyad, Ghassan Hamarneh, Rafeef Garbi, Homayoun Najjaran",Main,https://openaccess.thecvf.com/content/WACV2025/html/Bayasi_Debiasify_Self-Distillation_for_Unsupervised_Bias_Mitigation_WACV_2025_paper.html,https://openaccess.thecvf.com/content/WACV2025/papers/Bayasi_Debiasify_Self-Distillation_for_Unsupervised_Bias_Mitigation_WACV_2025_paper.pdf,http://arxiv.org/abs/2411.00711
768,Method,DashCop: Automated E-Ticket Generation for Two-Wheeler Traffic Violations using Dashcam Videos,"Deepti Rawat, Keshav Gupta, Aryamaan Basu Roy, Ravi Kiran Sarvadevabhatla",Main,https://openaccess.thecvf.com/content/WACV2025/html/Rawat_DashCop_Automated_E-Ticket_Generation_for_Two-Wheeler_Traffic_Violations_using_Dashcam_WACV_2025_paper.html,https://openaccess.thecvf.com/content/WACV2025/papers/Rawat_DashCop_Automated_E-Ticket_Generation_for_Two-Wheeler_Traffic_Violations_using_Dashcam_WACV_2025_paper.pdf,
769,Method,Enhancing Image Layout Control with Loss-Guided Diffusion Models,"Zakaria Patel, Kirill Serkh",Main,https://openaccess.thecvf.com/content/WACV2025/html/Patel_Enhancing_Image_Layout_Control_with_Loss-Guided_Diffusion_Models_WACV_2025_paper.html,https://openaccess.thecvf.com/content/WACV2025/papers/Patel_Enhancing_Image_Layout_Control_with_Loss-Guided_Diffusion_Models_WACV_2025_paper.pdf,http://arxiv.org/abs/2405.14101
770,Method,LiCamPose: Combining Multi-View LiDAR and RGB Cameras for Robust Single-Timestamp 3D Human Pose Estimation,"Zhiyu Pan, Zhicheng Zhong, Wenxuan Guo, Yifan Chen, Jianjiang Feng, Jie Zhou",Main,https://openaccess.thecvf.com/content/WACV2025/html/Pan_LiCamPose_Combining_Multi-View_LiDAR_and_RGB_Cameras_for_Robust_Single-Timestamp_WACV_2025_paper.html,https://openaccess.thecvf.com/content/WACV2025/papers/Pan_LiCamPose_Combining_Multi-View_LiDAR_and_RGB_Cameras_for_Robust_Single-Timestamp_WACV_2025_paper.pdf,
771,Method,FluoNeRF: Fluorescent Novel-View Synthesis under Novel Light Source Colors,"Lin Shi, Kengo Matsufuji, Ryo Kawahara, Takahiro Okabe",Main,https://openaccess.thecvf.com/content/WACV2025/html/Shi_FluoNeRF_Fluorescent_Novel-View_Synthesis_under_Novel_Light_Source_Colors_WACV_2025_paper.html,https://openaccess.thecvf.com/content/WACV2025/papers/Shi_FluoNeRF_Fluorescent_Novel-View_Synthesis_under_Novel_Light_Source_Colors_WACV_2025_paper.pdf,
772,Method,Planar Gaussian Splatting,"Farhad G. Zanjani, Hong Cai, Hanno Ackermann, Leila Mirvakhabova, Fatih Porikli",Main,https://openaccess.thecvf.com/content/WACV2025/html/Zanjani_Planar_Gaussian_Splatting_WACV_2025_paper.html,https://openaccess.thecvf.com/content/WACV2025/papers/Zanjani_Planar_Gaussian_Splatting_WACV_2025_paper.pdf,http://arxiv.org/abs/2412.01931
773,Method,Importance-Guided Interpretability and Pruning for Video Transformers in Driver Action Recognition,"Raquel Panadero Palenzuela, Dominik Schörkhuber, Margrit Gelautz",Main,https://openaccess.thecvf.com/content/WACV2025/html/Palenzuela_Importance-Guided_Interpretability_and_Pruning_for_Video_Transformers_in_Driver_Action_WACV_2025_paper.html,https://openaccess.thecvf.com/content/WACV2025/papers/Palenzuela_Importance-Guided_Interpretability_and_Pruning_for_Video_Transformers_in_Driver_Action_WACV_2025_paper.pdf,
774,Method,McCaD: Multi-Contrast MRI Conditioned Adaptive Adversarial Diffusion Model for High-Fidelity MRI Synthesis,"Sanuwani Dayarathna, Kh Tohidul Islam, Bohan Zhuang, Guang Yang, Jianfei Cai, Meng Law, Zhaolin Chen",Main,https://openaccess.thecvf.com/content/WACV2025/html/Dayarathna_McCaD_Multi-Contrast_MRI_Conditioned_Adaptive_Adversarial_Diffusion_Model_for_High-Fidelity_WACV_2025_paper.html,https://openaccess.thecvf.com/content/WACV2025/papers/Dayarathna_McCaD_Multi-Contrast_MRI_Conditioned_Adaptive_Adversarial_Diffusion_Model_for_High-Fidelity_WACV_2025_paper.pdf,http://arxiv.org/abs/2409.00585
775,Method,Detecting Wildfires on UAVs with Real-Time Segmentation Trained by Larger Teacher Models,"Julius Pesonen, Teemu Hakala, Väinö Karjalainen, Niko Koivumäki, Lauri Markelin, Anna-Maria Raita-Hakola, Juha Suomalainen, Ilkka Pölönen, Eija Honkavaara",Main,https://openaccess.thecvf.com/content/WACV2025/html/Pesonen_Detecting_Wildfires_on_UAVs_with_Real-Time_Segmentation_Trained_by_Larger_WACV_2025_paper.html,https://openaccess.thecvf.com/content/WACV2025/papers/Pesonen_Detecting_Wildfires_on_UAVs_with_Real-Time_Segmentation_Trained_by_Larger_WACV_2025_paper.pdf,http://arxiv.org/abs/2408.10843
776,Method,Multi-Class Textual-Inversion Secretly Yields a Semantic-Agnostic Classifier,"Kai Wang, Fei Yang, Bogdan Raducanu, Joost van de Weijer",Main,https://openaccess.thecvf.com/content/WACV2025/html/Wang_Multi-Class_Textual-Inversion_Secretly_Yields_a_Semantic-Agnostic_Classifier_WACV_2025_paper.html,https://openaccess.thecvf.com/content/WACV2025/papers/Wang_Multi-Class_Textual-Inversion_Secretly_Yields_a_Semantic-Agnostic_Classifier_WACV_2025_paper.pdf,http://arxiv.org/abs/2410.22317
777,Method,FaVoR: Features via Voxel Rendering for Camera Relocalization,"Vincenzo Polizzi, Marco Cannici, Davide Scaramuzza, Jonathan Kelly",Main,https://openaccess.thecvf.com/content/WACV2025/html/Polizzi_FaVoR_Features_via_Voxel_Rendering_for_Camera_Relocalization_WACV_2025_paper.html,https://openaccess.thecvf.com/content/WACV2025/papers/Polizzi_FaVoR_Features_via_Voxel_Rendering_for_Camera_Relocalization_WACV_2025_paper.pdf,http://arxiv.org/abs/2409.07571
778,Method,Towards Privacy-Preserving Split Learning for ControlNet,Dixi Yao,Main,https://openaccess.thecvf.com/content/WACV2025/html/Yao_Towards_Privacy-Preserving_Split_Learning_for_ControlNet_WACV_2025_paper.html,https://openaccess.thecvf.com/content/WACV2025/papers/Yao_Towards_Privacy-Preserving_Split_Learning_for_ControlNet_WACV_2025_paper.pdf,
779,Method,Solar Multimodal Transformer: Intraday Solar Irradiance Predictor using Public Cameras and Time Series,"Yanan Niu, Roy Sarkis, Demetri Psaltis, Mario Paolone, Christophe Moser, Luisa Lambertini",Main,https://openaccess.thecvf.com/content/WACV2025/html/Niu_Solar_Multimodal_Transformer_Intraday_Solar_Irradiance_Predictor_using_Public_Cameras_WACV_2025_paper.html,https://openaccess.thecvf.com/content/WACV2025/papers/Niu_Solar_Multimodal_Transformer_Intraday_Solar_Irradiance_Predictor_using_Public_Cameras_WACV_2025_paper.pdf,
780,Method,Finding Dino: A Plug-and-Play Framework for Zero-Shot Detection of Out-of-Distribution Objects using Prototypes,"Poulami Sinhamahapatra, Franziska Schwaiger, Shirsha Bose, Huiyu Wang, Karsten Roscher, Stephan Günnemann",Main,https://openaccess.thecvf.com/content/WACV2025/html/Sinhamahapatra_Finding_Dino_A_Plug-and-Play_Framework_for_Zero-Shot_Detection_of_Out-of-Distribution_WACV_2025_paper.html,https://openaccess.thecvf.com/content/WACV2025/papers/Sinhamahapatra_Finding_Dino_A_Plug-and-Play_Framework_for_Zero-Shot_Detection_of_Out-of-Distribution_WACV_2025_paper.pdf,http://arxiv.org/abs/2404.07664
781,Method,Semantic Prompt Learning for Weakly-Supervised Semantic Segmentation,"Ci-Siang Lin, Chien-Yi Wang, Yu-Chiang Frank Wang, Min-Hung Chen",Main,https://openaccess.thecvf.com/content/WACV2025/html/Lin_Semantic_Prompt_Learning_for_Weakly-Supervised_Semantic_Segmentation_WACV_2025_paper.html,https://openaccess.thecvf.com/content/WACV2025/papers/Lin_Semantic_Prompt_Learning_for_Weakly-Supervised_Semantic_Segmentation_WACV_2025_paper.pdf,http://arxiv.org/abs/2401.11791
782,Method,Evaluating Sensitivity Consistency of Explanations,Hanxiao Tan,Main,https://openaccess.thecvf.com/content/WACV2025/html/Tan_Evaluating_Sensitivity_Consistency_of_Explanations_WACV_2025_paper.html,https://openaccess.thecvf.com/content/WACV2025/papers/Tan_Evaluating_Sensitivity_Consistency_of_Explanations_WACV_2025_paper.pdf,
783,Method,EgoSonics: Generating Synchronized Audio for Silent Egocentric Videos,"Aashish Rai, Srinath Sridhar",Main,https://openaccess.thecvf.com/content/WACV2025/html/Rai_EgoSonics_Generating_Synchronized_Audio_for_Silent_Egocentric_Videos_WACV_2025_paper.html,https://openaccess.thecvf.com/content/WACV2025/papers/Rai_EgoSonics_Generating_Synchronized_Audio_for_Silent_Egocentric_Videos_WACV_2025_paper.pdf,http://arxiv.org/abs/2407.20592
784,Method,DiaMond: Dementia Diagnosis with Multi-Modal Vision Transformers using MRI and PET,"Yitong Li, Morteza Ghahremani, Youssef Wally, Christian Wachinger",Main,https://openaccess.thecvf.com/content/WACV2025/html/Li_DiaMond_Dementia_Diagnosis_with_Multi-Modal_Vision_Transformers_using_MRI_and_WACV_2025_paper.html,https://openaccess.thecvf.com/content/WACV2025/papers/Li_DiaMond_Dementia_Diagnosis_with_Multi-Modal_Vision_Transformers_using_MRI_and_WACV_2025_paper.pdf,http://arxiv.org/abs/2410.23219
785,Method,Deep Metric Learning for Unsupervised Remote Sensing Change Detection,"Wele Gedara Chaminda Bandara, Vishal M. Patel",Main,https://openaccess.thecvf.com/content/WACV2025/html/Bandara_Deep_Metric_Learning_for_Unsupervised_Remote_Sensing_Change_Detection_WACV_2025_paper.html,https://openaccess.thecvf.com/content/WACV2025/papers/Bandara_Deep_Metric_Learning_for_Unsupervised_Remote_Sensing_Change_Detection_WACV_2025_paper.pdf,http://arxiv.org/abs/2303.09536
786,Method,Learning Semi-Supervised Medical Image Segmentation from Spatial Registration,"Qianying Liu, Paul Henderson, Xiao Gu, Hang Dai, Fani Deligianni",Main,https://openaccess.thecvf.com/content/WACV2025/html/Liu_Learning_Semi-Supervised_Medical_Image_Segmentation_from_Spatial_Registration_WACV_2025_paper.html,https://openaccess.thecvf.com/content/WACV2025/papers/Liu_Learning_Semi-Supervised_Medical_Image_Segmentation_from_Spatial_Registration_WACV_2025_paper.pdf,http://arxiv.org/abs/2409.10422
787,Method,Towards High-Fidelity Head Blending with Chroma Keying for Industrial Applications,"Hah Min Lew, Sahng-Min Yoo, Hyunwoo Kang, Gyeong-Moon Park",Main,https://openaccess.thecvf.com/content/WACV2025/html/Lew_Towards_High-Fidelity_Head_Blending_with_Chroma_Keying_for_Industrial_Applications_WACV_2025_paper.html,https://openaccess.thecvf.com/content/WACV2025/papers/Lew_Towards_High-Fidelity_Head_Blending_with_Chroma_Keying_for_Industrial_Applications_WACV_2025_paper.pdf,http://arxiv.org/abs/2411.00652
788,Method,LiGAR: LiDAR-Guided Hierarchical Transformer for Multi-Modal Group Activity Recognition,"Naga Venkata Sai Raviteja Chappa, Khoa Luu",Main,https://openaccess.thecvf.com/content/WACV2025/html/Chappa_LiGAR_LiDAR-Guided_Hierarchical_Transformer_for_Multi-Modal_Group_Activity_Recognition_WACV_2025_paper.html,https://openaccess.thecvf.com/content/WACV2025/papers/Chappa_LiGAR_LiDAR-Guided_Hierarchical_Transformer_for_Multi-Modal_Group_Activity_Recognition_WACV_2025_paper.pdf,http://arxiv.org/abs/2410.21108
789,Method,Unsupervised Video Highlight Detection by Learning from Audio and Visual Recurrence,"Zahidul Islam, Sujoy Paul, Mrigank Rochan",Main,https://openaccess.thecvf.com/content/WACV2025/html/Islam_Unsupervised_Video_Highlight_Detection_by_Learning_from_Audio_and_Visual_WACV_2025_paper.html,https://openaccess.thecvf.com/content/WACV2025/papers/Islam_Unsupervised_Video_Highlight_Detection_by_Learning_from_Audio_and_Visual_WACV_2025_paper.pdf,http://arxiv.org/abs/2407.13933
790,Method,Attention-Based Class-Conditioned Alignment for Multi-Source Domain Adaptation of Object Detectors,"Atif Belal, Akhil Meethal, Francisco Perdigon Romero, Marco Pedersoli, Eric Granger",Main,https://openaccess.thecvf.com/content/WACV2025/html/Belal_Attention-Based_Class-Conditioned_Alignment_for_Multi-Source_Domain_Adaptation_of_Object_Detectors_WACV_2025_paper.html,https://openaccess.thecvf.com/content/WACV2025/papers/Belal_Attention-Based_Class-Conditioned_Alignment_for_Multi-Source_Domain_Adaptation_of_Object_Detectors_WACV_2025_paper.pdf,http://arxiv.org/abs/2403.09918
791,Method,Stable Autofocus with Focal Consistency Loss,"Sangwon Lee, Myungsub Choi, Nagyeong Lee, Hyong-Euk Lee",Main,https://openaccess.thecvf.com/content/WACV2025/html/Lee_Stable_Autofocus_with_Focal_Consistency_Loss_WACV_2025_paper.html,https://openaccess.thecvf.com/content/WACV2025/papers/Lee_Stable_Autofocus_with_Focal_Consistency_Loss_WACV_2025_paper.pdf,
792,Method,Bandit Based Attention Mechanism in Vision Transformers,"Amartya Roy Chowdhury, Raghuram Bharadwaj Diddigi, Prabuchandran K J, Achyut Mani Tripathi",Main,https://openaccess.thecvf.com/content/WACV2025/html/Chowdhury_Bandit_Based_Attention_Mechanism_in_Vision_Transformers_WACV_2025_paper.html,https://openaccess.thecvf.com/content/WACV2025/papers/Chowdhury_Bandit_Based_Attention_Mechanism_in_Vision_Transformers_WACV_2025_paper.pdf,
793,Method,Semantically Conditioned Prompts for Visual Recognition under Missing Modality Scenarios,"Vittorio Pipoli, Federico Bolelli, Sara Sarto, Marcella Cornia, Lorenzo Baraldi, Costantino Grana, Rita Cucchiara, Elisa Ficarra",Main,https://openaccess.thecvf.com/content/WACV2025/html/Pipoli_Semantically_Conditioned_Prompts_for_Visual_Recognition_under_Missing_Modality_Scenarios_WACV_2025_paper.html,https://openaccess.thecvf.com/content/WACV2025/papers/Pipoli_Semantically_Conditioned_Prompts_for_Visual_Recognition_under_Missing_Modality_Scenarios_WACV_2025_paper.pdf,
794,Method,OccFlowNet: Occupancy Estimation via Differentiable Rendering and Occupancy Flow,"Simon Boeder, Benjamin Risse",Main,https://openaccess.thecvf.com/content/WACV2025/html/Boeder_OccFlowNet_Occupancy_Estimation_via_Differentiable_Rendering_and_Occupancy_Flow_WACV_2025_paper.html,https://openaccess.thecvf.com/content/WACV2025/papers/Boeder_OccFlowNet_Occupancy_Estimation_via_Differentiable_Rendering_and_Occupancy_Flow_WACV_2025_paper.pdf,
795,Method,Cross-Domain Multi-Modal Few-Shot Object Detection via Rich Text,"Zeyu Shangguan, Daniel Seita, Mohammad Rostami",Main,https://openaccess.thecvf.com/content/WACV2025/html/Shangguan_Cross-Domain_Multi-Modal_Few-Shot_Object_Detection_via_Rich_Text_WACV_2025_paper.html,https://openaccess.thecvf.com/content/WACV2025/papers/Shangguan_Cross-Domain_Multi-Modal_Few-Shot_Object_Detection_via_Rich_Text_WACV_2025_paper.pdf,http://arxiv.org/abs/2403.16188
796,Method,ACE: Anatomically Consistent Embeddings in Composition and Decomposition,"Ziyu Zhou, Haozhe Luo, Mohammad Reza Hosseinzadeh Taher, Jiaxuan Pang, Xiaowei Ding, Michael Gotway, Jianming Liang",Main,https://openaccess.thecvf.com/content/WACV2025/html/Zhou_ACE_Anatomically_Consistent_Embeddings_in_Composition_and_Decomposition_WACV_2025_paper.html,https://openaccess.thecvf.com/content/WACV2025/papers/Zhou_ACE_Anatomically_Consistent_Embeddings_in_Composition_and_Decomposition_WACV_2025_paper.pdf,http://arxiv.org/abs/2501.10131
797,Method,RD-DPP: Rate-Distortion Theory Meets Determinantal Point Process to Diversify Learning Data Samples,"Xiwen Chen, Huayu Li, Peijie Qiu, Wenhui Zhu, Rahul Amin, Abolfazl Razi",Main,https://openaccess.thecvf.com/content/WACV2025/html/Chen_RD-DPP_Rate-Distortion_Theory_Meets_Determinantal_Point_Process_to_Diversify_Learning_WACV_2025_paper.html,https://openaccess.thecvf.com/content/WACV2025/papers/Chen_RD-DPP_Rate-Distortion_Theory_Meets_Determinantal_Point_Process_to_Diversify_Learning_WACV_2025_paper.pdf,
798,Method,D2FP: Learning Implicit Prior for Human Parsing,"Junyoung Hong, Hyeri Yang, Ye Ju Kim, Haerim Kim, Shinwoong Kim, Euna Shim, Kyungjae Lee",Main,https://openaccess.thecvf.com/content/WACV2025/html/Hong_D2FP_Learning_Implicit_Prior_for_Human_Parsing_WACV_2025_paper.html,https://openaccess.thecvf.com/content/WACV2025/papers/Hong_D2FP_Learning_Implicit_Prior_for_Human_Parsing_WACV_2025_paper.pdf,
799,Method,ELBA: Learning by Asking for Embodied Visual Navigation and Task Completion,"Ying Shen, Daniel Bis, Cynthia Lu, Ismini Lourentzou",Main,https://openaccess.thecvf.com/content/WACV2025/html/Shen_ELBA_Learning_by_Asking_for_Embodied_Visual_Navigation_and_Task_WACV_2025_paper.html,https://openaccess.thecvf.com/content/WACV2025/papers/Shen_ELBA_Learning_by_Asking_for_Embodied_Visual_Navigation_and_Task_WACV_2025_paper.pdf,http://arxiv.org/abs/2302.04865
800,Method,DisFlowEm : One-Shot Emotional Talking Head Generation using Disentangled Pose and Expression Flow-Guidance,"Sanjana Sinha, Brojeshwar Bhowmick, Lokender Tiwari, Sushovan Chanda",Main,https://openaccess.thecvf.com/content/WACV2025/html/Sinha_DisFlowEm__One-Shot_Emotional_Talking_Head_Generation_using_Disentangled_Pose_WACV_2025_paper.html,https://openaccess.thecvf.com/content/WACV2025/papers/Sinha_DisFlowEm__One-Shot_Emotional_Talking_Head_Generation_using_Disentangled_Pose_WACV_2025_paper.pdf,
801,Method,Modality-Incremental Learning with Disjoint Relevance Mapping Networks for Image-Based Semantic Segmentation,"Niharika Hegde, Shishir Muralidhara, René Schuster, Didier Stricker",Main,https://openaccess.thecvf.com/content/WACV2025/html/Hegde_Modality-Incremental_Learning_with_Disjoint_Relevance_Mapping_Networks_for_Image-Based_Semantic_WACV_2025_paper.html,https://openaccess.thecvf.com/content/WACV2025/papers/Hegde_Modality-Incremental_Learning_with_Disjoint_Relevance_Mapping_Networks_for_Image-Based_Semantic_WACV_2025_paper.pdf,http://arxiv.org/abs/2411.17610
802,Method,Uncertainty-Guided Cross Attention Ensemble Mean Teacher for Semi-Supervised Medical Image Segmentation,"Meghana Karri, Amit Soni Arya, Koushik Biswas, Nicolo Gennaro, Vedat Cicek, Gorkem Durak, Yury S. Velichko, Ulas Bagci",Main,https://openaccess.thecvf.com/content/WACV2025/html/Karri_Uncertainty-Guided_Cross_Attention_Ensemble_Mean_Teacher_for_Semi-Supervised_Medical_Image_WACV_2025_paper.html,https://openaccess.thecvf.com/content/WACV2025/papers/Karri_Uncertainty-Guided_Cross_Attention_Ensemble_Mean_Teacher_for_Semi-Supervised_Medical_Image_WACV_2025_paper.pdf,http://arxiv.org/abs/2412.15380
803,Method,FUN-AD: Fully Unsupervised Learning for Anomaly Detection with Noisy Training Data,"Jiin Im, Yongho Son, Je Hyeong Hong",Main,https://openaccess.thecvf.com/content/WACV2025/html/Im_FUN-AD_Fully_Unsupervised_Learning_for_Anomaly_Detection_with_Noisy_Training_WACV_2025_paper.html,https://openaccess.thecvf.com/content/WACV2025/papers/Im_FUN-AD_Fully_Unsupervised_Learning_for_Anomaly_Detection_with_Noisy_Training_WACV_2025_paper.pdf,
804,Method,Predicting Event Memorability using Personalized Federated Learning,"Sourasekhar Banerjee, Debaditya Roy, Vigneshwaran Subbaraju, Monowar Bhuyan",Main,https://openaccess.thecvf.com/content/WACV2025/html/Banerjee_Predicting_Event_Memorability_using_Personalized_Federated_Learning_WACV_2025_paper.html,https://openaccess.thecvf.com/content/WACV2025/papers/Banerjee_Predicting_Event_Memorability_using_Personalized_Federated_Learning_WACV_2025_paper.pdf,
805,Method,Contrastive Learning of Image Representations Guided by Spatial Relations,"Logan Servant, Michaël Clément, Laurent Wendling, Camille Kurtz",Main,https://openaccess.thecvf.com/content/WACV2025/html/Servant_Contrastive_Learning_of_Image_Representations_Guided_by_Spatial_Relations_WACV_2025_paper.html,https://openaccess.thecvf.com/content/WACV2025/papers/Servant_Contrastive_Learning_of_Image_Representations_Guided_by_Spatial_Relations_WACV_2025_paper.pdf,
806,Method,TAM-VT: Transformation-Aware Multi-Scale Video Transformer for Segmentation and Tracking,"Raghav Goyal, Wan-Cyuan Fan, Mennatullah Siam, Leonid Sigal",Main,https://openaccess.thecvf.com/content/WACV2025/html/Goyal_TAM-VT_Transformation-Aware_Multi-Scale_Video_Transformer_for_Segmentation_and_Tracking_WACV_2025_paper.html,https://openaccess.thecvf.com/content/WACV2025/papers/Goyal_TAM-VT_Transformation-Aware_Multi-Scale_Video_Transformer_for_Segmentation_and_Tracking_WACV_2025_paper.pdf,
807,Method,V-MIND: Building Versatile Monocular Indoor 3D Detector with Diverse 2D Annotations,"Jin-Cheng Jhang, Tao Tu, Fu-En Wang, Ke Zhang, Min Sun, Cheng-Hao Kuo",Main,https://openaccess.thecvf.com/content/WACV2025/html/Jhang_V-MIND_Building_Versatile_Monocular_Indoor_3D_Detector_with_Diverse_2D_WACV_2025_paper.html,https://openaccess.thecvf.com/content/WACV2025/papers/Jhang_V-MIND_Building_Versatile_Monocular_Indoor_3D_Detector_with_Diverse_2D_WACV_2025_paper.pdf,
808,Method,Multi-Surrogate-Teacher Assistance for Representation Alignment in Fingerprint-Based Indoor Localization,"Son Minh Nguyen, Linh Duy Tran, Duc Le, Paul Havinga",Main,https://openaccess.thecvf.com/content/WACV2025/html/Nguyen_Multi-Surrogate-Teacher_Assistance_for_Representation_Alignment_in_Fingerprint-Based_Indoor_Localization_WACV_2025_paper.html,https://openaccess.thecvf.com/content/WACV2025/papers/Nguyen_Multi-Surrogate-Teacher_Assistance_for_Representation_Alignment_in_Fingerprint-Based_Indoor_Localization_WACV_2025_paper.pdf,http://arxiv.org/abs/2412.12189
809,Method,FALCON: Fair Face Recognition via Local Optimal Feature Normalization,"Rouqaiah Al-Refai, Philipp Hempel, Clara Biagi, Philipp Terhörst",Main,https://openaccess.thecvf.com/content/WACV2025/html/Al-Refai_FALCON_Fair_Face_Recognition_via_Local_Optimal_Feature_Normalization_WACV_2025_paper.html,https://openaccess.thecvf.com/content/WACV2025/papers/Al-Refai_FALCON_Fair_Face_Recognition_via_Local_Optimal_Feature_Normalization_WACV_2025_paper.pdf,
810,Method,CLIP-Fusion: A Spatio-Temporal Quality Metric for Frame Interpolation,"Goksel Mert Çökmez, Yang Zhang, Christopher Schroers, Tunç Ozan Aydin",Main,https://openaccess.thecvf.com/content/WACV2025/html/Cokmez_CLIP-Fusion_A_Spatio-Temporal_Quality_Metric_for_Frame_Interpolation_WACV_2025_paper.html,https://openaccess.thecvf.com/content/WACV2025/papers/Cokmez_CLIP-Fusion_A_Spatio-Temporal_Quality_Metric_for_Frame_Interpolation_WACV_2025_paper.pdf,
811,Method,Dual-Representation Interaction Driven Image Quality Assessment with Restoration Assistance,"Jingtong Yue, Xin Lin, Zijiu Yang, Chao Ren",Main,https://openaccess.thecvf.com/content/WACV2025/html/Yue_Dual-Representation_Interaction_Driven_Image_Quality_Assessment_with_Restoration_Assistance_WACV_2025_paper.html,https://openaccess.thecvf.com/content/WACV2025/papers/Yue_Dual-Representation_Interaction_Driven_Image_Quality_Assessment_with_Restoration_Assistance_WACV_2025_paper.pdf,http://arxiv.org/abs/2411.17390
812,Method,Gaussian Deja-vu: Creating Controllable 3D Gaussian Head-Avatars with Enhanced Generalization and Personalization Abilities,"Peizhi Yan, Rabab Ward, Qiang Tang, Shan Du",Main,https://openaccess.thecvf.com/content/WACV2025/html/Yan_Gaussian_Deja-vu_Creating_Controllable_3D_Gaussian_Head-Avatars_with_Enhanced_Generalization_WACV_2025_paper.html,https://openaccess.thecvf.com/content/WACV2025/papers/Yan_Gaussian_Deja-vu_Creating_Controllable_3D_Gaussian_Head-Avatars_with_Enhanced_Generalization_WACV_2025_paper.pdf,
813,Method,No Annotations for Object Detection in Art through Stable Diffusion,"Patrick Ramos, Nicolas Gonthier, Selina Khan, Yuta Nakashima, Noa Garcia",Main,https://openaccess.thecvf.com/content/WACV2025/html/Ramos_No_Annotations_for_Object_Detection_in_Art_through_Stable_Diffusion_WACV_2025_paper.html,https://openaccess.thecvf.com/content/WACV2025/papers/Ramos_No_Annotations_for_Object_Detection_in_Art_through_Stable_Diffusion_WACV_2025_paper.pdf,http://arxiv.org/abs/2412.06286
814,Method,Unifying Low-Resolution and High-Resolution Alignment by Event Cameras for Space-Time Video Super-Resolution,"Hoonhee Cho, Jae-Young Kang, Taewoo Kim, Yuhwan Jeong, Kuk-Jin Yoon",Main,https://openaccess.thecvf.com/content/WACV2025/html/Cho_Unifying_Low-Resolution_and_High-Resolution_Alignment_by_Event_Cameras_for_Space-Time_WACV_2025_paper.html,https://openaccess.thecvf.com/content/WACV2025/papers/Cho_Unifying_Low-Resolution_and_High-Resolution_Alignment_by_Event_Cameras_for_Space-Time_WACV_2025_paper.pdf,
815,Method,GeoPos: A Minimal Positional Encoding for Enhanced Fine-Grained Details in Image Synthesis using Convolutional Neural Networks,"Mehran Hosseini, Peyman Hosseini",Main,https://openaccess.thecvf.com/content/WACV2025/html/Hosseini_GeoPos_A_Minimal_Positional_Encoding_for_Enhanced_Fine-Grained_Details_in_WACV_2025_paper.html,https://openaccess.thecvf.com/content/WACV2025/papers/Hosseini_GeoPos_A_Minimal_Positional_Encoding_for_Enhanced_Fine-Grained_Details_in_WACV_2025_paper.pdf,http://arxiv.org/abs/2401.01951
816,Method,Diffusion-Based Visual Anagram as Multi-Task Learning,"Zhiyuan Xu, Yinhe Chen, Huan-ang Gao, Weiyan Zhao, Guiyu Zhang, Hao Zhao",Main,https://openaccess.thecvf.com/content/WACV2025/html/Xu_Diffusion-Based_Visual_Anagram_as_Multi-Task_Learning_WACV_2025_paper.html,https://openaccess.thecvf.com/content/WACV2025/papers/Xu_Diffusion-Based_Visual_Anagram_as_Multi-Task_Learning_WACV_2025_paper.pdf,http://arxiv.org/abs/2412.02693
817,Method,MambaRecon: MRI Reconstruction with Structured State Space Models,"Yilmaz Korkmaz, Vishal M. Patel",Main,https://openaccess.thecvf.com/content/WACV2025/html/Korkmaz_MambaRecon_MRI_Reconstruction_with_Structured_State_Space_Models_WACV_2025_paper.html,https://openaccess.thecvf.com/content/WACV2025/papers/Korkmaz_MambaRecon_MRI_Reconstruction_with_Structured_State_Space_Models_WACV_2025_paper.pdf,http://arxiv.org/abs/2409.12401
818,Method,LoSA: Long-Short-Range Adapter for Scaling End-to-End Temporal Action Localization,"Akshita Gupta, Gaurav Mittal, Ahmed Magooda, Ye Yu, Graham Taylor, Mei Chen",Main,https://openaccess.thecvf.com/content/WACV2025/html/Gupta_LoSA_Long-Short-Range_Adapter_for_Scaling_End-to-End_Temporal_Action_Localization_WACV_2025_paper.html,https://openaccess.thecvf.com/content/WACV2025/papers/Gupta_LoSA_Long-Short-Range_Adapter_for_Scaling_End-to-End_Temporal_Action_Localization_WACV_2025_paper.pdf,http://arxiv.org/abs/2404.01282
819,Method,COSNet: A Novel Semantic Segmentation Network using Enhanced Boundaries in Cluttered Scenes,"Muhammad Ali, Mamoona Javaid, Mubashir Noman, Mustansar Fiaz, Salman Khan",Main,https://openaccess.thecvf.com/content/WACV2025/html/Ali_COSNet_A_Novel_Semantic_Segmentation_Network_using_Enhanced_Boundaries_in_WACV_2025_paper.html,https://openaccess.thecvf.com/content/WACV2025/papers/Ali_COSNet_A_Novel_Semantic_Segmentation_Network_using_Enhanced_Boundaries_in_WACV_2025_paper.pdf,http://arxiv.org/abs/2410.24139
820,Method,Learning Instance-Specific Parameters of Black-Box Models using Differentiable Surrogates,"Arnisha Khondaker, Nilanjan Ray",Main,https://openaccess.thecvf.com/content/WACV2025/html/Khondaker_Learning_Instance-Specific_Parameters_of_Black-Box_Models_using_Differentiable_Surrogates_WACV_2025_paper.html,https://openaccess.thecvf.com/content/WACV2025/papers/Khondaker_Learning_Instance-Specific_Parameters_of_Black-Box_Models_using_Differentiable_Surrogates_WACV_2025_paper.pdf,http://arxiv.org/abs/2407.17530
821,Method,Swap Path Network for Robust Person Search Pre-Training,"Lucas Jaffe, Avideh Zakhor",Main,https://openaccess.thecvf.com/content/WACV2025/html/Jaffe_Swap_Path_Network_for_Robust_Person_Search_Pre-Training_WACV_2025_paper.html,https://openaccess.thecvf.com/content/WACV2025/papers/Jaffe_Swap_Path_Network_for_Robust_Person_Search_Pre-Training_WACV_2025_paper.pdf,http://arxiv.org/abs/2412.05433
822,Method,Dropout Connects Transformers and CNNs: Transfer General Knowledge for Knowledge Distillation,"Bokyeung Lee, Jonghwan Hong, Hyunuk Shin, Bonwha Ku, Hanseok Ko",Main,https://openaccess.thecvf.com/content/WACV2025/html/Lee_Dropout_Connects_Transformers_and_CNNs_Transfer_General_Knowledge_for_Knowledge_WACV_2025_paper.html,https://openaccess.thecvf.com/content/WACV2025/papers/Lee_Dropout_Connects_Transformers_and_CNNs_Transfer_General_Knowledge_for_Knowledge_WACV_2025_paper.pdf,
823,Method,Feature Design for Bridging SAM and CLIP toward Referring Image Segmentation,Koichiro Ito,Main,https://openaccess.thecvf.com/content/WACV2025/html/Ito_Feature_Design_for_Bridging_SAM_and_CLIP_toward_Referring_Image_WACV_2025_paper.html,https://openaccess.thecvf.com/content/WACV2025/papers/Ito_Feature_Design_for_Bridging_SAM_and_CLIP_toward_Referring_Image_WACV_2025_paper.pdf,
824,Method,A Parametric Approach to Adversarial Augmentation for Cross-Domain Iris Presentation Attack Detection,"Debasmita Pal, Redwan Sony, Arun Ross",Main,https://openaccess.thecvf.com/content/WACV2025/html/Pal_A_Parametric_Approach_to_Adversarial_Augmentation_for_Cross-Domain_Iris_Presentation_WACV_2025_paper.html,https://openaccess.thecvf.com/content/WACV2025/papers/Pal_A_Parametric_Approach_to_Adversarial_Augmentation_for_Cross-Domain_Iris_Presentation_WACV_2025_paper.pdf,http://arxiv.org/abs/2412.07199
825,Method,OPTIMUS: Observing Persistent Transformations in Multi-Temporal Unlabeled Satellite-Data,"Raymond Yu, Paul Han, Piper Wolters, Favyen Bastani",Main,https://openaccess.thecvf.com/content/WACV2025/html/Yu_OPTIMUS_Observing_Persistent_Transformations_in_Multi-Temporal_Unlabeled_Satellite-Data_WACV_2025_paper.html,https://openaccess.thecvf.com/content/WACV2025/papers/Yu_OPTIMUS_Observing_Persistent_Transformations_in_Multi-Temporal_Unlabeled_Satellite-Data_WACV_2025_paper.pdf,
826,Method,Copy or Not? Reference-Based Face Image Restoration with Fine Details,"Min Jin Chong, Dejia Xu, Yi Zhang, Zhangyang Wang, David Forsyth, Gurunandan Krishnan, Yicheng Wu, Jian Wang",Main,https://openaccess.thecvf.com/content/WACV2025/html/Chong_Copy_or_Not_Reference-Based_Face_Image_Restoration_with_Fine_Details_WACV_2025_paper.html,https://openaccess.thecvf.com/content/WACV2025/papers/Chong_Copy_or_Not_Reference-Based_Face_Image_Restoration_with_Fine_Details_WACV_2025_paper.pdf,
827,Method,PVT: An Implicit Surface Reconstruction Framework via Point Voxel Geometric-Aware Transformer,"Chuanmao Fan, Chenxi Zhao, Ye Duan",Main,https://openaccess.thecvf.com/content/WACV2025/html/Fan_PVT_An_Implicit_Surface_Reconstruction_Framework_via_Point_Voxel_Geometric-Aware_WACV_2025_paper.html,https://openaccess.thecvf.com/content/WACV2025/papers/Fan_PVT_An_Implicit_Surface_Reconstruction_Framework_via_Point_Voxel_Geometric-Aware_WACV_2025_paper.pdf,
828,Method,SyncDiff: Diffusion-Based Talking Head Synthesis with Bottlenecked Temporal Visual Prior for Improved Synchronization,"Xulin Fan, Heting Gao, Ziyi Chen, Peng Chang, Mei Han, Mark Hasegawa-Johnson",Main,https://openaccess.thecvf.com/content/WACV2025/html/Fan_SyncDiff_Diffusion-Based_Talking_Head_Synthesis_with_Bottlenecked_Temporal_Visual_Prior_WACV_2025_paper.html,https://openaccess.thecvf.com/content/WACV2025/papers/Fan_SyncDiff_Diffusion-Based_Talking_Head_Synthesis_with_Bottlenecked_Temporal_Visual_Prior_WACV_2025_paper.pdf,
829,Method,AgroGPT: Efficient Agricultural Vision-Language Model with Expert Tuning,"Muhammad Awais, Ali Husain Salem Abdulla Alharthi, Amandeep Kumar, Hisham Cholakkal, Rao Muhammad Anwer",Main,https://openaccess.thecvf.com/content/WACV2025/html/Awais_AgroGPT_Efficient_Agricultural_Vision-Language_Model_with_Expert_Tuning_WACV_2025_paper.html,https://openaccess.thecvf.com/content/WACV2025/papers/Awais_AgroGPT_Efficient_Agricultural_Vision-Language_Model_with_Expert_Tuning_WACV_2025_paper.pdf,http://arxiv.org/abs/2410.08405
830,Method,Can Location Embeddings Enhance Super-Resolution of Satellite Imagery?,"Daniel Panangian, Ksenia Bittner",Main,https://openaccess.thecvf.com/content/WACV2025/html/Panangian_Can_Location_Embeddings_Enhance_Super-Resolution_of_Satellite_Imagery_WACV_2025_paper.html,https://openaccess.thecvf.com/content/WACV2025/papers/Panangian_Can_Location_Embeddings_Enhance_Super-Resolution_of_Satellite_Imagery_WACV_2025_paper.pdf,http://arxiv.org/abs/2501.15847
831,Method,TFM^2: Training-Free Mask Matching for Open-Vocabulary Semantic Segmentation,"Yaoxin Zhuo, Zachary Bessinger, Lichen Wang, Naji Khosravan, Baoxin Li, Sing Bing Kang",Main,https://openaccess.thecvf.com/content/WACV2025/html/Zhuo_TFM2_Training-Free_Mask_Matching_for_Open-Vocabulary_Semantic_Segmentation_WACV_2025_paper.html,https://openaccess.thecvf.com/content/WACV2025/papers/Zhuo_TFM2_Training-Free_Mask_Matching_for_Open-Vocabulary_Semantic_Segmentation_WACV_2025_paper.pdf,
832,Method,NCAdapt: Dynamic Adaptation with Domain-Specific Neural Cellular Automata for Continual Hippocampus Segmentation,"Amin Ranem, John Orlando Kalkhof, Anirban Mukhopadhyay",Main,https://openaccess.thecvf.com/content/WACV2025/html/Ranem_NCAdapt_Dynamic_Adaptation_with_Domain-Specific_Neural_Cellular_Automata_for_Continual_WACV_2025_paper.html,https://openaccess.thecvf.com/content/WACV2025/papers/Ranem_NCAdapt_Dynamic_Adaptation_with_Domain-Specific_Neural_Cellular_Automata_for_Continual_WACV_2025_paper.pdf,http://arxiv.org/abs/2410.23368
833,Method,Inverse Problems with Diffusion Models: A MAP Estimation Perspective,"Sai Bharath Chandra Gutha, Ricardo Vinuesa, Hossein Azizpour",Main,https://openaccess.thecvf.com/content/WACV2025/html/Gutha_Inverse_Problems_with_Diffusion_Models_A_MAP_Estimation_Perspective_WACV_2025_paper.html,https://openaccess.thecvf.com/content/WACV2025/papers/Gutha_Inverse_Problems_with_Diffusion_Models_A_MAP_Estimation_Perspective_WACV_2025_paper.pdf,http://arxiv.org/abs/2407.20784
834,Method,Temporally Grounding Instructional Diagrams in Unconstrained Videos,"Jiahao Zhang, Frederic Z. Zhang, Cristian Rodriguez, Yizhak Ben-Shabat, Anoop Cherian, Stephen Gould",Main,https://openaccess.thecvf.com/content/WACV2025/html/Zhang_Temporally_Grounding_Instructional_Diagrams_in_Unconstrained_Videos_WACV_2025_paper.html,https://openaccess.thecvf.com/content/WACV2025/papers/Zhang_Temporally_Grounding_Instructional_Diagrams_in_Unconstrained_Videos_WACV_2025_paper.pdf,http://arxiv.org/abs/2407.12066
835,Method,Multimodal Interpretable Depression Analysis using Visual Physiological Audio and Textual Data,"Puneet Kumar, Shreshtha Misra, Zhuhong Shao, Bin Zhu, Balasubramanian Raman, Xiaobai Li",Main,https://openaccess.thecvf.com/content/WACV2025/html/Kumar_Multimodal_Interpretable_Depression_Analysis_using_Visual_Physiological_Audio_and_Textual_WACV_2025_paper.html,https://openaccess.thecvf.com/content/WACV2025/papers/Kumar_Multimodal_Interpretable_Depression_Analysis_using_Visual_Physiological_Audio_and_Textual_WACV_2025_paper.pdf,
836,Method,Seeing Eye to AI: Comparing Human Gaze and Model Attention in Video Memorability,"Prajneya Kumar, Eshika Khandelwal, Makarand Tapaswi, Vishnu Sreekumar",Main,https://openaccess.thecvf.com/content/WACV2025/html/Kumar_Seeing_Eye_to_AI_Comparing_Human_Gaze_and_Model_Attention_WACV_2025_paper.html,https://openaccess.thecvf.com/content/WACV2025/papers/Kumar_Seeing_Eye_to_AI_Comparing_Human_Gaze_and_Model_Attention_WACV_2025_paper.pdf,http://arxiv.org/abs/2311.16484
837,Method,Conceptual Learning via Embedding Approximations for Reinforcing Interpretability and Transparency,"Maor Dikter, Tsachi Blau, Chaim Baskin",Main,https://openaccess.thecvf.com/content/WACV2025/html/Dikter_Conceptual_Learning_via_Embedding_Approximations_for_Reinforcing_Interpretability_and_Transparency_WACV_2025_paper.html,https://openaccess.thecvf.com/content/WACV2025/papers/Dikter_Conceptual_Learning_via_Embedding_Approximations_for_Reinforcing_Interpretability_and_Transparency_WACV_2025_paper.pdf,http://arxiv.org/abs/2406.08840
838,Method,Detective Networks: Enhancing Disaster Recognition in Images Through Attention Shifting using Optimal Masking,"Narongthat Thanyawet, Photchara Ratsamee, Yuki Uranishi, Haruo Takemura",Main,https://openaccess.thecvf.com/content/WACV2025/html/Thanyawet_Detective_Networks_Enhancing_Disaster_Recognition_in_Images_Through_Attention_Shifting_WACV_2025_paper.html,https://openaccess.thecvf.com/content/WACV2025/papers/Thanyawet_Detective_Networks_Enhancing_Disaster_Recognition_in_Images_Through_Attention_Shifting_WACV_2025_paper.pdf,
839,Method,CRAAC: Consistency Regularised Active Learning with Automatic Corrections for Real-Life Road Image Annotations,"Percy Lam, Sooyong Park, Weiwei Chen, Lavindra de Silva, Ioannis Brilakis",Main,https://openaccess.thecvf.com/content/WACV2025/html/Lam_CRAAC_Consistency_Regularised_Active_Learning_with_Automatic_Corrections_for_Real-Life_WACV_2025_paper.html,https://openaccess.thecvf.com/content/WACV2025/papers/Lam_CRAAC_Consistency_Regularised_Active_Learning_with_Automatic_Corrections_for_Real-Life_WACV_2025_paper.pdf,
840,Method,Navigating Heterogeneity and Privacy in One-Shot Federated Learning with Diffusion Models,"Matias Mendieta, Guangyu Sun, Chen Chen",Main,https://openaccess.thecvf.com/content/WACV2025/html/Mendieta_Navigating_Heterogeneity_and_Privacy_in_One-Shot_Federated_Learning_with_Diffusion_WACV_2025_paper.html,https://openaccess.thecvf.com/content/WACV2025/papers/Mendieta_Navigating_Heterogeneity_and_Privacy_in_One-Shot_Federated_Learning_with_Diffusion_WACV_2025_paper.pdf,http://arxiv.org/abs/2405.01494
841,Method,Separating Direct and Global Components from Novel Viewpoints,"Kengo Matsufuji, Lin Shi, Ryo Kawahara, Takahiro Okabe",Main,https://openaccess.thecvf.com/content/WACV2025/html/Matsufuji_Separating_Direct_and_Global_Components_from_Novel_Viewpoints_WACV_2025_paper.html,https://openaccess.thecvf.com/content/WACV2025/papers/Matsufuji_Separating_Direct_and_Global_Components_from_Novel_Viewpoints_WACV_2025_paper.pdf,
842,Method,ReMix: Training Generalized Person Re-Identification on a Mixture of Data,"Timur Mamedov, Anton Konushin, Vadim Konushin",Main,https://openaccess.thecvf.com/content/WACV2025/html/Mamedov_ReMix_Training_Generalized_Person_Re-Identification_on_a_Mixture_of_Data_WACV_2025_paper.html,https://openaccess.thecvf.com/content/WACV2025/papers/Mamedov_ReMix_Training_Generalized_Person_Re-Identification_on_a_Mixture_of_Data_WACV_2025_paper.pdf,http://arxiv.org/abs/2410.21938
843,Method,Phaseformer: Phase-Based Attention Mechanism for Underwater Image Restoration and Beyond,"Raqib Khan, Anshul Negi, Ashutosh Kulkarni, Shruti S. Phutke, Santosh Kumar Vipparthi, Subrahmanyam Murala",Main,https://openaccess.thecvf.com/content/WACV2025/html/Khan_Phaseformer_Phase-Based_Attention_Mechanism_for_Underwater_Image_Restoration_and_Beyond_WACV_2025_paper.html,https://openaccess.thecvf.com/content/WACV2025/papers/Khan_Phaseformer_Phase-Based_Attention_Mechanism_for_Underwater_Image_Restoration_and_Beyond_WACV_2025_paper.pdf,http://arxiv.org/abs/2412.01456
844,Method,CamoFA: A Learnable Fourier-Based Augmentation for Camouflage Segmentation,"Minh-Quan Le, Minh-Triet Tran, Trung-Nghia Le, Tam V. Nguyen, Thanh-Toan Do",Main,https://openaccess.thecvf.com/content/WACV2025/html/Le_CamoFA_A_Learnable_Fourier-Based_Augmentation_for_Camouflage_Segmentation_WACV_2025_paper.html,https://openaccess.thecvf.com/content/WACV2025/papers/Le_CamoFA_A_Learnable_Fourier-Based_Augmentation_for_Camouflage_Segmentation_WACV_2025_paper.pdf,http://arxiv.org/abs/2308.15660
845,Method,Federated Voxel Scene Graph for Intracranial Hemorrhage,"Antoine P. Sanner, Jonathan Stieber, Nils F. Grauhan, Suam Kim, Marc A. Brockmann, Ahmed E. Othman, Anirban Mukhopadhyay",Main,https://openaccess.thecvf.com/content/WACV2025/html/Sanner_Federated_Voxel_Scene_Graph_for_Intracranial_Hemorrhage_WACV_2025_paper.html,https://openaccess.thecvf.com/content/WACV2025/papers/Sanner_Federated_Voxel_Scene_Graph_for_Intracranial_Hemorrhage_WACV_2025_paper.pdf,http://arxiv.org/abs/2411.00578
846,Method,Hyperdimensional Representation for Adaptive Information Association and Memorization,"Zhuowen Zou, Prathyush Poduval, Narayan Srinivasa, Mohsen Imani",Main,https://openaccess.thecvf.com/content/WACV2025/html/Zou_Hyperdimensional_Representation_for_Adaptive_Information_Association_and_Memorization_WACV_2025_paper.html,https://openaccess.thecvf.com/content/WACV2025/papers/Zou_Hyperdimensional_Representation_for_Adaptive_Information_Association_and_Memorization_WACV_2025_paper.pdf,
847,Method,HandCraft: Anatomically Correct Restoration of Malformed Hands in Diffusion Generated Images,"Zhenyue Qin, Yiqun Zhang, Yang Liu, Dylan Campbell",Main,https://openaccess.thecvf.com/content/WACV2025/html/Qin_HandCraft_Anatomically_Correct_Restoration_of_Malformed_Hands_in_Diffusion_Generated_WACV_2025_paper.html,https://openaccess.thecvf.com/content/WACV2025/papers/Qin_HandCraft_Anatomically_Correct_Restoration_of_Malformed_Hands_in_Diffusion_Generated_WACV_2025_paper.pdf,http://arxiv.org/abs/2411.04332
848,Method,SCOT: Self-Supervised Contrastive Pretraining for Zero-Shot Compositional Retrieval,"Bhavin Jawade, João V. B. Soares, Kapil Thadani, Deen Dayal Mohan, Amir Erfan Eshratifar, Benjamin Culpepper, Paloma de Juan, Srirangaraj Setlur, Venu Govindaraju",Main,https://openaccess.thecvf.com/content/WACV2025/html/Jawade_SCOT_Self-Supervised_Contrastive_Pretraining_for_Zero-Shot_Compositional_Retrieval_WACV_2025_paper.html,https://openaccess.thecvf.com/content/WACV2025/papers/Jawade_SCOT_Self-Supervised_Contrastive_Pretraining_for_Zero-Shot_Compositional_Retrieval_WACV_2025_paper.pdf,http://arxiv.org/abs/2501.08347
849,Method,ROADS: Robust Prompt-Driven Multi-Class Anomaly Detection under Domain Shift,"Hossein Kashiani, Niloufar Alipour Talemi, Fatemeh Afghah",Main,https://openaccess.thecvf.com/content/WACV2025/html/Kashiani_ROADS_Robust_Prompt-Driven_Multi-Class_Anomaly_Detection_under_Domain_Shift_WACV_2025_paper.html,https://openaccess.thecvf.com/content/WACV2025/papers/Kashiani_ROADS_Robust_Prompt-Driven_Multi-Class_Anomaly_Detection_under_Domain_Shift_WACV_2025_paper.pdf,http://arxiv.org/abs/2411.16049
850,Method,Memory-Efficient Continual Learning with Neural Collapse Contrastive,"Trung-Anh Dang, Vincent Nguyen, Ngoc-Son Vu, Christel Vrain",Main,https://openaccess.thecvf.com/content/WACV2025/html/Dang_Memory-Efficient_Continual_Learning_with_Neural_Collapse_Contrastive_WACV_2025_paper.html,https://openaccess.thecvf.com/content/WACV2025/papers/Dang_Memory-Efficient_Continual_Learning_with_Neural_Collapse_Contrastive_WACV_2025_paper.pdf,http://arxiv.org/abs/2412.02865
851,Method,Towards Real-Time Open-Vocabulary Video Instance Segmentation,"Bin Yan, Martin Sundermeyer, David Joseph Tan, Huchuan Lu, Federico Tombari",Main,https://openaccess.thecvf.com/content/WACV2025/html/Yan_Towards_Real-Time_Open-Vocabulary_Video_Instance_Segmentation_WACV_2025_paper.html,https://openaccess.thecvf.com/content/WACV2025/papers/Yan_Towards_Real-Time_Open-Vocabulary_Video_Instance_Segmentation_WACV_2025_paper.pdf,http://arxiv.org/abs/2412.04434
852,Method,DMPT: Decoupled Modality-Aware Prompt Tuning for Multi-Modal Object Re-Identification,"Minghui Lin, Shu Wang, Xiang Wang, Jianhua Tang, Longbin Fu, Zhengrong Zuo, Nong Sang",Main,https://openaccess.thecvf.com/content/WACV2025/html/Lin_DMPT_Decoupled_Modality-Aware_Prompt_Tuning_for_Multi-Modal_Object_Re-Identification_WACV_2025_paper.html,https://openaccess.thecvf.com/content/WACV2025/papers/Lin_DMPT_Decoupled_Modality-Aware_Prompt_Tuning_for_Multi-Modal_Object_Re-Identification_WACV_2025_paper.pdf,
853,Method,Image-Caption Encoding for Improving Zero-Shot Generalization,"Eric Yu, Christopher Liao, Sathvik Ravi, Theodoros Tsiligkaridis, Brian Kulis",Main,https://openaccess.thecvf.com/content/WACV2025/html/Yu_Image-Caption_Encoding_for_Improving_Zero-Shot_Generalization_WACV_2025_paper.html,https://openaccess.thecvf.com/content/WACV2025/papers/Yu_Image-Caption_Encoding_for_Improving_Zero-Shot_Generalization_WACV_2025_paper.pdf,http://arxiv.org/abs/2402.02662
854,Method,FT2TF: First-Person Statement Text-To-Talking Face Generation,"Xingjian Diao, Ming Cheng, Wayner Barrios, SouYoung Jin",Main,https://openaccess.thecvf.com/content/WACV2025/html/Diao_FT2TF_First-Person_Statement_Text-To-Talking_Face_Generation_WACV_2025_paper.html,https://openaccess.thecvf.com/content/WACV2025/papers/Diao_FT2TF_First-Person_Statement_Text-To-Talking_Face_Generation_WACV_2025_paper.pdf,http://arxiv.org/abs/2312.05430
855,Method,ARD-VAE: A Statistical Formulation to Find the Relevant Latent Dimensions of Variational Autoencoders,"Surojit Saha, Sarang Joshi, Ross Whitaker",Main,https://openaccess.thecvf.com/content/WACV2025/html/Saha_ARD-VAE_A_Statistical_Formulation_to_Find_the_Relevant_Latent_Dimensions_WACV_2025_paper.html,https://openaccess.thecvf.com/content/WACV2025/papers/Saha_ARD-VAE_A_Statistical_Formulation_to_Find_the_Relevant_Latent_Dimensions_WACV_2025_paper.pdf,
856,Method,MatSpectNet: Material Segmentation Network with Domain-Aware and Physically-Constrained Hyperspectral Reconstruction,"Yuwen Heng, Yihong Wu, Srinandan Dasmahapatra, Hansung Kim",Main,https://openaccess.thecvf.com/content/WACV2025/html/Heng_MatSpectNet_Material_Segmentation_Network_with_Domain-Aware_and_Physically-Constrained_Hyperspectral_Reconstruction_WACV_2025_paper.html,https://openaccess.thecvf.com/content/WACV2025/papers/Heng_MatSpectNet_Material_Segmentation_Network_with_Domain-Aware_and_Physically-Constrained_Hyperspectral_Reconstruction_WACV_2025_paper.pdf,http://arxiv.org/abs/2307.11466
857,Method,ALSTER: A Local Spatio-Temporal Expert for Online 3D Semantic Reconstruction,"Silvan Weder, Francis Engelmann, Johannes L. Schönberger, Akihito Seki, Marc Pollefeys, Martin R. Oswald",Main,https://openaccess.thecvf.com/content/WACV2025/html/Weder_ALSTER_A_Local_Spatio-Temporal_Expert_for_Online_3D_Semantic_Reconstruction_WACV_2025_paper.html,https://openaccess.thecvf.com/content/WACV2025/papers/Weder_ALSTER_A_Local_Spatio-Temporal_Expert_for_Online_3D_Semantic_Reconstruction_WACV_2025_paper.pdf,
858,Method,Joint Co-Speech Gesture and Expressive Talking Face Generation using Diffusion with Adapters,"Steven Hogue, Chenxu Zhang, Yapeng Tian, Xiaohu Guo",Main,https://openaccess.thecvf.com/content/WACV2025/html/Hogue_Joint_Co-Speech_Gesture_and_Expressive_Talking_Face_Generation_using_Diffusion_WACV_2025_paper.html,https://openaccess.thecvf.com/content/WACV2025/papers/Hogue_Joint_Co-Speech_Gesture_and_Expressive_Talking_Face_Generation_using_Diffusion_WACV_2025_paper.pdf,http://arxiv.org/abs/2412.14333
859,Method,UnDIVE: Generalized Underwater Video Enhancement using Generative Priors,"Suhas Srinath, Aditya Chandrasekar, Hemang Jamadagni, Rajiv Soundararajan, Prathosh A P",Main,https://openaccess.thecvf.com/content/WACV2025/html/Srinath_UnDIVE_Generalized_Underwater_Video_Enhancement_using_Generative_Priors_WACV_2025_paper.html,https://openaccess.thecvf.com/content/WACV2025/papers/Srinath_UnDIVE_Generalized_Underwater_Video_Enhancement_using_Generative_Priors_WACV_2025_paper.pdf,http://arxiv.org/abs/2411.05886
860,Method,ColFigPhotoAttnNet: Reliable Finger Photo Presentation Attack Detection Leveraging Window-Attention on Color Spaces,"Anudeep Vurity, Emanuela Marasco, Raghavendra Ramachandra, Jongwoo Park",Main,https://openaccess.thecvf.com/content/WACV2025/html/Vurity_ColFigPhotoAttnNet_Reliable_Finger_Photo_Presentation_Attack_Detection_Leveraging_Window-Attention_on_WACV_2025_paper.html,https://openaccess.thecvf.com/content/WACV2025/papers/Vurity_ColFigPhotoAttnNet_Reliable_Finger_Photo_Presentation_Attack_Detection_Leveraging_Window-Attention_on_WACV_2025_paper.pdf,
861,Method,Cap2Aug: Caption Guided Image Data Augmentation,"Aniket Roy, Anshul Shah, Ketul Shah, Anirban Roy, Rama Chellappa",Main,https://openaccess.thecvf.com/content/WACV2025/html/Roy_Cap2Aug_Caption_Guided_Image_Data_Augmentation_WACV_2025_paper.html,https://openaccess.thecvf.com/content/WACV2025/papers/Roy_Cap2Aug_Caption_Guided_Image_Data_Augmentation_WACV_2025_paper.pdf,
862,Method,Meta-Learning for Color-to-Infrared Cross-Modal Style Transfer,"Evelyn A. Stump, Francesco Luzi, Leslie M. Collins, Jordan M. Malof",Main,https://openaccess.thecvf.com/content/WACV2025/html/Stump_Meta-Learning_for_Color-to-Infrared_Cross-Modal_Style_Transfer_WACV_2025_paper.html,https://openaccess.thecvf.com/content/WACV2025/papers/Stump_Meta-Learning_for_Color-to-Infrared_Cross-Modal_Style_Transfer_WACV_2025_paper.pdf,http://arxiv.org/abs/2212.12824
863,Method,Improving Pelvic MR-CT Image Alignment with Self-Supervised Reference-Augmented Pseudo-CT Generation Framework,"Daniel Kim, Mohammed A. Al-masni, Jaehun Lee, Dong-Hyun Kim, Kanghyun Ryu",Main,https://openaccess.thecvf.com/content/WACV2025/html/Kim_Improving_Pelvic_MR-CT_Image_Alignment_with_Self-Supervised_Reference-Augmented_Pseudo-CT_Generation_WACV_2025_paper.html,https://openaccess.thecvf.com/content/WACV2025/papers/Kim_Improving_Pelvic_MR-CT_Image_Alignment_with_Self-Supervised_Reference-Augmented_Pseudo-CT_Generation_WACV_2025_paper.pdf,
864,Method,ActionDiffusion: An Action-Aware Diffusion Model for Procedure Planning in Instructional Videos,"Lei Shi, Paul-Christian Bürkner, Andreas Bulling",Main,https://openaccess.thecvf.com/content/WACV2025/html/Shi_ActionDiffusion_An_Action-Aware_Diffusion_Model_for_Procedure_Planning_in_Instructional_WACV_2025_paper.html,https://openaccess.thecvf.com/content/WACV2025/papers/Shi_ActionDiffusion_An_Action-Aware_Diffusion_Model_for_Procedure_Planning_in_Instructional_WACV_2025_paper.pdf,
865,Method,SGD: Street View Synthesis with Gaussian Splatting and Diffusion Prior,"Zhongrui Yu, Haoran Wang, Jinze Yang, Hanzhang Wang, Jiale Cao, Zhong Ji, Mingming Sun",Main,https://openaccess.thecvf.com/content/WACV2025/html/Yu_SGD_Street_View_Synthesis_with_Gaussian_Splatting_and_Diffusion_Prior_WACV_2025_paper.html,https://openaccess.thecvf.com/content/WACV2025/papers/Yu_SGD_Street_View_Synthesis_with_Gaussian_Splatting_and_Diffusion_Prior_WACV_2025_paper.pdf,http://arxiv.org/abs/2403.20079
866,Method,MSI-NeRF: Linking Omni-Depth with View Synthesis through Multi-Sphere Image Aided Generalizable Neural Radiance Field,"Dongyu Yan, Guanyu Huang, Fengyu Quan, Haoyao Chen",Main,https://openaccess.thecvf.com/content/WACV2025/html/Yan_MSI-NeRF_Linking_Omni-Depth_with_View_Synthesis_through_Multi-Sphere_Image_Aided_WACV_2025_paper.html,https://openaccess.thecvf.com/content/WACV2025/papers/Yan_MSI-NeRF_Linking_Omni-Depth_with_View_Synthesis_through_Multi-Sphere_Image_Aided_WACV_2025_paper.pdf,
867,Method,Analyzing and Improving the Skin Tone Consistency and Bias in Implicit 3D Relightable Face Generators,"Libing Zeng, Nima Khademi Kalantari",Main,https://openaccess.thecvf.com/content/WACV2025/html/Zeng_Analyzing_and_Improving_the_Skin_Tone_Consistency_and_Bias_in_WACV_2025_paper.html,https://openaccess.thecvf.com/content/WACV2025/papers/Zeng_Analyzing_and_Improving_the_Skin_Tone_Consistency_and_Bias_in_WACV_2025_paper.pdf,http://arxiv.org/abs/2411.12002
868,Method,TLDR: Text Based Last-Layer Retraining for Debiasing Image Classifiers,"Juhyeon Park, Seokhyeon Jeong, Taesup Moon",Main,https://openaccess.thecvf.com/content/WACV2025/html/Park_TLDR_Text_Based_Last-Layer_Retraining_for_Debiasing_Image_Classifiers_WACV_2025_paper.html,https://openaccess.thecvf.com/content/WACV2025/papers/Park_TLDR_Text_Based_Last-Layer_Retraining_for_Debiasing_Image_Classifiers_WACV_2025_paper.pdf,http://arxiv.org/abs/2311.18291
869,Method,Fair Domain Generalization with Heterogeneous Sensitive Attributes Across Domains,"Ragja Palakkadavath, Hung Le, Thanh Nguyen-Tang, Sunil Gupta, Svetha Venkatesh",Main,https://openaccess.thecvf.com/content/WACV2025/html/Palakkadavath_Fair_Domain_Generalization_with_Heterogeneous_Sensitive_Attributes_Across_Domains_WACV_2025_paper.html,https://openaccess.thecvf.com/content/WACV2025/papers/Palakkadavath_Fair_Domain_Generalization_with_Heterogeneous_Sensitive_Attributes_Across_Domains_WACV_2025_paper.pdf,
870,Method,Infant Action Generative Modeling,"Xiaofei Huang, Elaheh Hatamimajoumerd, Amal Mathew, Sarah Ostadabbas",Main,https://openaccess.thecvf.com/content/WACV2025/html/Huang_Infant_Action_Generative_Modeling_WACV_2025_paper.html,https://openaccess.thecvf.com/content/WACV2025/papers/Huang_Infant_Action_Generative_Modeling_WACV_2025_paper.pdf,
871,Method,CAMS: Convolution and Attention-Free Mamba-Based Cardiac Image Segmentation,"Abbas Khan, Muhammad Asad, Martin Benning, Caroline Roney, Gregory Slabaugh",Main,https://openaccess.thecvf.com/content/WACV2025/html/Khan_CAMS_Convolution_and_Attention-Free_Mamba-Based_Cardiac_Image_Segmentation_WACV_2025_paper.html,https://openaccess.thecvf.com/content/WACV2025/papers/Khan_CAMS_Convolution_and_Attention-Free_Mamba-Based_Cardiac_Image_Segmentation_WACV_2025_paper.pdf,http://arxiv.org/abs/2406.05786
872,Method,VipDiff: Towards Coherent and Diverse Video Inpainting via Training-Free Denoising Diffusion Models,"Chaohao Xie, Kai Han, Kwan-Yee K. Wong",Main,https://openaccess.thecvf.com/content/WACV2025/html/Xie_VipDiff_Towards_Coherent_and_Diverse_Video_Inpainting_via_Training-Free_Denoising_WACV_2025_paper.html,https://openaccess.thecvf.com/content/WACV2025/papers/Xie_VipDiff_Towards_Coherent_and_Diverse_Video_Inpainting_via_Training-Free_Denoising_WACV_2025_paper.pdf,http://arxiv.org/abs/2501.12267
873,Method,ColorizeDiffusion: Improving Reference-Based Sketch Colorization with Latent Diffusion Model,"Dingkun Yan, Liang Yuan, Erwin Wu, Yuma Nishioka, Issei Fujishiro, Suguru Saito",Main,https://openaccess.thecvf.com/content/WACV2025/html/Yan_ColorizeDiffusion_Improving_Reference-Based_Sketch_Colorization_with_Latent_Diffusion_Model_WACV_2025_paper.html,https://openaccess.thecvf.com/content/WACV2025/papers/Yan_ColorizeDiffusion_Improving_Reference-Based_Sketch_Colorization_with_Latent_Diffusion_Model_WACV_2025_paper.pdf,
874,Method,My3DGen: A Scalable Personalized 3D Generative Model,"Luchao Qi, Jiaye Wu, Annie N. Wang, Shengze Wang, Roni Sengupta",Main,https://openaccess.thecvf.com/content/WACV2025/html/Qi_My3DGen_A_Scalable_Personalized_3D_Generative_Model_WACV_2025_paper.html,https://openaccess.thecvf.com/content/WACV2025/papers/Qi_My3DGen_A_Scalable_Personalized_3D_Generative_Model_WACV_2025_paper.pdf,http://arxiv.org/abs/2307.05468
875,Method,Discriminative Score Suppression for Weakly Supervised Video Anomaly Detection,"Chen Xu, Chunguo Li, Hongjie Xing",Main,https://openaccess.thecvf.com/content/WACV2025/html/Xu_Discriminative_Score_Suppression_for_Weakly_Supervised_Video_Anomaly_Detection_WACV_2025_paper.html,https://openaccess.thecvf.com/content/WACV2025/papers/Xu_Discriminative_Score_Suppression_for_Weakly_Supervised_Video_Anomaly_Detection_WACV_2025_paper.pdf,
876,Method,SADDLe: Sharpness-Aware Decentralized Deep Learning with Heterogeneous Data,"Sakshi Choudhary, Sai Aparna Aketi, Kaushik Roy",Main,https://openaccess.thecvf.com/content/WACV2025/html/Choudhary_SADDLe_Sharpness-Aware_Decentralized_Deep_Learning_with_Heterogeneous_Data_WACV_2025_paper.html,https://openaccess.thecvf.com/content/WACV2025/papers/Choudhary_SADDLe_Sharpness-Aware_Decentralized_Deep_Learning_with_Heterogeneous_Data_WACV_2025_paper.pdf,http://arxiv.org/abs/2405.13961
877,Method,DiffPAD: Denoising Diffusion-Based Adversarial Patch Decontamination,"Jia Fu, Xiao Zhang, Sepideh Pashami, Fatemeh Rahimian, Anders Holst",Main,https://openaccess.thecvf.com/content/WACV2025/html/Fu_DiffPAD_Denoising_Diffusion-Based_Adversarial_Patch_Decontamination_WACV_2025_paper.html,https://openaccess.thecvf.com/content/WACV2025/papers/Fu_DiffPAD_Denoising_Diffusion-Based_Adversarial_Patch_Decontamination_WACV_2025_paper.pdf,http://arxiv.org/abs/2410.24006
878,Method,Data-Efficient Alignment in Medical Imaging via Reconfigurable Generative Networks,"Divya Saxena, Jiannong Cao, Jiahao Xu, Tarun Kulshrestha",Main,https://openaccess.thecvf.com/content/WACV2025/html/Saxena_Data-Efficient_Alignment_in_Medical_Imaging_via_Reconfigurable_Generative_Networks_WACV_2025_paper.html,https://openaccess.thecvf.com/content/WACV2025/papers/Saxena_Data-Efficient_Alignment_in_Medical_Imaging_via_Reconfigurable_Generative_Networks_WACV_2025_paper.pdf,
879,Method,FineControlNet: Fine-Level Text Control for Image Generation with Spatially Aligned Text Control Injection,"Hongsuk Choi, Isaac Kasahara, Selim Engin, Moritz A. Graule, Nikhil Chavan-Dafle, Volkan Isler",Main,https://openaccess.thecvf.com/content/WACV2025/html/Choi_FineControlNet_Fine-Level_Text_Control_for_Image_Generation_with_Spatially_Aligned_WACV_2025_paper.html,https://openaccess.thecvf.com/content/WACV2025/papers/Choi_FineControlNet_Fine-Level_Text_Control_for_Image_Generation_with_Spatially_Aligned_WACV_2025_paper.pdf,http://arxiv.org/abs/2312.09252
880,Method,Wavelength- and Depth-Aware Deep Image Prior for Blind Hyperspectral Imagery Deblurring with Coarse Depth Guidance,"Jiahuan Li, Xiaoyu Dong, Wei He, Naoto Yokoya",Main,https://openaccess.thecvf.com/content/WACV2025/html/Li_Wavelength-_and_Depth-Aware_Deep_Image_Prior_for_Blind_Hyperspectral_Imagery_WACV_2025_paper.html,https://openaccess.thecvf.com/content/WACV2025/papers/Li_Wavelength-_and_Depth-Aware_Deep_Image_Prior_for_Blind_Hyperspectral_Imagery_WACV_2025_paper.pdf,
881,Method,Disentangling Subject-Irrelevant Elements in Personalized Text-to-Image Diffusion via Filtered Self-Distillation,"Seunghwan Choi, Jooyeol Yun, Jeonghoon Park, Jaegul Choo",Main,https://openaccess.thecvf.com/content/WACV2025/html/Choi_Disentangling_Subject-Irrelevant_Elements_in_Personalized_Text-to-Image_Diffusion_via_Filtered_Self-Distillation_WACV_2025_paper.html,https://openaccess.thecvf.com/content/WACV2025/papers/Choi_Disentangling_Subject-Irrelevant_Elements_in_Personalized_Text-to-Image_Diffusion_via_Filtered_Self-Distillation_WACV_2025_paper.pdf,
882,Method,Domain-Guided Weight Modulation for Semi-Supervised Domain Generalization,"Chamuditha Jayanga Galappaththige, Zachary Izzo, Xilin He, Honglu Zhou, Muhammad Haris Khan",Main,https://openaccess.thecvf.com/content/WACV2025/html/Galappaththige_Domain-Guided_Weight_Modulation_for_Semi-Supervised_Domain_Generalization_WACV_2025_paper.html,https://openaccess.thecvf.com/content/WACV2025/papers/Galappaththige_Domain-Guided_Weight_Modulation_for_Semi-Supervised_Domain_Generalization_WACV_2025_paper.pdf,http://arxiv.org/abs/2409.03509
883,Method,ContextIQ: A Multimodal Expert-Based Video Retrieval System for Contextual Advertising,"Ashutosh Chaubey, Anoubhav Agarwaal, Sartaki Sinha Roy, Aayush Agrawal, Susmita Ghose",Main,https://openaccess.thecvf.com/content/WACV2025/html/Chaubey_ContextIQ_A_Multimodal_Expert-Based_Video_Retrieval_System_for_Contextual_Advertising_WACV_2025_paper.html,https://openaccess.thecvf.com/content/WACV2025/papers/Chaubey_ContextIQ_A_Multimodal_Expert-Based_Video_Retrieval_System_for_Contextual_Advertising_WACV_2025_paper.pdf,http://arxiv.org/abs/2410.22233
884,Method,CLASS: Conditional Latent Architecture for Search and Synthesis of Design Layouts,"Dipu Manandhar, Paul Guerrero, Zhaowen Wang, John Collomosse",Main,https://openaccess.thecvf.com/content/WACV2025/html/Manandhar_CLASS_Conditional_Latent_Architecture_for_Search_and_Synthesis_of_Design_WACV_2025_paper.html,https://openaccess.thecvf.com/content/WACV2025/papers/Manandhar_CLASS_Conditional_Latent_Architecture_for_Search_and_Synthesis_of_Design_WACV_2025_paper.pdf,
885,Method,High-Pass Kernel Prediction for Efficient Video Deblurring,"Bo Ji, Angela Yao",Main,https://openaccess.thecvf.com/content/WACV2025/html/Ji_High-Pass_Kernel_Prediction_for_Efficient_Video_Deblurring_WACV_2025_paper.html,https://openaccess.thecvf.com/content/WACV2025/papers/Ji_High-Pass_Kernel_Prediction_for_Efficient_Video_Deblurring_WACV_2025_paper.pdf,http://arxiv.org/abs/2412.01559
886,Method,AnonyNoise: Anonymizing Event Data with Smart Noise to Outsmart Re-Identification and Preserve Privacy,"Katharina Bendig, René Schuster, Nicole Thiemer, Karen Joisten, Didier Stricker",Main,https://openaccess.thecvf.com/content/WACV2025/html/Bendig_AnonyNoise_Anonymizing_Event_Data_with_Smart_Noise_to_Outsmart_Re-Identification_WACV_2025_paper.html,https://openaccess.thecvf.com/content/WACV2025/papers/Bendig_AnonyNoise_Anonymizing_Event_Data_with_Smart_Noise_to_Outsmart_Re-Identification_WACV_2025_paper.pdf,http://arxiv.org/abs/2411.16440
887,Method,Diffusion-Based Conditional Image Editing through Optimized Inference with Guidance,"Hyunsoo Lee, Minsoo Kang, Bohyung Han",Main,https://openaccess.thecvf.com/content/WACV2025/html/Lee_Diffusion-Based_Conditional_Image_Editing_through_Optimized_Inference_with_Guidance_WACV_2025_paper.html,https://openaccess.thecvf.com/content/WACV2025/papers/Lee_Diffusion-Based_Conditional_Image_Editing_through_Optimized_Inference_with_Guidance_WACV_2025_paper.pdf,http://arxiv.org/abs/2412.15798
888,Method,Frequency-Domain Refinement of Vision Transformers for Robust Medical Image Segmentation under Degradation,"Sanaz Karimijafarbigloo, Sina Ghorbani Kolahi, Reza Azad, Ulas Bagci, Dorit Merhof",Main,https://openaccess.thecvf.com/content/WACV2025/html/Karimijafarbigloo_Frequency-Domain_Refinement_of_Vision_Transformers_for_Robust_Medical_Image_Segmentation_WACV_2025_paper.html,https://openaccess.thecvf.com/content/WACV2025/papers/Karimijafarbigloo_Frequency-Domain_Refinement_of_Vision_Transformers_for_Robust_Medical_Image_Segmentation_WACV_2025_paper.pdf,
889,Method,Leveraging CLIP Encoder for Multimodal Emotion Recognition,"Yehun Song, Sunyoung Cho",Main,https://openaccess.thecvf.com/content/WACV2025/html/Song_Leveraging_CLIP_Encoder_for_Multimodal_Emotion_Recognition_WACV_2025_paper.html,https://openaccess.thecvf.com/content/WACV2025/papers/Song_Leveraging_CLIP_Encoder_for_Multimodal_Emotion_Recognition_WACV_2025_paper.pdf,
890,Method,MAGMA: Manifold Regularization for MAEs,"Alin-Eugen Dondera, Anuj R Singh, Hadi Jamali-Rad",Main,https://openaccess.thecvf.com/content/WACV2025/html/Dondera_MAGMA_Manifold_Regularization_for_MAEs_WACV_2025_paper.html,https://openaccess.thecvf.com/content/WACV2025/papers/Dondera_MAGMA_Manifold_Regularization_for_MAEs_WACV_2025_paper.pdf,http://arxiv.org/abs/2412.02871
891,Method,DeepMIM: Deep Supervision for Masked Image Modeling,"Sucheng Ren, Fangyun Wei, Samuel Albanie, Zheng Zhang, Han Hu",Main,https://openaccess.thecvf.com/content/WACV2025/html/Ren_DeepMIM_Deep_Supervision_for_Masked_Image_Modeling_WACV_2025_paper.html,https://openaccess.thecvf.com/content/WACV2025/papers/Ren_DeepMIM_Deep_Supervision_for_Masked_Image_Modeling_WACV_2025_paper.pdf,http://arxiv.org/abs/2303.08817
892,Method,LQ-Adapter: ViT-Adapter with Learnable Queries for Gallbladder Cancer Detection from Ultrasound Images,"Chetan Madan, Mayuna Gupta, Soumen Basu, Pankaj Gupta, Chetan Arora",Main,https://openaccess.thecvf.com/content/WACV2025/html/Madan_LQ-Adapter_ViT-Adapter_with_Learnable_Queries_for_Gallbladder_Cancer_Detection_from_WACV_2025_paper.html,https://openaccess.thecvf.com/content/WACV2025/papers/Madan_LQ-Adapter_ViT-Adapter_with_Learnable_Queries_for_Gallbladder_Cancer_Detection_from_WACV_2025_paper.pdf,
893,Method,CE-VAE: Capsule Enhanced Variational AutoEncoderfor Underwater Image Enhancement,"Rita Pucci, Niki Martinel",Main,https://openaccess.thecvf.com/content/WACV2025/html/Pucci_CE-VAE_Capsule_Enhanced_Variational_AutoEncoderfor_Underwater_Image_Enhancement_WACV_2025_paper.html,https://openaccess.thecvf.com/content/WACV2025/papers/Pucci_CE-VAE_Capsule_Enhanced_Variational_AutoEncoderfor_Underwater_Image_Enhancement_WACV_2025_paper.pdf,
894,Method,Information Theoretic Pruning of Coupled Channels in Deep Neural Networks,"Peyman Rostami, Nilotpal Sinha, Nidhaleddine Chenni, Anis Kacem, Abd El Rahman Shabayek, Carl Shneider, Djamila Aouada",Main,https://openaccess.thecvf.com/content/WACV2025/html/Rostami_Information_Theoretic_Pruning_of_Coupled_Channels_in_Deep_Neural_Networks_WACV_2025_paper.html,https://openaccess.thecvf.com/content/WACV2025/papers/Rostami_Information_Theoretic_Pruning_of_Coupled_Channels_in_Deep_Neural_Networks_WACV_2025_paper.pdf,
895,Method,Deep Geometric Moments Promote Shape Consistency in Text-to-3D Generation,"Utkarsh Nath, Rajeev Goel, Eun Som Jeon, Changhoon Kim, Kyle Min, Yezhou Yang, Yingzhen Yang, Pavan Turaga",Main,https://openaccess.thecvf.com/content/WACV2025/html/Nath_Deep_Geometric_Moments_Promote_Shape_Consistency_in_Text-to-3D_Generation_WACV_2025_paper.html,https://openaccess.thecvf.com/content/WACV2025/papers/Nath_Deep_Geometric_Moments_Promote_Shape_Consistency_in_Text-to-3D_Generation_WACV_2025_paper.pdf,http://arxiv.org/abs/2408.05938
896,Method,Dropout the High-Rate Downsampling: A Novel Design Paradigm for UHD Image Restoration,"Chen Wu, Ling Wang, Long Peng, Dianjie Lu, Zhuoran Zheng",Main,https://openaccess.thecvf.com/content/WACV2025/html/Wu_Dropout_the_High-Rate_Downsampling_A_Novel_Design_Paradigm_for_UHD_WACV_2025_paper.html,https://openaccess.thecvf.com/content/WACV2025/papers/Wu_Dropout_the_High-Rate_Downsampling_A_Novel_Design_Paradigm_for_UHD_WACV_2025_paper.pdf,http://arxiv.org/abs/2411.06456
897,Method,Multimodal Fusion Learning with Dual Attention for Medical Imaging,"Joy Dhar, Nayyar Zaidi, Maryam Haghighat, Sudipta Roy, Puneet Goyal, Azadeh Alavi, Vikas Kumar",Main,https://openaccess.thecvf.com/content/WACV2025/html/Dhar_Multimodal_Fusion_Learning_with_Dual_Attention_for_Medical_Imaging_WACV_2025_paper.html,https://openaccess.thecvf.com/content/WACV2025/papers/Dhar_Multimodal_Fusion_Learning_with_Dual_Attention_for_Medical_Imaging_WACV_2025_paper.pdf,http://arxiv.org/abs/2412.01248
898,Method,Enhancing Skin Disease Diagnosis: Interpretable Visual Concept Discovery with SAM,"Xin Hu, Janet Wang, Jihun Hamm, Rie R Yotsu, Zhengming Ding",Main,https://openaccess.thecvf.com/content/WACV2025/html/Hu_Enhancing_Skin_Disease_Diagnosis_Interpretable_Visual_Concept_Discovery_with_SAM_WACV_2025_paper.html,https://openaccess.thecvf.com/content/WACV2025/papers/Hu_Enhancing_Skin_Disease_Diagnosis_Interpretable_Visual_Concept_Discovery_with_SAM_WACV_2025_paper.pdf,http://arxiv.org/abs/2409.09520
899,Method,uLayout: Unified Room Layout Estimation for Perspective and Panoramic Images,"Jonathan Lee, Bolivar E Solarte, Chin-Hsuan Wu, Jin-Cheng Jhang, Fu-En Wang, Yi-Hsuan Tsai, Min Sun",Main,https://openaccess.thecvf.com/content/WACV2025/html/Lee_uLayout_Unified_Room_Layout_Estimation_for_Perspective_and_Panoramic_Images_WACV_2025_paper.html,https://openaccess.thecvf.com/content/WACV2025/papers/Lee_uLayout_Unified_Room_Layout_Estimation_for_Perspective_and_Panoramic_Images_WACV_2025_paper.pdf,
900,Method,RayGauss: Volumetric Gaussian-Based Ray Casting for Photorealistic Novel View Synthesis,"Hugo Blanc, Jean-Emmanuel Deschaud, Alexis Paljic",Main,https://openaccess.thecvf.com/content/WACV2025/html/Blanc_RayGauss_Volumetric_Gaussian-Based_Ray_Casting_for_Photorealistic_Novel_View_Synthesis_WACV_2025_paper.html,https://openaccess.thecvf.com/content/WACV2025/papers/Blanc_RayGauss_Volumetric_Gaussian-Based_Ray_Casting_for_Photorealistic_Novel_View_Synthesis_WACV_2025_paper.pdf,http://arxiv.org/abs/2408.03356
901,Method,To Ask or Not to Ask? Detecting Absence of Information in Vision and Language Navigation,"Savitha Sam Abraham, Sourav Garg, Feras Dayoub",Main,https://openaccess.thecvf.com/content/WACV2025/html/Abraham_To_Ask_or_Not_to_Ask_Detecting_Absence_of_Information_WACV_2025_paper.html,https://openaccess.thecvf.com/content/WACV2025/papers/Abraham_To_Ask_or_Not_to_Ask_Detecting_Absence_of_Information_WACV_2025_paper.pdf,http://arxiv.org/abs/2411.05831
902,Method,F2former: When Fractional Fourier Meets Deep Wiener Deconvolution and Selective Frequency Transformer for Image Deblurring,"Subhajit Paul, Sahil Kumawat, Ashutosh Gupta, Deepak Mishra",Main,https://openaccess.thecvf.com/content/WACV2025/html/Paul_F2former_When_Fractional_Fourier_Meets_Deep_Wiener_Deconvolution_and_Selective_WACV_2025_paper.html,https://openaccess.thecvf.com/content/WACV2025/papers/Paul_F2former_When_Fractional_Fourier_Meets_Deep_Wiener_Deconvolution_and_Selective_WACV_2025_paper.pdf,http://arxiv.org/abs/2409.02056
903,Method,A Simple-but-Effective Baseline for Training-Free Class-Agnostic Counting,"Yuhao Lin, Haiming Xu, Lingqiao Liu, Javen Qinfeng Shi",Main,https://openaccess.thecvf.com/content/WACV2025/html/Lin_A_Simple-but-Effective_Baseline_for_Training-Free_Class-Agnostic_Counting_WACV_2025_paper.html,https://openaccess.thecvf.com/content/WACV2025/papers/Lin_A_Simple-but-Effective_Baseline_for_Training-Free_Class-Agnostic_Counting_WACV_2025_paper.pdf,http://arxiv.org/abs/2403.01418
904,Method,DiffuCE: Expert-Level CBCT Image Enhancement using a Novel Conditional Denoising Diffusion Model with Latent Alignment,"Fang-Yi Su, Tzu-Hung Chang, Jung-Hsien Chiang",Main,https://openaccess.thecvf.com/content/WACV2025/html/Su_DiffuCE_Expert-Level_CBCT_Image_Enhancement_using_a_Novel_Conditional_Denoising_WACV_2025_paper.html,https://openaccess.thecvf.com/content/WACV2025/papers/Su_DiffuCE_Expert-Level_CBCT_Image_Enhancement_using_a_Novel_Conditional_Denoising_WACV_2025_paper.pdf,
905,Method,Structure-Aware Human Body Reshaping with Adaptive Affinity-Graph Network,"Qiwen Deng, Yangcen Liu",Main,https://openaccess.thecvf.com/content/WACV2025/html/Deng_Structure-Aware_Human_Body_Reshaping_with_Adaptive_Affinity-Graph_Network_WACV_2025_paper.html,https://openaccess.thecvf.com/content/WACV2025/papers/Deng_Structure-Aware_Human_Body_Reshaping_with_Adaptive_Affinity-Graph_Network_WACV_2025_paper.pdf,http://arxiv.org/abs/2404.13983
906,Method,ConvMixFormer- A Resource-Efficient Convolution Mixer for Transformer-Based Dynamic Hand Gesture Recognition,"Mallika Garg, Debashis Ghosh, Pyari Mohan Pradhan",Main,https://openaccess.thecvf.com/content/WACV2025/html/Garg_ConvMixFormer-_A_Resource-Efficient_Convolution_Mixer_for_Transformer-Based_Dynamic_Hand_Gesture_WACV_2025_paper.html,https://openaccess.thecvf.com/content/WACV2025/papers/Garg_ConvMixFormer-_A_Resource-Efficient_Convolution_Mixer_for_Transformer-Based_Dynamic_Hand_Gesture_WACV_2025_paper.pdf,
907,Method,Deep Joint Unrolling for Deblurring and Low-Light Image Enhancement (JUDE),"Tu Vo, Chan Y. Park",Main,https://openaccess.thecvf.com/content/WACV2025/html/Vo_Deep_Joint_Unrolling_for_Deblurring_and_Low-Light_Image_Enhancement_JUDE_WACV_2025_paper.html,https://openaccess.thecvf.com/content/WACV2025/papers/Vo_Deep_Joint_Unrolling_for_Deblurring_and_Low-Light_Image_Enhancement_JUDE_WACV_2025_paper.pdf,http://arxiv.org/abs/2412.07527
908,Method,VM-Gait: Multi-Modal 3D Representation Based on Virtual Marker for Gait Recognition,"Zhao-Yang Wang, Jiang Liu, Jieneng Chen, Rama Chellappa",Main,https://openaccess.thecvf.com/content/WACV2025/html/Wang_VM-Gait_Multi-Modal_3D_Representation_Based_on_Virtual_Marker_for_Gait_WACV_2025_paper.html,https://openaccess.thecvf.com/content/WACV2025/papers/Wang_VM-Gait_Multi-Modal_3D_Representation_Based_on_Virtual_Marker_for_Gait_WACV_2025_paper.pdf,
909,Method,Point-JEPA: A Joint Embedding Predictive Architecture for Self-Supervised Learning on Point Cloud,"Ayumu Saito, Prachi Kudeshia, Jiju Poovvancheri",Main,https://openaccess.thecvf.com/content/WACV2025/html/Saito_Point-JEPA_A_Joint_Embedding_Predictive_Architecture_for_Self-Supervised_Learning_on_WACV_2025_paper.html,https://openaccess.thecvf.com/content/WACV2025/papers/Saito_Point-JEPA_A_Joint_Embedding_Predictive_Architecture_for_Self-Supervised_Learning_on_WACV_2025_paper.pdf,
910,Method,CTIP: Towards Accurate Tabular-to-Image Generation for Tire Footprint Generation,"Daeyoung Roh, Donghee Han, Jihyun Nam, Jungsoo Oh, Youngbin You, Jeongheon Park, Mun Yi",Main,https://openaccess.thecvf.com/content/WACV2025/html/Roh_CTIP_Towards_Accurate_Tabular-to-Image_Generation_for_Tire_Footprint_Generation_WACV_2025_paper.html,https://openaccess.thecvf.com/content/WACV2025/papers/Roh_CTIP_Towards_Accurate_Tabular-to-Image_Generation_for_Tire_Footprint_Generation_WACV_2025_paper.pdf,
911,Method,CIRCOD: Co-Saliency Inspired Referring Camouflaged Object Discovery,"Avi Gupta, Koteswar Rao Jerripothula, Tammam Tillo",Main,https://openaccess.thecvf.com/content/WACV2025/html/Gupta_CIRCOD_Co-Saliency_Inspired_Referring_Camouflaged_Object_Discovery_WACV_2025_paper.html,https://openaccess.thecvf.com/content/WACV2025/papers/Gupta_CIRCOD_Co-Saliency_Inspired_Referring_Camouflaged_Object_Discovery_WACV_2025_paper.pdf,
912,Method,GauFRe: Gaussian Deformation Fields for Real-Time Dynamic Novel View Synthesis,"Yiqing Liang, Numair Khan, Zhengqin Li, Thu H Nguyen-Phuoc, Douglas Lanman, James Tompkin, Lei Xiao",Main,https://openaccess.thecvf.com/content/WACV2025/html/Liang_GauFRe_Gaussian_Deformation_Fields_for_Real-Time_Dynamic_Novel_View_Synthesis_WACV_2025_paper.html,https://openaccess.thecvf.com/content/WACV2025/papers/Liang_GauFRe_Gaussian_Deformation_Fields_for_Real-Time_Dynamic_Novel_View_Synthesis_WACV_2025_paper.pdf,http://arxiv.org/abs/2312.11458
913,Method,AC-IND: Sparse CT Reconstruction Based on Attenuation Coefficient Estimation and Implicit Neural Distribution,"Wangduo Xie, Richard Schoonhoven, Tristan van Leeuwen, Matthew B. Blaschko",Main,https://openaccess.thecvf.com/content/WACV2025/html/Xie_AC-IND_Sparse_CT_Reconstruction_Based_on_Attenuation_Coefficient_Estimation_and_WACV_2025_paper.html,https://openaccess.thecvf.com/content/WACV2025/papers/Xie_AC-IND_Sparse_CT_Reconstruction_Based_on_Attenuation_Coefficient_Estimation_and_WACV_2025_paper.pdf,
914,Method,Rubric-Constrained Figure Skating Scoring,"Arushi Rai, Adriana Kovashka",Main,https://openaccess.thecvf.com/content/WACV2025/html/Rai_Rubric-Constrained_Figure_Skating_Scoring_WACV_2025_paper.html,https://openaccess.thecvf.com/content/WACV2025/papers/Rai_Rubric-Constrained_Figure_Skating_Scoring_WACV_2025_paper.pdf,
915,Method,A Reality Check on Pre-training for Exemplar-free Class-Incremental Learning,"Eva Feillet, Adrian Popescu, Céline Hudelot",Main,https://openaccess.thecvf.com/content/WACV2025/html/Feillet_A_Reality_Check_on_Pre-training_for_Exemplar-free_Class-Incremental_Learning_WACV_2025_paper.html,https://openaccess.thecvf.com/content/WACV2025/papers/Feillet_A_Reality_Check_on_Pre-training_for_Exemplar-free_Class-Incremental_Learning_WACV_2025_paper.pdf,
916,Method,Polarization as Texture: Microscale 3D Shape from Polarized Light Focus,"Ren Matsumoto, Takahiro Okabe, Ryo Kawahara",Main,https://openaccess.thecvf.com/content/WACV2025/html/Matsumoto_Polarization_as_Texture_Microscale_3D_Shape_from_Polarized_Light_Focus_WACV_2025_paper.html,https://openaccess.thecvf.com/content/WACV2025/papers/Matsumoto_Polarization_as_Texture_Microscale_3D_Shape_from_Polarized_Light_Focus_WACV_2025_paper.pdf,
917,Method,Fine-Grained Controllable Video Generation via Object Appearance and Context,"Hsin-Ping Huang, Yu-Chuan Su, Deqing Sun, Lu Jiang, Xuhui Jia, Yukun Zhu, Ming-Hsuan Yang",Main,https://openaccess.thecvf.com/content/WACV2025/html/Huang_Fine-Grained_Controllable_Video_Generation_via_Object_Appearance_and_Context_WACV_2025_paper.html,https://openaccess.thecvf.com/content/WACV2025/papers/Huang_Fine-Grained_Controllable_Video_Generation_via_Object_Appearance_and_Context_WACV_2025_paper.pdf,http://arxiv.org/abs/2312.02919
918,Method,Exploiting Inter-Sample Information for Long-Tailed Out-of-Distribution Detection,"Nimeshika Udayangani, Hadi Mohaghegh Dolatabadi, Sarah Erfani, Christopher Leckie",Main,https://openaccess.thecvf.com/content/WACV2025/html/Udayangani_Exploiting_Inter-Sample_Information_for_Long-Tailed_Out-of-Distribution_Detection_WACV_2025_paper.html,https://openaccess.thecvf.com/content/WACV2025/papers/Udayangani_Exploiting_Inter-Sample_Information_for_Long-Tailed_Out-of-Distribution_Detection_WACV_2025_paper.pdf,
919,Method,Transferable-Guided Attention is All You Need for Video Domain Adaptation,"André Sacilotti, Samuel Felipe dos Santos, Nicu Sebe, Jurandy Almeida",Main,https://openaccess.thecvf.com/content/WACV2025/html/Sacilotti_Transferable-Guided_Attention_is_All_You_Need_for_Video_Domain_Adaptation_WACV_2025_paper.html,https://openaccess.thecvf.com/content/WACV2025/papers/Sacilotti_Transferable-Guided_Attention_is_All_You_Need_for_Video_Domain_Adaptation_WACV_2025_paper.pdf,http://arxiv.org/abs/2407.01375
920,Method,An Encoder-Agnostic Weakly Supervised Method for Describing Textures,"Shangbo Mao, Deepu Rajan",Main,https://openaccess.thecvf.com/content/WACV2025/html/Mao_An_Encoder-Agnostic_Weakly_Supervised_Method_for_Describing_Textures_WACV_2025_paper.html,https://openaccess.thecvf.com/content/WACV2025/papers/Mao_An_Encoder-Agnostic_Weakly_Supervised_Method_for_Describing_Textures_WACV_2025_paper.pdf,
921,Method,DiHuR: Diffusion-Guided Generalizable Human Reconstruction,"Jinnan Chen, Chen Li, Gim Hee Lee",Main,https://openaccess.thecvf.com/content/WACV2025/html/Chen_DiHuR_Diffusion-Guided_Generalizable_Human_Reconstruction_WACV_2025_paper.html,https://openaccess.thecvf.com/content/WACV2025/papers/Chen_DiHuR_Diffusion-Guided_Generalizable_Human_Reconstruction_WACV_2025_paper.pdf,http://arxiv.org/abs/2411.11903
922,Method,Self-Supervised Incremental Learning of Object Representations from Arbitrary Image Sets,"George Leotescu, Alin-Ionut Popa, Diana-Nicoleta N Grigore, Daniel Voinea, Pietro Perona",Main,https://openaccess.thecvf.com/content/WACV2025/html/Leotescu_Self-Supervised_Incremental_Learning_of_Object_Representations_from_Arbitrary_Image_Sets_WACV_2025_paper.html,https://openaccess.thecvf.com/content/WACV2025/papers/Leotescu_Self-Supervised_Incremental_Learning_of_Object_Representations_from_Arbitrary_Image_Sets_WACV_2025_paper.pdf,
923,Method,Breaking the Frame: Visual Place Recognition by Overlap Prediction,"Tong Wei, Philipp Lindenberger, Jirí Matas, Daniel Barath",Main,https://openaccess.thecvf.com/content/WACV2025/html/Wei_Breaking_the_Frame_Visual_Place_Recognition_by_Overlap_Prediction_WACV_2025_paper.html,https://openaccess.thecvf.com/content/WACV2025/papers/Wei_Breaking_the_Frame_Visual_Place_Recognition_by_Overlap_Prediction_WACV_2025_paper.pdf,http://arxiv.org/abs/2406.16204
924,Method,Paladin: Understanding Video Intentions in Political Advertisement Videos,"Hong Liu, Yuta Nakashima, Noboru Babaguchi",Main,https://openaccess.thecvf.com/content/WACV2025/html/Liu_Paladin_Understanding_Video_Intentions_in_Political_Advertisement_Videos_WACV_2025_paper.html,https://openaccess.thecvf.com/content/WACV2025/papers/Liu_Paladin_Understanding_Video_Intentions_in_Political_Advertisement_Videos_WACV_2025_paper.pdf,
925,Method,DarSwin-Unet: Distortion Aware Architecture,"Akshaya Athwale, Ichrak Shili, Émile Bergeron, Ola Ahmad, Jean-Francois Lalonde",Main,https://openaccess.thecvf.com/content/WACV2025/html/Athwale_DarSwin-Unet_Distortion_Aware_Architecture_WACV_2025_paper.html,https://openaccess.thecvf.com/content/WACV2025/papers/Athwale_DarSwin-Unet_Distortion_Aware_Architecture_WACV_2025_paper.pdf,
926,Method,Transientangelo: Few-Viewpoint Surface Reconstruction using Single-Photon Lidar,"Weihan Luo, Anagh Malik, David B Lindell",Main,https://openaccess.thecvf.com/content/WACV2025/html/Luo_Transientangelo_Few-Viewpoint_Surface_Reconstruction_using_Single-Photon_Lidar_WACV_2025_paper.html,https://openaccess.thecvf.com/content/WACV2025/papers/Luo_Transientangelo_Few-Viewpoint_Surface_Reconstruction_using_Single-Photon_Lidar_WACV_2025_paper.pdf,http://arxiv.org/abs/2408.12191
927,Method,Shape-Biased Texture Agnostic Representations for Improved Textureless and Metallic Object Detection and 6D Pose Estimation,"Peter Hönig, Stefan Thalhammer, Jean-Baptiste Weibel, Matthias Hirschmanner, Markus Vincze",Main,https://openaccess.thecvf.com/content/WACV2025/html/Honig_Shape-Biased_Texture_Agnostic_Representations_for_Improved_Textureless_and_Metallic_Object_WACV_2025_paper.html,https://openaccess.thecvf.com/content/WACV2025/papers/Honig_Shape-Biased_Texture_Agnostic_Representations_for_Improved_Textureless_and_Metallic_Object_WACV_2025_paper.pdf,
928,Method,Multi-Modal Large Language Models are Effective Vision Learners,"Li Sun, Chaitanya Ahuja, Peng Chen, Matt D'Zmura, Kayhan Batmanghelich, Philip Bontrager",Main,https://openaccess.thecvf.com/content/WACV2025/html/Sun_Multi-Modal_Large_Language_Models_are_Effective_Vision_Learners_WACV_2025_paper.html,https://openaccess.thecvf.com/content/WACV2025/papers/Sun_Multi-Modal_Large_Language_Models_are_Effective_Vision_Learners_WACV_2025_paper.pdf,
929,Method,GeoGuide: Geometric Guidance of Diffusion Models,"Mateusz Poleski, Jacek Tabor, Przemyslaw Spurek",Main,https://openaccess.thecvf.com/content/WACV2025/html/Poleski_GeoGuide_Geometric_Guidance_of_Diffusion_Models_WACV_2025_paper.html,https://openaccess.thecvf.com/content/WACV2025/papers/Poleski_GeoGuide_Geometric_Guidance_of_Diffusion_Models_WACV_2025_paper.pdf,http://arxiv.org/abs/2407.12889
